Seq_1_LinJ.09_plus,LinJ.01,73.333,225,395,278268,41,14,59,270,24323,24541,1.96e-10,65.8,plus,TGGCGCTGCGTCCGAGCCACCCGCGACAGTGAGCACAGGCTTGCACGGTCCATGCGATGGGCGGAGCGTGTCAGCGCGGCTCGAGCGTGTCGCAGCCGGCCCCTCACACTGGCCCACGGCGAGGGGTGCGGGGGCCTGAGTGTCACCGCGACGGGGAGACGCACCCAGGGAGGAGGTGGGGGGAGTGGGGACCGGCATGATGGAGGGGCGGCTGTGTGG
Seq_1_LinJ.09_plus,LinJ.01,73.333,225,395,278268,41,14,59,270,76120,76338,1.96e-10,65.8,plus,TGGCGCTGCGTCCGAGCCACCCGCGACAGTGAGCACAGGCTTGCACGGTCCATGCGATGGGCGGAGCGTGTCAGCGCGGCTCGAGCGTGTCGCAGCCGGCCCCTCACACTGGCCCACGGCGAGGGGTGCGGGGGCCTGAGTGTCACCGCGACGGGGAGACGCACCCAGGGAGGAGGTGGGGGGAGTGGGGACCGGCATGATGGAGGGGCGGCTGTGTGG
Seq_1_LinJ.09_plus,LinJ.01,73.333,225,395,278268,41,14,59,270,55322,55104,1.96e-10,65.8,minus,TGGCGCTGCGTCCGAGCCACCCGCGACAGTGAGCACAGGCTTGCACGGTCCATGCGATGGGCGGAGCGTGTCAGCGCGGCTCGAGCGTGTCGCAGCCGGCCCCTCACACTGGCCCACGGCGAGGGGTGCGGGGGCCTGAGTGTCACCGCGACGGGGAGACGCACCCAGGGAGGAGGTGGGGGGAGTGGGGACCGGCATGATGGAGGGGCGGCTGTGTGG
Seq_1_LinJ.09_plus,LinJ.01,72.889,225,395,278268,42,14,59,270,35710,35492,9.11e-09,60.2,minus,TGGCGCTGCGTCCGAGCCACCCGCGACAGTGAGCACAGGCTTGCACGGTCCATGCGATGGGCGGAGCGTGTCAGCGCGGCTCGAGCGTGTCGCAGCCGGCCCCTCACACTGGCCCACGGCGAGGGGTGCGGGGGCCTGAGTGTCACCGCGACGGGGAGACGCACCCATGGAGGAGGTGGGGGGAGTGGGGACCGGCATGATGGAGGGGCGGCTGTGTGG
Seq_1_LinJ.09_plus,LinJ.02,75.138,181,395,356299,24,12,87,267,27494,27653,1.96e-10,65.8,plus,GTGAACACGCTTGCGCCATCCATATGATGGGCAACGCGCCAGCGCGGCCCACACCCACGGCCCTCGCACGGCCCACTCGTGCGGGGTGCCTGAGCCCCCGCGATGGGGCGGGGCGGGATGCACCAGGGGTGGTGGCCGGCATGATTGGGGAGCGGGTGTG
Seq_1_LinJ.09_plus,LinJ.02,76.991,113,395,356299,16,5,155,267,16740,16842,1.18e-07,56.5,plus,CGGCCCTCGCACGGCCCACTCGTGCGGGGTGCCTGAGCCCCCGCGATGGGGCGGGGCGGGATGCGCCAGGGGTGGTGGCCGGCATGATTGGGGAGCGGGTGTG
Seq_8_LinJ.09_minus,LinJ.02,77.064,109,595,356299,21,3,181,289,314448,314552,1.40e-08,60.2,plus,ACACGTTTGTGCCATCCACGCTGTAGGCAGGGCGGCGGCGTGGCTCGAGCGTATCCCACCCCCGCCCCTCGCAGTGCCCACTGGTGGTGCGGGGAGCCTGCGTGC
Seq_8_LinJ.09_minus,LinJ.02,77.064,109,595,356299,21,3,181,289,343889,343993,1.40e-08,60.2,plus,ACACGTTTGTGCCATCCACGCTGTAGGCAGGGCGGCGGCGTGGCTCGAGCGTATCCCACCCCCGCCCCTCGCAGTGCCCACTGGTGGTGCGGGGAGCCTGCGTGC
Seq_5_LinJ.09_plus,LinJ.02,73.823,211,657,356299,,,,,204321,204111,1.00e-02,51.9,minus,TTGCGGTCCTGGATGGCGTTTCATCGAAGCGACCGGCGACAGTGCACAGGCTTGCGCTAATCCATATGATGGGTGCAGTCTCGGCGTGACTCGAGCGTATCCCACCGCCGGCTCTCATACTGCCTGCTGACGCGGGGAGCCTGCCTGTAACCCCGAGAGAGGGAGAGGAGATGCACCACGTGGCGACCGGCATGGTGGGGGAAAGGCTGTG
Seq_1_LinJ.09_plus,LinJ.03,74.112,197,395,389660,35,14,76,271,173089,173270,5.44e-11,67.6,plus,GGCCTGCGACACTGCACACATCTGTGCCATCCGCGTGATGGGCAGAGTGTCACAGTGGCTCAGATGTACCTCACACACCCCTCCCACCACCCACTGGGGGTGTCGGGAGCCTGAGCGCCACCCGGAGGGGGAGATGCATCACAAGGGGTGGCGACCGGCATGATGAGCGAGCGGATGTGGGG
Seq_5_LinJ.09_plus,LinJ.04,77.941,136,657,466506,24,4,230,365,19224,19095,1.19e-14,80.5,minus,AGGTCGTGGATGGCGCTGCGTCGGAGCGACCTGCGACAGTGCGCACGCTTGCACCATCCATATGATAGGCGAAGTGCCGACGTGACTCGAGCGTATCCCACCCGGCCCTCGCACTGCCTAGTGGTGTGGG
Seq_1_LinJ.09_plus,LinJ.04,77.611,130,395,466506,,,,,7650,7779,5.90e-08,68.5,plus,AGGTCGTGGATGGCGCTGCGTCGGAGCGACCTGCGACAGTGCGCACGCTTGCACCATCCATATGATAGGCGAAGTGCCGACGTGACTCGAGCGTATCCCACCCGGCCCTCGCACTGCCTAGTGGTGTGGG
Seq_1_LinJ.09_plus,LinJ.04,77.611,130,395,466506,,,,,37409,37538,5.90e-08,68.5,plus,AGGTCGTGGATGGCGCTGCGTCGGAGCGACCTGCGACAGTGCGCACGCTTGCACCATCCATATGATAGGCGAAGTGCCGACGTGACTCGAGCGTATCCCACCCGGCCCTCGCACTGCCTAGTGGTGTGGG
Seq_1_LinJ.09_plus,LinJ.04,77.611,130,395,466506,,,,,102274,102403,5.90e-08,68.5,plus,AGGTCGTGGATGGCGCTGCGTCGGAGCGACCTGCGACAGTGCGCACGCTTGCACCATCCATATGATAGGCGAAGTGCCGACGTGACTCGAGCGTATCCCACCCGGCCCTCGCACTGCCTAGTGGTGTGGG
Seq_5_LinJ.09_plus,LinJ.05,75.000,164,657,467711,28,11,220,377,227502,227658,1.20e-09,63.9,plus,CAGTGTGTCAGGTCCTGGACGGCGTTGTGTTGGGGCGACCTGTCAGGGCGAGCACGTGTCTGTGCCGTCCACGTGATGGGCAGAGTGTCAGCGTGGCTCGAGCGTGTCCCACCCCCGGCCCTCACACTGTGCCCTACTTGGTGGTGAGAATCCTGCG
Seq_5_LinJ.09_plus,LinJ.06,74.731,186,657,525234,34,10,409,583,181401,181584,7.18e-12,71.3,plus,GGGATGCACCAGGGGTGGCGACCGGCACAATGGGGGAGCGGCTGTGAGGCGACCTGCTCAGCGGGCATGTGGGCTGGGCTCGAGGCAGAGGCGGTGCTGAGACGACTGGGTCGGCGCATTGCTGCCATGCGCGCGTGCGCCCAGGGCTGCTTGGCACCAGGCGGATGGGGCACCTGTGGCAGGG
Seq_5_LinJ.09_plus,LinJ.06,75.817,153,657,525234,28,6,409,554,138963,139113,2.58e-11,69.4,plus,GGGATGCACCAGGGGTGGCGACCGGCACAATGGGGGAGCGGCTGTGAGGCGACCTGCTCAGCGGGCATGTGGGCTGGGCTCGAGGCAGAGGCGGTGCTGAGACGACTGGGTCGGCGCATTGCTGCCATGCGCGCGTGCCTAGGGCTTCTTC
Seq_5_LinJ.09_plus,LinJ.06,77.165,127,657,525234,22,4,409,530,190993,191117,9.28e-11,67.6,plus,GGGATGCACCAGGGGTGGCGACCGGCACAATGGGGGAGCGGCTGTGAGGCGACCTGCTCAGCGGGCATGTGGGCTGGGCTCGAGGCAGAGGCGGTGCTGAGACGACTGGGTCGGCGCATTGCTGC
Seq_5_LinJ.09_plus,LinJ.06,77.165,127,657,525234,22,4,409,530,219156,219280,9.28e-11,67.6,plus,GGGATGCACCAGGGGTGGCGACCGGCACAATGGGGGAGCGGCTGTGAGGCGACCTGCTCAGCGGGCATGTGGGCTGGGCTCGAGGCAGAGGCGGTGCTGAGACGACTGGGTCGGCGCATTGCTGC
Seq_5_LinJ.09_plus,LinJ.06,77.165,127,657,525234,22,4,409,530,247844,247968,9.28e-11,67.6,plus,GGGATGCACCAGGGGTGGCGACCGGCACAATGGGGGAGCGGCTGTGAGGCGACCTGCTCAGCGGGCATGTGGGCTGGGCTCGAGGCAGAGGCGGTGCTGAGACGACTGGGTCGGCGCATTGCTGC
Seq_5_LinJ.09_plus,LinJ.06,78.378,111,657,525234,19,4,455,562,494492,494600,9.28e-11,67.6,plus,GACCTGCGAGGCGGCGGTGCGGGCAGAGGTTGAGGCAGGGGCCGTGCGCCGATGGCTGCGTCGGCGCATTGCTGTGCCGCGTGTGTCTACGGCTGGCTGGCGCACGGTG
Seq_5_LinJ.09_plus,LinJ.06,76.296,135,657,525234,27,4,455,586,502529,502397,9.28e-11,67.6,minus,GACCTGCGAGGCGGCGGTGCGGGCAGAGGTTGAGGCAGGGGCCGTGCGCCGATGGCTGCGTCGGCGCATTGCTGTGCCGCGTGTGTCTACGGCTGGCTGGCGCACGGTGCGACGGGGGCCTGTGACACGGCCA
Seq_5_LinJ.09_plus,LinJ.06,78.302,106,657,525234,20,2,455,559,514985,514882,3.34e-10,65.8,minus,GACCTGCGAGGCGGGGGTGCGGGCAGAGGTTGAGGCAGGGGCCCTGCGCCGATGGCTGCGTCGGCGCATTGCTGTATCGCCTGCGCCTACGGCGGTTTCGCACC
Seq_5_LinJ.09_plus,LinJ.07,78.102,137,657,592865,26,3,231,366,15126,15259,9.22e-16,84.2,plus,GGTCCTGGACGGCGTGGCGCCGGGGCGAGCGGCGGCAGTGAACGCGTTTGTGGTTCTCATCGGATAGGCAAAAAGTGTCCGGGCGACTCGAGCGTATGCCACACCCGGCCCTCGCACCGCCTGCTGGTGTGGGG
Seq_5_LinJ.09_plus,LinJ.07,76.642,137,657,592865,28,3,231,366,22514,22647,2.00e-12,73.1,plus,GGTCCCGGACGGCGTGGCGCCGGGGCGAGCGGCGGCAGTGAACGCGTTTGTGGTTCTCATCGGATAGGCAAAAAGTGTCCGCGCGACTCGAGCGTATGCCACACCCGGCCCTCGCACCGCCTGCTGGTGTGGGG
Seq_5_LinJ.09_plus,LinJ.07,77.372,137,657,592865,27,3,231,366,29661,29794,4.29e-14,78.7,plus,GGTCCTGGACGGCGTGGCGCCGGGGCGAGCGGCGGCAGTGAACGCGTTTGTGGTTCTCATTGGATAGGCAAAAAGTGTCCGCGCGACTCGAGCGTATGCCACACCCGGCCCTCGCACCGCCTGCTGGTGTGGGG
Seq_5_LinJ.09_plus,LinJ.07,77.372,137,657,592865,27,3,231,366,61438,61571,4.29e-14,78.7,plus,GGTCCTGGACGGCGTGGCGCCGGGGCGAGCGGCGGCAGTGAACGCGTTTGTGGTTCTCATTGGATAGGCAAAAAGTGTCCGCGCGACTCGAGCGTATGCCACACCCGGCCCTCGCACCGCCTGCTGGTGTGGGG
Seq_5_LinJ.09_plus,LinJ.07,75.940,133,657,592865,31,1,234,366,373936,374067,9.28e-11,67.6,plus,CCTGGATGGCGTTTCATCGGAGAGACCTGCGAGAGCGAGCCCGCTTGCACCATCCACATGATAGGCAAAAAGTGCCCGCGCGACTCGAGCGTATGCCACACCCGACCCTCGCACCGCCTGCTGGGTGTGGGG
Seq_1_LinJ.09_plus,LinJ.07,75.833,120,395,592865,25,3,67,185,62850,62734,3.28e-08,58.4,minus,CGTCGGGGCGAGCGGCGGCAGTGAACGCGTTTGTGGTTCTCATCGGATAGGCAAAAAGTGTCCGCGCGACTCGAGCGTATGCCACACCCGGCCCTCGCACCGCCTGCTGGTGTGGGG
Seq_5_LinJ.09_plus,LinJ.07,77.372,137,657,592865,27,3,231,366,107515,107382,4.29e-14,78.7,minus,GGTCCTGGACGGCGTGGCGCCGGGGCGAGCGGCGGCAGTGAACGCGTTTGTGGTTCTCATCGGATAGGCAAAAAGTGTCCGCGCGACTCGAGCGTATGCCACACCCGGCCCTCGCACCGCCTGCTGGTGTGGGG
Seq_5_LinJ.09_plus,LinJ.07,76.642,137,657,592865,29,3,231,366,339441,339307,2.00e-12,73.1,minus,GGTCCTGGACGGCGTGGCGCCGGGGCGAGCGGCGGCAGTGAACGCGTTTGTGGTTCTCATCGGATAGGCAAAAAGTGTCCGCGCGACTCGAGCGTATGCCACACCCGACCCTCGCACCGCCTGCTGGGTGTGGGG
Seq_5_LinJ.09_plus,LinJ.07,75.615,214,657,592865,,,,,195215,195002,1.68e-10,69.4,minus,GGTCCCGGACGGCGTGGCGCCGGGGCGAGCGGCGGCAGTGAACGCGTTTGTGGTTCTCATCGGATAGGCAAAAAGTGTCCGCGCGACTCGAGCGTATGCCACACCCGACCCTCGCACCGCCTGCTGGTGTCGGGCGCCTGAGAGCCACCCCCCGGAGAGAGGGAGGGGATGCACCAGCGATGACGACGTGCCTGATGGGGGAGCGGCTGTGAGG
Seq_5_LinJ.09_plus,LinJ.07,75.615,214,657,592865,,,,,168632,168419,1.68e-10,69.4,minus,GGTCCCGGACGGCGTGGCGCCGGGGCGAGCGGCGGCAGTGAACGCGTTTGTGGTTCTCATCGGATAGGCAAAAAGTGTCCGCGCGACTCGAGCGTATGCCACACCCGACCCTCGCACCGCCTGCTGGTGTCGGGCGCCTGAGAGCCACCCCCCGGAGAGAGGGAGGGGATGCACCAGCGATGACGACGTGCCTGATGGGGGAGCGGCTGTGAGG
Seq_1_LinJ.09_plus,LinJ.09,100.000,395,395,581921,0,0,1,395,413045,413439,0.0,730,plus,CTCGGTGGCAGGAAGCCAAGCAGCCCTTTTCTATCCCTGCCAATGCAGAACCCACCTCTGGCGGTGCGTCGGGACGGCCGACGACAGTGAACACGTCTGTGCCATCCATACGATGGGCAGCACGCGTCAGGGTGACTCGAGCGTATGCCTCACACGGCCCTCACACGGCCCACTGATGTGTGGGGAGGAGCCTGTGTGCCACCCCGAGGGAGGGGGAAGGGGGGATGCACCAGGCGTGGCGACCGGCATGATTGGGGGGCGGCTGTGTGGGGTGGGGGAGTAGAGCTTGAGACAGAGATGGTGTACAGGTCGCTGAGTCGGCGCATTTGCTGTAGCACACGTGTGTGTCTGCGGTTTGCTTCGCACCACGCGGATGGGGCCTGGTGACAGGGCCG
Seq_5_LinJ.09_plus,LinJ.09,100.000,657,657,581921,0,0,1,657,84169,84825,0.0,1214,plus,CGACGCCCTCCTACCTCCCCCTCATCTACATCGCTCAGGCAGTGCGCGCCTTTCGCGCGTCTCTCTGTGCTTTCTTGCCCTGGTGGCCCCCTCATGACAAGCGGGGGAGGGATGAAGGGAGGAGCGTCGCACATCTCCGTGCGTGGCGTTGCAGAGTCCAGTGCACCCCTCCCCCCACCCCTTATATCCCGGTCCATGCTCAGTCGCTTCACGTGGTGACAGTGGTTTGAGGTCCTGGACGGCGCTGCGTCGGAGCGCCCGACGACAGCGAGCACGTGTGTGTCATCCATACGATAGGCAAAACGTGTCAGGGTGACTCGAGCGTATGCCTCACGCGGCCCTCACCCGGCCCACTGATGTGTGGGGAGGAGCCTGCGTGCAGCCCCCTCCCCCACCCCCGAGGGGGGTGGGATGCACCCGGTGGCAGCCAGCGCGATGGGCGCGGCTGTGAAGCGACCTGCGAAGCGGGAGGCGGGCAGGGTTTGAGGAAGAGGCCGTGTTCTCCGATGACCGAGTCGGCGCATTGCTGCAAGGCGTGTGGCTACCGCTGCTTCGCACCGTGGGATGAGGTCCCATGGCAGGGCCAGGGGGCTGATGTGGGGTTTCGCTCATGTTGTACAGCAGAGAACAGGCACGTTGAAAACGGAAAGCGAAGCC
Seq_6_LinJ.09_plus,LinJ.09,100.000,657,657,581921,0,0,1,657,105484,106140,0.0,1214,plus,CGCCGCCCTCCTACCTCCCCCTCATCTACATCGCTCAGGCAGTGCGCGCCTTTCGCGCGTCTCTCTGTGCTTTCTTGCCCTGGTGGCCCCCTCATGACAAGCGGGGGAGGGATGAAGGGAGGAGCGTCGCACATCTCCGTGCGTGGCGTTGCAGAGTCCAGTGCACCCCTCCCCCCACCCCTTATATCCCGGTCCATGCTCAGTCGCTTCACGTGGTGACAGTGGTTTGAGGTCCTGGACGGCGCTGCGTCGGAGCGCCCGACGACAGCGAGCACGTGTGTGTCATCCATACGATAGGCAAAACGTGTCAGGGTGACTCGAGCGTATGCCTCACGCGGCCCTCACCCGGCCCACTGATGTGTGGGGAGGAGCCTGCGTGCAGCCCCCTCCCCCACCCCCGAGGGGGGTGGGATGCACCCGGTGGCAGCCAGCGCGATGGGCGCGGCTGTGAAGCGACCTGCGAAGCGGGAGGCGGGCAGGGTTTGAGGAAGAGGCCGTGTTCTCCGATGACCGAGTCGGCGCATTGCTGCAAGGCGTGTGGCTACCGCTGCTTCGCACCGTGGGATGAGGTCCCATGGCAGGGCCAGGGGGCTGATGTGGGGTTTCGCTCATGTTGTACAGCAGAGAACAGGCACGTTGAAAACGGAAAGCGAAGCT
Seq_3_LinJ.09_plus,LinJ.09,100.000,969,969,581921,0,0,1,969,483646,484614,0.0,1790,plus,GCCGCCTGCATTGTGGCCTCTGGGGCTCGCAGAGTCCCGCGAGCCGCCGGCCCGCTCGCCACGCCTGAGACTCTCTGCAGTAGCCGGGGTGCCGCTCAGGTGCCGCTCGACAACGTCGTCGAAGAAGACGGGCTCCTGCAGCCGCAGCACTTCCCTGTCCACCCTATCTCGCACACCGATGCGCAGCAGTCCGCCGGCGAGCACCGCATGCGCAGGCGGTAGCGCACCACCGGGCGCAGCTCCCCGCAGCTGCTCGCGCAGCCGCACCACACGCAGCAGCGCCTCATCCACCCCACAGTTCGACGGCGCGCACACCAAGATACGCCGCGCCGTGCCCCACGTACGGCTGAGGTGGTGCAGCAGGTTTAGCGTCAGCAAACCGATGGTCTGCGTCTTGCCGGTGCCCGGTGGGCCCTCGATCACGAGCATCTCCGGTGCGCGCGGCACAGGCGCCCGTGTGCTCTGCTCCGCCACCCCGTCGTCCCAGCCAGGACACGCGGCGTACAGCACGGCCACGATGGCGCGAGCCTGCCAGTCGTTGAGCTGCTGCTGCAGGAGCAGGCGCGCGCGCAGCTGGTCGAGCAGCGGCACGGTGCAAGACGGGCCTGCGGTGGAGAGGAGCGAGTTGGCCCAGCCGCAGAAGGCCACACCGACAGGTGCCGTGCTGCGCGGGTCGTAGAGAGTTGCGGCGAAGCGGGTACGGTCGATCTTGTGCAGTGCCTCCAGCTCCATCAGCGAGGCGTTGACAGAGGTGAGCTTCGTGACGTAGAAGGTTGGCGACGATGTCGTGTCGTACGCCATGCGAAATACGTGAGAGAAGCGCAGCGAGGGAGGTCCGTGCCCGCCTGATGATTGCTCCACCACCGATGGAGTTGCGCAGAGGTGTGCCGCACGCCCCCCTGGCGACAGCGACTGCACTTCGCACACCTGCACAGCGCAGCCGAGGGTGCGCCAACTACGCGGCAGAGT
Seq_3_LinJ.09_plus,LinJ.09,100.000,969,969,581921,0,0,1,969,490881,491849,0.0,1790,plus,GCCGCCTGCATTGTGGCCTCTGGGGCTCGCAGAGTCCCGCGAGCCGCCGGCCCGCTCGCCACGCCTGAGACTCTCTGCAGTAGCCGGGGTGCCGCTCAGGTGCCGCTCGACAACGTCGTCGAAGAAGACGGGCTCCTGCAGCCGCAGCACTTCCCTGTCCACCCTATCTCGCACACCGATGCGCAGCAGTCCGCCGGCGAGCACCGCATGCGCAGGCGGTAGCGCACCACCGGGCGCAGCTCCCCGCAGCTGCTCGCGCAGCCGCACCACACGCAGCAGCGCCTCATCCACCCCACAGTTCGACGGCGCGCACACCAAGATACGCCGCGCCGTGCCCCACGTACGGCTGAGGTGGTGCAGCAGGTTTAGCGTCAGCAAACCGATGGTCTGCGTCTTGCCGGTGCCCGGTGGGCCCTCGATCACGAGCATCTCCGGTGCGCGCGGCACAGGCGCCCGTGTGCTCTGCTCCGCCACCCCGTCGTCCCAGCCAGGACACGCGGCGTACAGCACGGCCACGATGGCGCGAGCCTGCCAGTCGTTGAGCTGCTGCTGCAGGAGCAGGCGCGCGCGCAGCTGGTCGAGCAGCGGCACGGTGCAAGACGGGCCTGCGGTGGAGAGGAGCGAGTTGGCCCAGCCGCAGAAGGCCACACCGACAGGTGCCGTGCTGCGCGGGTCGTAGAGAGTTGCGGCGAAGCGGGTACGGTCGATCTTGTGCAGTGCCTCCAGCTCCATCAGCGAGGCGTTGACAGAGGTGAGCTTCGTGACGTAGAAGGTTGGCGACGATGTCGTGTCGTACGCCATGCGAAATACGTGAGAGAAGCGCAGCGAGGGAGGTCCGTGCCCGCCTGATGATTGCTCCACCACCGATGGAGTTGCGCAGAGGTGTGCCGCACGCCCCCCTGGCGACAGCGACTGCACTTCGCACACCTGCACAGCGCAGCCGAGGGTGCGCCAACTACGCGGCAGAGT
Seq_8_LinJ.09_minus,LinJ.09,100.000,595,595,581921,0,0,1,595,443007,442413,0.0,1099,minus,CTCTGGTGACGGGAGGGCACACATACACACACCTCTCAGAGCGTGGTGTCTCAGGGCCCTGTGCGACTCCCCCCGCCCCCCACTCTCTGTGTTAGGGAGGCCAAACACCCCCCCCCTTTTCTATCCCTGCCAATGCAGAACCCACCTCTGGCGGTGCGTCGGGACGGCCGACGACAGTGAACACGTCTGTGCCATCCATACGATGGGCAGCACGCGTCAGGGTGGCTCGAGCGTATGCCTCACACGGCCCTCACACGGCCCACTGATGTGTGGGGAGGAGCCTGTGTGCCACCCCGAGGGAGGGGGAAGGGGGGATGCACCAGGCGTGGCGACCGGCATGATTGGGGGGGCGGCTGTGTGGGGTGGGGGAGTAGAGCTTGAGACAGAGATGGTGTACAGGTCGCTGAGTCGGCGCATTTGCTGTAGCACACGTGTGTGTCTGCGGTTTGCTTCGCACCACGCGGATGGGGCCTGGTGACAGGGCCGTGGAAGGGTGGGTGGGCGAAGGGGTGTGCAGAGTGGCGTTGGACTCATACGCGAGGGCTGAGAAATGAAGGCAGTGGCAGACGACATACACGCCTCCCACCCTCCCTCC
Seq_2_LinJ.09_plus,LinJ.09,90.972,333,330,581921,,,,,526772,527104,2.12e-24,360.5,plus,GGATGGCGGTGCGTCGGGGCGAGGCTCGACAGTGAACACGTCTGCGCCATCCATACGATGGGCAACACGTGTCAGGGTGACTCGAGCGTATGCCTCACACGGCCCACTGATGTGTGGGGAGGAGCCTGCGTGCCACCCCGAGGGAGGGGGGAGGGGGGATGCACCAGGCGTGGCGACCGGCATGATTGGGGGGCGGCTGTGTGGGGTGGGGGAGTAGAGCTTGAGACAGGGTCGGTCGTGGGGCGTGGTGTGGCGCTCAGCGCGTGCTGCGCCGCAGAGAAATAAACATGCGCGCACACACACAAGGCCGAAGAGCAAACCAAGAACGTACTT
Seq_12_LinJ.09_minus,LinJ.09,95.624,838,454,581921,,,,,498116,498953,1.21e-162,589.5,plus,GCCGCCTGCATTGTGGCCTCTGGGGCTCGCAGAGTCCCGCGAGCCGCCGGCCCGCTCGCCACGCCTGAGACTCTCTGCAGTAGCCGGGGTGCCGCTCAGGTGCCGCTCGACAACGTCGTCGAAGAAGACGGGCTCCTGCAGCCGCAGCACTTCCCTGTCCACCCTATCTCGCACACCGATGCGCAGCAGTCCGCCGGCGAGCACCGCATGCGCAGGCGGTAGCGCACCACCGGGCGCAGCTCCCCGCAGCTGCTCGCGCAGCCGCACCACACGCAGCAGCGCCTCATCCACCCCACAGTTCGACGGCGCACGTCGTTGGGTGAGTGCGCGACGGTATGTTCCGCTGTGCTCCTCATCGCGTCTCCCCCTCTGGTGACGGGAGGGCACACATACGCACACCTCTCAGAGCGTGGTGTCTCAGGGCCCTGTGCGACTCTCCCCGCCCCCCACTCTCTGTGTTAGGGAGGCCAAATACCCCCCCTCTTCTACCTCTGCCAATGCAGAACCCACCTCTGGCGGTGCGTCGGGACGGCCGACGACAGTGAACACGTCTGCGCCATCCATACGATGGGCAACACGTGTCAGGGTGACTCGAGCGTATGCCTCACACGGCCCACTGATGTGTGGGGAGGAGCCTGTGTGCCACCCCGAGGGAGAGGGGAGGGGGGATGCACCAGGCGTGGCGACCGGCATGATTGGGGGGCGGCTGTGTGGGGTGGGGGAGTAGAGCTTGAGACAGGGTCGGTCGTGGGGCGTGGTGTGGCGCTCAGCGCGTGCTGCGCCGCAGAGAAATAAACACGCGCACACACACACATGTTAAAGAGCAAACAACAGCCGT
Seq_7_LinJ.09_plus,LinJ.09,94.413,467,484,581921,,,,,537296,536830,0.00e+00,688.5,minus,CCCGCTGATGGCAGGAGAGCACACATACACACACCTCTCAGCGCGTGGTGTCTCAGGGCCTCGTGCACCCCCCCCCCCGCCACTCTCTCTCTGTTAGGGAGGCCAAACAGCCCCCCCCCCCCGTTCTACCTCTGCCAATGCAGAACCCACCTCTGGCGGTGCGTCGGGGCGAGGCTCGACAGTGAACACGTCTGCGCCATCCATACGATGGGCAGCACGTGTCAGGGTGACTCGAGCGTATGCCTCACACGGCCCACTGATGTGTGGGGAGGAGCCTGCGTGCCACCCCGAGGGAGGGGGGAGGGGGGATGCACCAGGCGTGGCGACCGGCATGATTGGGGGGCGGCTGTGTGGGGTGGGGGAGTAGAGCTTGAGACAGGGTCGGTCGTGGGGCGTGGTGTGGCGCTCAGCGCGTGCTGCGCCGCAGAGAAATAAACACGCGCACACACACACACGTTGAATTGAAA
Seq_8_LinJ.09_minus,LinJ.09,94.173,455,595,581921,,,,,521867,521413,7.75e-118,630.5,minus,ACACACCTCTCAGCGCGTGGTGTCTCAGGGCCTCGTGCACCCACACAACCCGCCACTCTCTCTCTGTTAGGGAGGCCAAACAGCCCCCCCCCCCCCCTCTTCTACCTCTGCCAATGCAGAACCCACCTCTGGCGGTGCGTCGGGGCGAGGCTCGACAGTGAACACGTCTGTGCCATCCATACGATGGGCAACACGTGTCAGGGTGACTCGAGCGTATGCCTCACACGGCCCACTGATGTGTGGGGAGGAGCCTGTGTGCCACCCCGAGGGAGGGGGGAGGGGGGATGCACCAGGCGTGGCGACCGGCATGATTGGGGGGCGGCTGTGTGGGGTGGGGGAGTAGAGCTTGAGACAGGGTCGGTCATGGGGCGTGGTGTGGCGCTCAGCGCGTGCTGCGCCGCAGAGAAATAAACATGCACGCACACACACACGTTGAAGCGAAACGAAAATGCCGT
Seq_7_LinJ.09_plus,LinJ.09,96.101,493,484,581921,,,,,506106,505614,5.20e-142,670.0,minus,CTCCTCATGATGTCTCCCCCTCTGGTGGCGGGAGGGCACACATACACACACCTCTCAGAGCGTGGTGTCTCAGGGCCCTGTGCGACTCTCCCCGCCCCCCACTCTCTGTGTTAGGGAGGCCAAATACCCCCCCCCTCTTCTACCTCTGCCAATGCAGAACCCACCTCTGGCGGTGCGTCGGGACGGCCGACGACAGTGAACACGTCTGTGCCATCCATACGATGGGCAACACGTGTCAGGGTGACTCGAGCGTATGCCTCACACGGCCCACTGATGTGTGGGGAGGAGCCTGTGTGCCACCCCGAGGGAGAGGGGAGGGGGGATGCACCAGGCGTGGCGACCGGCATGATTGGGGGGCGGCTGTGTGGGGTGGGGGAGTAGAGCTTGAGACAGGGTCGGTCGTGGGGCGTGGTGTGGCGCTCAGCGCGTGCTGCGCCGCAGAGAAATAAACACGCGCACACACACATGTTAAAGAGCAAACAACGAAAGACTT
Seq_1_LinJ.09_plus,LinJ.09,99.183,479,395,581921,,,,,429600,429122,0.00e+00,767.0,minus,CTCGGTGGCAGGAAGCCAAGCAGCCCTTTTCTATCCCTGCCAATGCAGAACCCACCTCTGGCGGTGCGTCGGGACGGCCGACGACAGTGAACACGTCTGTGCCATCCATACGATGGGCAGCACGCGTCAGGGTGGCTCGAGCGTATGCCTCACACGGCCCTCACACGGCCCACTGATGTGTGGGGAGGAGCCTGTGTGCCACCCCGAGGGAGAGGGGAGGGGGGATGCACCAGGCGTGGCGACCGGCATGATTGGGGGGCGGCTGTGTGGGGTGGGGGAGTAGAGCTTGAGACAGAGATGGTGTACAGGTCGCTGAGTCGGCGCATTTGCTGTAGCACACGTGTGTGTCTGCGGTTTGCTTCGCACCACGCGGATGGGGCCTGGTGACAGGGCCGTGGAAGGGTGGGTGGGCGAAGGGGTGTGCAGAGTGGCGTTGGACTCATACGCGAGGGCTGAGAAATGAAGGCAGCGGCAGACGA
Seq_7_LinJ.09_plus,LinJ.09,96.008,610,484,581921,,,,,424786,424177,2.09e-167,816.0,minus,CCTCATGACGTCTCCCCCTCTGGTGACAGGAGGGCACACATACACACACCTCTCAGAGCGTGGTGTCTCAGGGCCCTGTGCGACTCTCCCCGCCCCCCACTCTCTGTGTTAGGGAGGCCAAACACCCCCCCCCTTTTCTATCCCTGCCAATGCAGAACCCACCTCTGGCGGTGCGTCGGGACGGCCGACGACAGTGAACACGTCTGTGCCATCCATACGATGGGCAGCACGCGTCAGGGCGACTCGAGCGTATGCCTCACACGGCCCTCACACGGCCCACTGATGTGTGGGGAGGAGCCTGTGTGCCACCCCGAGGGAGGGGGGAGGGGGGATGCACCAGGCGTGGCGACCGGCATGATTGGGGGGCGGCTGTGTGGGGTGGGGGAGTAGAGCTTGAGACAGAGATGGTGTACAGGTCGCTGAGTCGGCGCATTTGCTGTAGCACACGTGTGTGTCTGCGGTTTGATTCGCACCACGCGGATGGGGCCTGGTGACAGGGCCGTGGAAGGGTGGGTGGGCGAAGGGGTGTGCAGAGTGGCGTTGGGCTCATACGCGAGGGCTGAGAAATGAAGGCAGTGGCAGACGACATACACGCCTCCCTCCCTCCCTC
Seq_1_LinJ.09_plus,LinJ.10,76.860,121,395,588571,17,9,72,187,72613,72727,3.28e-08,58.4,plus,GGAGCGAGCCGAGCCCGTGAACACGTCTGTGCCATCCGCATGATGGGCGGAGAGTGTCCGCGTGGCTCGAACGTGTCTTGCCCCCGGCCCTCGCACCACCCACTGGTGTGGGGAG
Seq_1_LinJ.09_plus,LinJ.10,76.860,121,395,588571,17,9,72,187,91510,91624,3.28e-08,58.4,plus,GGAGCGAGCCGAGCCCGTGAACACGTCTGTGCCATCCGCATGATGGGCGGAGAGTGTCCGCGTGGCTCGAACGTGTCTTGCCCCCGGCCCTCGCACCACCCACTGGTGTGGGGAG
Seq_5_LinJ.09_plus,LinJ.11,76.821,151,657,568610,30,5,411,557,528020,528169,1.19e-14,80.5,plus,GACGCACCAGGTGGCGAGCAGTATGATGGAAGCGGCTGCGAGGCGACCTGTAGAGCGCGGGGTGGGTGGAGTTTGAGGCAGTCGGCCGTGCTCTCAGACGGCTGGGTCGGCGCATTGCTGTAACGCGGGTGCGTCTACGGCTGCTTCGCA
Seq_5_LinJ.09_plus,LinJ.11,76.978,139,657,568610,24,7,499,635,178731,178863,2.00e-12,73.1,plus,GTGCTCCGATGACTGAGTCGGCGCATTGCTGCACCGCGTGTCTGGCGCTGCTTCGCACCGCGCGATGGGGGCGTGTGGCCGGCCGGGTGTGGGGTGGGGAGTGTAAGTCGTGTTGTACGGCAGAGAAACGCAC
Seq_5_LinJ.09_plus,LinJ.11,73.545,189,657,568610,37,9,185,366,447785,447967,1.55e-08,60.2,plus,TATCCCTGCCAGTGCTCAACCGCTTCTCGTGGCGGCAGGGCGTGAGGTCCTGGACGGCGTTGCGTGGGGGAGGGGCGACCTGCCAGGGCGAACACGCTTCTGCGATCGATATGGTGGGCAGAGCGTCGGCGTGACTCGAGCGTCTCCCACCCCCGGCCCTCACACTGTCTACTGACGTGGGGG
Seq_5_LinJ.09_plus,LinJ.11,73.810,168,657,568610,32,8,185,345,375071,375233,2.01e-07,56.5,plus,TATCCCTGCCAGTGCTCAACCGCTTCTCGTGGCGGCAGGGCGTGAGGTCCTGGACGGCGTTGCGTGGGGGAGGGGCGACCTGCCAGGGCGAACACGCTTCTGCGATCGATATGGTGGGCAGAGCGTCGGCGTGACTCGAGCGTCTCCCACCCCCGGCCCTCAC
Seq_5_LinJ.09_plus,LinJ.11,73.810,168,657,568610,32,8,185,345,390078,390240,2.01e-07,56.5,plus,TATCCCTGCCAGTGCTCAACCGCTTCTCGTGGCGGCAGGGCGTGAGGTCCTGGACGGCGTTGCGTGGGGGAGGGGCGACCTGCCAGGGCGAACACGCTTCTGCGATCGATATGGTGGGCAGAGCGTCGGCGTGACTCGAGCGTCTCCCACCCCCGGCCCTCAC
Seq_5_LinJ.09_plus,LinJ.11,73.585,159,657,568610,31,7,194,345,350032,350186,9.35e-06,51.0,plus,CCAGTGCTCAACCGCTTCTCGTGGCGGCAGGGCGTGAGGTCCTGGACGGCGTTGCGTGGGGGAGGGGCGACCTGCCAGGGCGAACACGCTTCTGCGATCGATATGGTGGGCAGAGCGTCGGCGTGACTCGAGCGTCTCCCACCCCCGGCCCTCAC
Seq_5_LinJ.09_plus,LinJ.11,73.585,159,657,568610,31,7,194,345,365198,365352,9.35e-06,51.0,plus,CCAGTGCTCAACCGCTTCTCGTGGCGGCAGGGCGTGAGGTCCTGGACGGCGTTGCGTGGGGGAGGGGCGACCTGCCAGGGCGAACACGCTTCTGCGATCGATATGGTGGGCAGAGCGTCGGCGTGACTCGAGCGTCTCCCACCCCCGGCCCTCAC
Seq_10_LinJ.09_minus,LinJ.11,80.583,103,593,568610,18,1,175,277,256970,257070,3.86e-14,78.7,plus,CAGTGCACACGTCTGACCCATCCACATGATGGGCAGCGTGTCCGCGCGACTCGAGCGTATCCGACCCCCGGCCCTCGCACTGCCTACTGGTGGGTGGGGAG
Seq_10_LinJ.09_minus,LinJ.11,80.583,103,593,568610,18,1,175,277,269971,270071,3.86e-14,78.7,plus,CAGTGCACACGTCTGACCCATCCACATGATGGGCAGCGTGTCCGCGCGACTCGAGCGTATCCGACCCCCGGCCCTCGCACTGCCTACTGGTGGGTGGGGAG
Seq_10_LinJ.09_minus,LinJ.11,80.583,103,593,568610,18,1,175,277,281096,281196,3.86e-14,78.7,plus,CAGTGCACACGTCTGACCCATCCACATGATGGGCAGCGTGTCCGCGCGACTCGAGCGTATCCGACCCCCGGCCCTCGCACTGCCTACTGGTGGGTGGGGAG
Seq_5_LinJ.09_plus,LinJ.11,77.027,148,657,568610,29,5,414,557,555942,555796,1.19e-14,80.5,minus,GCACCAGGTGGCGAGCAGTATGATGGAAGCGGCTGCGAGGCGACCTGTAGAGCGCGGGGTGGGTGGAGTTTGAGGCAGTCGGCCGTGCTCTCAGACGGCTGGGTCGGCGCATTGCTGTAACGCGGGTGCGTCTACGGCTGCTTCGCA
Seq_8_LinJ.09_minus,LinJ.13,76.966,178,595,659809,18,13,172,346,234718,234561,1.08e-14,80.5,minus,CGACACTGAGCACACGTTTGTGCCATCCATGTGGTGGGCAGCGTGTCAGCGTGACTCGAGCGCATCCCGCCCCCCGGCCCTCCACTGCCCATTGGTGGGGGGGAGCCTGAGCCACCCCGAGGGGAGTGATGCACCGCGTGGCGGCCGGCATGATTGGG
Seq_1_LinJ.09_plus,LinJ.13,77.737,135,395,659809,,,,,65518,65384,3.55e-05,62.0,minus,GGGTGGCGGCGTGGGAAGTGGGTGGGCGGAGCTCGAGTCAGAGGCCGTGCTCAGATGACTGGGTCGGCGCATTGCTGCAACGCGTGTGTACGGCTGCTTCGCACCACGCGATGTGGGGCCTGTGGCAGGCCTGGG
Seq_1_LinJ.09_plus,LinJ.13,77.737,135,395,659809,,,,,60693,60559,3.55e-05,62.0,minus,GGGTGGCGGCGTGGGAAGTGGGTGGGCGGAGCTCGAGTCAGAGGCCGTGCTCAGATGACTGGGTCGGCGCATTGCTGCAACGCGTGTGTACGGCTGCTTCGCACCACGCGATGTGGGGCCTGTGGCAGGCCTGGG
Seq_12_LinJ.09_minus,LinJ.13,77.898,144,454,659809,,,,,414248,414105,5.30e-09,65.8,minus,TGGCGTGGCGTCGGAGCAACCTGCGACCGTGAACACGTCTGTGCCATCCACATGATGGGCGAGATGTCATCACGACTCGAGCGTGTCCCACCCCCGGCCCTCATCGTGCCCACCGCTGGTGTGGGGAGGCCCGAGTGCCCCCCC
Seq_12_LinJ.09_minus,LinJ.13,77.898,144,454,659809,,,,,363272,363129,5.30e-09,65.8,minus,TGGCGTGGCGTCGGAGCAACCTGCGACCGTGAACACGTCTGTGCCATCCACATGATGGGCGAGATGTCATCACGACTCGAGCGTGTCCCACCCCCGGCCCTCATCGTGCCCACCGCTGGTGTGGGGAGGCCCGAGTGCCCCCCC
Seq_1_LinJ.09_plus,LinJ.13,76.147,193,395,659809,,,,,26329,26137,9.85e-06,70.3,minus,GGGTGGCGGCGTGGGAAGTGGGTGGGCGGAGCTCGAGTCAGAGGCCGTGCTCAGATGACTGGGTCGGCGCATTGCTGCAACGCGTGTGTACGGCTGCTTCGCACCACGCGATGTGGGGCCTGTGGCAGGCCGGCGGGGGGATCGAGTGAAGTCCCACTCGTGTTGTATCGCAGAGAATGGGCACGCTGAAAAC
Seq_5_LinJ.09_plus,LinJ.13,76.907,289,657,659809,,,,,135967,135679,1.01e-07,63.9,minus,TGAGGCCCTGGATGGCTTTGCGTCAGAGCGATCTGCGACAGTGAAGACGCCTTTGCCATACGCGTGATGGGCGAAGTGTCAGCGTGACTCGAGCGTATCTCACGCGGTTCTCGCACTGCCCACTGGTGTGGAGGGGCCCGCGCCACCGTGAGGGATGCCCCAGAGGTGGCGACCGGCATCATGGGAGCGGCTGTGAGGCGACCTGCGGGGCGGGTGGGCAGAGTTAGACCGGGGCCGTGTGCAGATGACTGAGTCGGCGCATTGCTGTAAAGCGCGTCTACCGCTGCTT
Seq_5_LinJ.09_plus,LinJ.14,78.723,141,657,656122,24,5,230,368,104647,104783,1.98e-17,89.8,plus,AGGTCCTGGACGGCGCTGCGTCGGTGCGACCCGCGGCCGTGAACACGCTTGCGCCATCCATGTGATGGGCAGCGTGTCGGCGTGACTCGAGCGTACCCCACACCCGGCCCCCACACTGCCCTGCTGGTGGTGGGGAG
Seq_5_LinJ.09_plus,LinJ.14,78.723,141,657,656122,24,5,230,368,109196,109332,1.98e-17,89.8,plus,AGGTCCTGGACGGCGCTGCGTCGGTGCGACCCGCGGCCGTGAACACGCTTGCGCCATCCATGTGATGGGCAGCGTGTCGGCGTGACTCGAGCGTACCCCACACCCGGCCCCCACACTGCCCTGCTGGTGGTGGGGAG
Seq_5_LinJ.09_plus,LinJ.14,78.723,141,657,656122,24,5,230,368,130507,130643,1.98e-17,89.8,plus,AGGTCCTGGACGGCGCTGCGTCGGTGCGACCCGCGGCCGTGAACACGCTTGCGCCATCCATGTGATGGGCAGCGTGTCGGCGTGACTCGAGCGTACCCCACACCCGGCCCCCACACTGCCCTGCTGGTGGTGGGGAG
Seq_5_LinJ.09_plus,LinJ.14,78.261,138,657,656122,24,5,230,365,134094,134227,9.22e-16,84.2,plus,AGGTCCTGGACGGCGCTGCGTCGGTGCGACCCGCGGCCGTGAACACGCTTGCGCCATCCATGTGATGGGCAGCGTGTCGGCGTGACTCGAGCGTACCCCACACCCGGCCCCCACACTGCCCTGCTGGTGGTGGG
Seq_5_LinJ.09_plus,LinJ.14,78.261,138,657,656122,24,5,230,365,137592,137725,9.22e-16,84.2,plus,AGGTCCTGGACGGCGCTGCGTCGGTGCGACCCGCGGCCGTGAACACGCTTGCGCCATCCATGTGATGGGCAGCGTGTCGGCGTGACTCGAGCGTACCCCACACCCGGCCCCCACACTGCCCTGCTGGTGGTGGG
Seq_5_LinJ.09_plus,LinJ.14,78.261,138,657,656122,24,5,230,365,141091,141224,9.22e-16,84.2,plus,AGGTCCTGGACGGCGCTGCGTCGGTGCGACCCGCGGCCGTGAACACGCTTGCGCCATCCATGTGATGGGCAGCGTGTCGGCGTGACTCGAGCGTACCCCACACCCGGCCCCCACACTGCCCTGCTGGTGGTGGG
Seq_5_LinJ.09_plus,LinJ.14,78.261,138,657,656122,24,5,230,365,144382,144515,9.22e-16,84.2,plus,AGGTCCTGGACGGCGCTGCGTCGGTGCGACCCGCGGCCGTGAACACGCTTGCGCCATCCATGTGATGGGCAGCGTGTCGGCGTGACTCGAGCGTACCCCACACCCGGCCCCCACACTGCCCTGCTGGTGGTGGG
Seq_5_LinJ.09_plus,LinJ.14,77.536,138,657,656122,25,5,230,365,174863,174996,4.29e-14,78.7,plus,AGGCCCTGGACGGCGCTGCGTCGGTGCGACCCGCGGCCGTGAACACGCTTGCGCCATCCATGTGATGGGCAGCGTGTCGGCGTGACTCGAGCGTACCCCACACCCGGCCCCCACACTGCCCTGCTGGTGGTGGG
Seq_5_LinJ.09_plus,LinJ.14,73.171,123,657,656122,30,2,438,559,584714,584834,0.006,41.7,plus,GGGAGCGGCTGTGAGGAGACGTGCGAGGCGTGTGGTGTGTAGAAGGTGACGCAGGGGCCGTGCTCAGGTGACCGAGTCGGCGCGCTGCTGGAGCACGTGCCCCCCCTCGCTGCTTCGCACC
Seq_5_LinJ.09_plus,LinJ.14,78.723,141,657,656122,24,5,230,368,97779,97643,1.98e-17,89.8,minus,AGGTCCTGGACGGCGCTGCGTCGGTGCGACCCGCGGCCGTGAACACGCTTGCGCCATCCATGTGATGGGCAGCGTGTCGGCGTGACTCGAGCGTACCCCACACCCGGCCCCCACACTGCCCTGCTGGTGGTGGGGAG
Seq_5_LinJ.09_plus,LinJ.14,78.261,138,657,656122,24,5,230,365,165770,165637,9.22e-16,84.2,minus,AGGTCCTGGACGGCGCTGCGTCGGTGCGACCCGCGGCCGTGAACACGCTTGCGCCATCCATGTGATGGGCAGCGTGTCGGCGTGACTCGAGCGTACCCCACACCCGGCCCCCACACTGCCCTGCTGGTGGTGGG
Seq_2_LinJ.09_plus,LinJ.15,74.497,149,330,650312,25,13,1,144,21651,21791,1.26e-06,52.8,plus,TGGCGCGGCATCGCGGGCGACCCGCGACGGTGCACACGCTTGCGCATCCGCATGATGGGCACAGCGCCAACCGAGCTCGAGCGTATCCCACCCGGCCCTCACTGCCTGCTGATGGGGAGCCTGCGTGCCACGCCGAGGAGG
Seq_2_LinJ.09_plus,LinJ.15,74.497,149,330,650312,25,13,1,144,46371,46511,1.26e-06,52.8,plus,TGGCGCGGCATCGCGGGCGACCCGCGACGGTGCACACGCTTGCGCATCCGCATGATGGGCACAGCGCCAACCGAGCTCGAGCGTATCCCACCCGGCCCTCACTGCCTGCTGATGGGGAGCCTGCGTGCCACGCCGAGGAGG
Seq_2_LinJ.09_plus,LinJ.15,74.497,149,330,650312,25,13,1,144,77886,78026,1.26e-06,52.8,plus,TGGCGCGGCATCGCGGGCGACCCGCGACGGTGCACACGCTTGCGCATCCGCATGATGGGCACAGCGCCAACCGAGCTCGAGCGTATCCCACCCGGCCCTCACTGCCTGCTGATGGGGAGCCTGCGTGCCACGCCGAGGAGG
Seq_2_LinJ.09_plus,LinJ.15,74.497,149,330,650312,25,13,1,144,107976,108116,1.26e-06,52.8,plus,TGGCGCGGCATCGCGGGCGACCCGCGACGGTGCACACGCTTGCGCATCCGCATGATGGGCACAGCGCCAACCGAGCTCGAGCGTATCCCACCCGGCCCTCACTGCCTGCTGATGGGGAGCCTGCGTGCCACGCCGAGGAGG
Seq_10_LinJ.09_minus,LinJ.15,84.375,128,593,650312,10,7,177,303,254964,255082,8.17e-26,117,plus,GTGAACATGTGTGTGCCATCCATGCGATGGGCAGAGCGTCAGCGCGACTCGAGCGTATCCCATCCGGCCCTCACACTGCCTACTGGTGTGGGGCGGCTGCGTGCCACCCCCGAGGGAGG
Seq_10_LinJ.09_minus,LinJ.15,84.375,128,593,650312,10,7,177,303,275026,275144,8.17e-26,117,plus,GTGAACATGTGTGTGCCATCCATGCGATGGGCAGAGCGTCAGCGCGACTCGAGCGTATCCCATCCGGCCCTCACACTGCCTACTGGTGTGGGGCGGCTGCGTGCCACCCCCGAGGGAGG
Seq_10_LinJ.09_minus,LinJ.15,84.375,128,593,650312,10,7,177,303,295295,295413,8.17e-26,117,plus,GTGAACATGTGTGTGCCATCCATGCGATGGGCAGAGCGTCAGCGCGACTCGAGCGTATCCCATCCGGCCCTCACACTGCCTACTGGTGTGGGGCGGCTGCGTGCCACCCCCGAGGGAGG
Seq_2_LinJ.09_plus,LinJ.15,74.497,149,330,650312,25,13,1,144,9565,9425,1.26e-06,52.8,minus,TGGCGCGGCATCGCGGGCGACCCGCGACGGTGCACACGCTTGCGCATCCGCATGATGGGCACAGCGCCAACCGAGCTCGAGCGTATCCCACCCGGCCCTCACTGCCTGCTGATGGGGAGCCTGCGTGCCACGCCGAGGAGG
Seq_2_LinJ.09_plus,LinJ.15,74.497,149,330,650312,25,13,1,144,12853,12713,1.26e-06,52.8,minus,TGGCGCGGCATCGCGGGCGACCCGCGACGGTGCACACGCTTGCGCATCCGCATGATGGGCACAGCGCCAACCGAGCTCGAGCGTATCCCACCCGGCCCTCACTGCCTGCTGATGGGGAGCCTGCGTGCCACGCCGAGGAGG
Seq_2_LinJ.09_plus,LinJ.15,74.497,149,330,650312,25,13,1,144,82590,82450,1.26e-06,52.8,minus,TGGCGCGGCATCGCGGGCGACCCGCGACGGTGCACACGCTTGCGCATCCGCATGATGGGCACAGCGCCAACCGAGCTCGAGCGTATCCCACCCGGCCCTCACTGCCTGCTGATGGGGAGCCTGCGTGCCACGCCGAGGAGG
Seq_9_LinJ.09_minus,LinJ.15,78.767,146,456,650312,23,6,42,187,404470,404333,3.76e-18,91.6,minus,TGCGTCGGAGCGACCGGCGACCGTGCCCACGTCTGTGCCGTCCATGTGATGGGCAGAGTGTCGGCGTGACTCGAGCGCATCCCACCCCCGGCCCTCACACTGCCCACCGGTGGGGGAGTCTGAGTGCCACCCCGAGGG
Seq_9_LinJ.09_minus,LinJ.15,78.767,146,456,650312,23,6,42,187,417593,417456,3.76e-18,91.6,minus,TGCGTCGGAGCGACCGGCGACCGTGCCCACGTCTGTGCCGTCCATGTGATGGGCAGAGTGTCGGCGTGACTCGAGCGCATCCCACCCCCGGCCCTCACACTGCCCACCGGTGGGGGAGTCTGAGTGCCACCCCGAGGG
Seq_5_LinJ.09_plus,LinJ.16,78.571,112,657,688194,17,5,453,559,200133,200242,9.28e-11,67.6,plus,GCGGCATGCGAAGCGGCTGTTGGTGGGTAGAGCTTGAGGCGGGGGCCGTGCTCCCCGACGACCGAGTCGGCGCACTGCTGTACCGTGTGCGTCTACGGCTGCTTCGCACC
Seq_5_LinJ.09_plus,LinJ.16,79.245,106,657,688194,15,6,459,559,141502,141399,9.28e-11,67.6,minus,TGCGAAGCGGCTGTTGGTGGGTAGAGCTTGAGGCGGGGGCCGTGCTCCCCGACGACCGAGTCGGCGCACTGCTGTACCGTGTGCGTCTACGGCTGCTTCGCACC
Seq_5_LinJ.09_plus,LinJ.16,79.245,106,657,688194,15,6,459,559,185667,185564,9.28e-11,67.6,minus,TGCGAAGCGGCTGTTGGTGGGTAGAGCTTGAGGCGGGGGCCGTGCTCCCCGACGACCGAGTCGGCGCACTGCTGTACCGTGTGCGTCTACGGCTGCTTCGCACC
Seq_5_LinJ.09_plus,LinJ.16,74.453,137,657,688194,30,4,493,626,262486,262352,7.23e-07,54.7,minus,GGCCGTGCTCCCTGATGACCGAGTCGGCGCGCTGCTGTGCCGCGTGTGCCCAAGGCTGCTTCGCATCCCGCGATGGGGCCCGTGGCAGGAGGGGCCGGGGGCAGTGTGGCGTTGAGCGCGTGCTGTGCGGCAGAG
Seq_5_LinJ.09_plus,LinJ.16,74.453,137,657,688194,30,4,493,626,305069,304935,7.23e-07,54.7,minus,GGCCGTGCTCCCTGATGACCGAGTCGGCGCGCTGCTGTGCCGCGTGTGCCCAAGGCTGCTTCGCATCCCGCGATGGGGCCCGTGGCAGGAGGGGCCGGGGGCAGTGTGGCGTTGAGCGCGTGCTGTGCGGCAGAG
Seq_1_LinJ.09_plus,LinJ.18,76.471,119,395,720421,23,5,60,175,115546,115662,9.11e-09,60.2,plus,GGCGTGGCGTCGGGGCGACCTGCGACTGTGAACAGGTCTGTGCCCATCCACGTGATGGGCAGGGCGCCCACGGCACTTGAACGACTGTCTCGCCCCGGGCCCTCACACGGCCCACTG
Seq_1_LinJ.09_plus,LinJ.18,76.471,119,395,720421,23,5,60,175,161932,162048,9.11e-09,60.2,plus,GGCGTGGCGTCGGGGCGACCTGCGACTGTGAACAGGTCTGTGCCCATCCACGTGATGGGCAGGGCGCCCACGGCACTTGAACGACTGTCTCGCCCCGGGCCCTCACACGGCCCACTG
Seq_9_LinJ.09_minus,LinJ.18,73.016,189,456,720421,30,13,59,244,546176,546346,8.26e-05,47.3,plus,CGACGGTGAGCACGCTTGTGCCATCCATGTGCCGGCGACGTGTCGGCGTCGCTCGAACGCGTATCCCACCCCCGGCCCACGCACTGCCTTACTGGCGTGAGGGGCCTGAGTGCCACCCCGAGGGGGATGTACACCAGGTGTGGTGACCGGCATGATGGGGGAGCCGCTGTG
Seq_9_LinJ.09_minus,LinJ.18,73.016,189,456,720421,30,13,59,244,553534,553704,8.26e-05,47.3,plus,CGACGGTGAGCACGCTTGTGCCATCCATGTGCCGGCGACGTGTCGGCGTCGCTCGAACGCGTATCCCACCCCCGGCCCACGCACTGCCTTACTGGCGTGAGGGGCCTGAGTGCCACCCCGAGGGGGATGTACACCAGGTGTGGTGACCGGCATGATGGGGGAGCCGCTGTG
Seq_9_LinJ.09_minus,LinJ.18,73.016,189,456,720421,30,13,59,244,555313,555483,8.26e-05,47.3,plus,CGACGGTGAGCACGCTTGTGCCATCCATGTGCCGGCGACGTGTCGGCGTCGCTCGAACGCGTATCCCACCCCCGGCCCACGCACTGCCTTACTGGCGTGAGGGGCCTGAGTGCCACCCCGAGGGGGATGTACACCAGGTGTGGTGACCGGCATGATGGGGGAGCCGCTGTG
Seq_1_LinJ.09_plus,LinJ.18,76.724,116,395,720421,22,5,66,178,96127,96014,9.11e-09,60.2,minus,GCGTCGGGGCGACCTGCGACTGTGAACAGGTCTGTGCCCATCCACGTGATGGGCAGGGCGCCCACGGCACTTGAACGACTGTCTCGCCCCGGGCCCTCACACGGCCCACTGGTG
Seq_1_LinJ.09_plus,LinJ.18,76.724,116,395,720421,22,5,66,178,147018,146905,9.11e-09,60.2,minus,GCGTCGGGGCGACCTGCGACTGTGAACAGGTCTGTGCCCATCCACGTGATGGGCAGGGCGCCCACGGCACTTGAACGACTGTCTCGCCCCGGGCCCTCACACGGCCCACTGGTG
Seq_1_LinJ.09_plus,LinJ.18,75.862,116,395,720421,23,5,66,178,56304,56191,4.24e-07,54.7,minus,GCGTCGGGGCGACCTGCGACTGTGAACAGGTCTGTGCCCATCCACGTGATGGGCAGGGTGCCCACGGCACTTGAACGACTGTCTCGCCCCGGGCCCTCACACGGCCCACTGGTG
Seq_1_LinJ.09_plus,LinJ.18,75.862,116,395,720421,23,5,66,178,69085,68972,4.24e-07,54.7,minus,GCGTCGGGGCGACCTGCGACTGTGAACAGGTCTGTGCCCATCCACGTGATGGGCAGGGTGCCCACGGCACTTGAACGACTGTCTCGCCCCGGGCCCTCACACGGCCCACTGGTG
Seq_5_LinJ.09_plus,LinJ.18,75.221,113,657,720421,18,7,234,345,211002,210899,4.35e-04,45.4,minus,CCTGGATGGCGCTGCGTCGGAGCGGCCGGTGACAACGAACGCGTATCATCCCCCTGATGGGCAGAGTGTCAGCTTCACTCGAGTGTATCCCAGCTGGTCCTCAC
Seq_5_LinJ.09_plus,LinJ.18,75.221,113,657,720421,18,7,234,345,219917,219814,4.35e-04,45.4,minus,CCTGGATGGCGCTGCGTCGGAGCGGCCGGTGACAACGAACGCGTATCATCCCCCTGATGGGCAGAGTGTCAGCTTCACTCGAGTGTATCCCAGCTGGTCCTCAC
Seq_5_LinJ.09_plus,LinJ.19,73.043,345,657,706116,58,24,243,582,139814,140128,1.98e-17,89.8,plus,CGCTGCGCCGGAGCGATCTGCGACTGTGAACACGACTGTGCCATCCATATGGTAGGCGACGTGTGAGCGTGACTCGAGCGTATCTCGCCCGGCCCTCACTGCCCTGCTGGTGGGGTGGGGCGCCTGTGTGCCACCCGGAGGGTGATGCGCCGGGTGGCGAGCAGCACAATGGGAAGCGACTGTGAGGCAGCCTGCTTGGTGGGCGGGTGGGCAGAGTTTGAGGCAGAGACGGCGCTCCGATGACTGTGTCGGCGCATTGCTGTAACGCGCTTCTAGCGCTGCTTCGCACCGCGCGGAATGGGGGCCTGTGGCAGG
Seq_5_LinJ.09_plus,LinJ.19,76.744,129,657,706116,21,6,436,559,624943,625067,1.20e-09,63.9,plus,ATGGGCATGGCTGTGAGGCGACCTGCGAGGAGGCTGGGGGGGGGGGAGGAGCTCGAGGCAGGGGCCGAGCTCAGATGACTGGGTCGGCGCATTGCTGTAGCGCGCGCCTGCGGCTTCTTCGCACC
Seq_5_LinJ.09_plus,LinJ.19,76.744,129,657,706116,21,6,436,559,647737,647861,1.20e-09,63.9,plus,ATGGGCATGGCTGTGAGGCGACCTGCGAGGAGGCTGGGGGGGGGGGAGGAGCTCGAGGCAGGGGCCGAGCTCAGATGACTGGGTCGGCGCATTGCTGTAGCGCGCGCCTGCGGCTTCTTCGCACC
Seq_5_LinJ.09_plus,LinJ.19,76.562,128,657,706116,20,7,436,559,658133,658254,4.32e-09,62.1,plus,ATGGGCATGGCTGTGAGGCGACCTGCGAGGAGGCTGGGGGGGGAGGAGCTCGAGGCAGGGGCCGAGCTCAGATGACTGGGTCGGCGCATTGCTGTAGCGCGCGCCTGCGGCTTCTTCGCACC
Seq_5_LinJ.09_plus,LinJ.19,76.562,128,657,706116,20,7,436,559,663677,663798,4.32e-09,62.1,plus,ATGGGCATGGCTGTGAGGCGACCTGCGAGGAGGCTGGGGGGGGAGGAGCTCGAGGCAGGGGCCGAGCTCAGATGACTGGGTCGGCGCATTGCTGTAGCGCGCGCCTGCGGCTTCTTCGCACC
Seq_5_LinJ.09_plus,LinJ.19,74.257,101,657,706116,21,4,241,341,298273,298368,0.073,38.1,plus,GGGGCTGCCTTGGTGCGACCTGCGACAGCGAGCACGTTTGCGCCATCCACATGCCCGGCAACGTGCCAGCGCAACTCGAACGTATCCCACCCGCCC
Seq_5_LinJ.09_plus,LinJ.19,74.257,101,657,706116,21,4,241,341,363097,363192,0.073,38.1,plus,GGGGCTGCCTTGGTGCGACCTGCGACAGCGAGCACGTTTGCGCCATCCACATGCCCGGCAACGTGCCAGCGCAACTCGAACGTATCCCACCCGCCC
Seq_5_LinJ.09_plus,LinJ.19,74.257,101,657,706116,21,4,241,341,366681,366776,0.073,38.1,plus,GGGGCTGCCTTGGTGCGACCTGCGACAGCGAGCACGTTTGCGCCATCCACATGCCCGGCAACGTGCCAGCGCAACTCGAACGTATCCCACCCGCCC
Seq_8_LinJ.09_minus,LinJ.19,75.940,133,595,706116,16,12,397,528,522505,522622,6.52e-07,54.7,plus,CAGGTCACCGAGCTGGCGCCTTGCCGTAAACGCGTGTGTCTCCTGCCGCCTCGCACCACGCGGATGGGGCCTGTGGCAGGGGCCGAGTGGTGGGGAATGGGATGCGGAGTGGCGTTGG
Seq_8_LinJ.09_minus,LinJ.19,75.940,133,595,706116,16,11,397,528,525021,525138,6.52e-07,54.7,plus,CAGGTCACCGAGCTGGCGCCTTGCCGTAAACGCGTGTGTCTCCTGCCGCCTCGCACCACGCGGATGGGGCCTGTGGCAGGGGCCGGGTGGTGGGGAGTGGGGTGCGGAGTGGCGTTGG
Seq_8_LinJ.09_minus,LinJ.19,75.940,133,595,706116,16,11,397,528,570613,570730,6.52e-07,54.7,plus,CAGGTCACCGAGCTGGCGCCTTGCCGTAAACGCGTGTGTCTCCTGCCGCCTCGCACCACGCGGATGGGGCCTGTGGCAGGGGCCGGGTGGTGGGGAATGGGATGCGGAGTGGCGTTGG
Seq_8_LinJ.09_minus,LinJ.19,75.940,133,595,706116,16,11,397,528,576942,577059,6.52e-07,54.7,plus,CAGGTCACCGAGCTGGCGCCTTGCCGTAAACGCGTGTGTCTCCTGCCGCCTCGCACCACGCGGATGGGGCCTGTGGCAGGGGCCGGGTGGTGGGGAATGGGATGCGGAGTGGCGTTGG
Seq_8_LinJ.09_minus,LinJ.19,75.940,133,595,706116,16,11,397,528,583504,583621,6.52e-07,54.7,plus,CAGGTCACCGAGCTGGCGCCTTGCCGTAAACGCGTGTGTCTCCTGCCGCCTCGCACCACGCGGATGGGGCCTGTGGCAGGGGCCGGGTGGTGGGGAATGGGATGCGGAGTGGCGTTGG
Seq_8_LinJ.09_minus,LinJ.19,75.940,133,595,706116,16,11,397,528,589830,589947,6.52e-07,54.7,plus,CAGGTCACCGAGCTGGCGCCTTGCCGTAAACGCGTGTGTCTCCTGCCGCCTCGCACCACGCGGATGGGGCCTGTGGCAGGGGCCGGGTGGTGGGGAATGGGATGCGGAGTGGCGTTGG
Seq_5_LinJ.09_plus,LinJ.19,72.829,357,657,706116,62,25,231,582,41679,41353,1.98e-17,89.8,minus,GGTGCTGGATGGCGCTGCGCCGGAGCGACCTGTGATTGTGAGCATATTTGTGCCATCCATATGATGGCTAGAGTGTGAGCGTGACTCGAGCGTATTTCGCCCGGCCCTCACTGCCCTGCTGGTGGGGTGGGGCGCTTGTGTGCCACCCGGAGGGTGATGCGCCGGGTGGCGAGCAGCACAATGGGAAGCGACTGTGAGGCAGCCTGCTTGGTGGGCGGGTGGGCAGAGTTTGAGGCAGAGACGGCGCTCCGATGACTGTGTCGGCGCATTGCTGTAATGCGCTTCTAGCGCTGCTTCGCACCGCGCGGAATGGGGGCCTGTGGCAGG
Seq_5_LinJ.09_plus,LinJ.19,72.549,357,657,706116,63,25,231,582,52538,52212,9.22e-16,84.2,minus,GGTGCTGGATGGCGCTGCGCCGGAGCGACCTGTGATTGTGAGCATATTTGTGCCATCCATATGATGGCTAGAGTGTGAGCGTGACTCGAGCGTATTTCGCCCGGCCCTCACTGCCCTGCTGGTGGGGTGGGGCGCTTGTGTGCCACCCGGAGGGTGATGCGCCGGGTGGCGAGCAGCACAATGGGAAGCGACTGTGAGGCAGCCTACTTGGTGGGCGGGTGGGCAGAGTTTGAGGCAGAGACGGCGCTCCGATGACTGTGTCGGCGCATTGCTGTAATGCGCTTCTAGCGCTGCTTCGCACCGCGCGGAATGGGGGCCTGTGGCAGG
Seq_5_LinJ.09_plus,LinJ.19,76.471,136,657,706116,21,7,436,564,632138,632007,1.20e-09,63.9,minus,ATGGGCATGGCTGTGAGGCGACCTGCGAGGAGGCTGGGGGGGGGGGAGGAGCTCGAGGCAGGGGCCGAGCTCAGATGACTGGGTCGGCGCATTGCTGTAGCGCGCGCCTGCGGCTTCTTCGCACCACGTGGG
Seq_5_LinJ.09_plus,LinJ.19,77.257,299,657,706116,,,,,78648,78946,1.67e-10,74.1,plus,GGTGCTGGATGGCGCTGCGCCGGAGCGACCTGTGATTGTGAGCATATTTGTGCCATCCATATGATGGCTAGAGTGTGAGCGTGACTCGAGCGTATTTCGCCCGGCCCTCACTGCCCTGCTAGCGAGGGCGCTTGTGTGCCACCCGGAGGGTGATGCGCCGGGTGGCGAGCAGCACAATGGGAAGCGACTGTGAGGCAGCCTGCTTGGTGGGCGGGTGGGCAGAGTTTGAGGCAGAGACGGCGCTCCGATGACTGTGTCGGCGCATTGCTGTAACGCGCTTCTAGCGCTGCTTCGCACCG
Seq_5_LinJ.09_plus,LinJ.19,76.231,315,657,706116,,,,,117486,117800,8.05e-11,75.9,plus,CGCTGCGCCGGAGCGATCTGCGACTGTGAACACGACTGTGCCATCCATATGGTAGGCGACGTGTGAGCGTGACTCGAGCGTATCTCGCCCAGCCCTCACTGCCCTGCTGGTGGGGTGGGGCGCCTGTGTGCCACCCGGAGGGTGATGCGCCGGGTGGCGAGCAGCACAATGGGAAGCGACTGTGAGGCAGCCTGCTTGGTGGGCGGGTGGGCAGAGTTTGAGGCAGAGACGGCGCTCCGATGACTGTGTCGGCGCATTGCTGTAACGCGCTTCTAGCGCTGCTTCGCACCGCGCGGAATGGGGGCCTGTGGCAGG
Seq_5_LinJ.09_plus,LinJ.19,76.831,323,657,706116,,,,,57582,57260,1.67e-10,75.9,minus,GGTGCTGGATGGCGCTGCGCCGGAGCGACCTGTGATTGTGAGCATATTTGTGCCATCCATATGATGGCTAGAGTGTGAGCGTGACTCGAGCGTATTTCGCCCGGCCCTCACTGCCCTGCTAGCGAGGGCGCTTGTGTGCCACCCGGAGGGTGATGCGCCGGGTGGCGAGCAGCACAATGGGAAGCGACTGTGAGGCAGCCTGCTTGGTGGGCGGGTGGGCAGAGTTTGAGGCAGAGACGGCGCTCCGATGACTGTGTCGGCGCATTGCTGTAATGCGCTTCTAGCGCTGCTTCGCACCGCGCGGAATGGGGGCCTGTGGCAGG
Seq_1_LinJ.09_plus,LinJ.20,75.000,192,395,731246,29,10,85,274,520455,520629,4.21e-12,71.3,plus,CAGCGTACACGTCTGTGCCATCCACGTGACAGGCAGAGCGTCAGCGTGACGCGAGCGCATATCCCACCCCCGGCCCTCGCGCTGCCTACAGCGGTGTGGGGGAGGCCTGAGGCACCCCGAGGGGAGGATGCACCAGGCGGCGACCGGCATGATGCGGGAGCGGCGGTGAGGCGTG
Seq_1_LinJ.09_plus,LinJ.20,74.479,192,395,731246,30,11,85,274,512694,512868,1.96e-10,65.8,plus,CAGCGTACACGTCTGCGCCATCCACGTGACAGGCAGAGCGTCAGCGTGACGCGAGCGCATATCCCACCCCCGGCCCTCGCGCTGCCTACAGCGGTGTGGGGGAGGCCTGAGGCACCCCGAGGGGAGGATGCACCAGGCGGCGACCGGCATGATGCGGGAGCGGCGGTGAGGCGTG
Seq_1_LinJ.09_plus,LinJ.20,74.479,192,395,731246,30,11,85,274,544127,544301,1.96e-10,65.8,plus,CAGCGTACACGTCTGCGCCATCCACGTGACAGGCAGAGCGTCAGCGTGACGCGAGCGCATATCCCACCCCCGGCCCTCGCGCTGCCTACAGCGGTGTGGGGGAGGCCTGAGGCACCCCGAGGGGAGGATGCACCAGGCGGCGACCGGCATGATGCGGGAGCGGCGGTGAGGCGTG
Seq_1_LinJ.09_plus,LinJ.20,74.479,192,395,731246,30,11,85,274,550967,551141,1.96e-10,65.8,plus,CAGCGTACACGTCTGCGCCATCCACGTGACAGGCAGAGCGTCAGCGTGACGCGAGCGCATATCCCACCCCCGGCCCTCGCGCTGCCTACAGCGGTGTGGGGGAGGCCTGAGGCACCCCGAGGGGAGGATGCACCAGGCGGCGACCGGCATGATGCGGGAGCGGCGGTGAGGCGTG
Seq_1_LinJ.09_plus,LinJ.20,74.595,185,395,731246,28,11,85,267,575630,575797,7.04e-10,63.9,plus,CAGCGTACACGTCTGCGCCATCCACGTGACAGGCAGAGCGTCAGCGTGACGCGAGCGCATATCCCACCCCCGGCCCTCGCGCTGCCTACAGCGGTGTGGGGGAGGCCTGAGGCACCCCGAGGGGAGGATGCACCAGGCGGCGACCGGCATGATGCGGGAGCGGCGGTG
Seq_5_LinJ.09_plus,LinJ.20,72.835,254,657,731246,56,10,399,646,419380,419626,5.55e-13,75.0,plus,CGGGGGGGGGGGGGCGCACATCAGGTGGCAGCCGGCATGATGGGAGAGCGACTGTGAGGCGGCCGGCAAAGCGAAGGCGAGTGGAGTTTGAGTCAGAGGCCGTGCTGAGCCGACCAAGTCGGCGCACTGCACTAGCGTGTGTGTCCACGGCTGCTTCGCACCACGTCACGTTGCCCGTGGCAGGCCGAGGGGCCCCAGTGGAGTTTGACTAATTTTATAGAACGGAGAAGGAGCACGTTGAAAACGG
Seq_8_LinJ.09_minus,LinJ.20,74.737,190,595,731246,26,13,175,361,510646,510476,3.01e-10,65.8,minus,CAGTGAACACGTCTGCGCCATCCATGTGACAGGCAGAGCTTCAGCGTGACGCGAGCGCATATCCCACCCCCGGCCCTCGCGCTGCCTACAGCGGTGTGGGGGAGGCCTGAGGCACCCCGAGGGGAGGATGCACCAGGCGGCAACCGGCATGATGCGGGAGCGGCGGTGAGG
Seq_1_LinJ.09_plus,LinJ.20,74.176,182,395,731246,28,11,91,270,483540,483376,3.28e-08,58.4,minus,ACACGTCTGCGCCATCCACGTGACAGGCAGAGCGTCAGCGTGACGCGAGCGCATATCCCACCCCCGGCCCTCGCGCTGCCTACAGCGGTGTGGGGGAGGCCTGAGGCACCCCGAGGGGAGGATGCACCAGGCGGCGACCGGCATGATGCAGGAGCGGCGGTGAGG
Seq_1_LinJ.09_plus,LinJ.20,74.317,183,395,731246,26,13,91,270,518038,517874,3.28e-08,58.4,minus,ACACGTCTGCGCCACCCACGTGACAGGCAGAGCGTCAGCGTGACGCGAGCGCGTATCCCACCCCCGGCCCTCGCGCTGCCTACAGCGGTGTGAGGGAGGCCTGAGGCACCCCGAGGGGAGGATGCACCAGGCGGCGACCGGCATGATGCGGGAGCGGCGGTGAGG
Seq_5_LinJ.09_plus,LinJ.21,75.806,124,657,764851,22,4,436,558,690769,690653,2.01e-07,56.5,minus,ATGGGAGCGGCTGCCAGGCAACTTGCGATGCGGGTGACTAGAGTTTGAGGCAGCTGCCGTTCTCGAATGATTGAGTCGGCGCATTGCTGTAGCGGCGTGTCTACGGCTGCTGCGCAC
Seq_1_LinJ.09_plus,LinJ.23,78.710,155,395,786675,25,7,59,210,123521,123670,6.94e-20,97.1,plus,TGGGGGTGCGTCGGAGAGCGACACGCGGCAGAGAGCACGCTTGTGCCATCCATGTGATAGGCAGAGTGTCCGCGTGACTCCAGCGTATCCCCCTCCCGGCCCTCACACGGCTTGCTGGTGTGGAGGGGAGCCTGCGTGTCACCCCGAGGG
Seq_1_LinJ.09_plus,LinJ.23,75.573,131,395,786675,27,4,59,187,87526,87653,9.11e-09,60.2,plus,TGGTGGTGCTTCGGAGCGACCTGCGACAGCGACCACACGCTTGGGCCATCCGTGTGATGGGCGAAGTGTCCGCGTGACTCGAGCGTATTCCACTCCCGGCCCGCACACTGCCTGCTGATGGTGAGGAG
Seq_1_LinJ.09_plus,LinJ.23,75.573,131,395,786675,27,4,59,187,99586,99713,9.11e-09,60.2,plus,TGGTGGTGCTTCGGAGCGACCTGCGACAGCGACCACACGCTTGGGCCATCCGTGTGATGGGCGAAGTGTCCGCGTGACTCGAGCGTATTCCACTCCCGGCCCGCACACTGCCTGCTGATGGTGAGGAG
Seq_5_LinJ.09_plus,LinJ.23,80.000,135,657,786675,21,4,437,569,693521,693651,4.26e-19,95.3,plus,TGGGCGCGGCTGTGAGGCGACCCGCAACGCGGGTGAGTGGGTAGAGGTTTGGGGCAGGGGCTGTGCGCCGGTGACCGAGTCGGCGCACTGCTGCAACTCGTGTCTACGGCTTCTTCGCAGCACGGGATGAG
Seq_5_LinJ.09_plus,LinJ.23,79.259,135,657,786675,22,5,437,569,672626,672756,1.98e-17,89.8,plus,TGGGCGCGGCTGTGAGGCGACCCGCAACGCGGGTGAGTGGGTAGAGGTTTGGGGCAGGGGCTGTGCGCCGGTGACCGAGTCGGCGCACTGCTGTAACTCGTGTCTACGGCTTCTTCGCAGCACGGGATGAG
Seq_5_LinJ.09_plus,LinJ.23,79.259,135,657,786675,22,5,437,569,676748,676878,1.98e-17,89.8,plus,TGGGCGCGGCTGTGAGGCGACCCGCAACGCGGGTGAGTGGGTAGAGGTTTGGGGCAGGGGCTGTGCGCCGGTGACCGAGTCGGCGCACTGCTGTAACTCGTGTCTACGGCTTCTTCGCAGCACGGGATGAG
Seq_5_LinJ.09_plus,LinJ.23,76.087,138,657,786675,30,3,420,556,619473,619608,2.58e-11,69.4,plus,GGGGGCAACCAGCACGGTAGGGAGTGACTGCGAGGCGACGTGCGAGGCGTGAGGTTCGCAGAGTATGAGGCAGGGGCCGCGCTCTCAGATGACCGAGTCGGCGCACCGCTGTGCCGCTTGCCTACGGCTGCTTCGC
Seq_8_LinJ.09_minus,LinJ.23,76.852,108,595,786675,12,9,397,501,55473,55570,3.03e-05,49.1,plus,CAGTTGGCTGAGTCGGCGCATTGCTGTGACACGCGTCTATTGCTGCTTCAAACCACGCGGTGTGGGGCTTGTGACATGCCGCGGAGTAGAGTGGGTGG
Seq_9_LinJ.09_minus,LinJ.23,77.215,158,456,786675,28,7,36,190,116860,116708,1.75e-16,86.1,minus,TGGGGGTGCGTCGGAGAGCGACACGCGGCAGAGAGCACGCTTGTGCCATCCATGTAATAGGCAGAGTGTCCGCGTGACTCCAGCGTATCCCCCTCCCGGCCCTCACACGGCTTGCTGGTGTGGAGGGGAGCCTGCGTGTCACCCCGAGGGGGA
Seq_2_LinJ.09_plus,LinJ.23,81.132,106,330,786675,16,3,1,105,335124,335022,1.60e-15,82.4,minus,TGGCGCTGCGTCGGAGCGGCCTGCAACCGCGTACACGTCTGCGCCATCCATATGATGGACAGCGTGTCAGCGTGACTCGAGCGTATTCCACCCCCGGCCCTCT
Seq_2_LinJ.09_plus,LinJ.23,81.132,106,330,786675,16,3,1,105,341414,341312,1.60e-15,82.4,minus,TGGCGCTGCGTCGGAGCGGCCTGCAACCGCGTACACGTCTGCGCCATCCATATGATGGACAGCGTGTCAGCGTGACTCGAGCGTATTCCACCCCCGGCCCTCT
Seq_5_LinJ.09_plus,LinJ.23,76.423,123,657,786675,22,7,434,551,361146,361026,1.55e-08,60.2,minus,CGATGGGAGCGGCTGCGCGGCGGCCTGCGAGGCGGCGGGTGCTGTGTAGAGTTTGAGGCAGAGGCGGCGCTGGGCGGACTGAGTCGGCGCATTGCTGTACCGCGTGTGCGCCTACGGCTGC
Seq_5_LinJ.09_plus,LinJ.23,76.423,123,657,786675,22,7,434,551,394043,393923,1.55e-08,60.2,minus,CGATGGGAGCGGCTGCGCGGCGGCCTGCGAGGCGGCGGGTGCTGTGTAGAGTTTGAGGCAGAGGCGGCGCTGGGCGGACTGAGTCGGCGCATTGCTGTACCGCGTGTGCGCCTACGGCTGC
Seq_5_LinJ.09_plus,LinJ.23,76.423,123,657,786675,22,7,434,551,412964,412844,1.55e-08,60.2,minus,CGATGGGAGCGGCTGCGCGGCGGCCTGCGAGGCGGCGGGTGCTGTGTAGAGTTTGAGGCAGAGGCGGCGCTGGGCGGACTGAGTCGGCGCATTGCTGTACCGCGTGTGCGCCTACGGCTGC
Seq_5_LinJ.09_plus,LinJ.23,76.423,123,657,786675,22,7,434,551,428839,428719,1.55e-08,60.2,minus,CGATGGGAGCGGCTGCGCGGCGGCCTGCGAGGCGGCGGGTGCTGTGTAGAGTTTGAGGCAGAGGCGGCGCTGGGCGGACTGAGTCGGCGCATTGCTGTACCGCGTGTGCGCCTACGGCTGC
Seq_5_LinJ.09_plus,LinJ.23,76.423,123,657,786675,22,7,434,551,433737,433617,1.55e-08,60.2,minus,CGATGGGAGCGGCTGCGCGGCGGCCTGCGAGGCGGCGGGTGCTGTGTAGAGTTTGAGGCAGAGGCGGCGCTGGGCGGACTGAGTCGGCGCATTGCTGTACCGCGTGTGCGCCTACGGCTGC
Seq_5_LinJ.09_plus,LinJ.23,76.423,123,657,786675,22,7,434,551,438638,438518,1.55e-08,60.2,minus,CGATGGGAGCGGCTGCGCGGCGGCCTGCGAGGCGGCGGGTGCTGTGTAGAGTTTGAGGCAGAGGCGGCGCTGGGCGGACTGAGTCGGCGCATTGCTGTACCGCGTGTGCGCCTACGGCTGC
Seq_5_LinJ.09_plus,LinJ.23,76.423,123,657,786675,22,7,434,551,443533,443413,1.55e-08,60.2,minus,CGATGGGAGCGGCTGCGCGGCGGCCTGCGAGGCGGCGGGTGCTGTGTAGAGTTTGAGGCAGAGGCGGCGCTGGGCGGACTGAGTCGGCGCATTGCTGTACCGCGTGTGCGCCTACGGCTGC
Seq_5_LinJ.09_plus,LinJ.23,76.423,123,657,786675,22,7,434,551,448429,448309,1.55e-08,60.2,minus,CGATGGGAGCGGCTGCGCGGCGGCCTGCGAGGCGGCGGGTGCTGTGTAGAGTTTGAGGCAGAGGCGGCGCTGGGCGGACTGAGTCGGCGCATTGCTGTACCGCGTGTGCGCCTACGGCTGC
Seq_5_LinJ.09_plus,LinJ.23,76.423,123,657,786675,22,7,434,551,453328,453208,1.55e-08,60.2,minus,CGATGGGAGCGGCTGCGCGGCGGCCTGCGAGGCGGCGGGTGCTGTGTAGAGTTTGAGGCAGAGGCGGCGCTGGGCGGACTGAGTCGGCGCATTGCTGTACCGCGTGTGCGCCTACGGCTGC
Seq_5_LinJ.09_plus,LinJ.24,78.462,130,657,863800,18,7,231,354,775700,775825,1.54e-13,76.8,plus,GGTCCTGGACAGGCGCTGCGTCGGAGCGGCCTGCGACGGCGAGCACGCTTGTGCGCCACCCATATGACTAGGCAGTGTGCCAACACGTGACTCGAGCGCAGCTCAGCCGGCCCTCACACTGCCCAC
Seq_5_LinJ.09_plus,LinJ.24,78.462,130,657,863800,18,7,231,354,780173,780298,1.54e-13,76.8,plus,GGTCCTGGACGGGCGCTGCGTCGGAGCGGCCTGCGACGGCGAGCACGCTTGTGCGCCACCCATATGACTAGGCAGTGTGCCAACACGTGACTCGAGCGCAGCTCAGCCGGCCCTCACACTGCCCAC
Seq_5_LinJ.09_plus,LinJ.24,78.462,130,657,863800,18,7,231,354,807204,807329,1.54e-13,76.8,plus,GGTCCTGGACGGGCGCTGCGTCGGAGCGGCCTGCGACGGCGAGCACGCTTGTGCGCCACCCATATGACTAGGCAGTGTGCCAACACGTGACTCGAGCGCAGCTCAGCCGGCCCTCACACTGCCCAC
Seq_5_LinJ.09_plus,LinJ.24,78.462,130,657,863800,18,7,231,354,786378,786253,1.54e-13,76.8,minus,GGTCCTGGACGGGCGCTGCGTCGGAGCGGCCTGCGACGGCGAGCACGCTTGTGCGCCACCCATATGACTAGGCAGTGTGCCAACACGTGACTCGAGCGCAGCTCAGCCGGCCCTCACACTGCCCAC
Seq_1_LinJ.09_plus,LinJ.25,75.564,296,395,895070,,,,,388290,387995,2.34e-08,59.3,minus,CGACAGTGAACACGTGTACACCATCCATGTGATGGGCAGAGTGTCAGTGTGACTCGCACGCATCTTACCCGAGCCTCTCACTGCCCGCTGGTGTGGGGAGCCCGCTTTTTACACCCCGAGTGGGATGCGCCACCTGGCGACCGGCATGATGGGAGGAGCGACTGTGAAGCCGGGTGGTTGGGTGGAGTTTGAGGCCGAGGCCATGATCGGATGACCGAGTCGGCGCACTGCTGTGCCAGCTTGTGCCTACGGCTGCCTCGCACCACGCGGATGTCGGGGCCTGTGGCAAGGCCGTG
Seq_1_LinJ.09_plus,LinJ.27,77.124,153,395,1175405,23,10,59,209,656452,656594,2.51e-14,78.7,plus,TGGCGTGGCGTGGGAGCGACCTGCGACAGCGAACACGCTTGTGCCATCCATGTGCTAGGCAGAGCGTCATGGTGACTCGAACGCATCCCATCCGGCCCTCGCACTGGCCACTGGTGGTAGGCAGCCTGCGTGCCGCCCCGAGG
Seq_1_LinJ.09_plus,LinJ.27,77.124,153,395,1175405,23,10,59,209,663673,663815,2.51e-14,78.7,plus,TGGCGTGGCGTGGGAGCGACCTGCGACAGCGAACACGCTTGTGCCATCCATGTGCTAGGCAGAGCGTCATGGTGACTCGAACGCATCCCATCCGGCCCTCGCACTGGCCACTGGTGGTAGGCAGCCTGCGTGCCGCCCCGAGG
Seq_1_LinJ.09_plus,LinJ.27,77.124,153,395,1175405,23,10,59,209,670895,671037,2.51e-14,78.7,plus,TGGCGTGGCGTGGGAGCGACCTGCGACAGCGAACACGCTTGTGCCATCCATGTGCTAGGCAGAGCGTCATGGTGACTCGAACGCATCCCATCCGGCCCTCGCACTGGCCACTGGTGGTAGGCAGCCTGCGTGCCGCCCCGAGG
Seq_1_LinJ.09_plus,LinJ.27,77.124,153,395,1175405,23,10,59,209,696094,696236,2.51e-14,78.7,plus,TGGCGTGGCGTGGGAGCGACCTGCGACAGCGAACACGCTTGTGCCATCCATGTGCTAGGCAGAGCGTCATGGTGACTCGAACGCATCCCATCCGGCCCTCGCACTGGCCACTGGTGGTAGGCAGCCTGCGTGCCGCCCCGAGG
Seq_1_LinJ.09_plus,LinJ.27,77.124,153,395,1175405,23,10,59,209,741760,741902,2.51e-14,78.7,plus,TGGCGTGGCGTGGGAGCGACCTGCGACAGCGAACACGCTTGTGCCATCCATGTGCTAGGCAGAGCGTCATGGTGACTCGAGCGCATCCCATCTGGCCCTCGCACTGGCCACTGGTGGTAGGCAGCCTGCGTGCCGCCCCGAGG
Seq_1_LinJ.09_plus,LinJ.27,76.471,153,395,1175405,24,10,59,209,649231,649373,1.17e-12,73.1,plus,TGGCGTGGCGTGGGAGCGACCTGCGACAGCGAACACGCTTGTGCCATCCATGTGCTAGGCAGAGCGTCATGGTGACTCGAACGCATCCCATCTGGCCCTCGCACTGGCCACTGGTGGTAGGCAGCCTGCGTGCCGCCCCGAGG
Seq_8_LinJ.09_minus,LinJ.27,77.064,109,595,1175405,21,3,181,289,1159099,1159203,1.40e-08,60.2,plus,ACACGTTTGTGCCATCCACGCTGTAGGCAGGGCGGCGGCGTGGCTCGAGCGTATCCCACCCCCGCCCCTCGCAGTGCCCACTGGTGGTGCGGGGAGCCTGCGTGC
Seq_8_LinJ.09_minus,LinJ.27,73.333,150,595,1175405,31,6,149,295,83162,83305,1.09e-04,47.3,plus,TGGCGTTGCGTCGGGGTGGCCCGCGACAGCGAACACGCTTGTGCCGTCCATGTGGTAGGCAGGGTGTCGGCGTGGCTGGAACGCATTGCACCCGGCCCCGACTGCCGTTGCTGGTGCGGGGGGAGGGGGCCTGTGTGCCACCCC
Seq_8_LinJ.09_minus,LinJ.27,73.333,150,595,1175405,31,6,149,295,137487,137630,1.09e-04,47.3,plus,TGGCGTTGCGTCGGGGTGGCCCGCGACAGCGAACACGCTTGTGCCGTCCATGTGGTAGGCAGGGTGTCGGCGTGGCTGGAACGCATTGCACCCGGCCCCGACTGCCGTTTCTGGTGCGGGGGGAGGGGGCCTGTGTGCCACCCC
Seq_8_LinJ.09_minus,LinJ.27,73.333,150,595,1175405,31,6,149,295,142650,142793,1.09e-04,47.3,plus,TGGCGTTGCGTCGGGGTGGCCCGCGACAGCGAACACGCTTGTGCCGTCCATGTGGTAGGCAGGGTGTCGGCGTGGCTGGAACGCATTGCACCCGGCCCCGACTGCCGTTTCTGGTGCGGGGGGAGGGGGCCTGTGTGCCACCCC
Seq_8_LinJ.09_minus,LinJ.27,73.333,150,595,1175405,31,6,149,295,51943,51800,1.09e-04,47.3,minus,TGGCGTTGCGTCGGGGTGGCCCGCGACAGCGAACACGCTTGTGCCGTCCATGTGGTAGGCAGGGTGTCGGCGTGGCTGGAACGCATTGCACTCGGCCCCGACTGCCGTTGCTGGTGCGGGGGGAGGGGGCCTGTGTGCCACCCC
Seq_8_LinJ.09_minus,LinJ.27,73.333,150,595,1175405,31,6,149,295,56204,56061,1.09e-04,47.3,minus,TGGCGTTGCGTCGGGGTGGCCCGCGACAGCGAACACGCTTGTGCCGTCCATGTGGTAGGCAGGGTGTCGGCGTGGCTGGAACGCATTGCACCCGGCCCCGACTGCCGTTGCTGGTGCGGGGGGAGGGGGCCTGTGTGCCACCCC
Seq_8_LinJ.09_minus,LinJ.27,73.333,150,595,1175405,31,6,149,295,60465,60322,1.09e-04,47.3,minus,TGGCGTTGCGTCGGGGTGGCCCGCGACAGCGAACACGCTTGTGCCGTCCATGTGGTAGGCAGGGTGTCGGCGTGGCTGGAACGCATTGCACCCGGCCCCGACTGCCGTTGCTGGTGCGGGGGGAGGGGGCCTGTGTGCCACCCC
Seq_8_LinJ.09_minus,LinJ.27,73.333,150,595,1175405,31,6,149,295,130902,130759,1.09e-04,47.3,minus,TGGCGTTGCGTCGGGGTGGCCCGCGACAGCGAACACGCTTGTGCCGTCCATGTGGTAGGCAGGGTGTCGGCGTGGCTGGAACGCATTGCACCCGGCCCCGACTGCCGTTGCTGGTGCGGGGGGAGGGGGCCTGTGTGCCACCCC
Seq_1_LinJ.09_plus,LinJ.28,77.778,117,395,1205018,19,6,60,175,76630,76740,1.96e-10,65.8,plus,GGCGGTGTCGGTGCGACCTGCGACCGTGAACACGTCTGTGCCGCCCACATCGATGGGCAAAGCGCCAGCGGGAGTCGAGCGAATCCCACCCAACCCTCACACCGCCCACTG
Seq_1_LinJ.09_plus,LinJ.28,77.778,117,395,1205018,19,6,60,175,115770,115880,1.96e-10,65.8,plus,GGCGGTGTCGGTGCGACCTGCGACCGTGAACACGTCTGTGCCGCCCACATCGATGGGCAAAGCGCCAGCGGGAGTCGAGCGAATCCCACCCAACCCTCACACCGCCCACTG
Seq_1_LinJ.09_plus,LinJ.28,77.778,117,395,1205018,19,6,60,175,148467,148577,1.96e-10,65.8,plus,GGCGGTGTCGGTGCGACCTGCGACCGTGAACACGTCTGTGCCGCCCACATCGATGGGCAAAGCGCCAGCGGGAGTCGAGCGAATCCCACCCAACCCTCACACCGCCCACTG
Seq_1_LinJ.09_plus,LinJ.28,75.203,252,395,1205018,,,,,651993,651742,9.85e-06,60.2,minus,TACGACGAGGCAGAGTGTCAGCGCGACTCGATCGTATCTCACCCTCGGCCCTCGCTGCCTACTGGTGTGGGGAGCGTGCGTGTCACCCCCCGAGGGGAGGGGATGCACCAGGTGGCGACCGGCATGGCGGGAAGCGGCTATGAGGCGACCTGCGAAGCGTGGGTGGGCGGGTGAGTTGTACTTGGGACAGGGGGCGCGCTCCGATGACTGAGTCTGCGCAACGCTGCACCACGTGTCTAGCGCTGCTTTGCA
Seq_1_LinJ.09_plus,LinJ.29,76.000,175,395,1272412,19,16,222,382,886854,887019,1.51e-11,69.4,plus,GGGATGCACCAGGGGTGGCGACCGGCATGATGGGAGCCGGCTGTGTGGCGACCTGCTGAGCAGTGGTGGGCAGAGCTTGAGGCAGGGGCCGTGCTCAGATGGCTGGAGTCGGCACATTGCTGCAACGCGTGTGTCAACGGCTGTGTCGCACCACGCGATGGGGCCT
Seq_5_LinJ.09_plus,LinJ.29,74.009,227,657,1272412,46,11,411,628,1110927,1111149,1.19e-14,80.5,plus,GATGCACTGGGTGGCGACCAGCACAAGGGTAGCTGCTGTGAGGCGACCTGCGATGCGGGGAGGGGGGGGCGAGTAGAGTTTTGCGTAGGGGCGGTGCTGGGATGACGGAGTCGGCGCATTGCTGTAACACGTGTGCCTAGCGCTGCCTCGCCCCACGCGGATGGGGTTCGCGGCAGGCCCGGTGGGTAGAGCGGAGTTTGGATTCATGCTGTACGGCAGAGAA
Seq_5_LinJ.09_plus,LinJ.29,73.894,226,657,1272412,47,11,411,628,1113535,1113756,1.19e-14,80.5,plus,GATGCACTGGGTGGCGACCAGCACAAGGGTAGCTGCTGTGAGGCGACCTGCGATGCGGGGAGGGGGGGCGAGTAGAGTTTTGCGTAGGGGCGGTGCTGGGATGACGGAGTCGGCGCATTGCTGTAACACGTGTGCCTAGCGCTGCCTCGCCCCACGCGGATGGGGTTCGCGGCAGGCCCGGTGGGTAGAGCGGAGTTTGGATTCATGTTCTATGGCAGAGAA
Seq_5_LinJ.09_plus,LinJ.29,76.220,164,657,1272412,27,10,392,549,676729,676886,1.54e-13,76.8,plus,CCACCCCGAGGAGGGGATGCGCCAGGGGGGCGGCCAGCACGGTGGAGGCGGCTGTGAGGCGACCTGCGAGGTGGGTGGGCGGCCAGCGTTAGAGGCAGGGGGCCGCGCTGAGGTGGCGGAGTCGGCGCATTGCCGTAACGCGCGTGTCGGCTGCCGCT
Seq_5_LinJ.09_plus,LinJ.29,76.282,156,657,1272412,28,7,411,559,1107023,1107176,5.55e-13,75.0,plus,GATGCACTGGGTGGCGACCAGCACAAGGGTAGCTGCTGTGAGGCGACCTGCGATGCGGGGAGGGGGGGGCGAGTAGAGTTTTGCGTAGGGGCGGTGCTGGGATGACGGAGTCGGCGCATTGCTGTAACACGTGTGCCTAGCGCTGCCTCGCACC
Seq_5_LinJ.09_plus,LinJ.29,75.940,133,657,1272412,28,3,409,540,343695,343824,3.34e-10,65.8,plus,GGGACGCACGAGGTGGGGACCGGCGCAATGTGAGCCGCTGTGAGGCGGCCTCCGCTTCGCAGGCCGGTAGTGTTTTGAGGCAGAGGCCATGCTCGGATGACGGAGTCGGCGCATTGCTGTAGAGCGTGTG
Seq_5_LinJ.09_plus,LinJ.29,75.940,133,657,1272412,28,3,409,540,360826,360955,3.34e-10,65.8,plus,GGGACGCACGAGGTGGGGACCGGCGCAATGTGAGCCGCTGTGAGGCGGCCTCCGCTTCGCAGGCCGGTAGTGTTTTGAGGCAGAGGCCATGCTCGGATGACGGAGTCGGCGCATTGCTGTAGAGCGTGTG
Seq_5_LinJ.09_plus,LinJ.29,75.940,133,657,1272412,28,3,409,540,369656,369785,3.34e-10,65.8,plus,GGGACGCACGAGGTGGGGACCGGCGCAATGTGAGCCGCTGTGAGGCGGCCTCCGCTTCGCAGGCCGGTAGTGTTTTGAGGCAGAGGCCATGCTCGGATGACGGAGTCGGCGCATTGCTGTAGAGCGTGTG
Seq_5_LinJ.09_plus,LinJ.29,75.940,133,657,1272412,28,3,409,540,381194,381323,3.34e-10,65.8,plus,GGGACGCACGAGGTGGGGACCGGCGCAATGTGAGCCGCTGTGAGGCGGCCTCCGCTTCGCAGGCCGGTAGTGTTTTGAGGCAGAGGCCATGCTCGGATGACGGAGTCGGCGCATTGCTGTAGAGCGTGTG
Seq_9_LinJ.09_minus,LinJ.29,71.560,327,456,1272412,58,29,42,359,884137,883837,1.37e-07,56.5,minus,TGCGTCGGAGAGGCCTGCGGCCGTGCACACGCTTCTGCCGTCCATGTAACGGGCAGAGAGTCAGCACGACTCGAGCGTATCCCACCCGGGCCCTCACACTGCCTCCTGGTGTGTATAGTCTGAGTGCCACCCCGAGGGATGCACCAGGGGTGGCGACCGGCATGATGGGAGCCGGCTGTGTGGCGACCTGCTGAGCAGTGGTGGGCAGAGCTTGAGGCAGGGGCCGTGCTCAGATGGCTGGAGTCGGCACATTGCTGCAACGCGTGTGTCCACGGCTGTGTCGCACCACGCGATGGGGCCT
Seq_5_LinJ.09_plus,LinJ.29,78.710,155,657,1272412,27,5,409,559,716121,715969,3.29e-20,99.0,minus,GGGATGCCCCCCGGGGGCGGCCAGCGCAGTGGAGGCGGCTGTGAGGCGACCTGCGAGGCGGGTGGGCGGCCAGCGTTAGAGGCAGGGGGCCGCGCTGAGGTGGCGGAGTCGGCGCATTGCCGTAACGCGTGCGGCCTACGGCCGCTTCGCACC
Seq_5_LinJ.09_plus,LinJ.29,78.710,155,657,1272412,27,5,409,559,746824,746672,3.29e-20,99.0,minus,GGGATGCCCCCCGGGGGCGGCCAGCGCAGTGGAGGCGGCTGTGAGGCGACCTGCGAGGCGGGTGGGCGGCCAGCGTTAGAGGCAGGGGGCCGCGCTGAGGTGGCGGAGTCGGCGCATTGCCGTAACGCGTGCGGCCTACGGCCGCTTCGCACC
Seq_5_LinJ.09_plus,LinJ.29,75.234,214,657,1272412,39,13,411,614,1066240,1066031,1.98e-17,89.8,minus,GATGCACTGGGTGGCGACCAGCACAAGGGTAGCTGCTGTGAGGCGACCTGCGATGCGGGGAGGGGGGGCGAGTAGAGTTTTGCGTAGGGGCGGTGCTGGGATGACGGAGTCGGCGCATTGCTGTAACACGTGTGTCTAGCGCTGCCTCGCCCCACGCGGATGGGGCCTGTGACAGGCCCTGAGGTGAGCTGAGTGGGGTTTCACTCTTGT
Seq_5_LinJ.09_plus,LinJ.29,74.348,230,657,1272412,42,13,411,628,1083147,1082923,3.32e-15,82.4,minus,GATGCACTGGGTGGCGGCCAGCACAAGGGTAGCTGCTGTGAGGCGACCTGCGATGCGGGGAGGGGGGGGGGCGAGTAGAGTTTTGCGTAGGGGCGGTGCTGGGATGACGGAGTCGGCGCATTGCTGTAACACGTGTGTCTAGCGCTGCCTCGCCCCACGCGGATGGGGTTCGCGGCAGGCCCGGTGGGTATAGCGGAGTTTGGATTCATGTTGTACGGCAGAGAA
Seq_5_LinJ.09_plus,LinJ.29,76.871,147,657,1272412,26,7,409,549,691884,691740,1.54e-13,76.8,minus,GGGATGCGCCAGGGGGGCGGCCAGCACGGTGGAGGCGGCTGTGAGGCGACCTGCGAGGTGGGTGGGCGGCCAGCGTTAGAGGCAGGGGGCCGCGCTGAGGTGGCGGAGTCGGCGCATTGCCGTAACGCGCGTGTCGGCTGCCGCT
Seq_5_LinJ.09_plus,LinJ.29,76.871,147,657,1272412,26,7,409,549,698345,698201,1.54e-13,76.8,minus,GGGATGCGCCAGGGGGGCGGCCAGCACGGTGGAGGCGGCTGTGAGGCGACCTGCGAGGTGGGTGGGCGGCCAGCGTTAGAGGCAGGGGGCCGCGCTGAGGTGGCGGAGTCGGCGCATTGCCGTAACGCGCGTGTCGGCTGCCGCT
Seq_5_LinJ.09_plus,LinJ.29,80.198,101,657,1272412,13,7,493,590,93395,93299,2.58e-11,69.4,minus,GGCCGTGCTGTCCGATGAACGGGTCGGCGCATTGCTGTGCCGGCGTGTGTCTACGGCTGCTCTGCACCGCGCGATGGGCCCTGTGACAGGCCAGGGG
Seq_5_LinJ.09_plus,LinJ.29,75.000,168,657,1272412,33,8,411,571,1104054,1103889,2.58e-11,69.4,minus,GATGCACTGGGTCGCGACCAGCACAAGGGTAGCTGCTGTGAGGCGACCTGCGATGCGGGGAGGGGGGGCGAGTAGAGTTTTGCGTAGGGGCGGTGCTGGGATGACGGAGTCGGCGCATTGCTGTAACACGTGTGCCTAGCGCTGCCTCGCCCCACGCGGATGGGGT
Seq_5_LinJ.09_plus,LinJ.29,75.000,152,657,1272412,32,5,409,559,326456,326310,3.34e-10,65.8,minus,GGGACGCACGAGGTGGGGACCGGCGCAATGTGAGCCGCTGTGAGGCGGCCTCCGCTTCGCAGGCCGGTAGTGTTTTGAGGCAGAGGCCATGCTCGGATGACGGAGTCGGCGCATTGCTGTAGAGCGTGTGCACGACTGCTTTGCGCC
Seq_5_LinJ.09_plus,LinJ.29,75.000,152,657,1272412,32,5,409,559,332310,332164,3.34e-10,65.8,minus,GGGACGCACGAGGTGGGGACCGGCGCAATGTGAGCCGCTGTGAGGCGGCCTCCGCTTCGCAGGCCGGTAGTGTTTTGAGGCAGAGGCCATGCTCGGATGACGGAGTCGGCGCATTGCTGTAGAGCGTGTGCACGACTGCTTTGCGCC
Seq_5_LinJ.09_plus,LinJ.29,75.000,152,657,1272412,32,5,409,559,334053,333907,3.34e-10,65.8,minus,GGGACGCACGAGGTGGGGACCGGCGCAATGTGAGCCGCTGTGAGGCGGCCTCCGCTTCGCAGGCCGGTAGTGTTTTGAGGCAGAGGCCATGCTCGGATGACGGAGTCGGCGCATTGCTGTAGAGCGTGTGCACGACTGCTTTGCGCC
Seq_5_LinJ.09_plus,LinJ.29,79.208,101,657,1272412,14,7,493,590,101834,101738,1.20e-09,63.9,minus,GGCCGTGCTGTCCGATGAACGGGTCGGCGCATTGCTGTGCCGGCGTGTGTCGACGGCTGCTCTGCACCGCGCGATGGGCCCTGTGACAGGCCAGGGG
Seq_9_LinJ.09_minus,LinJ.29,74.497,149,456,1272412,26,10,42,188,907141,907003,4.93e-07,54.7,minus,TGCGTCGGAGAGGCCTGCGGCCGTGCACACGCTTCTGCCGTCCATGTAACGGGCAGAGAGTCAGCACGACTCGAGCGTATCCCACCCGGGCCCTCACACTGCCTCCTGGTGTGTATAGTCTGAGTGCCACCCCGAGGGA
Seq_5_LinJ.09_plus,LinJ.29,77.109,256,657,1272412,,,,,283405,283660,8.35e-09,62.0,plus,TGTATGCCATCCGCATGATAGGCAACGTGCCAACGTGACTCGAGCGTATCTCACCCGACCCTCGCACTGCCCACTGCTGGCGTGGGGAGCCTGCGCCACCCCGAGGGGGATGCACCAAATGACGCCCGGCATGATGGGAGCGGCGGCGGGTCGGCCTGCGAAGCCGGAGTGGGTAGAGCATGCGGCGGGGGCCGTACTCGCCGGTGACCGAGTCGGCGCATGGCTGTAACGCGTGTGTCTAGGGCCTCTTCGCACC
Seq_5_LinJ.09_plus,LinJ.29,77.109,256,657,1272412,,,,,267898,267643,8.35e-09,62.0,minus,TGTATGCCATCCGCATGATAGGCAACGTGCCAACGTGACTCGAGCGTATCTCACCCGACCCTCGCACTGCCCACTGCTGGCGTGGGGAGCCTGCGCCACCCCGAGGGGGATGCACCAAATGACGCCCGGCATGATGGGAGCGGCGGCGGGTCGGCCTGCGAAGCCGGAGTGGGTAGAGCATGCGGCGGGGGCCGTACTCGCCGGTGACCGAGTCGGCGCATGGCTGTAACGCGTGTGTCTAGGGCCTCTTCGCACC
Seq_1_LinJ.09_plus,LinJ.29,76.28,239,395,1272412,,,,,1044782,1044544,2.39e-13,75.9,minus,GATGCACTGGGTGGCGACCAGCACAATGGGTGGCGCGGCTGTGCGGCGGAAGGGGGAGAGTAGAGTTTTGCGTAGGGGCGGTGCTGGGATGACTGAGTCGGCGCATTGCTGTAACACGTTTGTCTAGCGCTGCCTCGCCCCACGCGGATGGGGCCTGTGACAGGCCCTGAGGTGAGCTGAGTGGGGTCTCACTCATGCTGTGCGGCAGAGATGGCGGGCACCTTGACGGAAAGGAAGCT
Seq_8_LinJ.09_minus,LinJ.30,72.881,354,595,1353282,53,29,148,490,601759,602080,2.99e-15,82.4,plus,CTGACGTTGCGTCGGAGCGGCCTGCGGCAGCGAGCACGTTTGCACCACCCACATGATGGGCAGGGTGTCAGCGTGGCTTGAGCGTACCTCACCCGGCCCTCGCACTGCCCACTGGTGTGGGGAGCCTGCGCCACGGCGAGGGGGGGATGCACTAGGGGTGGCGACCGGCATGATGTGAGCGGCTGTGAGGCGGCCTGTGGAGCGAGAGACGGCTAGAGCTTGATGCAGAGGCCGTGTGCAGATGACTGACTCGGCGCATAGCTCTAAAGCATGTGTCTAAGGCTGCTTCGCACGGTGCGACGGGCCTGTGGCAGGGCCGGGA
Seq_8_LinJ.09_minus,LinJ.30,72.881,354,595,1353282,53,29,148,490,622224,622545,2.99e-15,82.4,plus,CTGACGTTGCGTCGGAGCGGCCTGCGGCAGCGAGCACGTTTGCACCACCCACATGATGGGCAGGGTGTCAGCGTGGCTTGAGCGTACCTCACCCGGCCCTCGCACTGCCCACTGGTGTGGGGAGCCTGCGCCACGGCGAGGGGGGGATGCACTAGGGGTGGCGACCGGCATGATGTGAGCGGCTGTGAGGCGGCCTGTGGAGCGAGAGACGGCTAGAGCTTGATGCAGAGGCCGTGTGCAGATGACTGACTCGGCGCATAGCTCTAAAGCATGTGTCTAAGGCTGCTTCGCACGGTGCGACGGGCCTGTGGCAGGGCCGGGA
Seq_8_LinJ.09_minus,LinJ.30,72.571,350,595,1353282,52,28,148,486,663666,663982,5.01e-13,75.0,plus,CTGACGTTGCGTCGGAGCGGCCTGCGGCAGCGAGCACGTTTGCACCACCCACATGATGGGCAGGGTGTCAGCGTGGCTTGAGCGTACCTCACCCGGCCCTCGCACTGCCCACTGGTGTGGGGAGCCTGCGCCACGGCGAGGGGGATGCACCAGGGGTGGCGACCGGCATGATGTGAGCGGCTGTGAGGCGGCCTGTGGAGCGAGAGACGGCTAGAGCTTGATGCAGAGGCCGTGTGCAGATGACTGACTCGGCGCATAGCTCTAAAGCATGTGTCTAAGGCTGCTTCGCACGGTGCGACGGGCCTGTGGCAGGGCCG
Seq_5_LinJ.09_plus,LinJ.30,74.627,134,657,1353282,28,4,235,368,507963,508090,7.23e-07,54.7,plus,CTGGATGGCGCTGCGTCGGAGCGGGCTGCGGCAGCGAGCACGTCTGCGCCGTCCACATGATGGGCGAGGTGTGAGCGTGGCTGGAGGATATCCCACCCGGCCCTGGCACTGCCTCCTGGTGTGGGGAG
Seq_5_LinJ.09_plus,LinJ.30,74.627,134,657,1353282,28,5,235,368,516043,516170,7.23e-07,54.7,plus,CTGGATGGCGCTGCGTCGGAGCGGGCTGCGGCAGCGAGCACGTCTGCGCCGTCCACATGATGGACGAGGTGTGAGCGTGGCTGGAGGATATCCCACCCGGCCCTGGCACTGCCTCCTGGTGTGGGGAG
Seq_5_LinJ.09_plus,LinJ.30,74.627,134,657,1353282,28,5,235,368,518567,518694,7.23e-07,54.7,plus,CTGGATGGCGCTGCGTCGGAGCGGGCTGCGGCAGCGAGCACGTCTGCGCCGTCCACATGATGGACGAGGTGTGAGCGTGGCTGGAGGATATCCCACCCGGCCCTGGCACTGCCTCCTGGTGTGGGGAG
Seq_5_LinJ.09_plus,LinJ.30,73.881,134,657,1353282,29,5,235,368,479407,479534,3.36e-05,49.1,plus,CTGGATGGCGCTGCGTCGGAGCGGGCTGCGGCAGCGAGCACGTCTGCGCCGCCCACATGATGGACGAGGTGTGAGCGTGGCTGGAGGATATCCCACCCGGCCCTGGCACTGCCTCCTGGTGTGGGGAG
Seq_5_LinJ.09_plus,LinJ.30,73.881,134,657,1353282,29,5,235,368,554398,554525,3.36e-05,49.1,plus,CTGGATGGCGCTGCGTCGGAGCGGGCTGCGGCAGCGAGCACGTCTGCGCCGCCCACATGATGGACGAGGTGTGAGCGTGGCTGGAGGATATCCCACCCGGCCCTGGCACTGCCTCCTGGTGTGGGGAG
Seq_5_LinJ.09_plus,LinJ.30,73.881,134,657,1353282,29,5,235,368,574063,574190,3.36e-05,49.1,plus,CTGGATGGCGCTGCGTCGGAGCGGGCTGCGGCAGCGAGCACGTCTGCGCCGCCCACATGATGGACGAGGTGTGAGCGTGGCTGGAGGATATCCCACCCGGCCCTGGCACTGCCTCCTGGTGTGGGGAG
Seq_7_LinJ.09_plus,LinJ.30,73.154,149,484,1353282,29,9,166,309,1148968,1149110,0.001,43.6,plus,TGGCGTTGCGTCGGAGCGACCTGCGGCAGCGAGCGCGTTTGCACCACCCACATGATGGGCAGGGTGTCAGCGTGACCCAAGCGTGTCTCGCCCGGCCCTCGCTGCTTACTGGGGGAGAGCTTGGAGCGCCACCCCGAGGGAGA
Seq_5_LinJ.09_plus,LinJ.30,76.984,126,657,1353282,24,4,458,582,106016,105895,9.28e-11,67.6,minus,CTGCGAGGCGGAGGTCGGGCCGAGCTCGACGCAGAGGCCGTACTCCGATGACTGAGTCGGCGCATTGCTGTACCGCGCGTGTCCACGGCTGCGTCGCAGCACGCGATGTGGCCTGTGGCAGG
Seq_5_LinJ.09_plus,LinJ.30,76.984,126,657,1353282,24,4,458,582,109600,109479,9.28e-11,67.6,minus,CTGCGAGGCGGAGGTCGGGCCGAGCTCGACGCAGAGGCCGTACTCCGATGACTGAGTCGGCGCATTGCTGTACCGCGCGTGTCCACGGCTGCGTCGCAGCACGCGATGTGGCCTGTGGCAGG
Seq_5_LinJ.09_plus,LinJ.30,77.391,115,657,1353282,16,10,224,334,1320067,1319959,1.55e-08,60.2,minus,GGTGTTCAGGTCCTGCATGGCGCTGCGTCGGAGCCACCTGCGACATCGAACACGTTGGTACGACTCATATGATTAGGCAGAGCGTCAGCGTGACTCGAGCGCATCTCAC
Seq_7_LinJ.09_plus,LinJ.30,73.154,149,484,1353282,29,8,166,309,1118773,1118631,0.001,43.6,minus,TGGCGTTGCGTCGGAGCGACCTGCGGCAGCGAGCGCGTTTGCACCACCCACATGATGGGCAGGGTGTCAGCGTGACCCAAGCGTGTCTCGCCCGGCCCTCGCTGCTTACTGGGGGAGAGCTTGGAGCGCCACCCCGAGGGAGA
Seq_7_LinJ.09_plus,LinJ.30,73.154,149,484,1353282,29,8,166,309,1134417,1134275,0.001,43.6,minus,TGGCGTTGCGTCGGAGCGACCTGCGGCAGCGAGCGCGTTTGCACCACCCACATGATGGGCAGGGTGTCAGCGTGACCCAAGCGTGTCTCGCCCGGCCCTCGCTGCTTACTGGGGGAGAGCTTGGAGCGCCACCCCGAGGGAGA
Seq_7_LinJ.09_plus,LinJ.30,73.154,149,484,1353282,29,8,166,309,1164441,1164299,0.001,43.6,minus,TGGCGTTGCGTCGGAGCGACCTGCGGCAGCGAGCGCGTTTGCACCACCCACATGATGGGCAGGGTGTCAGCGTGACCCAAGCGTGTCTCGCCCGGCCCTCGCTGCTTACTGGGGGAGAGCTTGGAGCGCCACCCCGAGGGAGA
Seq_7_LinJ.09_plus,LinJ.30,73.154,149,484,1353282,29,8,166,309,1168196,1168054,0.001,43.6,minus,TGGCGTTGCGTCGGAGCGACCTGCGGCAGCGAGCGCGTTTGCACCACCCACATGATGGGCAGGGTGTCAGCGTGACCCAAGCGTGTCTCGCCCGGCCCTCGCTGCTTACTGGGGGAGAGCTTGGAGCGCCACCCCGAGGGAGA
Seq_5_LinJ.09_plus,LinJ.30,79.352,202,657,1353282,,,,,39417,39216,7.00e-09,74.1,minus,GGGATTCACCACATGGAGACCAGCATGATAGGGTGCGGCTGCGAGGCGACATGCGAAGCAGGTGAGTGGCCAGAGTTTGAGGCAGGGGCCGGGCTCTCAGATGGCCGAGTCGGCGCATTGCTGTTGCACATGTCGAGGGCTGCTTCGCACCACGCGGATGGTGGCCTGTGACGGGGCCGGGCGGGGGAGGGGGGAAGGAGGT
Seq_2_LinJ.09_plus,LinJ.30,78.126,149,330,1353282,,,,,1025854,1025706,3.76e-09,66.7,minus,GGCGTGACGTCGGAGTGGTCTGCGACAGTGAACACGTCTGTGCCATCCACGTAATGGGCAGAGTGCCCGCGTGACTCGAACGCATCCCTCACTCGGCGCTCACACGGCTTACTGGCGTGCGGAGTGCCTGAGTGTCGCAGCGAGGGGGA
Seq_2_LinJ.09_plus,LinJ.30,78.126,149,330,1353282,,,,,1007821,1007673,3.76e-09,66.7,minus,GGCGTGACGTCGGAGTGGTCTGCGACAGTGAACACGTCTGTGCCATCCACGTAATGGGCAGAGTGCCCGCGTGACTCGAACGCATCCCTCACTCGGCGCTCACACGGCTTACTGGCGTGCGGAGTGCCTGAGTGTCGCAGCGAGGGGGA
Seq_8_LinJ.09_minus,LinJ.31,73.502,317,595,1529233,49,23,179,494,1007229,1007511,6.43e-17,87.9,plus,GAACACGCTTGCGCCATCCACATGATGTGCAAGGTGCCAGCGTGGCTCGAGCGCATTCCGCCCACGTCCCTCACACCGCCAACTGGTGTGGGGAGCCTGAGGCCACCCCGAGGGAAGGATGCGCCAGGTGGCCACCGGCACTAGTGGGCGCGGCTGTGAGGCGGGCGGGCAGAGTGTGAGGCAGCGGCCACGCTCAGGTGACTGAGTCGGTGCACGGCTGTAACGCGTGTGTGCAGGGCTGCTTCGCACCACGCGATGGGGGCCTGTGACCGGCGTGGAGGGG
Seq_5_LinJ.09_plus,LinJ.31,77.419,124,657,1529233,23,3,435,557,182195,182314,2.58e-11,69.4,plus,GATGGGGGAGGCTGCGCGGCGACCTGCGAGGCGGGTGGGCGGGTGGAGTTTGGGCCAGAGGCCGTGCTCGGAAGCCTGGGTCGGCGGATGGCTGTACCGCGTGTCTACCGCTGCTTCGCA
Seq_1_LinJ.09_plus,LinJ.31,76.724,116,395,1529233,19,7,60,173,886501,886392,3.28e-08,58.4,minus,GGCGTTGCGTCGGTGCGACCTGCGACAGTCGGCACGTATGTGCCGTCGATGTGGCAGGCAAAGCGCCAATGCGGCTCGAGCGTATCCCACCCGGCCCTCACACGGCCCAC
Seq_1_LinJ.09_plus,LinJ.31,76.724,116,395,1529233,19,7,60,173,903675,903566,3.28e-08,58.4,minus,GGCGTTGCGTCGGTGCGACCTGCGACAGTCGGCACGTATGTGCCGTCGATGTGGCAGGCAAAGCGCCAATGCGGCTCGAGCGTATCCCACCCGGCCCTCACACGGCCCAC
Seq_1_LinJ.09_plus,LinJ.31,76.724,116,395,1529233,19,7,60,173,910455,910346,3.28e-08,58.4,minus,GGCGTTGCGTCGGTGCGACCTGCGACAGTCGGCACGTATGTGCCGTCGATGTGGCAGGCAAAGCGCCAATGCGGCTCGAGCGTATCCCACCCGGCCCTCACACGGCCCAC
Seq_8_LinJ.09_minus,LinJ.31,71.670,473,595,1529233,82,36,26,494,1045244,1044820,8.32e-16,84.2,minus,CACACACCTCTCAGCGCGTCGTATCTCAGCGTCCGGTGCACCTCCCCTCCCCCCACACTCGGTGGGGCGGCCAAGCACGACCCCCTCTATCGCTGCCAATGCCCAGCTACTTCTGGTTCTGGCATGGCCTAGTGCCTGCGGCGGCGAACACGCTTCGCCATGCACATGATGTGCAAGGTGCCAGCGTGGCTCGAGCGCATTCCACCCACGTCCCTCGCTGCCAACTGGTGTGGGGAGCCTGAGGCCACCCCGAGGGAAGGATGCGCCAGGTGGCCACCGGCACTAGTGGGCGCGGCTGTGAGGCGGGCGGGCAGAGTGTGAGGCAGCGGCCACGCTCAGGTGACTGAGTCGGTGCACGGCTGTAACGCGTGTGTGCAGGGCTGCTTCGCACCACGCGATGGGGGCCTGTGACCGGCGTGGAGGGG
Seq_5_LinJ.09_plus,LinJ.31,78.846,156,657,1529233,30,3,405,559,1075886,1075733,2.55e-21,102,minus,GGGGGGATGCGCCAGGTGGCGGCCAGCACAGTGGGCGCGGCTGTGAGGCGACCTACTCAGCGGGGGTGTGCAGAGCTCGAGGCAGGGGGTCGTGCTCTCAGATGGCTGAGTTGGCACATGGCTGTAACGCGTGTGTCTACGGATGCTTCGCACC
Seq_5_LinJ.09_plus,LinJ.31,78.846,156,657,1529233,30,3,405,559,1085146,1084993,2.55e-21,102,minus,GGGGGGATGCGCCAGGTGGCGGCCAGCACAGTGGGCGCGGCTGTGAGGCGACCTACTCAGCGGGGGTGTGCAGAGCTCGAGGCAGGGGGTCGTGCTCTCAGATGGCTGAGTTGGCACATGGCTGTAACGCGTGTGTCTACGGATGCTTCGCACC
Seq_5_LinJ.09_plus,LinJ.31,77.419,124,657,1529233,23,3,435,557,204419,204300,2.58e-11,69.4,minus,GATGGGGGAGGCTGCGCGGCGACCTGCGAGGCGGGTGGGCGGGTGGAGTTTGGGCCAGAGGCCGTGCTCGGAGGCCTGGGTCGGCGGATGGCTGTACCGCGTGTCTACCGCTGCTTCGCA
Seq_8_LinJ.09_minus,LinJ.31,71.368,475,595,1529233,84,36,24,494,1035688,1035262,1.39e-13,76.8,minus,TACACAAACCTCTCAGCGCGTCGTATCTCAGCGTCCGGTGCACCTCCCCTCCCCCCACACTCGGTGGGGCGGCCAAGCACGACCCCCTCTATCGCTGCCAATGCCCAGCTACTTCTGGTTCTGGCATGGCCTAGTGCCTGCGGCGGCGAACACGCTTCGCCATGCACATGATGTGCAAGGTGCCAGCGTGGCTCGAGCGCATTCCACCCACGTCCCTCGCTGCCAACTGGTGTGGGGAGCCTGAGGCCACCCCGAGGGAAGGATGCGCCAGGTGGCCACCGGCACTAGTGTGCGCGGCTGTGAGGCGGGCGGGCAGAGTGTGAGGCAGCGGCCACGCTCAGGTGACTGAGTCGGTGCACGGCTGTAACGCGTGTGTGCAGGGCTGCTTCGCACCACGCGATGGGGGCCTGTGACCGGCGTGGAGGGG
Seq_1_LinJ.09_plus,LinJ.32,76.800,125,395,1544753,15,10,155,271,516637,516755,3.28e-08,58.4,plus,CGGCCCTCACACGGCCTACTAGTGTGGGTGGGTGGGTGGGGGGCTGAGTGCCACCGCCGATGAGGGGGCAGGGATGCGCCAGGGGTGGCGACGGGGCATGATGGACGCGGCTGTGAGGG
Seq_5_LinJ.09_plus,LinJ.32,75.481,208,657,1544753,40,8,438,641,790502,790302,5.51e-18,91.6,minus,GGGAGCGGCCTGCGAGTCGGCCTGCGAGGCGGCCGTGGTGGGTAGAGTTTGAGGCAGAGGCCATGCTCAGATGGCTGAGTCGGCGCATTGCTGCAGCACGTGTGTCTCACGCTGCTTCGCACCAGGCGATGCGGTGCCTGTGACGGGCCAGGGGTAGACTGGAGAGTGACTCATGTGGTACAGCAAAGTGGGCACGTTGAA
Seq_5_LinJ.09_plus,LinJ.32,77.707,157,657,1544753,28,5,438,590,798540,798387,1.98e-17,89.8,minus,GGGAGCGGCCTGCGAGTCGGCCTGCGAGGCGGCCGTGGTGGGTAGAGTTTGAGGCAGAGGCCATGCTCAGATGGCTGAGTCGGCGCATTGCTGCAGCACGTGTGTCTCACGCTGCTTCGCACCAGGCGATGCGGTGCCTGTGACGGGCCAGGGG
Seq_1_LinJ.09_plus,LinJ.32,76.800,125,395,1544753,15,10,155,271,542629,542511,3.28e-08,58.4,minus,CGGCCCTCACACGGCCTACTAGTGTGGGTGGGTGGGTGGGGGGCTGAGTGCCACCGCCGATGAGGGGGCAGGGATGCGCCAGGGGTGGCGACGGGGCATGATGGACGCGGCTGTGAGGG
Seq_5_LinJ.09_plus,LinJ.32,74.522,157,657,1544753,33,6,474,626,915705,915552,4.32e-09,62.1,minus,GGGCCGCGTTTGAGGCAGGGGTCGTGCTGCGATGACTGGGTCGGCGCATTGCTGTGACGCGCGTGTCTAGCGCTGCTGCACACCACGCGAGGCGGACCTGTGACGGGGCGCGTGCGGGCTCGAGTTGGGTTTGGACTCCTGCTGTACGGCAGAG
Seq_5_LinJ.09_plus,LinJ.32,73.626,182,657,1544753,39,8,474,650,948922,948745,4.32e-09,62.1,minus,GGGCCGCGTCTGAGGCAGGGGTCGTGCTGCGATGACTGGGTCGGCGCATTGCTGTGACGCGCGTGTCTAGCGCTGCTGCACACCACGCGAGGCGGGCCTGTGACGGGGCGCGTGCGGGCTCGAGTTGGGTTTGGACTCCTGTTGTATGACAGAGAAACGGACACGTTGGAACCGAAAG
Seq_5_LinJ.09_plus,LinJ.32,74.809,131,657,1544753,31,1,409,539,165590,165462,5.59e-08,58.4,minus,GGGATGCACCAGGTGGCCACCAGCATGATTGGAGTGGCTGTGAGGCGACCTTCGGAGCGGTGGATGGGTGGAGCTCGAGGCAGAATGCGTGCTGTGATGGCTGAGTCGGCGCATTGCCGTAACGCGTGT
Seq_5_LinJ.09_plus,LinJ.32,74.809,131,657,1544753,31,1,409,539,181959,181831,5.59e-08,58.4,minus,GGGATGCACCAGGTGGCCACCAGCATGATTGGAGTGGCTGTGAGGCGACCTTCGGAGCGGTGGATGGGTGGAGCTCGAGGCAGAATGCGTGCTGTGATGGCTGAGTCGGCGCATTGCCGTAACGCGTGT
Seq_8_LinJ.09_minus,LinJ.32,75.926,108,595,1544753,11,14,404,509,987862,987768,0.005,41.7,minus,CTGAGTCGGCGCATTGTTGCAACGCCGGTGCCTAGCGCTGCTGCGCACCATGCGATGGGGGCCTATGACAGGGCCGGGGCGTGGGGGGGGGAGGG
Seq_8_LinJ.09_minus,LinJ.32,75.926,108,595,1544753,11,14,404,509,1013710,1013616,0.005,41.7,minus,CTGAGTCGGCGCATTGTTGCAACGCCGGTGCCTAGCGCTGCTGCGCACCATGCGATGGGGGCCTATGACAGGGCCGGGGCGTGGGGGGGGGAGGG
Seq_10_LinJ.09_minus,LinJ.32,77.444,133,593,1544753,15,9,178,305,307258,307136,3.00e-10,65.8,minus,TGAACATGTTTGTGCCGTCGACATGATGGGCAGAGCGTCCCAGCGCGACTCGAGCGTATCTCAAAGCCCGGTCCTCACACTGCCTGCTGGTGTGGGGAGCCGGAGTGCCACACCGAGGGGGGG
Seq_5_LinJ.09_plus,LinJ.32,76.802,206,657,1544753,,,,,823797,824002,9.71e-16,88.0,plus,GGCGACCGGCATGATGGGGGAGCGGCCTGCGAGGCGGCCGTGGTGGGTAGAGTTTGAGGCAGAGGCCATGCTCAGATGGCTGAGTCGGCGCATTGCTGCAGCACGTGTGTCTCACGCTGCTTCGCACCAGGCGATGCGGTGCCTGTGACGGGCCAGGGGTAGACTGGAGAGTGACTCATGTGGTACAGCAAAGTGGGCACGTTGAA
Seq_1_LinJ.09_plus,LinJ.32,75.208,161,395,1544753,,,,,452090,452250,3.25e-08,59.3,plus,AGGTCCTGGGCGGCGCTGCGTCGGAGCGGCCCGAGACGGTGCGAGCACGCTCGTGCCACCTATATGGTGGGCGAAGCGCCAACGTGCCTCGAGCGCATCCCGCCCCACGGCCCTCACACGGTCTACTGGTGCGGGACGCCTGCGTGTGACCCCGAGAGAGG
Seq_1_LinJ.09_plus,LinJ.32,75.59,161,395,1544753,,,,,416926,417086,5.16e-09,62.0,plus,AGGTCCTGGGCGGCGCTGCGTCGGAGCGGCCCGAGACGATGCGAGCACGCTCGTGCCACCTATATGGTGGGCGAAGCGCCAACGTGCCTCGAGCGCATCCCGCCCCACGGCCCTCACACGGTCTACTGGTGCGGGACGCCTGCGTGTGACCCCGAGAGAGG
Seq_5_LinJ.09_plus,LinJ.32,77.188,162,657,1544753,,,,,804884,804723,1.51e-10,76.8,minus,GGGAGCGGCCTGCGAGTCGGCCTGCGAGGCGGCCGTGGTGGGTAGAGTTTGAGGCAGAGGCCATGCTCAGATGGCTGAGTCGGCGCATTGCTGCAGCACGTGTGTCTCACGCTGCTTCGCACCAGGCGATGCGGTGCCTGTGACGGGCCAGGGATAGGTTGG
Seq_5_LinJ.09_plus,LinJ.32,77.684,149,657,1544753,,,,,771727,771579,7.63e-12,73.1,minus,GGGAGCGGCCTGCGAGTCGGCCTGCGAGGCGGCCGTGGTGGGTAGAGTTTGAGGCAGAGGCCATGCTCAGATGGCTGAGTCGGCGCATTGCTGTAGCACGTGTGTCTCACGCTGCTTCGCACCAGGCGATGCGGTGCCTGTGACGGGGC
Seq_1_LinJ.09_plus,LinJ.32,77.429,161,395,1544753,,,,,765432,765272,6.66e-14,77.8,minus,GCACCAGGGGTGGCGGCTTGGCATGATGGGGAGCGGCCTGCGAGGCGGCCGTGGTGGGTAGAGTTTGAGGCAGAGGCCATGCTCAGATGGCTGAGTCGGCGCATTGCTGTAGCACGTGTGTCTCACGCTGCTTCGCACCAGGCGATGCGGTGCCTTTGGCA
Seq_5_LinJ.09_plus,LinJ.32,75.481,161,657,1544753,,,,,456397,456237,5.16e-09,62.0,minus,AGGTCCTGGGCGGCGCTGCGTCGGAGCGGCCCGAGACGATGCGAGCACGCTCGTGCCACCTATATGGTGGGCGAAGCGCCAACGTGCCTCGAGCGCATCCCGCCCCACGGCCCTCACACGGTCTACTGGTGCGGGACGCCTGCGTGTGACCCCGAGAGAGG
Seq_1_LinJ.09_plus,LinJ.33,77.586,116,395,1532280,21,5,281,395,438912,439023,1.96e-10,65.8,plus,TAGTGCTTGAGGCAGAGGCCGTGTTCGGATGGCTGAGTCGGCGCATTGCTGTAGAGCGTGCGTGTCTTTGGCATGCTCCGCACCACGCCCGTGGGGGCCTGTGGCAGAGCCG
Seq_1_LinJ.09_plus,LinJ.33,74.194,186,395,1532280,29,9,82,265,448044,448212,9.11e-09,60.2,plus,CGACAGTGAACACGTTTGTACCAGCCCATATGGCAAGCGAAGTGTCAGCGTGACTCAAGTGTACCCCACACCCGGCTCTCGCACTGCCCACTGGTGCGGGGAAGCATGAGTCCCCCCGCGAGAGGGAGATGCTCCAGGGGTGGCGACCAGCATGATGAGGGAACGGCTG
Seq_1_LinJ.09_plus,LinJ.33,73.113,212,395,1532280,37,13,65,264,109943,110146,3.28e-08,58.4,plus,TGCGTCGGAGCGACCGGCGACAGAGAGCACGCTTGCGCCACCCATGCGATGGGCCGAGGTGCCAGCATGGCTCGAGTGCATCTCACGCGCCCCTCGCACTGCCTACTGGTTGGGGCAGCCTGGGCGTCACGCCGAGGTGTAGGGACGGGGGGGTGGTTGTGGTGGTGCACCCGGGGTGGCGACCGGCATGATGGGGGAGCGGCT
Seq_5_LinJ.09_plus,LinJ.33,75.522,335,657,1532280,52,21,233,559,294821,295133,6.98e-32,137,plus,TCCTGGATGGTGCTGCTTGGGGGCGAACTGCGACAGTGAGCACGCTTGTGCCATCCACATGATGGGCAGAGTGTCCGCGTGACTCGAACGCATCCCACCCCCGGCCCTCGCACGGCCCACTGGTGTGGGGAGATCTGAGCCGTCCCGAGGAGAGGGGGGTGGGATGCACCAGGGGTGGCAGCCGGCATAGCGGGGGAGCGGCTGTGAGGCGACCTGCACGGTGAAGGCTGGCCAGAGTTTGAGGCAGAGACGGTGCTGAGATGACTGGGCCGGCGCATTGCTGTAATGCGTGTGCCTAGCGTTGCTTCGCACC
Seq_5_LinJ.09_plus,LinJ.33,75.522,335,657,1532280,52,21,233,559,313038,313350,6.98e-32,137,plus,TCCTGGATGGTGCTGCTTGGGGGCGAACTGCGACAGTGAGCACGCTTGTGCCATCCACATGATGGGCAGAGTGTCCGCGTGACTCGAACGCATCCCACCCCCGGCCCTCGCACGGCCCACTGGTGTGGGGAGATCTGAGCCGTCCCGAGGAGAGGGGGGTGGGATGCACCAGGGGTGGCAGCCGGCATAGCGGGGGAGCGGCTGTGAGGCGACCTGCACGGTGAAGGCTGGCCAGAGTTTGAGGCAGAGACGGTGCTGAGATGACTGGGCCGGCGCATTGCTGTAATGCGTGTGCCTAGCGTTGCTTCGCACC
Seq_5_LinJ.09_plus,LinJ.33,75.000,148,657,1532280,23,8,403,538,364349,364494,2.01e-07,56.5,plus,GGGGGTAGGCTGCACCAGGGGGTGGCAGCCGGCACAGCGGGGGAGCGGCTGTGAGGCGACCTGCGAGGCGGTGGGTGAGCGGGTAGAGCTGGAGGGCGGGGGCCGTGCCCCATATGACCGAGTCGGCGCATCTGGTGCGATGCGTG
Seq_5_LinJ.09_plus,LinJ.33,75.000,148,657,1532280,23,8,403,538,373656,373801,2.01e-07,56.5,plus,GGGGGTAGGCTGCACCAGGGGGTGGCAGCCGGCACAGCGGGGGAGCGGCTGTGAGGCGACCTGCGAGGCGGTGGGTGAGCGGGTAGAGCTGGAGGGCGGGGGCCGTGCCCCATATGACCGAGTCGGCGCATCTGGTGCGATGCGTG
Seq_5_LinJ.09_plus,LinJ.33,75.000,148,657,1532280,23,8,403,538,466113,466258,2.01e-07,56.5,plus,GGGGGTAGGCTGCACCAGGGGGTGGCAGCCGGCACAGCGGGGGAGCGGCTGTGAGGCGACCTGCGAGGCGGTGGGTGAGCGGGTAGAGCTGGAGGGCGGGGGCCGTGCCCCATATGACCGAGTCGGCGCATCTGGTGCGATGCGTG
Seq_5_LinJ.09_plus,LinJ.33,76.636,107,657,1532280,22,2,435,540,1516311,1516415,2.01e-07,56.5,plus,GATGGGAGTAGCCGTGAGGCAACCTGGGAGGCGGGTGGGTAGGTCGCGTTGGAGGCAGGGGCCGCGCTCCCATAACTGAGTCGACGCATTGCTGCAAGGCGTGTG
Seq_5_LinJ.09_plus,LinJ.33,71.368,234,657,1532280,57,10,421,650,680819,681046,2.60e-06,52.8,plus,GTGGCGACCAGCATGATGGGTGAGCGGCTGTGAGGCAACCATCGAGGCGGCAGGTGTGGATAGAGTTCGACGCCGAGCCTGTGCTGAGGTGGCTGAGTCGGCGCATTGCTTTAATGCGTGTGTTCACAGCTACCTCGCGCCACGCGATTGGGGCTCGTGACAGGGCCGGGGGTTAAAGTGGAGTTTGACTCGCGTTCTGTATCGGAACAGGTACATTGAAAAGGAAAG
Seq_5_LinJ.09_plus,LinJ.33,75.207,121,657,1532280,21,7,409,525,1084954,1085069,3.36e-05,49.1,plus,GGGATGCACCGGATGGCGGCCGGCATAGTCGGCGCGGCTGTGAGGCGACCCGCGAGGCGTGTGGGTGCGCAGAGTGTGTGGCGCGGGCCGTAATCAGATGGCCGAGTCGGCGCATT
Seq_5_LinJ.09_plus,LinJ.33,75.207,121,657,1532280,21,7,409,525,1140822,1140937,3.36e-05,49.1,plus,GGGATGCACCGGATGGCGGCCGGCATAGTCGGCGCGGCTGTGAGGCGACCCGCGAGGCGTGTGGGTGCGCAGAGTGTGTGGCGCGGGCCGTAATCAGATGGCCGAGTCGGCGCATT
Seq_1_LinJ.09_plus,LinJ.33,72.936,218,395,1532280,39,13,65,270,82930,82721,3.28e-08,58.4,minus,TGCGTCGGAGCGACCGGCGACAGAGAGCACGCTTGCGCCACCCATGCGATGGGCCGAGGTGCCAGCATGTCTCGAGTGCATCTCACGCGCCCCTCGCACTGCCTACTGGTTGGGGCAGCCTGGGCGTCACGCCGAGGTGTAGGGACGGGGGGGTGGTTGTGGTGGTGCACCCGGGGTGGCGACCGGCATGATGGGGGAGCGGCTATGAGG
Seq_1_LinJ.09_plus,LinJ.33,72.603,219,395,1532280,39,13,65,270,45381,45171,1.52e-06,52.8,minus,TGCGTCGGAGCGACCGGCGACAGAGAGTACGCTTGCGCCACCCATGCGATGGGCCGAGGTGCCAGCATGTCTCGAGTGCATCTCACGCGCCCCTCGCACTGCCTACTGGTTGGGGCAGCCTGGGCGTCACGCCGAGGTGTAGGGACGGGGGGGGTGGTGATGGTGGTGCACCCGGGGTGGCGACCGGCATGATGGGGGAGCGGCTATGAGG
Seq_1_LinJ.09_plus,LinJ.33,72.477,218,395,1532280,40,13,65,270,47923,47714,1.52e-06,52.8,minus,TGCGTCGGAGCGACCGGCGACAGAGAGCACGCTTGCGCCACCCATGCGACGGGCCGAGGTGCCAGCATGGCTCGAGTGCATCTCACGCGCCCCTCGCACTGCCTACTGGTTGGGGCAGCCTGGGCGTCACGCCGAGGTGTAGGGACGGGGGGGTGGTTGTGGTGGTGCACCCGGGGTGGCGACCGGCATGATGGGGGAGCGGCTATGAGG
Seq_5_LinJ.09_plus,LinJ.33,75.159,157,657,1532280,28,10,409,559,1066085,1065934,1.20e-09,63.9,minus,GGGATGCACCGGATGGCGGCCGGCATAGTCGGCGCGGCTGTGAGGCGACCCGCGAGGCGTGTGGGTGCGCAGAGTGTGTGGCGCGGGCCGTAATCAGATGGCCGAGTCGGCGCATTTGCGGTAGCGCGCGTGCCTACGGCATGCTTCGCACC
Seq_5_LinJ.09_plus,LinJ.33,74.286,140,657,1532280,31,3,230,368,159287,159152,7.23e-07,54.7,minus,AGGTCCTGGACGGCGTTGCGTCTGAGCGACCTGCGACCGTGGGCACACGTGTGCCATCCACATGATGGGCAGAGTGTCCGCGTCGCTGGAACGCACCCCACCACCCGACCCTCGCACTGCCCGCTGGTGTGGGGAG
Seq_5_LinJ.09_plus,LinJ.33,74.286,140,657,1532280,31,3,230,368,171271,171136,7.23e-07,54.7,minus,AGGTCCTGGACGGCGTTGCGTCTGAGCGACCTGCGACCGTGGGCACACGTGTGCCATCCACATGATGGGCAGAGTGTCCGCGTCGCTGGAACGCACCCCACCACCCGACCCTCGCACTGCCCGCTGGTGTGGGGAG
Seq_5_LinJ.09_plus,LinJ.33,74.286,140,657,1532280,31,3,230,368,184172,184037,7.23e-07,54.7,minus,AGGTCCTGGACGGCGTTGCGTCTGAGCGACCTGCGACCGTGGGCACACGTGTGCCATCCACATGATGGGCAGAGTGTCCGCGTCGCTGGAACGCACCCCACCACCCGACCCTCGCACTGCCCGCTGGTGTGGGGAG
Seq_5_LinJ.09_plus,LinJ.33,74.286,140,657,1532280,31,3,230,368,211489,211354,7.23e-07,54.7,minus,AGGTCCTGGACGGCGTTGCGTCTGAGCGACCTGCGACCGTGGGCACACGTGTGCCATCCACATGATGGGCAGAGTGTCCGCGTCGCTGGAACGCACCCCACCACCCGACCCTCGCACTGCCCGCTGGTGTGGGGAG
Seq_5_LinJ.09_plus,LinJ.33,74.286,140,657,1532280,31,3,230,368,222325,222190,7.23e-07,54.7,minus,AGGTCCTGGACGGCGTTGCGTCTGAGCGACCTGCGACCGTGGGCACACGTGTGCCATCCACATGATGGGCAGAGTGTCCGCGTCGCTGGAACGCACCCCACCACCCGACCCTCGCACTGCCCGCTGGTGTGGGGAG
Seq_5_LinJ.09_plus,LinJ.33,74.286,140,657,1532280,31,3,230,368,225262,225127,7.23e-07,54.7,minus,AGGTCCTGGACGGCGTTGCGTCTGAGCGACCTGCGACCGTGGGCACACGTGTGCCATCCACATGATGGGCAGAGTGTCCGCGTCGCTGGAACGCACCCCACCACCCGACCCTCGCACTGCCCGCTGGTGTGGGGAG
Seq_8_LinJ.09_minus,LinJ.33,72.851,221,595,1532280,37,14,155,361,35875,35664,6.52e-07,54.7,minus,TGCGTCGGAGCGACCGGCGACAGAGAGCACGCTTGCGCCACCCATGCGATGGGCCGAGGTGCCAGCATGGCTCGAGTGCATCTCACGCGCCCCTCGCACTGCCTACTGGTTGGGGCAGCCTGGGCGTCACGCCGAGGTGTAGGGACGGGGGGGGGTGGTTGTGGTGGTGCACCCGGGGTGGCGACCGGCATGATGGGGGAGCGGCTATGAGG
Seq_5_LinJ.09_plus,LinJ.34,74.242,132,657,1852060,29,3,228,356,1701910,1702039,9.35e-06,51.0,plus,TGAGGTCCGGGGGATGGTGCTGCGCGGGAGCGCCCTGCGGCAGTGAGCACGCCTGCGCCATCCATATGATGAGCAGCGGGTCGACGTGACTCGAGCGTATCCCACCCCACGGCCGTCACACCGCCTACTG
Seq_1_LinJ.09_plus,LinJ.34,72.727,110,395,1852060,22,6,280,386,262716,262820,7.1,30.7,plus,GTGGAGCTTGAGACAGAGGCCGTGCTCTCCGATGGCCGAGCCGGCGCATGGCTGTACTGGTCGTGTGTCGACGGCTGCCATCGCACCACGTGGACGAGGCCGGTG
Seq_5_LinJ.09_plus,LinJ.34,81.600,125,657,1852060,22,1,435,559,1437897,1438020,2.55e-21,102,plus,GATGGGCGCGGCTGTGATGCGACCAGCGAGGCACTGGTGGGCAGGGTTTGAGGCAAAGGCCACGCTCTCCGATGGCCGGGTCGGCGCACTGCTGCAAGGCGCGTCTGTGCGACTGCTTCGCACC
Seq_5_LinJ.09_plus,LinJ.34,81.452,124,657,1852060,22,1,435,558,1419071,1419193,9.15e-21,100,plus,GATGGGCGCGGCTGTGATGCGACCAGCGAGGCACTGGTGGGCAGGGTTTGAGGCAAAGGCCACGCTCTCCGATGGCCGGGTCGGCGCACTGCTGCAAGGCGCGTCTGTGCGACTGCTTCGCAC
Seq_5_LinJ.09_plus,LinJ.34,80.645,124,657,1852060,23,1,435,558,1410836,1410958,4.26e-19,95.3,plus,GATGGGCGCGGCTGTGATGCGACCAGCGAGGCACTGGTGGGTAGGGTTTGAGGCAAAGGCCACGCTCTCCGATGGCCGGGTCGGCGCACTGCTGCAAGGCGCGTCTGTGCGACTGCTTCGCAC
Seq_5_LinJ.09_plus,LinJ.34,80.645,124,657,1852060,23,1,435,558,1413487,1413609,4.26e-19,95.3,plus,GATGGGCGCGGCTGTGATGCGACCAGCGAGGCACTGGTGGGTAGGGTTTGAGGCAAAGGCCACGCTCTCCGATGGCCGGGTCGGCGCACTGCTGCAAGGCGCGTCTGTGCGACTGCTTCGCAC
Seq_5_LinJ.09_plus,LinJ.34,80.645,124,657,1852060,23,1,435,558,1427042,1427164,4.26e-19,95.3,plus,GATGGGCGCGGCTGTGATGCGACCAGCGAGGCACTGGTGGGTAGGGTTTGAGGCAAAGGCCACGCTCTCCGATGGCCGGGTCGGCGCACTGCTGCAAGGCGCGTCTGTGCGACTGCTTCGCAC
Seq_5_LinJ.09_plus,LinJ.34,74.242,132,657,1852060,29,3,228,356,1705418,1705289,9.35e-06,51.0,minus,TGAGGTCCGGGGGATGGTGCTGCGCGGGAGCGCCCTGCGGCAGTGAGCACGCCTGCGCCATCCATATGATGAGCAGCGGGTCGACGTGACTCGAGCGTATCCCACCCCACGGCCGTCACACCGCCTACTG
Seq_5_LinJ.09_plus,LinJ.34,74.728,319,657,1852060,,,,,835557,835875,2.18e-04,58.3,plus,GAGGCCCTGCGCGGCGCTGCGTCGGAGCGACCGGCGGCAGTGCCCACAGCTTGTGCCACCCCTATGGTCGGGCAGCGTGTCCGCGCGACTCGAATGTATCCTGCCGCCGGCCTTCAGCACTGCCTCCTGGTGTGGTGGAGGGCCTGAGTGTCACGCCTACTGGACTGCACCAGAGGTGGCGACCGGCGTGATGAGGGAGCGGCTGTGAGGCGACCTGCGACGCGGCGGGTGGGTGTGGGTACAGGTTGAGGCAGGGGGCCGTGCTCTCGCATGACCGCGTCGGCGCATTGCTGCAACGCGCGCGCCTAGGCCTGCTTCG
Seq_1_LinJ.09_plus,LinJ.34,78.781,137,395,1852060,,,,,463425,463561,2.74e-06,73.2,plus,GGAGCGGCTGTGAGGCGACCTGCAGCACGGGGGGTCGGTAGAGCTTGAGGCCGAGGCGGTGCTCCGATGACTGAGTCGGCGCATTGCTGCAGCGCGTGTGTCTACGGCTGCCTTGCACCACGCGAGGTGGGGGCCTG
Seq_5_LinJ.09_plus,LinJ.34,76.569,245,657,1852060,,,,,1490064,1490308,6.06e-05,51.9,plus,TGTGCCATCCATACGATTGGGCAGCGTGTGCCCGCGTGACTCAAACATGTAGCGCACCCTGGCCCTCAACACTGCCTACTGGTGGCGGAGCGCCTGAGTGTCACCCCGAGAGAGATACACCAAGTGTGGCGACCTGCATGATGGGGGGAGCGGCAGTGAAGCGACCTGCAAAAACGCGTGTGGGTGGTGGGTAGAATTTGAGGCAGGGAGCCGAGCTCTGCTGACTGAGTCGGCGCATTGCTGCA
Seq_5_LinJ.09_plus,LinJ.34,74.659,319,657,1852060,,,,,938526,938208,4.68e-06,58.4,minus,GAGGCCCTGCGCGGCGCTGCGTCGGAGCGGCCGGCGGCAGTGCCCACAGCTTGTGCCACCCCTATGATCGGGCAGCGTGTCCGCGCGACTCGAATGTATCCTGCCGCCGGCCTTCAGCACTGCCTCCTGGTGTGGTGGAGGGCCTGAGTGTCACGCCTACTGGACTGCACCAGAGGTGGCGACCGGCGTGATGAGGGAGCGGCTGTGAGGCGACCTGCGACGCGGCGGGTGGGTGTGGGTACAGGTTGAGGCAGGGGGCCGTGCTCTCGCATGACCGCGTCGGCGCATTGCTGCAGCGCGCGCGCCTAGGCCTGCTTCG
Seq_5_LinJ.09_plus,LinJ.34,74.659,319,657,1852060,,,,,925539,925221,4.68e-06,58.4,minus,GAGGCCCTGCGCGGCGCTGCGTCGGAGCGGCCGGCGGCAGTGCCCACAGCTTGTGCCACCCCTATGATCGGGCAGCGTGTCCGCGCGACTCGAATGTATCCTGCCGCCGGCCTTCAGCACTGCCTCCTGGTGTGGTGGAGGGCCTGAGTGTCACGCCTACTGGACTGCACCAGAGGTGGCGACCGGCGTGATGGGGGAGCGGCTGTGAGGCGACCTGCGACGCGGCGGGTGGGTGTGGGTACAGGTTGAGGCAGGGGGCCGTGCTCTCGCATGACCGCGTCGGCGCATTGCTGCAGCGCGCGCGCCTAGGCCTGCTTCG
Seq_5_LinJ.09_plus,LinJ.34,78.964,134,657,1852060,,,,,501289,501156,2.74e-06,73.2,minus,GCGGCTGTGAGGCGACCTGCAGCACGGGGGGTCGGTAGAGCTTGAGGCCGAGGCGGTGCTCCGATGACTGAGTCGGCGCATTGCTGCAGCGCGTGTGTCTACGGCTGCCTTGCACCACGCGAGGTGGGGGCCTG
Seq_1_LinJ.09_plus,LinJ.35,74.706,170,395,2019666,31,10,220,383,979013,979176,1.96e-10,65.8,plus,GGGGGATGCACGAAGGGCGGCGACCGGCATGATCGGAGCCGCTGTGTGGCTGGGTGGGTGGGTAGCGTTGGAGGCAGGTGCCGTGCTCGGATGGCGGAGGCGGTGCATTTTTGCTGCACGGCGTGTGTGTCTACTGTCGCCTGGCACCACGCGAATGGGGCCTG
Seq_1_LinJ.09_plus,LinJ.35,75.200,125,395,2019666,22,8,63,185,297627,297744,5.48e-06,51.0,plus,GGTGGCGTCGGAGAGACCTGCGACAGTGAACACGTTTGTACCATCCATGCGATGCGGAGAGTCGCATTGTGATTCGAATGCATCCCACCCGGCCCTCGCGCTGTCCAGTGGTGTGGGG
Seq_5_LinJ.09_plus,LinJ.35,75.207,121,657,2019666,21,7,438,553,774045,774161,3.36e-05,49.1,plus,GGGAGCGGCTGTGAGGCGGCCTGCAGAGTGCAGGGTGGGCGGGTGGAGTGTGAGGCGGGGGCCATGCCGAGATGACTGAGTCGGCGCATTGCTGTACTGGCCTGTCTACGGCTGCTT
Seq_5_LinJ.09_plus,LinJ.35,75.207,121,657,2019666,21,7,438,553,781370,781486,3.36e-05,49.1,plus,GGGAGCGGCTGTGAGGCGGCCTGCAGAGTGCAGGGTGGGCGGGTGGAGTGTGAGGCGGGGGCCATGCCGAGATGACTGAGTCGGCGCATTGCTGTACTGGCCTGTCTACGGCTGCTT
Seq_5_LinJ.09_plus,LinJ.35,80.000,105,657,2019666,15,4,453,555,1368320,1368220,2.00e-12,73.1,minus,GCGACCTGCGAGGCGGGTGGTGGGCAGAGTTCGAGGCCGCGGCCGTGCTCATGTGACTGAGTCGGCGCATTGCTGTGACGCGCGTGTGTAGCGCTGCTTCG
Seq_5_LinJ.09_plus,LinJ.35,80.000,105,657,2019666,15,4,453,555,1374047,1373947,2.00e-12,73.1,minus,GCGACCTGCGAGGCGGGTGGTGGGCAGAGTTCGAGGCCGCGGCCGTGCTCATGTGACTGAGTCGGCGCATTGCTGTGACGCGCGTGTGTAGCGCTGCTTCG
Seq_5_LinJ.09_plus,LinJ.35,80.000,105,657,2019666,15,4,453,555,1387693,1387593,2.00e-12,73.1,minus,GCGACCTGCGAGGCGGGTGGTGGGCAGAGTTCGAGGCCGCGGCCGTGCTCATGTGACTGAGTCGGCGCATTGCTGTGACGCGCGTGTGTAGCGCTGCTTCG
Seq_5_LinJ.09_plus,LinJ.35,80.000,105,657,2019666,15,4,453,555,1409809,1409709,2.00e-12,73.1,minus,GCGACCTGCGAGGCGGGTGGTGGGCAGAGTTCGAGGCCGCGGCCGTGCTCATGTGACTGAGTCGGCGCATTGCTGTGACGCGCGTGTGTAGCGCTGCTTCG
Seq_5_LinJ.09_plus,LinJ.35,78.302,106,657,2019666,15,7,502,605,109283,109184,4.32e-09,62.1,minus,CTCAGATGACCGAGTCGGCGCATTGCGGCGACGCGCGGGTGTCTACGGCTGCCTTGCACCAGGCGATGGGGCCTTTGGCAGGCAGGGCTGTGTGGAGTTT
Seq_8_LinJ.09_minus,LinJ.35,77.665,156,595,2019666,,,,,385921,386076,1.78e-15,84.2,plus,AGGTCCTGGACGGCGTGGCGTCGGAGCGACCTGCCACAGCGAACACGCCTGTGCCATCCACATGATGGGCGAAGCGTCAGCGTGGCTCGAGCGTATCCCACCCCCGGCCGTCACACTGCCTGCTGGTGCGGGGAGCCCTGAGCGGCACCCTGAGGG
Seq_8_LinJ.09_minus,LinJ.35,76.287,156,595,2019666,,,,,349278,349433,3.84e-12,73.2,plus,AGGTCCTGGACGGCGTGGCGTCGGAGCGACCTGCCACAGCGAACACGCCTGTGCCATTCACATGATGGACGAAGCGTCAGCGTGGCTCGAGCGTATCCCACCCCCGGCCGTCACACTGCCTGCTGGTGCGGGGAGCCCTGAGCGGCACCCTGAGGG
Seq_5_LinJ.09_plus,LinJ.35,74.769,392,657,2019666,,,,,270148,270539,2.80e-08,67.6,plus,AGGTCCTGGACGGCGATACGTCAGAGCGACCTGCGACCGTGCACACGCTTGTGCCATCGATGGGACAGGTAAAGTGTCAGCCTGACTCGAACGCATCTCACCCGGCCCTCGCACTGCCTGCCGATGTGGGGAGCCTACGTGTTTTCACTCCAAGGGATGCCCCAGATGGGGACCGGCACAATGGGTGGCGCGGCTGTGCGGCGACCTGCAGAGCGGATGCTGAGTAGAGAGTGTGAGGCAGGTGCCGTGCTCCGATGATTGAGTCGGCGCATTGCTGTAGCGCGCGTCTACCGCCGCTTCGCGCCACGCGATGTGGTGGCTGTAACAGGCCGGTAGTAGAGTGGGGTTCGACCTCACGTTGTGTGTGGCAGAGAAGCAGGAACGTTGAAAAC
Seq_5_LinJ.09_plus,LinJ.35,78.693,156,657,2019666,,,,,409462,409307,1.78e-15,84.2,minus,AGGTCCTGGACGGCGTGGCGTCGGAGCGACCTGCCACAGCGAACACGCCTGTGCCATCCACATGATGGGCGAAGCGTCAGCGTGGCTCGAGCGTATCCCACCCCCGGCCGTCACACTGCCTGCTGGTGCGGGGAGCCCTGAGCGGCACCCTGAGGG
Seq_5_LinJ.09_plus,LinJ.35,77.192,156,657,2019666,,,,,360843,360688,3.84e-12,73.2,minus,AGGTCCTGGACGGCGTGGCGTCGGAGCGACCTGCCACAGCGAACACGCCTGTGCCATTCACATGATGGACGAAGCGTCAGCGTGGCTCGAGCGTATCCCACCCCCGGCCGTCACACTGCCTGCTGGTGCGGGGAGCCCTGAGCGGCACCCTGAGGG
Seq_8_LinJ.09_minus,LinJ.36,72.549,357,595,2743046,58,24,149,496,2121331,2121006,1.08e-14,80.5,minus,TGGCGTTGCGTCGGAGCGACCGGCGACGGTGAGCACTCGTGTGCCATCCATATGATTAGGCAGAGTGCCCACCTGACTCGGACGCATCCCACCCCCGGCCCTCACGCGCTGCCCACTGGTGTCGGGGGAGCCTGAGTGCCACCGCGCGGGGGATGCGCCACGTGGCGACCGGCACGATGGGGGAGCGGCTATGGGGTGGTTGGGTATCGCACGAGGCAGAGGCCGTGCTCTCCGATGACTGGGTCGGCGCACTGCTGTTTCACGTCTGTCTGTGGCCGCTTCGCACCACGCGATGTGGAGCCTGTGACAGGGCCGCGGGAGCGGTG
Seq_1_LinJ.09_plus,LinJ.36,72.596,208,395,2743046,32,12,63,267,1330949,1330764,2.55e-04,45.4,minus,GGTGCGCCGGAGGGACCTGCGACCGTGGACACGCCTGCACACCGTCCATATGGTGGGCAAAGCGTCAGCGTGACTCGAGTGTGTATGGCACCCGGCCCTCACACTGCCGGCTGGTGCGGAGAGGCTGAGCCACCCCAGGGGAAGGATGCACCAGGTGGCGACCGGCATGATGCGAGAGCGACTGTG
Seq_5_LinJ.09_plus,LinJ.36,73.709,213,657,2743046,38,14,409,613,2432830,2432628,9.28e-11,67.6,minus,GGGATGCACCAGGTGTGTCGACCGGCACAATGGGGGAGCGGCGGTGAGGCGACCCGAGAAGCGGATGGGTGCATAGAACTTGAGGCCGGGGCCATGCTCCGATAACGAAGTCGGCGCATTGCTGCAATGCTTGTCTAGCGCTGCTTCGCATCAGACAGATGGGGCCTGTGGCAGAGTCGGGGCTCGAGTGGGGTGACCTCATG
Seq_5_LinJ.09_plus,LinJ.36,76.744,129,657,2743046,22,6,436,559,1977539,1977414,3.34e-10,65.8,minus,ATGGGAAGCGGCTGTGGGGCGACCTGCGAAGCGGGTGAGTAGGTACGGTTTCAGGAAGAAGCCGCACTCAGATGACCGATTCGTCTAAATGGTCTAGCACGCGTGTGTATAGCGCTGCTTCGCACC
Seq_1_LinJ.09_plus,LinJ.36,73.587,326,395,2743046,,,,,2171552,2171227,3.01e-12,72.2,minus,TGGCGTTGCGTCGGAGCGACCGGCGACGGTGAGCACTCGTGTGCCATCCATATGATTAGACAGAGTGCCCACCTGACTCGGACGCATCCCACCCCCGGCCCTCACGCGCTGCCCACTGGTGTCGGGGGAACCTGAGTGCCACCGCGCGGGGGATGCGCCACGTGGCGACCGGCACGATGGGGGAGCGGCTATGGGGTGGTTGGGTATCGCACGAGGCAGAGGCCGTGCTCTCCGATGACTGGGTCGGCGCACTGCTGTTTCACGTCTGTCTGTGGCCGCTTCGCACCACGCGATGTGGAGCCTGTGACAGGGCCGCGGGAGCGGTG
Seq_5_LinJ.09_plus,LinJ.36,75.681,378,657,2743046,,,,,2049663,2049286,4.19e-11,84.8,minus,TATCCCTGGCAATGCTCAATCGCTTCACGTGGTGACAGGGTCAGGCCCTGGACGGTGTTGCGTCGGAGCGACCGGCGACGGTGAGCACTCTTGTGCCATCCATATGATTAGACAGAGTGCCCACCTGACTCGGACGCATCCCACCCCCGGCCCTCACGCGCTGCCCACTGGTGTCGGGGGAACCTGAGTGCCACCGCGCGGGGGATGCGCCACGTGGCGACCGGCACGATGGGGGAGCGGCTATGGGGTGGTTGGGTATCGCACGAGGCAGAGGCCGTGCTCTCCGATGACTGGGCCGGCGCACTGCTGTTTCACGTCTGTCTGTGGCCGCTTCGCACCACGCGATGTGGAGCCTGTGACAGGGCCGCGGGAGCGGTG
