Seq_1_LinJ.30_plus,LinJ.30,100.000,1000,1000,1353282,0,0,1,1000,194113,195112,0.0,1847,plus,ACTGCCCTGCCTTCTCTTTTCCCTTTCCTGCCATACATTCACCCTTCACCCGGATGACAGGGGGGGGGTGATGCCGCAGCGCGTGGCATCTCAGGGCCCAGTGCCCCCACTCTGCCTGGGGAGGCCACGCAGCCCCTCCTTCGTCTCTCCCCCTGCCCAATGCCGAGCCGCCTGTGGTGGTGGCGCGGTGAAGCACCTGCCACGTGGGGAGGTCAGGGCGATGTACCGCCCCACTGACGCCGGCGGTCGGGCCCTGGATGGCGCTGCGGCGGAGCGACCTGCGGCAGTGCACAGGCTTGCGCCACGCATATGGTAGGCGAAGCGTCAGCGTGGCTCGAGCGTGTAATCCCACCCCCGGCCCTCGCACTGCGTACGGGGGTGTGGGGAGCCACCCACCCACCCCTGAGGAGAGAATGCACCCGGTGGCGCCCGGCATAGTGGGGGAGCGGCTGTGAGGCGACCTGCGGGGCGCGGGTCGGTGGGCAGAGTGTGAAGCAGGGCTCGTGCTCCGACGGCTGAGCCGGGCGCATTGCTGTACTGACATGTGTCTAGCGCTGCTTCGCACCACGCGATGGAGTCTGTGACGGGACCGGAAGGGGGGAGTCAGAGTGGAGCTCGACTCATATTCTAAGGCAGTTAAATGGGCACGCGTTGAACCGAAAAATAAAACGGTTCATTTATCTTTCTCACCCTGGCGTGCTCTCCGGTGCCAGCGTACAGACACAGAACAAAAATGGCGTGGGAAAAGCAAACGGAAAGATAGGAAAGGAGAGAAGGAGGGGGAGGGGCGGAAGTTAAAACAAAGAGGACCAAAGGGCAGAAAAAGAAAACAAGGGGGAAAAAATAAGCATGAAGACGAGCTGCACCAGAGAGGGAGAAGAAAACGAAAGACGAAAAAAGAAAACAGTAAAGAGACAGAGACGGAAGAGAAGGGGGAGAAGAGATGTACTTCCAATAGATTGCGGTGTGTATTCAATGCATAAAAAGAAAAGGAGGGGCA
Seq_5_LinJ.30_plus,LinJ.30,100.000,418,418,1353282,0,0,1,418,815411,815828,0.0,773,plus,TTCTTCTGTCAACGTGTCCAATACCATCACAAGTAAATCAGCAAGCACACGCATACCACGGCCACAGCTGTCCACCTACCCTTGTAGGAATGCAGCTGAATCCTGGTCGTCTAGGACGATCTGTCCTGCCGTTGCGTCCGGTCAAGCGTGTGGCGGGATCTGCTTGACCATCCGCATCACTTCTGCACCATACGTGCTGCCCGATCGGCGCCACACGGAGACATGGGTGGGCTGCACACCTTGGATCCCCAGGCGGGCCGCGTCCAGGAACGTGCTCCAGCGCGGAGGCGATGGCGTCTGTCGTGCAGCTAGCAGGAGGTGGCCTAGGCGCATGCAGGGCGAGATCAAAGAGGAAGTTGATCAGCCTCAGGTCATGACCCTCTGCACACCCGGCCTGTATGCCATGCCTCGCCCTGAC
Seq_12_LinJ.30_plus,LinJ.30,100.000,1000,1000,1353282,0,0,1,1000,830413,831412,0.0,1847,plus,TTGGGGATGCGCGACCTCTACGGTGTTGCACAAGGCGACCATCTGCGCAAATCGCCGCACTGTCGCAAGCGTTGCGGGGTCCTGCTTCTTCAGCTCCTCTGGCAGAGTCGCGCATGTGTCTGTTATCTTGGAAACAGAGATATGGTGGCCAGGGCAGATGGTGACGGCGTCCAGCTCCATCACATTCTGCGTGAGGGTCCCGGTCTTGTCGGACAGGACGTAGTCGATCTGACCGAGGTCCTCGAGGATACTGGAGTTCTTCACCTTGCAACCAATCTGCTGCGACTGATCTGGCCGCTGCGACCCCGCTGCCGCTGGTGCTGTATGCATCATCGAGATGTCCCACTCGACCGCTCTCGCCATGTAGTACTTGCAAACATCCACGACAAACTTGAAGGAGACGGGAATCATGACCGTCGTCAGCAGAAAGAAGCGCAGCGGGTATATGACAGCCGACCCGCTCGCCTCGCTCACCGGCAACGGCAGGTACCAGGCCATGTCGTGCATGCTTCCATTTTTCACAAACCCGATTACGCCAAACACGAGGGCGTTCAGTATCTGGCACACAAAAATGCAAGCGGAGTAGCGGCTGACGTCCTTGTCGATTTGCGCCCACTTCACAGGCGCCTCGCGCTTGTTCATGCCACACTTAGTGTCATCGCCCGTGTACACCGCGACGCACACCGCCTGCGCGACGTTTTTCAGGACGCACGACTGGGGGAGGAGATGGTGATGGGTGAGAGGCACTCGCCCCGACGGGGCGCCAACGCAAGAGACGGTCGCCTGGGCAGTGGGTTGAAGGTCCGCGCAGCCTTCGAAAGAGTCCATGATCGCTGACGCTGGAGGACACTCTAGGCACACACCTGTGAGAGCCGAAATGACATTCACAGCCGGAGGCGGCTCCGTCTCCGAACTGACCTCGCAAACCGCGCGCGTGCGCCGCGAGAGATTACCCGGGTCAACCGTAGTGAGCTGAAGCGTCTCCTTAGGCTTCAGGTCG
Seq_5_LinJ.30_plus,LinJ.30,100.000,868,868,1353282,0,0,1,868,1291875,1292742,0.0,1604,plus,AGGCGTACCGAGTGCGACGCACACCCCCTTCTATCCCGCTGAACGGCTCAGCTCCCTTCTCATCGACTGCGAGGTGTGCCGCTACTCATGCAACCTCACTTCCCGGCATAGTGCAGCGCTATAAGGAGCTGCTGCCACGGCGTCACATCTCCCATCATCATTCATTCCCCCACCCCCTTTCGGGCCTTTCCCTCTGTGTGCTTTTCTCCGCGCTGATCATGTTGGGTAACAGACGTGTGATGCGTTTTTGTTTTCTCTTCTACGTCCACTTGTTAATCTGGTTTCAGCGTTTGTGTGTCTGCGCGTTTGTGCACTCTTTCTGTTTTCATCTCCCGTGTTTCCGCCTTCCCTCTCCCTCTTTTTTTCTTGCGTGTTTCCGTTAAAATAGCCCGACCGACGATGTGAAGAGCCCCTACACCACATTGTGGAATGCCGCGGCTTGATGCGACTGCGGGGGAAAGATGGCACCTATGCCGAGTGCAGGGCCTCAGAGGGCCCTGCCCTGAGGCTGGCCAACCTCCTCCCTGAGTCCATTCGGCATGCACCTGGACCGCCCTCTGTTACCCGCGCGACGGACGCCACCGCTTTCGCCCTCGAGCCGGACCCTGGACGCAGCCCGCATTGGATAATCGAGGCGTGCAGCTCAGCCAGGCCCGAGTGGCGCCAACCGCGCGGCACGTACCCGAAGAGGGGACGAGGCGGGAGAGGAGGGGCCCGCTAGACGCATGTCCCGATTCGACGGCATGACGGTTGCTCCTAGACGGCCAGGACGTCGCCGCAGCGCGGCAGTGGGTGCGTGGGCTGCAACTGTGCATGCGTGTGCCTTTGCTGGCTTGCGCGTGGTTTAATGGCACGTTGTAGCGTAGAG
Seq_25_LinJ.30_plus,LinJ.30,100.000,396,396,1353282,0,0,1,396,743420,743815,0.0,732,plus,CTCAGTGGACGATATCCTCAGGGCCCAGTGGTGCCCGGTATCTGCGGGGGAAGAGAACTCAGGCAGCCTCCCCCGCCCCTATGTATCCCCTGCCGATCCCAAGCCACGTCTGGTGTTGACAGGGTCCAAGTGCCGGCGGCGTAGGGAGGCCGGAGCGATGTATTGCTGCTGATGTCGGCGGCCAGGTGATGGACAGTGTTCTGCTGGAGCGAGCGGCGACCGTGCACACGCTTGTGCCATCCACATGATGGGCAGAGTGTCAGCCTGGCTCGAGCGCAACCTATCACCCAGATCCCCTCGCACTGGCCTACTGATGTGTGTGTGTGTGTGTGGGAGGGCGGGAGGCCTGAGGCGCGTGGGGTGGGTGGAGTTTAATGCCGGGGCCGTGCTCGCAGG
Seq_29_LinJ.30_plus,LinJ.30,100.000,604,604,1353282,0,0,1,604,621996,622599,0.0,1116,plus,TCTCTTCCTTTTGTGCTTCTCTTCACACCATCATGACGGGGCGCACACCTCGGCGCATCGTATCCTCAGGGTCTAGTGCACCCCGACTCTGTGTGGGGAGGAAGCCAGGCGAGCCCCCTTATCTCTGCCGATGCCGAGCTACCTCTGGTGGTAACATGGTCAAGTACTTATGGCGTAGGGAGTGGTGAGAGTGGTGTGGCGCTGCTGATATTGGAGGTCAGGTCCTGGCTGACGTTGCGTCGGAGCGGCCTGCGGCAGCGAGCACGTTTGCACCACCCACATGATGGGCAGGGTGTCAGCGTGGCTTGAGCGTACCTCACCCGGCCCTCGCACTGCCCACTGGTGTGGGGAGCCTGCGCCACGGCGAGGGGGGGATGCACTAGGGGTGGCGACCGGCATGATGTGAGCGGCTGTGAGGCGGCCTGTGGAGCGAGAGACGGCTAGAGCTTGATGCAGAGGCCGTGTGCAGATGACTGACTCGGCGCATAGCTCTAAAGCATGTGTCTAAGGCTGCTTCGCACGGTGCGACGGGCCTGTGGCAGGGCCGGGAGCCGAGTGGAGTGTGGCTCATGCTCTGTGGTGGAGAATGGACACGTGAACAAAA
Seq_32_LinJ.30_plus,LinJ.30,100.000,578,578,1353282,0,0,1,578,518341,518918,0.0,1068,plus,CGTCTCTGTGCACGAATCCCTGATGACAGGGAGGGGGCGCACGCCTCAGCGCGTCGTATCCTCAGGGCCCCGCACACCGACTCCGCCGGGAAGCCAGGCAGCCTCCCAGCCCCTACCCATTGCCCATGCCGAGCTACTTCCGGCGGTGACACGGTCACGCACCCACGACGTGGGGTGGGGGTGGAGGTGAGAGCGATGTGTTGCTGCTGATGTCTGCGGTGGGAGACTGGATGGCGCTGCGTCGGAGCGGGCTGCGGCAGCGAGCACGTCTGCGCCGTCCACATGATGGACGAGGTGTGAGCGTGGCTGGAGGATATCCCACCCGGCCCTGGCACTGCCTCCTGGTGTGGGGAGCCTGCGCCACGGCGAGGGGGATGCGCCAGGAGGGGTGGCGGCCGGCGGAGCGGGTGGTTTGCAGAGCTGGAGGCAGCGGCCGTGCTTGTGTGCCTGGGTGGGCGCAGCGCTGTGACGCGTGTGCCCACCGCTGCCTCGTCCCGCGCGGTGGGACCTGTGGCATGTGACGGGGAGAGGTGGGGGCGCATCGCGGAGGTGGAGTCGTGTTGCGCGGCAGAGGATGA
Seq_33_LinJ.30_plus,LinJ.30,99.827,621,604,1353282,,,,,515817,516437,0.00e+00,1085.5,plus,CGTCTCTGTGCACGAATCCCTGATGACAGGGAGGGGGCGCACGCCTCAGCGCGTCGTATCCTCAGGGCCCCGCACACCGACTCCGCCGGGAAGCCAGGCAGCCTCCCAGCCCCTACCCATTGCCCATGCCGAGCTACTTCCGGCGGTGACACGGTCACGCGCCCACGAAGTGGGGTGGGGGTGGAGGTGAGAGCGATGTGTTGCTGCTGATGTCTGCGGTGGGAGACTGGATGGCGCTGCGTCGGAGCGGGCTGCGGCAGCGAGCACGTCTGCGCCGTCCACATGATGGACGAGGTGTGAGCGTGGCTGGAGGATATCCCACCCGGCCCTGGCACTGCCTCCTGGTGTGGGGAGCCTGCGCCACGGCGAGGGGGATGCGCCAGGAGGGGTGGCGGCCGGCGGAGCGGGTGGTTTGCAGAGCTGGAGGCAGCGGCCGTGCTTGTGTGCCTGGGTGGGCGCAGCGCTGTGACGCGTGTGCCCACCGCTGCCTCGTCCCGCGCGGTGGGACCTGTGGCATGTGACGGGGAGAGGTGGGGGCGCATCGCGGAGGTGGAGTCGTGTTGCGCGGCAGAGGATGGAGGTGGTGGGGAAAAGCTGATCGCGGGAGTCGAACGAAGCAGA
Seq_34_LinJ.30_plus,LinJ.30,99.41,629,604,1353282,,,,,507729,508357,0.00e+00,1010.0,plus,TTTTCTTGCTACTCTATTTATCGCGCCCTGATGGCAGGGAGGGGGCGCACGCCTCAGCGCGTCGTATCCTCAGGGCCCCGCACACCGACTCCGCCGGGAAGCCAGGCAGCCTCCCAGCCCCTACCCATTGCCCATGCCGAGCTACTTCCGGCGGTGACACGGTCACGCGCCCACGAAGTGGGGTGGGGGTGGAGGTGAGAGCGATGTGTTGCTGCTGATGTCTGCGGTGGGAGACTGGATGGCGCTGCGTCGGAGCGGGCTGCGGCAGCGAGCACGTCTGCGCCGTCCACATGATGGGCGAGGTGTGAGCGTGGCTGGAGGATATCCCACCCGGCCCTGGCACTGCCTCCTGGTGTGGGGAGCCTGCGCCACGGCGAGGGGGATGCGCCAGGAGGGGTGGCGGCCGGCGGAGCGGGTGGTTTGCAGAGCTGGAGGCAGCGGCCGTGCTTGTGTGCCTGGGTGGGCGCAGCGCTGTGACGCGTGTGCCCACCGCTGCCTCGTCCCGCGCGGTGTGACCTGTGGCATGTGACGGGGAGAGGTGGGGGCGCATCGCGGAGGTGGAGTCGTGTTGCGCGGCAGAGGATGGAGGTGGTGGGGAAAAGCTGATCGCGGGAGTCGAACGAAGCAGT
Seq_35_LinJ.30_plus,LinJ.30,100.000,507,507,1353282,0,0,1,507,479175,479681,0.0,937,plus,TTTTCTTGCTACTCTATTTATCGCGCCCTGATGACGGGGGGGGCGCACACCTCAGCGCGTCGTATCCTCAGGGCCCCGCACACCGACTCCGCCGGGAAGCCAGGCAGCCTCCCAGCCCCTACCCATTGCCCATGCCGAGCTACTTCCGGCGGTGACACGGTCACGCGCCCACGAAGTGGGGTGGGGGTGGAGGTGAGAGCGATGTGTTGCTGCTGATGTCTGCGGTGGGAGACTGGATGGCGCTGCGTCGGAGCGGGCTGCGGCAGCGAGCACGTCTGCGCCGCCCACATGATGGACGAGGTGTGAGCGTGGCTGGAGGATATCCCACCCGGCCCTGGCACTGCCTCCTGGTGTGGGGAGCCTGCGCCACGGCGAGGGGGATGCGCCAGGAGGGGTGGCGGCCGGCGGAGCGGGTGGTTTGCAGAGCTGGAGGCAGCGGCCGTGCTTGTGTGCCTGGGTGGGCGCAGCGCTGTGACGCGTGTGCCCACCGCTGCCTCGTCCCGCGCA
Seq_12_LinJ.30_plus,LinJ.30,100.000,488,488,1353282,0,0,1,488,406608,407095,0.0,902,plus,TTTTGTTTCTTTACTCTTCTCCTTTCGCTGGCCCGGATGACGCGGGGAGGGAGGGAGGAAGGGGGCCACACACCGCTCAGTGCGTCGCATCGTCAGGGTCCCGCACGACCCACCATTGCGGGGCGACGCCGAGCAGCTCCCCTATGCCCCTGCCCAATGCCGAGCCGCCTCTGGTGGGGGCTGAATCAGGCACCCGTACGCCATGGGGAGGACAGAGCGGCTCATCGCTGCTGATGCCGGCGGTGGGGCCCTGGACGGTGCTGCGGCGGAGCGACCTGAAAGGCCGCGTGTGGGCGGGCAGAGTTTGGGGCAGGGGGCGGTGGTCTCAGGTGACTGAGTCGGCGCATTTGGTGTACCGGGCGTGTCTCTCGCGCTGCTTCGCACGACGCGGATGGGGGGCCTGTGGCAGGGCCTAGCGTAGGCTGGCGTGTGACTTATTCCGCACGGCGGAGAACGGACACGCGTTGGAGGCAAGCGCGGAGCGGAAA
Seq_13_LinJ.30_plus,LinJ.30,100.000,450,450,1353282,0,0,1,450,386464,386913,0.0,832,plus,CTGTCCCGCGTGACGCAGGAAGGGAGGGAGGAAGGGGGCCACACACCGCTCAGTGCGTCGCATCGTCAGGGTCCCGCACGACCCACCATTGCGGGGCGACGCCGAGCAGCTCCCCTATGCCCCTGCCCAATGCCGAGCCGCCTCTGGTGGAGGCTGAATCAGGCACCCGTACGCCATGGGGAGGACAGAGCGGCTCATCGCTGCTGATGCCGGCGGTGGGGCCCTGGACGGTGCTGCGGCGGAGCGACCTGAAAGGCCGCGTGTGGGCGGGCAGAGTTTGGGGCAGGGGGCGGTGGTCTCAGGTGACTGAGTCGGCGCATTTGGTGTACCGGGCGTGTCTCTCGCGCTGCTTCGCACGACGCGGATGGGGGGCCTGTGGCAGGGCCTAGCGTAGGCTGGCGTGTGACTTATTCCGCACGGCGGAGAACGGACACGCGTTGGAGGCAAGCA
Seq_36_LinJ.30_plus,LinJ.30,99.179,487,487,1353282,3,1,1,487,370378,370863,0.0,876,plus,TTTTTTTCTCTGCTCTTCTCCTTTCGCTGGCCCGGATGACGCGGGGAGGGAGGGAGGAAGGGGGCCACACACCGCTCAGTGCGTCGCATCGTCAGGGTCCCGCACGACCCACCATTGCGGGGCGACGCCGAGCAGCTCCCCTATGCCCCTGCCCAATGCCGAGCCGCCTCTGGTGGGGGCTGAATCAGGCACCCGTACGCCATGGGGAGGACAGAGCGGCTCATCGCTGCTGATGCCGGCAGTGGGGCCCTGGACGGTGCTGCGGCGGAGCGACCTGAAAGGCCGCGTGTGGGCGGGCAGAGTTTGGGGCAGGGGGCGGTGGTCTCAGGTGACTGAGTCGGCGCATTTGGTGTACCGGGCGTGTCTCTCGCGCTGCTTCGCACGACGCGGATGGGGGGCCTGTGGCAGGGCCTAGCGTAGGCTGGCGTGTGACTTATTCCGCACGGCGGAGAACGGACACGCGTTGGAGGCAAGCGCGGAGCGGAA
Seq_42_LinJ.30_plus,LinJ.30,99.371,619,606,1353282,,,,,308396,309014,0.00e+00,1051.5,plus,CCATTTTTATAACCCCGGATGACAGGGGGGGGGGCGGGGTGATGCCGCAGCGCGTGGCATCTCAGGACCCAGTGCCCCCACTCTGTCTGGGGAGGCCACGCAGCCCCTCCTTCGTCTCTCCCCCTGCCCAATGCCGAGCCGCCTGTGGTGGTGGCGCGGTGAAGCACCTGCCACGTGGGGAGGTCAGAGCGATGTACCGCCCCACTGACGCCGGCGGTCGGGCCCTGGATGGCGCTGCGGCGGAGCGACCTGCGGCAGTGCACAGGCTTGCGCCACGCATATGGTAGGCGAAGCGTCAGCGTGGCTCGAGCGTGTATCCCACCCCCGGCCCTCGCACTGCGTACGGGGGTGTGGGGAGCCACCCACCCACCCCTGAGGAGAGAATGCACCCGGTGGCGCCCGGCATAGTGGGGGAGCGGCTGTGAGGCGACCTGCGGGGCGCGGGTGGGTGTGCGGTGCTCGAGGCAGGGGGGTGGTGCTCCGACGGCTGAGCCGGGCGCATTGCTGCACTGGCGTGTCTCTCGCTCTGCATCGCACGACGCGGATGGGGGCCTGTGGCAGGGCCTGGGGGGGTTATCGAGAGGCGCTCAGTGAAATGCACTGTGGCAGTGAATGGACA
Seq_16_LinJ.30_minus,LinJ.30,99.047,554,537,1353282,,,,,1235954,1236507,0.00e+00,815.0,plus,TCCTTTCCGGCCCCGAGGACGGAGGGAGACCTGAGTGGGTGGTATCTCAGGGTCCAGTCCCCCATGCAGTGGGAGGCGACTAGGCGGCCCCCCTATCCCTGTCCATGCCGAGACACTTCCGGTGGCGACAAGGGCCAGGCACCTTCGAGGTGGGGAAGTCGGTGCAGTGTGTCGCTACCGATGTCGGCAGCCAGGCCCTGGATGGCGTGGTGTCGAAGCCGCCCGAGCCAGTGAGCACGTTGGTGCCACTCACATGATTAGGCAGAGCGTCAGCGTGACTCGAGCATATCCCGCCCGGCCCTCACACAGCCTACCAGTGGGAGGGAAGCCTGAGCCGCCTCAGGGAGCGGATGCACCAGGTGGCGCCCGGCATGATGTGAGCGGCTGTGAGGCGACCTGCAAAGCGGGTGGTGTGTAGAGTTCGGGGCAGCGGACGTGTTCGGGTGACGGCGCCGGCGTTGCCTTCATGCATACCTAGGGCGGCTTCACACCACGCGGTAGGGGGGGTCGGGTGTGCTCATTGCTCTATCGCAGAATCGGCGAGTTGGGAAAAA
Seq_2_LinJ.33_plus,LinJ.30,87.332,530,1000,1353282,,,,,1148762,1149291,3.16e-44,576.0,plus,TTGCTCTTTTTTTTTCGCCCAGCTGTTCGCTCCTTGATGACGGGAGGCACGTCGCAACGCGTGGCATCCTCATGGCCCCGGGCCGCCCCCCTTATCCCCCTATCCCCCTGCCAGTGCCGAGCCGCCTCGGGTGGTGACAGGGGCACCTACGGCGTGGGAAAGTCAGAGCGATGCATGGCTGCTGATGCCGGTGCTCAGGTCGTAGATGGCGTTGCGTCGGAGCGACCTGCGGCAGCGAGCGCGTTTGCACCACCCACATGATGGGCAGGGTGTCAGCGTGACCCAAGCGTGTCTCGCCCGGCCCTCGCTGCTTACTGGGGGAGAGCTTGGAGCGCCACCCCGAGGGAGATGCACCGGCGGGGCGGCCGGCATGATGGGAGCGGCTGTGAGGTAACCTGCGAGGCAGAGGTGGGTAGAGTACGAGGCAGGGCCCGTGCGCAGGTGGCCGAGCCGGTGCGCTGCCGTAATGCACGTGCCGGCCGCTGCGTTGCACCGGGCGACGGGGCCTGTGACGTGCCCGGGGGTGGCGT
Seq_16_LinJ.30_plus,LinJ.30,96.666,671,340,1353282,,,,,955270,955940,8.90e-78,457.5,plus,ACGCTGCCTGGTGTGTGATGGAGAGCCTCCCGTGCCGCGAGGTGACTGTTAGGTGTGCAGCCCGAGGTGGTGTGTATGAGCCCAGCTGGGACGTGGCAGCACAGACGCAACGCCGCTGCTGCGCTTTTGTCGTTGAGAGGAGGGGGAGGGCGTACAGTTGTGCCCGTGTCGTGCTCTGAGCACGGGGACGCCAGGGCGGTGCCTCCTCTCTCTTGCTACACCGGGATGCTGAGAGGCTGGCACGCCAGGTGCGCTGTGGGGCCTGTGAGGGTGAGCTGCGGGTCTTACAGAATGCAGACCCCTGTGCCCACGCTTCGTGACGGGCGCGCGCCAGCCAGCACCGTTGGGCGTCGTTCCGCCCACTTGGATTCCACTGCAGGCAGCGCAGACCAGGTACGGGATCACACTCGGCATCGCCGCAACGCAGCAAGAGCAGGAATAAAACGTGGGCGGATGCGTGCATTCGACGACCTGTCGACACGATTTGTAGTGAGTCGTTACAAGCGTGGCCATGATCCGCAGGTCTCCTCGGCACAGCACCGGCCCAGACCTGTCCACTGGCACCGAGAGTCGGCCAGCCGTGCCCCGAGGGCGGGCTGTGCAGGCGCTTGGCTTCCCCCACAAAGAGTGTGGGGTACGGGGCCCTGATACGACGGTGACGCCGCCGGCCG
Seq_21_LinJ.30_plus,LinJ.30,100.000,438,438,1353282,0,0,1,438,963013,963450,0.0,809,plus,TCTCCAACGTGCCCACTCGACAGCGAACAGGTCAGCAAACTATATGAGTGCACAGTCCCAGCTGTTTACTTTCCACTGCTGCACGGTGGCTGCTCATCAAGGACATATCGGGTCAGCCAGCACCGTTGGGCGTCGTTCCGCCCACTTGGATTCCACTGCAGGCAGCGCAGACCAGGTACGGGATCACACTCGGCATCGCCGCAACGCAGCAAGAGCAGGAATAAAACGTGGGCGGATGCGTGCATTCGACGACCTGTCGACACGATTTGTAGTGAGTCGTTACAAGCGTGGCCATGATCCGCAGGTCTCCTCGGCACAGCACCGGCCCAGACCTGTCCACTGGCACCGAGAGTCGGCCAGCCGTGCCCCGAGGGCGGGCTGTGCAGGCGCTTGGCTTCCCCCACAAAGAGTGTGGGGTACGGGGCCCTGATACGACGG
Seq_38_LinJ.22_plus,LinJ.30,75.903,185,1000,1353282,,,,,1151893,1152077,5.60e-13,79.6,plus,AATCGCGGAGGCGATTCGTAGTGAGCTGGGGCAGATGCGATCATGACCGCAAGTCTCACCGGCACAGCGCCAGCCCAGTCCTGACTGCCGATACCAAAAGTCAGCCATTATGAGCGGAGGCAGGCTGCAGGCTCTTGGCTTCCTCACACAGAGTGTGGTGTACTGGGCCCTGATACCACGGTGAG
Seq_32_LinJ.33_minus,LinJ.30,78.676,136,757,1353282,25,4,374,507,1017722,1017855,8.24e-17,87.9,plus,GCAGCAAACCCACCTGCACGCCATGTTGTCACTTCCAGTCCCCTGGCGCTGCAGGAAGCCAGCGTGCGGGCAGGTGTCCGTGCGGGACTGGGTAACGAGGCCCCCTGCTGCGTAGGGAGCTCAGCATCCTTGTT
Seq_18_LinJ.30_minus,LinJ.30,74.172,552,979,1353282,,,,,950993,951544,1.84e-17,121.2,plus,AAGCGGTACAGCTCAGTGCGTGGCATCGTCAGGGCCCGGTGCACCCCCGAACTCTGCGTGTGAGGAAGCCGAGCAGCTCCCCTCCTCCCTCTCTCCCTATCCCTGCCAAATGCCGAGCCGCTTCTGGTGGTGACGGGGCCGAGTCCCTAGGACGTACGGAGGAGTTCAGTGCGTATGTATCGCTGCTGATGTGTCGGCGGTCATGTTCTGGATTGGCGTCGCGTCGGAGTGCCCCCTGCGACAACGAACACATCGGTGACATCCCTATGATTCGGCGCACTGCCCGCGTGACTCGAACGCATCTCAAGCCAGGCCCTCACACTGCCTGTTGGTGCGGAGAGTCGAAGCCACCCTGAGGAGGATGCGCCACATGACGGCCGGCATGATGGAAGATGCTGTGAGGTAGCCTGCGTAGGGGGTTGTGGGTTTAGTTTGATATCGAGGCCTTGTTCAGATGGCTGAGTCAGCGGATTGCTGTAAGACGTGGGTCTCCAGCTGCTTCTCACGATGCCATAGGGCTTCTGGCAGGCCAGGGAGGAGGAGTGTAGTGAG
Seq_8_LinJ.36_plus,LinJ.30,88.715,979,740,1353282,,,,,779668,780646,4.30e-29,451.5,plus,TTCTCCTCTCCACGTGTCCAATACCATCACAAGTAAATCACCAAGCACACGCATACCACGGCCACAGCTGTCCACCTACTCATGTAGGAATGCAGCTGAATCCTGGTCGTCTAGGACGATCTGTCCTGCCGTTGCGTCCGGTCAAGCGTGTGGCGGGATGTGCTTGACCATCCGCATCACTTCTGCACCATACGTGCTGCCCGATCGGCGCCACACGGAGACATGGGTGGGCTGCACACCTTGGATCCCCAGGCGGGCCCGCGTCCAGGGACGTGCTCCAGCGCGGAGGCGATGGCGTCTGTCGTGCAGCTAGCAGGAGGTGGCCTAGGCGCATGCCGGGCGAGATCAAAGAGGAAGTTGATCAGCCTCAGGTCATGACCCTCTGCACACCCGGCCTGTATGCCATGCCTCGCCCTGAGTCACCTCAAGCCGCGGCATCCCACAACGTGGTGTGCTGACTCTCCGCATCGAGGTGTGAAGGATCCGATGGTGCAACTCGGGGTGCGCTCGCCATGCTTCCGGCATCTACGCCTCATCAGCCAATCCCGGTCGGATGTGGGAGATGCCGCGCGCTTCGGACGCACGCACTGCGGCGTTCATTGGTGTAGGCCTCCTCCAGCCTTTTTCGTCGATCAATCTTGTTACTTCAGCCTCTGGATGTCTTGTTTAGATGTGACAAACCGTACCAGCTGTGCTTGGCAGCGCGTACGCATAATGCTCAAATTTCTGTATCCTGAGGCCTGCTTCACAACGGCGTTGCTGTACGATGAGGAGGGCTGCCTCTTTCATCAACCATATCCGTAGATCTCACAGGGTGGCGTGTGTGGATGGCTTGCCCGCGCGTGCCCCTACATCTGGGACGCTGCTATGAGTCTGGGACGGCAGTGGGATTCCACCCTCTCCAGAATCCGCTCACCTCTGACAGGAGCGGGTGTGCCAGGCGGAGGAGGCCCGTCGATAGACATGTGCCTGTGCACAA
Seq_1_LinJ.30_plus,LinJ.30,75.433,412,1000,1353282,,,,,729408,729819,1.33e-05,62.5,plus,CCCTGATGACGAGGGACCTCTCCGTGCGTCGCATCCTCAGGGCACCAGTGGTGCCCGGTCTCTGCGGGGGAGAAGCCAGTCACCCCCTATATATCCCCTGCCGATCCCAAGCCACCTCTGGTGTTGACAGGGTCCAAGCGCTGACGGCGTAGGGAGGCCGGAGCGATGTATTGCTGCTGATGTGGGCGGTAAGGGCGTGGGTGCCGTTGCGTCAGGGCAACCTGAAGCGCGTGGGGTGGGTGGAGTTTAATGCCGGGGCCGTGCTCGCAGATGACTGCGTCGCCGCATTGCTGTACGTTGCGCGTGTCTAGCGCTGCTTTGGACCAGGCGCATGGGGCCCTGTGGCAGGGCCGGTCGTGGGGCAGAGTGGCGTCGAGTCTCATTTTGTACAGCAGGAACTGTGCACCTTGAA
Seq_25_LinJ.24_minus,LinJ.30,74.072,400,444,1353282,,,,,721322,721721,1.58e-09,64.0,plus,TCTTTGCTTTTTCGTTTTGTCATTGACTTTTTCCTGATGCCGGGAGGACAAAGACCTCTCCGTGCGTCGCATCCTCAGGGCACCAGTGGTGCCCGGTCTCTGCGGGGGAGAAGCCAGTCACCCCCTATATATCCCCTGCCGATCCCAAGCCACCTCTGGTGTTGACAGGGTCCAAGCGCTGACGGCGTAGGGAGGCCGGAGCGATGTATTGCTGCTGATGTGGGCGGTAAGGGCGTGGGTGCCGTTGCGTCAGGGCAACCTGAAGCGCGTGGGGTGGGTGGAGTTTAATGCCGGGGCCGTGCTCGCAGATGACTGCGTCGCCGCATTGCTGTACGTTGCGCGTGTCTAGCGCTGCTTTGGACCAGGGGCACGGGGCCCTGTGGCAGGGCCGGTCGTGGGG
Seq_30_LinJ.33_minus,LinJ.30,75.812,593,623,1353282,,,,,663438,664030,1.30e-23,172.2,plus,TCATTTTGCTGCTTTGCATGTTCTCGTCCTGATGCCGGAGGACCACACCTCGGCGCATCGTATCCTCAGGGTCTAGTGCACCCCGACTCTGTGTGGGGAGGAAGCCAGGCGAGCCCCCTTATCTCTGCCGACGCCGAGCTACCTCTGGTGGTAACATGGTCAAGTACTTATGGCGTAGGGCGTGGTGAGAGTGGTGTAGCGCTGCTGATATTGGAGGTCAGGTCCTGGCTGACGTTGCGTCGGAGCGGCCTGCGGCAGCGAGCACGTTTGCACCACCCACATGATGGGCAGGGTGTCAGCGTGGCTTGAGCGTACCTCACCCGGCCCTCGCACTGCCCACTGGTGTGGGGAGCCTGCGCCACGGCGAGGGGGATGCACCAGGGGTGGCGACCGGCATGATGTGAGCGGCTGTGAGGCGGCCTGTGGAGCGAGAGACGGCTAGAGCTTGATGCAGAGGCCGTGTGCAGATGACTGACTCGGCGCATAGCTCTAAAGCATGTGTCTAAGGCTGCTTCGCACGGTGCGACGGGCCTGTGGCAGGGCCGGGGGCCGAGTGGAGTGTGGCTCATGCTCTGTGATGGAGAATGGACATG
Seq_2_LinJ.31_minus,LinJ.30,86.921,607,986,1353282,,,,,601531,602137,4.77e-17,618.2,plus,TCTTTTCTTTTTCTTTTCCTCTTCACACCATCATGACGGGGCGCACACCTCGGCGCATCGTATCCTCAGGGTCTAGTGCACCCCGACTCTGTGTGGGGAGGAAGCCAGGCGAGCCCCCTTATCTCTGCCGATGCCGAGCTACCTCTGGTGGTAACATGGTCAAGTACTTATGGCGTAGGGAGTGGTGAGAGTGGTGTGGCGCTGCTGATATTGGAGGTCAGGTCCTGGCTGACGTTGCGTCGGAGCGGCCTGCGGCAGCGAGCACGTTTGCACCACCCACATGATGGGCAGGGTGTCAGCGTGGCTTGAGCGTACCTCACCCGGCCCTCGCACTGCCCACTGGTGTGGGGAGCCTGCGCCACGGCGAGGGGGGGATGCACTAGGGGTGGCGACCGGCATGATGTGAGCGGCTGTGAGGCGGCCTGTGGAGCGAGAGACGGCTAGAGCTTGATGCAGAGGCCGTGTGCAGATGACTGACTCGGCGCATAGCTCTAAAGCATGTGTCTAAGGCTGCTTCGCACGGTGCGACGGGCCTGTGGCAGGGCCGGGAGCCGAGTGGAGTGTGGCTCATGCTCTGTGGTGGAGAATGGACAGGCTGAAAAAGAAA
Seq_31_LinJ.30_plus,LinJ.30,87.686,444,381,1353282,,,,,573884,574327,1.63e-24,412.2,plus,GGGCACACCTCAGCGCGGAATCTCAGGGCTCGATGCCCTCTCTGCGGGGAAGCCCAGCGATCTCCTATCCCCTTGCCAACGCCGCACCACATCTGGCGGTGACACGGTCACGCACCCACGACGTGGGGTGGGGGTGGAGGTGAGAGCGATGTGTTGCTGCTGATGTCTGCGGTGGGAGACTGGATGGCGCTGCGTCGGAGCGGGCTGCGGCAGCGAGCACGTCTGCGCCGCCCACATGATGGACGAGGTGTGAGCGTGGCTGGAGGATATCCCACCCGGCCCTGGCACTGCCTCCTGGTGTGGGGAGCCTGCGCCACGGCGAGGGGGATGCACCAGGAGGGGTGGCGGCCGGCGGAGCGGGTGGTTTGCAGAGCTGGAGGCAGCGGCCGTGCTTGTGTGCCTGGGTGGGCGCAGCGCTGTGACGCGTGTGCCCACCGCTGCCTA
Seq_2_LinJ.30_plus,LinJ.30,81.628,556,490,1353282,,,,,554195,554750,1.94e-31,340.0,plus,TCCCTGCTGGATGGGGGTACCTCGGCGCGTGGTATCCATGGCTCTGTACCCGCTCTGTGTGGGGAAGAAGCCAGACAGCCTCCCAGCCCCTACCCATTGCCCATGCCGAGCTACTTCCGGCGGTGACACGGTCACGCACCCACGACGTGGGGTGGGGGTGGAGGTGAGAGCGATGTGTTGCTGCTGATGTCTGCGGTGGGAGACTGGATGGCGCTGCGTCGGAGCGGGCTGCGGCAGCGAGCACGTCTGCGCCGCCCACATGATGGACGAGGTGTGAGCGTGGCTGGAGGATATCCCACCCGGCCCTGGCACTGCCTCCTGGTGTGGGGAGCCTGCGCCACGGCGAGGGGGATGCACCAGGAGGGGTGGCGGCCGGCGGAGCGGGTGGTTTGCAGAGCTGGAGGCAGCGGCCGTGCTTGTGTGCCTGGGTGGGCGCAGCGCTGTGACGCGTGTGCCCACCGCTGCCTCGTCCCGCGCGGTGGGACCTGCGGCATGTGACGGGGAGAGGTGGGGGCGCATCGCGGAGGTGGGGTCGTGCTGCGCGGCAGAGGATGGC
Seq_25_LinJ.30_plus,LinJ.30,100.000,818,818,1353282,0,0,1,818,498381,499198,0.0,1511,plus,GAGACCTACCCGAGGAGGCCGATCCACTGCCCCTCGACTCCACAGTGCTGCTGCGCCGCACCCGCCTGTGTCTCTCCTCGACCGCGCGAGGCGGCTTCCTTGTGCATTTGGCGCGGCAGGCGCACACGCCGGATGCCGGCGCTGCCACAGCGCTTCGGCAGCTCTCGTGCGGGCATGCAGGCATTGGCCCCTGCGGGCTCCGCATGCACACACCTCCCTCGTGCGCTGCGGCCGCGCGCGCCTCTCATGGCAGTCTGTCTTTGACCAGCGTGGGTTGGCGCGCACCGGCAAGGATGACAAACTTGCAAGATCGGCAACGCCAGAGGAGCCGACGCCAACAGCATGGATCACGGACCTGGTCACCGGTCTCAGACGCCGGGCCGCCATCCCCCGCAACCGCGGTAGACGATGCGACGCGCGACGGCAAGCGATACCTGGCGGCGGCCGCCCCACACCAGAGGAACAAGGGTGCTGGAGCTCACGAGACGACAGGCCACCATCCTCGCCCAGCTCCGCGCCGGCGCCTGACCCGTACCTTTGGGCTCCTGCAGCGGTGGGTGACTGTCAGAGTCGAGATGGTGTGCAGATGGCGTGCCGCCCATACCCAGGCCGGTGTGGTGCCGATGGCGCAGGACGTACTCGGAGAAGGGACGAGGAAGGGCAAGAGGAGCCGGTTATAGACACATGGCCCGATTCGACGGCCGACGGCTTCTCGCAGACGACCAGGCTTCAGCCGTCGTGCCACAGCGGTTGGGCGGGCTGTGCTTGCATGCGCGTACTTGATGACGTGGGTGTGATGAAATGACACGCTGTACAGA
Seq_26_LinJ.30_plus,LinJ.30,100.000,818,818,1353282,0,0,1,818,492207,493024,0.0,1511,plus,GAGACCTACCCGAGGAGGCCGATCCACTGCCCCTCGACTCCACAGTGCTGCTGCGCCGCACCCGCCTGTGTCTCTCCTCGACCGCGCGAGGCGGCTTCCTTGTGCATTTGGCGCGGCAGGCGCACACGCCGGATGCCGGCGCTGCCACAGCGCTTCGGCAGCTCTCGTGCGGGCATGCAGGCATTGGCCCCTGCGGGCTCCGCATGCACACACCTCCCTCGTGCGCTGCGGCCGCGCGCGCCTCTCATGGCAGTCTGTCTTTGACCAGCGTGGGTTGGCGCGCACCGGCAAGGATGACAAACTTGCAAGATCGGCAACGCCAGAGGAGCCGACGCCAACAGCATGGATCACGGACCTGGTCACCGGTCTCAGACGCCGGGCCGCCATCCCCCGCAACCGCGGTAGACGATGCGACGCGCGACGGCAAGCGATACCTGGCGGCGGCCGCCCCACACCAGAGGAACAAGGGTGCTGGAGCTCACGAGACGACAGGCCACCATCCTCGCCCAGCTCCGCGCCGGCGCCTGACCCGTACCTTTGGGCTCCTGCAGCGGTGGGTGACTGTCAGAGTCGAGATGGTGTGCAGATGGCGTGCCGCCCATACCCAGGCCGGTGTGGTGCCGATGGCGCAGGACGTACTCGGAGAAGGGACGAGGAAGGGCAAGAGGAGCCGGTTATAGACACATGGCCCGATTCGACGGCCGACGGCTTCTCGCAGACGACCAGGCTTCAGCCGTCGTGCCACAGCGGTTGGGCGGGCTGTGCTTGCATGCGCGTACTTGATGACGTGGGTGTGATGAAATAGCACACTGAACAGC
Seq_50_LinJ.29_plus,LinJ.30,76.951,545,566,1353282,,,,,344263,344807,1.54e-16,136.4,plus,CCCCTCCTTCGTCTCTCCCCCTGCCCAATGCCGAGCCGCCTCTGGTGGGGGCTGAATCAGGCACCCGTACGCCATGGGGAGGACAGAGCGGTTCATCGCTGCTGATGCCCACGGTGGGGCCCTGGACGGTGCTGCGGCGGAGCGACCTGCGACGGTGCACACGTCTGCGCCATCCACATGATGGGTGAGGTGTCGACGTGACTGGAGCGTGTATCCCACCCCCGGCCGTCGCACTGCGTACGGGGGTGTGGGGAGCCGGCGCCACCACACCCCCTCTGAGGAGAGAATGCACCAGGGGTGGCGCCCGGCATAGTGGGGGCGGGGGGAGGAGGGGCTGCGGTGAGGCGACCTGCGAGGCCGCGTGTGGGCGGGCAGAGTTTGGGGCAGGGGGCGGTCGTCTCAGGTGACTGAGTCGGCGCATTTGGTGTACCGGGCGTGTCTCTCGCGCTGCTTCGCACGACGCGGATGGGGGGCCTGCGGCAGGGCCTGATGGGTTTAGAGCAGCGCTTGAGTCGCGTTGTATGGCGGAGAACGTACACACGTTG
Seq_40_LinJ.30_plus,LinJ.30,86.444,600,594,1353282,,,,,337035,337634,9.05e-10,590.5,plus,GGCGGTCGGATGACAGGGGGGGGGTGATGCCGCAGCGCGTGGCATCTCAGGGCCCAGTGCCCCCACTCTGTCTGGGGAGGCCACGCAGCCCCTCCTTCGTCTCTCCCCCTGCCCAATGCCGAGCCGCCTGTGGTGGTGGCGCGGTGAAGCACCTGCCACGTGGGGAGGTCAGAGCGATGTACCGCCCCACTGACGCCGGCGGTCGGGCCCTGGATGGCGCTGCGGCGGAGCGACCTGCGGCAGTGCACAGGCTTGCGCCACGCATATGGTAGGCGAAGCGTCAGCGTGTCTCGAGCGTGTAATCCCACCCCCGGCCCTCGCACTGCGTACGGGGGTGTGGGGAGCCACCCACCCACCCCTGAGGAGAGAATGCACCCGGTGGCGCCCGACATAGTGGGGGAGCGGCTGTGAGGCGACCTGCGGGGCGCGGGTGGGTGTGCGGTGCTCGAGGCAGGGGGGTGGTGCTCCGACGGCTGAGCCGGGCGCATTGCTGCACTGGCGTGTCTCTCGCTCTGCATCGCACGACGCGGATGGGGGCCTGTGGCAGGGCCTGGGGGGTTATCGAGAGGCGCTCAGTGAAATGCACTGTGGCAGTGAATT
Seq_58_LinJ.30_plus,LinJ.30,99.062,734,703,1353282,,,,,1281772,1282505,4.72e-75,789.0,plus,CCGTGAGGTCCGTACGGCTGCCCCTTCCCAACCCTGTGCCCCCTTCGCTGCGACAGGCTGTGAGCTCTCTGCGCGCTGGCGCACGTCCGTCTGCGGGCCCCTTTGCGCCTGCCACACCGGCTCCTGTGTGAGGCGTGCGGATGCAGGAGGAGGCGGAATGCCCCCCGCCGCCGCAGACTCACGGCAGTGTCGCACCTGCCACGGTGCATGTGGGCAGGCCATCCAGGCACGCCCCCCGTGTCATCGCCGGCAACGGCAGATGGTGGCAGCGAGCCCTTCCTCCCCTCCCGCCAACAAGGGTGCCTTGAAGCAGGCCGCACGCTGCGAATGTGCGAGCGCTGTGCGCACGCGCAGTTGGGCAGAGCCGGCATGGTGCATCGCATTCCCGACGAAGCATCCAGAGGTGCGAAGAGCGCGAGTGATGAGCGAGAGAGGAGCCCCGTAGTACATGCCGATTATGCCCACAGCGCATGCGCGCGCAGCATGCGGCATCTCCTCCATCCCACCGTGCGGCCGGATGAGGCGCCGACCGCGCGGCACGTACCCGAAGAGGGGACGAGGCGGGAGAGGAGGGGCCCGCTAGACGCATGTCCCGATTCGACGGCATGACGGTTGCTCCTAGACGGCCAGGACGTCGCCGCAGCGCGGCAGTGGGCGCGTGGGCTGCAACTGTGCATGCGTGTGCCTTTGCTGGCTTGCGCGTGGTTTAATGGCACGTTGTAGCGAAGAAAAAT
Seq_14_LinJ.11_plus,LinJ.30,83.035,486,635,1353282,,,,,1201196,1201681,2.21e-05,219.9,plus,TCCTCTGCGACCCCGAGGACGGAGGGAGACCTGAGTGCGTGGTATCTCAGGGTCCAGTCCCCCATGCAGTGGGAGGCGACTAGGCGGCCCCCCTATCCCTGTCCATGCCGAGACACTTCCGGTGGCGACAAGGGCCAGGCACCTTCGAGGTGGGGAAGTCGGCGCAGTGTGTCGCTACCGATGTCGGCAGCCAGGCCCTGGATGGCGTGGTGTCGAAGCCGCCCGAGCCAGTGAGCACGTTGGTGCCACTCACATGATTAGGCAGAGCGTCAGCGTGACTCGAGCATATCCCGCCCGGCCCTCACACAGCCTACCAGTGGGAGGGAAGCCTGAGCCGCCTCAGGGAGCGGATGCACCAGGTGGCGCCCGGCGTGGTGGGTTGAGTTTGAGACAGGGGCCGTGCTCTCAGATGGCGGAATCGGTGCTCGGCTGTAACGCGTCTGTCTACAGTATGCTTCGCACGACGCGGTAGGGGGCCTGTGCTAG
Seq_46_LinJ.30_plus,LinJ.30,88.785,175,164,1353282,,,,,102330,102504,1.90e-09,182.6,plus,GTCGCGTCGGTGCAGAGGCCGTACTCCGATGACTGAGTCGGCGCATTGCTGTACCGCGCGTGTCCACGGCTGCGTCGCAGCACGCGATGTGGCCTGTGGCAGGCCGTATAGAGTGGTGCTCTACTCCCTGCTGTACGGCAGAGAATGGGCTCGCTGAAACGAACACAACAGAATC
Seq_34_LinJ.30_plus,LinJ.30,100.000,1000,1000,1353282,0,0,1,1000,490923,491922,0.0,1847,plus,AGCCTCCTTCGCGCCCCACCGCGTTCTACGGAGGCCCTGCACCACGCCCTTCAAACCGCTCACGATGGGCGGGCTCGAGGTGGCACCCCGTGAAGCCTACTGCGGCCCTGCCCCGGGCGTCGACGAAATCCACTGTGGGAGTGTCGAGGCCGCCCCGATGCAGGTCAGGAGCGCGCTGCTCAGCATCTAAAACCAGAGGGTCGCCGCCGGCCGCGCCCCTACTGCATGGAAAGAGGAGCCTGCTGTGGGCCCCTCCTGTGGCTGCACAAGCCCGGTGACGACCCCGCGTCACACGGCCCCTGTGACACTAGCCAGCGATCTGTGCAAGTTACTCAAACGAATGGCCTCGCGACTTTCTAGAGGACGGGCTTGAGCTACAGCACTCCGGCCTCCGGCCGCACCGCTCCACCGCATCCCCCCTCCCCATGGGCTCGCTCCTTCACAAAGCAGTGCAGCCCTGACAGGGCACCAAGGCAGGCGCAGTGCTTGCGGGCTCTGCGCTCGCGCGCTTGGCTCGGTCGATCACGGCGCCCTCACGACGGCGCGCTGAGGAGGTTCGACGTAGACCCACGCCTTACTCGCTGGGTCATGGAATTCTCAGACGATCGTCGCGCCTGTGTTGGCTTCCGCACGCGGCGATCGAGGATGGCCGAGTTTGCATGCGGAGCCCCACAAGCATCAGCCGTAGGCCCTCTTCATGATTGTGGTGGGCTCGCTGAGTGTGGAGCTCAACAAAACACCCGGACTGCACCACGCCCCCTTTGCTGATGGCCTCGCACTCCTCACACGCTCCTCGGACAAGGTTGCCGCACGGGCCACAGTGCAATCCGCCCTCTGGAGGGTGGGACACTGGACGCTGGAGCGCTTTGTGGAGATGAGTGCTCGCCCTTCGCGAAAAGAAAAATACGCAGTACACACTCTCTGGTGCGCGACACTGCAGCCAGCGGCAACGGCCCATCGCCCGCTCGCACTTGGAAGTGGATCGCTGCTCCTGCCTCCT
Seq_34_LinJ.30_plus,LinJ.30,99.900,1000,1000,1353282,1,0,1,1000,497097,498096,0.0,1842,plus,AGCCTCCTTCGCGCCCCACCGCGTTCTACGGAGGCCCTGCACCACGCCCTTCAAACCGCTCACGATGGGCGGGCTCGAGGTGGCACCCCGTGAAGCCTACTGCGGCCCTGCCCCGGGCGTCGACGAAATCCACTGTGGGAGTGTCGAGGCCGCCCCGATGCAGGTCAGGAGCGCGCTGCTCAGCATCTAAAACCAGAGGGTCGCCGCCGGCCGCGCCCCTACTGCATGGAAAGAGGAGCCTGCTGTGGGCCCCTCCTGTGGCTGCACAAGTCCGGTGACGACCCCGCGTCACACGGCCCCTGTGACACTAGCCAGCGATCTGTGCAAGTTACTCAAACGAATGGCCTCGCGACTTTCTAGAGGACGGGCTTGAGCTACAGCACTCCGGCCTCCGGCCGCACCGCTCCACCGCATCCCCCCTCCCCATGGGCTCGCTCCTTCACAAAGCAGTGCAGCCCTGACAGGGCACCAAGGCAGGCGCAGTGCTTGCGGGCTCTGCGCTCGCGCGCTTGGCTCGGTCGATCACGGCGCCCTCACGACGGCGCGCTGAGGAGGTTCGACGTAGACCCACGCCTTACTCGCTGGGTCATGGAATTCTCAGACGATCGTCGCGCCTGTGTTGGCTTCCGCACGCGGCGATCGAGGATGGCCGAGTTTGCATGCGGAGCCCCACAAGCATCAGCCGTAGGCCCTCTTCATGATTGTGGTGGGCTCGCTGAGTGTGGAGCTCAACAAAACACCCGGACTGCACCACGCCCCCTTTGCTGATGGCCTCGCACTCCTCACACGCTCCTCGGACAAGGTTGCCGCACGGGCCACAGTGCAATCCGCCCTCTGGAGGGTGGGACACTGGACGCTGGAGCGCTTTGTGGAGATGAGTGCTCGCCCTTCGCGAAAAGAAAAATACGCAGTACACACTCTCTGGTGCGCGACACTGCAGCCAGCGGCAACGGCCCATCGCCCGCTCGCACTTGGAAGTGGATCGCTGCTCCTGCCTCCT
Seq_18_LinJ.30_plus,LinJ.30,88.858,198,569,1353282,,,,,500595,500792,3.94e-21,232.0,plus,GAGCCGACGCCAACAGCATGGATCACGGACCTGGTCACCGGTCTCAGACGCCGGGCCGCCATCCCCCGCAACCGCGGTAGACGATGCGACGCGCGACGGCAAGCGATACCTGGCGGCGGCCGCCCCACACCAGAGGAACAAGGGTGCTGGAGCTCACGAGACGACAGGCCACCATCCTCGCCCAGCTCCGCGCCGGCA
Seq_70_LinJ.30_plus,LinJ.30,99.41,453,442,1353282,,,,,991697,992149,3.96e-173,710.5,plus,GGCCGGCGGTCTCACCGCCGTATCAGGGCCCCGTACCCCACACTCTTTGTGGGGGAAGCCAAGCGCCTGCACAGCCCGCCCTCGGGGCACGGCTGGCCGACTCTCGGTGCCAGTGGACAGGTCTGGGCCGGTGCTGTGCCGAGGAGACCTGCGGATCATGGCCACGCTTGTAACGACTCACTACAAATCGTGTCGACAGGTCGTCGAATGCACGCATCCGCCCACGTTTTATTCCTGCTCTTGCTGCGTTGCGGTGATGCCGAGTGTGATCCCGTACCTGGTCTGCGCTGCCTGCAGTGGAATCCAAGTGGGCGGAACGACGCCCAACGGTGCTGGCTGACCCGATATGTCCTTGATGAGCAGCCACCGTGCAGCAGTGGAAAGTAAACAGCTGGGACTGTGCACTCATATAGTTTGCTGACCTGTTCGCTGTCGAGTGGGCACGTTGGAGAG
Seq_51_LinJ.35_plus,LinJ.30,76.636,340,855,1353282,,,,,866575,866914,9.00e-01,63.0,plus,ACGCCCACAACCGCAGCTCACCGGCCACTCCTGCGCCACAGCGGAATCCTGACCGTCTAGGGCGAGCCATCATGCCATGCAATCGGGGCCGCCCGCCTAACGGGCTCTTCCTGTCCTGCCTCAGCCCTTCTTCCGACCTGTGCAGTGCCGGAGGCGCCAGACGGTGACCCGGTTAGCCCTACACGCCGTGGATTGGTGTAGGTCGCGTGCACGGTTGTGCGTCAGGGCGCAGGCATTGGACTCTGTCGCTTGACGAGTAAGAAGGGGTGGTCCAGGTGCATGCCGGATGAGTTCAAGGAGGAAGTTGGCCAGATTCAGGTCAGGGCCCTGGGAGGCCCTG
Seq_12_LinJ.06_minus,LinJ.30,74.359,156,157,1353282,28,10,8,155,1007651,1007802,4.25e-08,56.5,plus,GCCGGTCGCCACCCCCGGTGCATCCCCCTCGCTGCGACACTCAGGCACTCCGCACGCCAGTAAGCCGTGTGAGCGCCGAGTGAGGGATGCGTTCGAGTCACGCGGGCACTCTGCCCATTACGTGGATGGCACAGACGTGTTCACTGTCGCAG
Seq_12_LinJ.06_minus,LinJ.30,74.359,156,157,1353282,28,10,8,155,1025684,1025835,4.25e-08,56.5,plus,GCCGGTCGCCACCCCCGGTGCATCCCCCTCGCTGCGACACTCAGGCACTCCGCACGCCAGTAAGCCGTGTGAGCGCCGAGTGAGGGATGCGTTCGAGTCACGCGGGCACTCTGCCCATTACGTGGATGGCACAGACGTGTTCACTGTCGCAG
Seq_28_LinJ.19_plus,LinJ.30,71.739,230,1000,1353282,61,4,38,265,954345,954572,6.65e-09,62.1,plus,GTGCTCCAGTGTCCAGCGCGCCACCTTGCAGAGGACGAATTGTAGCGTGGCCTGCATGACATCCGTGCCCGCGGAGGATGTGGGGAGTGTGGCGTGATGAACACAGATGGCGTGGTGCCGTGCCGGCGTCCGGTTGCGCTGCACGCTCGGGGGGTCCACCACCATGATGGGGCGAAGAGAGCCCAGGGCCGATGGCTCGGCGGCTCCGCATGAACGCCTGGCCATCTT
Seq_12_LinJ.20_plus,LinJ.30,74.315,292,1000,1353282,64,8,33,317,1337876,1338163,1.81e-24,113,plus,CTGTCCATGTCCCCGTGCGTCCTGCACACGCTAGCAATGCTATAGGGTGACTTCCATCGGAGTGTGAGAGAGAGAGCAGGCCGACCCGTTGGTGACAGTGCACCAACAGAAACGGAGGCTACATCCGGCAGTACCCCTCTTCCGTGTCCCACCGAGACGCAGATCCACATCCCTCCGACCGTCCACGATGGGTGAGTTCGAGATGGCGCTCCGTGATTTGCACTGCGACGCCGCACCAGGCCTCCACGAAATGCGCTGCGAGAGTGTCAAGGCTCTCCAGGTGCACGG
Seq_29_LinJ.30_plus,LinJ.30,90.411,146,760,1353282,13,1,13,157,1241822,1241967,6.13e-48,191,plus,GCCACCCAACCGTGATGTCAGGATGTAGTACCCACGCTCTGTGTGTGGAGGCCGAGAGCCTGCAGCCCGGCCTCCGGGCACGGCTGCGGCCTCTTGGTGTCGGTGGACAGCGCTTGGCTGGCGCGGTGCCGAGGAGACGTGCTGGC
Seq_65_LinJ.30_minus,LinJ.30,75.243,590,1000,1353282,,,,,781416,782005,2.60e+00,115.2,plus,GAGTGCGAGGTCGTCGGCTAAGGAGGCGTGGTGCAGTCCGCGTCTCCTGTTCATCTCCACTTTCAGCGAGCCCACTGCACTGATGAAGAAAAGAGGCCCTATGGCTGATCCTTGTGGGGTTCCGCATGCACACCCTGGCCGTCATCGACTCCCTCTTGCGGAAGCGAGCACAGCCGCGACGATTGTCGGAGAATTCCGTGATTCAGCGAGTATGATACGGGTCTACGCCAAACTTCTTCACTGGCGTTGTGAGAGCGCCGTGATCGGCGGAACTACACGCACGCGAGCGTGAAGTCTGCAAACACTGCTCCTACCTTGCAACCCTGCTGGGGTTGCACTACTTTGTGAAGCACTAGGTCCAGGGGGCTCCAGTGGAGTGCTGAGGACGCCAACCAGACGACTGTGGTAGAAGCCCGTCTTCCAGATCGTCGAGCAGTCGTCGCGAGACCGTTTCCCCAAGTAACTAGCGCAACTAGCTGGTCCGCGGCACAGGGGCCGCAAGACGCGAGTCCACCGTCCAGCTTGTCCAGCCTGAGGAGGGCCCTTGTGAGCGCCTCTTTCCATGCAGCAGCGACAGGGCCGGTGCCGAC
Seq_2_LinJ.30_minus,LinJ.30,100.000,1000,1000,1353282,0,0,1,1000,206021,205022,0.0,1847,minus,ATGTGTCTGGCACTTTTTCTTCCCTTTCCTGCCATACATTCACCCTTCACCCGGATGACAGGGGGGGGTGATGCCGCAGCGCGTGGCATCTCAGGGCCCAGTGCCCCCACTCTGCCTGGGGAGGCCACGCAGCCCCTCCTTCGTCTCTCCCCCTGCCCAATGCCGAGCCGCCTCTGGTGGTGGCGCGGTGAAGCACCTGCCACGTGGGGAGGTCAGAGCGATGTACCGCCCCACTGACGCCGGCGGTCGGGCCCTGGATGGCGCTGCGGCGGAGCGACCTGCGGCAGTGCACAGGCTTGCGCCACCCATATGGTAGGCGAAGCGTCAGCGTGGCTCGAGCGTGTAATCCCACCCCCGGCCCTCGCACTGCGTACGGGGGTGTGGGGAGCCACCCACCCACCCCTGAGGAGAGAATGCACCCGGTGGCGCCCGGCATAGTGGGGGAGCGGCTGTGAGGCGACCTGCGGGGCGCGGGTCGGTGGGCAGAGTGTGAAGCAGGGCTCGTGCTCCGACGGCTGAGCCGGGCGCATTGCTGTACTGACATGTGTCTAGCGCTGCTTCGCACCACGCGATGGAGTCTGTGACGGGACCGGAAGGGGGGAGTCAGAGTGGAGCTCGACTCATATTCTAAGGCAGTTAAATGGACACACGTTAGACGATCGAAAACGTATTTGACACCAAACCTAAATGCGCGAAGAGAAAAGCGGACCGTCACCGAAATCAAGGCGCGTGTATGATCATGTTATTCATGTTACGGCGCTAGGGGATATCCGCTCATGTACAAAAAGTAAAGGACTCCCCCTTCCAGGCGTGCTTGATTTTGTTGCGCGGCAAATTTAACTGTGCTGGGGCACGAGCCGATGCTGGCTTAGCTCACACGTTGCGTGTTATATAGAGGAGAGAAACAACCTGAGGCAGGCGAGTGCACAAGGAAGGTGCTAGCAAGGCGGGCTTGTCTTCTCTCAGGAGGTGAGGCCACATTTGTTCTTGATAGGTTGTC
Seq_7_LinJ.30_minus,LinJ.30,100.000,624,624,1353282,0,0,1,624,1008035,1007412,0.0,1153,minus,CAGGGGGTGCGCCTCTCAGTGCGTGGTATCGTCAGGGCCCGGTGCACCCCACACTCTGTGTGTGAGGAAGCCGGGCAGCCCCCCTCCCCCACCCCCATCCCTGCCAACGCAGAGCTATCTCTGGCGGCGACAGGGTCGAGTATCTACGGCGTTGGTGAGGGGGAGGTCAGTGCGTATGTGCCGCTGCTGATGTGTCGGCGGTCATGTCCTGGACGGCGTGACGTCGGAGTGGTCTGCGACAGTGAACACGTCTGTGCCATCCACGTAATGGGCAGAGTGCCCGCGTGACTCGAACGCATCCCTCACTCGGCGCTCACACGGCTTACTGGCGTGCGGAGTGCCTGAGTGTCGCAGCGAGGGGGATGCACCGGGGGTGGCGACCGGCACAATGGGAAGAGGAGCGGATGGGTGGGTAGTGTGTGAGGCAGAGGACATGCTCCGCTGGCTGAGCCGGCGCATTGCTGCAACGCCCGTGACTACGGTTGCATTGCACCAGGCGATGGGGCTTGTGGCAAGGCGGGTGGGGGGGGGTAGAGCAGGGTGGTGCTGGACGCATGCTGTATGGCAGAGAACGGACACATCGAGAGCACGAAAGGTGTTTGCCGTTGGAGCCTCTCCTTGTGT
Seq_8_LinJ.30_minus,LinJ.30,100.000,624,624,1353282,0,0,1,624,1026068,1025445,0.0,1153,minus,CAGGGGGTGCGCCTCTCAGTGCGTGGTATCGTCAGGGCCCGGTGCACCCCACACTCTGTGTGTGAGGAAGCCGGGCAGCCCCCCTCCCCCACCCCCATCCCTGCCAACGCAGAGCTATCTCTGGCGGCAACAGGGTCGAGTATCTACGGCGTTGGTGAGGGGGAGGTCAGTGCGTATGTGCCGCTGCTGATGTGTCGGCGGTCATGTCCTGGACGGCGTGACGTCGGAGTGGTCTGCGACAGTGAACACGTCTGTGCCATCCACGTAATGGGCAGAGTGCCCGCGTGACTCGAACGCATCCCTCACTCGGCGCTCACACGGCTTACTGGCGTGCGGAGTGCCTGAGTGTCGCAGCGAGGGGGATGCACCGGGGGTGGCGACCGGCACAATGGGAAGAGGAGCGGATGGGTGGGTAGTGTGTGAGGCAGAGGACATGCTCCGCTGGCTGAGCCGGCGCATTGCTGCAACGCCCGTGACTACGGTTGCATTGCACCAGGCGATGGGGCTTGTGGCAAGGCGGGTGGGGGGGGGTAGAGCAGGGTGGTGCTGGACGCATGCTGTATGGCAGAGAACGGACACATCGAGAGCACGAAAGGTGTTTGCCGTTGGAGCCTCTCCTTGTGA
Seq_13_LinJ.30_minus,LinJ.30,100.000,1000,1000,1353282,0,0,1,1000,1119228,1118229,0.0,1847,minus,TATCCGTCCGAACATTCAGTACACCAGCATCTGAGAAACAACGAGGTAATTAGACTTGATGGACAGCAGACAGTAGGCGGTGATGGATGGGTGCCAATGATCTCTCCAGGAGATGACGGTTGCACGTAGCGCGGGACGGCGATCCTCTCTTCCCACAAGACATCGGCACAGGTGCACATGGTGTGAGTGTGTGTGTGCGGAGCAGCTCCTTCTTCCCTTCTCGCCTCTGTTTCTCTCGCCGCTTCTTCCTCAGTGCTTTGTGTGCCTCCCTCGCTCCTTGATGACGGGAGGCACGCCGCAACGCGTGGCATCCTCATGGCCCCGGGCCGCCCCTCCCCCCTATCCCCCTATCCCTCCTGCCAGTGCCGAGCCGCCTCGGGTGGTGACAGGGGCACCTACGGCGTGGGAAAGTCAGAGCGATGCATGGCTGCTGATGCCGGTGCTCAGGTCGTAGATGGCGTTGCGTCGGAGCGACCTGCGGCAGCGAGCGCGTTTGCACCACCCACATGATGGGCAGGGTGTCAGCGTGACCCAAGCGTGTCTCGCCCGGCCCTCGCTGCTTACTGGGGGAGAGCTTGGAGCGCCACCCCGAGGGAGATGCACCGGCGGGGCGGCCGGCATGATGGGAGCGGCTGTGAGGTAACCTGCGAGGCAGAGGTGGGTAGAGTACGAGGCAGGGCCCGTGCGCAGGTGGCCGAGCCGGTGCGCTGCCGTAATGCACGTGCCGGCCGCTGCGTTGCACCGGGCGACGGGGCCTGTGACGTGCCCGGGGGTGGGGGACGAGCAGGGTGAAGTCGAGTTGATGCTGCAAGGCAAAAGATGCACTTGTTAGGAATATGTTTTTTTCTTCTATCGTCTTCAGGGTCGCACACCGTCGGAATATTTAACGGAGACGTTCATGTGTGTGTCGGTCAGCATTCGCGTGCGTCAGCGGTCATGGCGGGGAGAGGAAGAGAGGAGGTCTCTCTGAGGAGGGATAGGGGGAAGCTCACAAACTGGC
Seq_14_LinJ.30_minus,LinJ.30,100.000,1000,1000,1353282,0,0,1,1000,1134872,1133873,0.0,1847,minus,TTTTTTTTTGTCCGTTCCTTTTTTTTTCTGATACTTGACACCATTTTCAGCTCTTCGTTTATTCGTTATCCCCCCTCCACCCGTTTCTCCATGGACGCACTTTGAGATGCGCCTCTGTTGTTTCCGTCACCCAGGCACGCGCACCCACACGAACGTACATTGATTTACGGACGTGCGATCTCGGAAACTGCTGCACCAGCTCTCACCGACTCCGTGTCTTGCTCCTCAGGAGAAGAGACTTTCCCTGTCTTCTCGCCCTCATATGAATTTGAAGCCCCCGATGACGGGAGGCACGCCGCAACGCGTGGCATCCTCATGGCCCCGGGCCGCCCCTCCCCCCTATCCCCCTATCCCTCCTGCCAGTGCCGAGCCGCCTCGGGTGGTGACAGGGGCACCTACGGCGTGGGAAAGTCAGAGCGATGCATGGCTGCTGATGCCGGTGCTCAGGTCGTAGATGGCGTTGCGTCGGAGCGACCTGCGGCAGCGAGCGCGTTTGCACCACCCACATGATGGGCAGGGTGTCAGCGTGACCCAAGCGTGTCTCGCCCGGCCCTCGCTGCTTACTGGGGGAGAGCTTGGAGCGCCACCCCGAGGGAGATGCACCGGCGGGGCGGCCGGCATGATGGGAGCGGCTGTGAGGTAACCTGCGAGGCAGAGGTGGGTAGAGTACGAGGCAGGGCCCGTGCGCAGGTGGCCGAGCCGGTGCGCTGCCGTAATGCACGTGCCGGCCGCTGCGTTGCACCGGGCGACGGGGCCTGTGACGTGCCCGGGGGTGTCTGGAGAGGAGCTGAGCTCGTGCTCTGTGGCAGAATGGACTTGCTGAAACGAACAGCTCGGTCGAGGTTGAGATAAAGTTGAGCACAAATGATGTATTTCACACGTAAGAGGACGGCGATGCCGGGGCGAAGACGAGTTGGGATTGCGTGCGGGGCCGTGTGAGTGGAAAGGGAAAGCTAAGTTGAACTTGCGAAACTGAACTCTTAGCTTTTCTTGTACCTGT
Seq_16_LinJ.30_minus,LinJ.30,100.000,1000,1000,1353282,0,0,1,1000,1164896,1163897,0.0,1847,minus,GCAGATTCTTTCGGCAATGCTCATATGTGGATGACAGATGTGCATTTCTGCGTTTCGTGTGCGACTCCTTCACCTACTCGTCAGATTTTGAGAGCCTCTGTGGCCGCGCCGGTTCTTTGGCGCTTTTGTGTGCGCTTTTCCTTTCTTATTGTGTGATGGTGCTTCTCCTAACTGACCACAGACTCTCTCGCTATCTTTGGCCCTTTTCAGACTCTTCGCACCCGCTGTACTTGCGTGTTTGTAAATGCTGGTGCTTGGTGTTTCCTCTCCGTTGCGCATTCCTTGATGACGGGAGGCACGTCGCAACGCGTGGCATCCTCATGGCCCCGGGCCGCCCCCCTTATCCCCCTATCCCCCTGCCAGTGCCGAGCCGCCTCGGGTGGTGACAGGGGCACCTACGGCGTGGGAAAGTCAGAGCGATGCATGGCTGCTGATGCCGGTGCTCAGGTCGTAGATGGCGTTGCGTCGGAGCGACCTGCGGCAGCGAGCGCGTTTGCACCACCCACATGATGGGCAGGGTGTCAGCGTGACCCAAGCGTGTCTCGCCCGGCCCTCGCTGCTTACTGGGGGAGAGCTTGGAGCGCCACCCCGAGGGAGATGCACCGGCGGGGCGGCCGGCATGATGGGAGCGGCTGTGAGGTAACCTGCGAGGCAGAGGTGGGTAGAGTACGAGGCAGGGCCCGTGCGCAGGTGGCCGAGCCGGTGCGCTGCCGTAATGCACGTGCCGGCCGCTGCGTTGCACCGGGCGACGGGGCCTGTGACGTGCCCGGGGGTGTCTGGAGAGGAGCTCATGATCTATGACAGAATGAACAAGTCGAAAGCAACAACAACTGGTGCGCATTGTGGCAACTCTCTTCTCTCTTTTGGCCTTTTTTGCGCTGCTGCGACGGCAAAAGCGCGTGGTTGTCGGTCACAGCAGCTCCCATGCGGCTTTGATCGCCTTGTACACTGACTCGGCTGGACTGTGTGCCATGCGCCAAGCCCCGATTCGGAAACGAAA
Seq_17_LinJ.30_minus,LinJ.30,100.000,1000,1000,1353282,0,0,1,1000,1168651,1167652,0.0,1847,minus,TCCGGCCTTGCAGCTGGCCACTTGCTGAGCGCCCACATGAAGCTGAACCGCAAGCCTCCGACTCAGTAAACTTAAGCACGGAAATTGCGATGTTGCTTTGGCTGAGCCGGCGTGCTCCTACTGGTGCTTCCGTATGCTTTATTCAAAGGACAGGGCTGCCGCAAGATTCACTTGGCATGACCCTGCGGTTGCGCTCTTGCGTGGTTGTGCGCCAATATTTCTCAGAACGCGCAACGTGTGTTCTTTATTTTGTTTTTTTTTTTTCGCCCAGCTGTTCGCTCCTTGATGACGGGAGGCACGTCGCAACGCGTGGCATCCTCATGGCCCCGGGCCGCCCCCCTTATCCCCCTATCCCCCTGCCAGTGCCGAGCCGCCTCGGGTGGTGACAGGGGCACCTACGGCGTGGGAAAGTCAGAGCGATGCATGGCTGCTGATGCCGGTGCTCAGGTCGTAGATGGCGTTGCGTCGGAGCGACCTGCGGCAGCGAGCGCGTTTGCACCACCCACATGATGGGCAGGGTGTCAGCGTGACCCAAGCGTGTCTCGCCCGGCCCTCGCTGCTTACTGGGGGAGAGCTTGGAGCGCCACCCCGAGGGAGATGCACCGGCGGGGCGGCCGGCATGATGGGAGCGGCTGTGAGGTAACCTGCGAGGCAGAGGTGGGTAGAGTACGAGGCAGGGCCCGTGCGCAGGTGGCCGAGCCGGTGCGCTGCCTTAATGCACGTGCCGGCCGCTGCGTTGCACCGGGCGACGGGGCCTGTGACGTGCCCGGGGGTGTCTGGAGAGGAGCTGAGCTCGTGCTCTGTGGCAGAATGGTCGCCTTCCTAGAATAAGAGCGTATCTGCTGCACAGTTGTGTTCACGTCGCGCGTGCGATGGGATGGGAATCTCCGTTGCTCCTGTTCTTTCGTTTGCGCTTTGGTGGACCGTCTTCCGTCCGCTCTCCCTCTCTCGGTTTACTTCTTTAGCTTGTCTAAGCGATTCTGTGTGAAGGCATGCTGGG
Seq_26_LinJ.30_minus,LinJ.30,100.000,1000,1000,1353282,0,0,1,1000,1068832,1067833,0.0,1847,minus,CGGTGTTTGCCTGACTGTTTGTGAATATGCGTGCGTGTTTGTGTGTGTCGCTACACTTTCTTCAATCGCCTCGGTCCGAAGAGGTCACTTCCACCGCCATCCCTATCCTCGTTTTGCCACTTGAGTACTGGAAGCTGTTGACACCTCGCCCATGTCTGAATTCGGCCGGTCCTTTTTATTCATGTTGCGATGCGTCTCCCTATTCGATTCCGCCCTCGCACACTGTCTTCTGTTCTTCTCTATCGGTTAATCTGCCTGATGGCGAGGGCACGCCTCTCGGCGTGGAATCTCAGGGTTCCGCGCCTTCACTCTGTGCAGGAAAGCCAAGCAGCTCTCTCCTATCCCCTGCCAAATGCAGAACCACCTCTGGCGGTGACAAGATTAAGTTCCTGCAGCGTAGGGAAGTCAGTGAGATGTATCGCTGCTGATGTTGGTGATCAGGTCGTGGATGGCGTTGCGTCGGCGCGGCCTGCGACTTTGTACAGGTTTGCACCACCCGTGATGGGCAGAGTGTCAGAATGACTCGAACGCCTCCCACCAGGCCGTCACACTGCCTGCCGACAAGAAGCCTGAGAGCCACCCCGAGGGGGGACGCTTCAGGTGGCGACCGGCACCATGGGAGCGGCTGTGAGGCAACCTGCGCAGCGGGTGGGCGGCTAGAGCTTGAGGCTGAGGCCGCGCTCAGGTGCCTGAGTCTGCGCATTGCTGTAACGCACTTGCCTACGGCATACTTCACACTACGCGATGGGGCCTGTGGCAGGGCGGGTGGGGAAGAGTGAAGTTGAGTTTATGCCGCCTTGCAGAGAATGAGTTTGCTGGAAAGCGTCGTCGGCCAATGTCCTTGTTTGGTTTCGTTGTACCCCCACCCCCCCCACCCCCAAAAAAAAAATTATTATTACGGTAAACTTGCTTCCCTCACCCTCTCTATATCAAACTTCGCCCTCCCGCGCCTCTAACCATGAACCTATATCTCTTACCCCGCTCACGCCTCCTCGTTGTT
Seq_16_LinJ.30_plus,LinJ.30,94.926,758,534,1353282,,,,,1242579,1241822,3.05e-48,581.5,minus,GGAGGGAGACCTGAGTGGGTGGTATCTCAGGGTCCAGTCCCCCATGCAGTGGGAGGCGACTAGGCGGCCCCCCTATCCCTGTCCATGCCGAGACACTTCCGGTGGCGACAAGGGCCAGGCACCTTCGAGGTGGGGAAGTCGGTGCAGTGTGTCGCTACCGATGTCGGCAGCCAGGCCCTGGATGGCGTGGTGTCGAAGCCGCCCGAGCCAGTGAGCACGTTGGTGCCACTCACATGATTAGGCAGAGCGTCAGCGTGACTCGAGCATATCCCGCCCGGCCCTCACACAGCCTACCAGTGGGAGGGAAGCCTGAGCCGCCTCAGGGAGCGGATGCACCAGGTGGCGCCCGGCATGATGTGAGCGGCTGTGAGGCGACCTGCAAAGCGGGTGGTGTGTAGAGTTCGGGGCAGCGGACGTGTTCGGGTGACGGCGCCGGCGTTGCCTTCATGCATACCTAGGGCGGCTTCACACCACGCGGTAGGGGGGGGGGTCGGGTGTGCTCATTGCTCTATCGCAGAATCGGCGAGTTGGGAAAAAGAAAGAGGCAAAAATCTATATGCGCTTCCTTCGTCTTTTTGATACCTGGTGAGGCAGTTTAAACACGATCATCACGCCAGCACGTCTCCTCGGCACCGCGCCAGCCAAGCGCTGTCCACCGACACCAAGAGGCCGCAGCCGTGCCCGGAGGCCGGGCTGCAGGCTCTCGGCCTCCACACACAGAGCGTGGGTACTACATCCTGACATCACGGTTGGGTGGC
Seq_50_LinJ.30_minus,LinJ.30,100.000,925,925,1353282,0,0,1,925,1292741,1291817,0.0,1709,minus,TCTACGCTACAACGTGCCATTAAACCACGCGCAAGCCAGCAAAGGCACACGCATGCACAGTTGCAGCCCACGCACCCACTGCCGCGCTGCGGCGACGTCCTGGCCGTCTAGGAGCAACCGTCATGCCGTCGAATCGGGACATGCGTCTAGCGGGCCCCTCCTCTCCCGCCTCGTCCCCTCTTCGGGTACGTGCCGCGCGGTTGGCGCCACTCGGGCCTGGCTGAGCTGCACGCCTCGATTATCCAATGCGGGCTGCGTCCAGGGTCCGGCTCGAGGGCGAAAGCGGTGGCGTCCGTCGCGCGGGTAACAGAGGGCGGTCCAGGTGCATGCCGAATGGACTCAGGGAGGAGGTTGGCCAGCCTCAGGGCAGGGCCCTCTGAGGCCCTGCACTCGGCATAGGTGCCATCTTTCCCCCGCAGTCGCATCAAGCCGCGGCATTCCACAATGTGGTGTAGGGGCTCTTCACATCGTCGGTCGGGCTATTTTAACGGAAACACGCAAGAAAAAAAGAGGGAGAGGGAAGGCGGAAACACGGGAGATGAAAACAGAAAGAGTGCACAAACGCGCAGACACACAAACGCTGAAACCAGATTAACAAGTGGACGTAGAAGAGAAAACAAAAACGCATCACACGTCTGTTACCCAACATGATCAGCGCGGAGAAAAGCACACAGAGGGAAAGGCCCGAAAGGGGGTGGGGGAATGAATGATGATGGGAGATGTGACGCCGTGGCAGCAGCTCCTTATAGCGCTGCACTATGCCGGGAAGTGAGGTTGCATGAGTAGCGGCACACCTCGCAGTCGATGAGAAGGGAGCTGAGCCGTTCAGCGGGATAGAAGGGGGTGTGCGTCGCACTCGGTACGCCTGCACGGAAACGCGCCCCTGTGCAAGCACTTCGCTTACTCGACCATCTTCTTGGGCACC
Seq_31_LinJ.30_minus,LinJ.30,98.124,753,854,1353282,,,,,1230027,1229275,1.18e-82,452.0,minus,GCCAGCAAAGGCACACGCATGCACAGTTGCAGCCCACGCACCCACTGCTGCGCTGCGGCGACGTCCTGGCCGTCTAGGAGCAACCGTCATGCCGTCGAATCGGGACATGCGTCTAGCGGGCCCCTCCTCTCCCGCCTCGTCCCCTCTTCGGATACGTGCCGCGCGGTCGGCGCCTCATCCGCCCGCACGGTGGGATGGAGGAGATGCCGCATGCTGCGCGCGCATGCGCTGTGGGCATAATCGGCATGTACTACGGGGCTCCTCTCTCGCTCATCACTCGCGCTCCCTCCCTCTCTCTTGCTGCACCGAAAGACTGAACGCTGTGCAGACCAAGCGCCTTCCAGGCCTGCAGGGGAGAAGTGAGTCTCCTGCAGCGTACACACTTGCAGCGAGGACTCGTCGAGGAGACGGGACAACCAACGCCGTGTGGCGTCGTCCAGCCCACTGCGATTCCGGTGCATGCAGAGCGGGCCGTTGCCGCGATCACGCTCCACACCACCGCAACGCAGCAAAGGCAGCAAAGGCAGAAAAGCGGTGGGCGCCTGCGCGCATATGTGGTGAGCCGTCGGTGCGACTCGTCGTGAGCTGGTCCAAGCGCGATCATGGCCGCACGTCTCCTCGGCACCGCGCCAGCCAAGCGCTGACCGCCGACGCCAAGAGGCCGCAGCCGTGCCCGGCGGCCGGGCTGCAGGCTCTTGGCCTCCCCACACAGAGCCTGGGTTCCACACCCTGATACCATGGTGAAGTAAACGG
Seq_23_LinJ.30_minus,LinJ.30,97.608,418,419,1353282,9,1,1,418,815827,815411,0.0,715,minus,TCAGGGCGAGGCATGGCATACAGGCCGGGTGTGCAGAGGGTCATGACCTGAGGCTGATCAACTTCCTCTTTGATCTCGCCCTGCATGCGCCTAGGCCACCTCCTGCTAGCTGCACGACAGACGCCATCGCCTCCGCGCTGGAGCACGTTCCTGGACGCGGCCCGCCTGGGGATCCAAGGTGTGCAGCCCACCCATGTCTCCGTGTGGCGCCGATCGGGCAGCACGTATGGTGCAGAAGTGATGCGGATGGTCAAGCAGATCCCGCCACACGCTTGACCGGACGCAACGGCAGGACAGATCGTCCTAGACGACCAGGATTCAGCTGCATTCCTACAAGGGTAGGTGGACAGCTGTGGCCGTGGTATGCGTGTGCTTGCTGATTTACTTGTGATGGTATTGGACACGTTGACAGAAGAA
Seq_35_LinJ.30_minus,LinJ.30,100.000,566,566,1353282,0,0,1,566,782782,782217,0.0,1046,minus,CTTCCTGATCGCCTCCCTGATGAGGAGGGACATCTCCGTGCGTCGTATCCTCAGGGTCCCCAGTGGTGCACGGACTCTGCGGGGGAAGAGAACTCAGGCAGCCTCCCCCGCCCCTATGTATCCCCTGCCGATCCCAAGCCACGTCTGGTGTTGACAGGGTCCAAGTGCCGGCGGCGTAGGGAGGCCGGAGCGATGTATTGCTGCTGATGTCGGCGGCCAGGTGATGGACAGTGTTCTGCTGGAGCGAGCGGCGACCGTGCACACGCTTGTGCCATCCACATGATGGGCAGAGTGTCAGCCTGGCTCGAGCGCAACCTATCACCCAGATCCCCTCGCACTGGCCTACTGATGTGTGTGTGTGTGTGGGAGGGCGGGAGGCCTGAGGCGCGTGGGGTGGGTGGAGTTTAATGCCGGGGCCGTGCTCGCAGATGACTGCGTCGCCGCATTGCTGTACGTTGCGCGTGTCTAGCGCTGCTTTGGACCAGGCGCATGGGGCCCGTGACCGGGTCGTGGGGCAGAATGGCGTTGAGCCTCATGCCCTATTACAGAAAATAGACACGGTGAGG
Seq_49_LinJ.30_minus,LinJ.30,96.617,532,565,1353282,14,3,25,552,778923,778392,0.0,880,minus,GAGGGACATCTCCGTGTGTCGTATCCTCAGGGTCCCCAGTGGTGCACGGACTCTGCGGGGGAAGAGAACTCAAGCAGCCTCCCCCGCCCCTATGTATCCCCTGCCGATCCCAAGCCACGTCTGGTGTTGACAGGGTCCAAGTGCCGGCGGCGTAGGGAGGCCGGAGCGATGTATTGCTGCTGATGTCGGCGGCCAGGTGATGGACAGTGTTCTGCTGGAGCGAGCGGCGACCGTGCACACGCTTGTGCCATCCACATGATGGGCAGAGTGTCAGCCTGGCTCGAGCGCAACCTATCACCCAGATCCCCTCGCACTGGTCTACTGATGTGTGTGTGTGTGTGTGGGAGGGCGGGAGGCCTGAGGCGCGTGGGGTGGGTGGAGTTTAATGCCGGGGCCGTGCTCGCAGATGACTGCGTCGCCGCATTGCTGTACGTTGCGCGTGTCTAGCGCTGCTTTGGACCAGGCGCATGGCGCCCTCTGACGGGGCCGGTGGGGCAGAATGGCATTGAGCCTTATGGCCGATGGCATAAAA
Seq_49_LinJ.30_minus,LinJ.30,98.252,572,565,1353282,3,2,1,565,773231,772660,0.0,994,minus,CTTCCGGATCGCCCCCCCCCTGATGAGGAGGGACATCTCCGTGCGTCGTATCCTCAGGGTCCCCAGTGGTGCACGGACTCTGCGGGGGAAGAGAACTCAGGCAGCCTCCCCCGCCCCTATGTATCCCCTGCCGATCCCAAGCCACGTCTGGTGTTGACAGGGTCCAAGTGCCGGCGGCGTAGGGAGGCCGGAGCGATGTATTGCTGCTGATGTCGGCGGCCAGGTGATGGACAGTGTTCTGCTGGAGCGAGCGGCGACCGTGCACACGCTTGTGCCATCCACATGATGGGCAGAGTGTCAGCCTGGCTCGAGCGCAACCTATCACCCAGATCCCCTCGCACTGGCCTACTGATGTGTGTGTGTGTGTGTGTGGGAGGGCGGGAGGCCTGAGGCGCGTGGGGTGGGTGGAGTTTAATGCCGGGGCCGTGCTCGCAGATGACTGCGTCGCCGCATTGCTGTACGTTGCGCGTGTCTAGCGCTGCTTTGGACCAGGCGCATGGGGCCCGTGACCGGGTCGTGGGGCAGAATGGCGTTGAGCCTCATGCCCTATTACAGAAAATAGACACAGTGAG
Seq_4_LinJ.33_minus,LinJ.30,72.27,453,621,1353282,,,,,4304,3852,2.08e-08,83.3,minus,GAGACACCTCAGCGCAGTGAAAGGGACAAGCCCGTACGACGTAGGTGAGGTCAGAGCGATGTATCGCTGCTGATGTCGGCGGTGAAGCGCTGGATGCCGTGGCTTCGCAGCGACCTGCAGCAGTGAAGACATTTGTGCCATCCTTCTGATGGACAGAGTATCAGCGTAACTCGAACGTATCCCACCCCGGCCCTCGCACTCCCTACTTGTGTGGGAGAGTCTGTGCCATGGCGAGCGGAATGCGCCAGGAGTGGCAACCTCCATGATGGGGAAGTGCCTGTGAGGCGACATGCGAGGCCGGGGGGGGGCGAATGAGTAGTATTCGAGGCAGAGGCCGTGCTCTCCGATGACTGAGTCGGCACATTGCTGTACCGCGCGTGTCCACGGCTGCTTCGCACCACGTGACGAACCTGTGAAAGGCCTGGGCCCGAGTGGCGTTTGACTCATGCTGTA
Seq_1_LinJ.30_plus,LinJ.30,97.013,617,635,1353282,,,,,266384,265768,0.00e+00,949.5,minus,CACCCGTCACCCGGATGACAGGGGGGGGCGGGGTGATGCCGCAGCGCGTGGCATCTCAGGACCCAGTGCCCCCACTCTGTCTGGGGAGGCCACGCAGCCCCTCCTTCGTCTCTCCCCCTGCCCAATGCCGAGCCGCCTGTGGTGGTGGCGCGGTGAAGCACCTGCCACGTGGGGAGGTCAGGGCGATGTACCGCCCCACTGACGCCGGCGGTCGGGCCCTGGATGGCGCTGCGGCGGAGCGACCTGCGGCAGTGCACAGGCTTGCGCCACGCATATGGTAGGCGAAGCGTCAGCGTGGCTCGAGCGTGTAATCCCACCCCCGGCCCTCGCACTGCGTACGGGGGTGTGGGGAGCCACCCACCCACCCCTGAGGAGAGAATGCACCCGGTGGCGCCCGGCATAGTGGGGGAGCGGCTGTGAGGCGACCTGCGGGGCGCGGGTGGGTGTGCGGTGCTCGAGGCAGGGGGGTGGTGCTCCGACGGCTGAGCCGGGCGCATTGCTGCACTGGCGTGTCTCTCGCTCTGCATCGCACGACGCGGATGGGGGCCTGTGGCAGGGCCTGGGGGGGTTATCGAGAGGCGCTCAGTGAAATGCACTGTGGCAGAGAATGGACTCAC
Seq_56_LinJ.30_minus,LinJ.30,99.465,561,562,1353282,2,1,1,561,106390,105831,0.0,1018,minus,CCCCTGAATGACGGGGGGACACCTCAGCGCGTGGCGTCAGGGGTCAGCGCCTCACTCTCTGCGGGTGACCCAGGCAGACCCTAACCCTTGCCAGACGCCGAACCGCTTCTGGTGGTGACAGGGTCAGGTGCCTGCGGCGTGGGGAGGCCAGAGCGATGTATCGCAACTGATGTCGGCGCTCAGGTCCTGGATGGCGTGGCGTCGGAGCGACCTGCGACAGTGCACAGGCTTGTGCCATCCATGCGTTGTGCAGAGTGTCAGCGTGACTCAGGCGTGTATCTCACCCCCGGCCCTCGCAAATGCTTACTGGTGTGGGGATCCTGCGCCACCCTAAGAGAGATGCCCCACGTGGCAACCGGCTCGACGGGGGGCGGCTGCGAGGCGGAGGTCGGGCCGAGCTCGACGCAGAGGCCGTACTCCGATGACTGAGTCGGCGCATTGCTGTACCGCGCGTGTCCACGGCTGCGTCGCAGCACGCGATGTGGCCTGTGGCAGGCCGTATAGAGTGGTGCTCTACTCCCTGCTGTACGGCAGAGAATGGGCTCGCTGAAACGAACACA
Seq_41_LinJ.30_minus,LinJ.30,100.000,542,542,1353282,0,0,1,542,318953,318412,0.0,1002,minus,TGTGTGTGTGTGTGTGTGTGCGGTCGGGCCGCTGACACCGAGAGGGCTGCATACCGGCAGGAATCAAACGCGTCTCTCATACAAGGGCATCGCCAGCCGTATGCGCCTGTGACTGTGTGCATGGACGAGAGCGCGGAGCCACACGCCCTCCCGCCTTCCTGCCTCACAGGGTGGAGGCGTGAAGGGGGCCGGGTGGGCGGGGCTTACTCGGGAGGCTTGGGCAGTGGAAACAACGAGAGAGAAGAGGCCATGACGTCACTGGGGCGCTTTCTCGAACAAAATGCAAACTACAAGTAGCAGTCACAGGTAGAACAAAGACCTCGCCTTCACTCGGCAACGAACACTTCATCGTCCCCCCGATCGTGCAGAGCCGCTATCTCCCGAGGAAAGCGCGCAAAGACGAATAAAGAGAACGAGGAAAGCGGAACGTCCCGTTCAGCCGAGCCTGGCGCGGCCCTTCGCTGCCTCAAGACGGAGAATAAGGCGCGGGGGAGAGAGCGAGAGCTGGTCGCCGGCAGCCCGCTGCCCACAGCACGCCTTTA
Seq_42_LinJ.30_minus,LinJ.30,100.000,542,542,1353282,0,0,1,542,289784,289243,0.0,1002,minus,TGTGTGTGTGTGTGTGTGTGCGGTCGGGCCGCTGACACCGAGAGGGCTGCATACCGGCAGGAATCAAACGCGTCTCTCATACAAGGGCATCGCCAGCCGTATGCGCCTGTGACTGTGTGCATGGACGAGAGCGCGGAGCCACACGCCCTCCCGCCTTCCTGCCTCACACGGTGGAGGCGTGAAGGGGGCCGGGTGGGCGGGGCTTACTCGGGAGGCTTGGGCAGTGGAAACAACGAGAGAGAAGAGGCCATGACGTCACTGGGGCGCTTTCTCGAACAAAATGCAAACTACAAGTAGCAGTCACAGGTAGAACAAAGACCTCGCCTTCACTCGGCAACGAACACTTCATCGTCCCCCCGATCGTGCAGAGCCGCTATCTCCCGAGGAAAGCGCGCAAAGACGAATAAAGAGAACGAGGAAAGCGGAACGTCCCGTTCCGCCGGGCCTGGCGCGGCCCTTCGCTGCCTCAAGACGGAGAATAAGGCGCGGGGGAGAGAGCGAGAGCTGGTCGCCGGCAGCCCGCTGCCCACAGCATGCCTTTG
Seq_43_LinJ.30_minus,LinJ.30,100.000,478,478,1353282,0,0,1,478,1337026,1336549,0.0,883,minus,CACTCGTGCTCCCTCCCTCTCTCTTGCTGCACCGAGAAGACTGAACGCCGTGCAGACCAGGCGCCTTCCAGGCCTGCAGGGGAGAAGTGAGTCTCCTGCAGCGTACACACTTGCAGCGAGGACTCGTCGAGGAGACGGGACAACCAACGCCGTGTGGCGTCGTCCAGCCCACTGCGATTCCGGTGCATGCAGAGCGGGCCGTTGCCGCGATCACGCTCCACACCACCGCAACGCAGCAAAGGCAGCAAAGGCAGAAAAGCGGTGGGCGCCTGCGCGCATATGTGGTGAGCCGTCGGTGCGACTCGTCGTGAGCTGGTCCAAGCGCGATCATGGTCGCACGTCTCCTCGGCACCGCGCCAGCCAAGCACTGACCGCCGACGCCAAGAGGCCGCAGCCGTGCTCGGCGGCCGGGCTGCAGGCTCTTGGCCTCCCCACACAGAGCCTGGGCTCCACGCCCTGATACCATGGTGAAGTAAAT
Seq_21_LinJ.30_plus,LinJ.30,99.181,452,438,1353282,,,,,992148,991697,3.96e-173,701.0,minus,TCTCCAACGTGCCCACTCGACAGCGAACAGGTCAGCAAACTATATGAGTGCACAGTCCCAGCTGTTTACTTTCCACTGCTGCACGGTGGCTGCTCATCAAGGACATATCGGGTCAGCCAGCACCGTTGGGCGTCGTTCCGCCCACTTGGATTCCACTGCAGGCAGCGCAGACCAGGTACGGGATCACACTCGGCATCACCGCAACGCAGCAAGAGCAGGAATAAAACGTGGGCGGATGCGTGCATTCGACGACCTGTCGACACGATTTGTAGTGAGTCGTTACAAGCGTGGCCATGATCCGCAGGTCTCCTCGGCACAGCACCGGCCCAGACCTGTCCACTGGCACCGAGAGTCGGCCAGCCGTGCCCCGAGGGCGGGCTGTGCAGGCGCTTGGCTTCCCCCACAAAGAGTGTGGGGTACGGGGCCCTGATACGGCGGTGAGACCGCCGGCC
Seq_13_LinJ.11_plus,LinJ.30,86.684,569,309,1353282,,,,,109976,109408,2.93e-07,387.2,minus,TCCCCTGGATGACGGGGGGACACCTCAGCGCGTGGCGTCAGGGGTCAGCGCCTCACTCTCTGCGGGTGACCCAGGCAGACCCTAACCCTTGCCAGACGCCGAACCGCTTCTGGTGGTGACAGGGTCAGGTGCCTGCGGCGTGGGGAGGCCAGAGCGATGTATCGCAACTGATGTCGGCGCTCAGGTCCTGGATGGCGTGGCGTCGGAGCGACCTGCGACAGTGCACAGGCTTGTTCCATCCATGCGTTGTGCAGAGTGTCAGCGTGACTCAGGCGTGTATCTCACCCCCGGCCCTCGCAAATGCTTACTGGTGTGGGGATCCTGCGCCACCCTAAGAGAGATGCCCCACGTGGCAACCGGCTCGACGGGGGGGCGGCTGCGAGGCGGAGGTCGGGCCGAGCTCGACGCAGAGGCCGTACTCCGATGACTGAGTCGGCGCATTGCTGTACCGCGCGTGTCCACGGCTGCGTCGCAGCACGCGATGTGGCCTGTGGCAGGCCGTATAGAGTGGTGCTCTACTCCCTGCTGTACGGCAGAGAATGGGCTCGCTGAAACGAACACAACAGAAT
Seq_65_LinJ.30_minus,LinJ.30,100.000,1000,1000,1353282,0,0,1,1000,491922,490923,0.0,1847,minus,AGGAGGCAGGAGCAGCGATCCACTTCCAAGTGCGAGCGGGCGATGGGCCGTTGCCGCTGGCTGCAGTGTCGCGCACCAGAGAGTGTGTACTGCGTATTTTTCTTTTCGCGAAGGGCGAGCACTCATCTCCACAAAGCGCTCCAGCGTCCAGTGTCCCACCCTCCAGAGGGCGGATTGCACTGTGGCCCGTGCGGCAACCTTGTCCGAGGAGCGTGTGAGGAGTGCGAGGCCATCAGCAAAGGGGGCGTGGTGCAGTCCGGGTGTTTTGTTGAGCTCCACACTCAGCGAGCCCACCACAATCATGAAGAGGGCCTACGGCTGATGCTTGTGGGGCTCCGCATGCAAACTCGGCCATCCTCGATCGCCGCGTGCGGAAGCCAACACAGGCGCGACGATCGTCTGAGAATTCCATGACCCAGCGAGTAAGGCGTGGGTCTACGTCGAACCTCCTCAGCGCGCCGTCGTGAGGGCGCCGTGATCGACCGAGCCAAGCGCGCGAGCGCAGAGCCCGCAAGCACTGCGCCTGCCTTGGTGCCCTGTCAGGGCTGCACTGCTTTGTGAAGGAGCGAGCCCATGGGGAGGGGGGATGCGGTGGAGCGGTGCGGCCGGAGGCCGGAGTGCTGTAGCTCAAGCCCGTCCTCTAGAAAGTCGCGAGGCCATTCGTTTGAGTAACTTGCACAGATCGCTGGCTAGTGTCACAGGGGCCGTGTGACGCGGGGTCGTCACCGGGCTTGTGCAGCCACAGGAGGGGCCCACAGCAGGCTCCTCTTTCCATGCAGTAGGGGCGCGGCCGGCGGCGACCCTCTGGTTTTAGATGCTGAGCAGCGCGCTCCTGACCTGCATCGGGGCGGCCTCGACACTCCCACAGTGGATTTCGTCGACGCCCGGGGCAGGGCCGCAGTAGGCTTCACGGGGTGCCACCTCGAGCCCGCCCATCGTGAGCGGTTTGAAGGGCGTGGTGCAGGGCCTCCGTAGAACGCGGTGGGGCGCGAAGGAGGCT
Seq_65_LinJ.30_minus,LinJ.30,99.900,1000,1000,1353282,1,0,1,1000,498096,497097,0.0,1842,minus,AGGAGGCAGGAGCAGCGATCCACTTCCAAGTGCGAGCGGGCGATGGGCCGTTGCCGCTGGCTGCAGTGTCGCGCACCAGAGAGTGTGTACTGCGTATTTTTCTTTTCGCGAAGGGCGAGCACTCATCTCCACAAAGCGCTCCAGCGTCCAGTGTCCCACCCTCCAGAGGGCGGATTGCACTGTGGCCCGTGCGGCAACCTTGTCCGAGGAGCGTGTGAGGAGTGCGAGGCCATCAGCAAAGGGGGCGTGGTGCAGTCCGGGTGTTTTGTTGAGCTCCACACTCAGCGAGCCCACCACAATCATGAAGAGGGCCTACGGCTGATGCTTGTGGGGCTCCGCATGCAAACTCGGCCATCCTCGATCGCCGCGTGCGGAAGCCAACACAGGCGCGACGATCGTCTGAGAATTCCATGACCCAGCGAGTAAGGCGTGGGTCTACGTCGAACCTCCTCAGCGCGCCGTCGTGAGGGCGCCGTGATCGACCGAGCCAAGCGCGCGAGCGCAGAGCCCGCAAGCACTGCGCCTGCCTTGGTGCCCTGTCAGGGCTGCACTGCTTTGTGAAGGAGCGAGCCCATGGGGAGGGGGGATGCGGTGGAGCGGTGCGGCCGGAGGCCGGAGTGCTGTAGCTCAAGCCCGTCCTCTAGAAAGTCGCGAGGCCATTCGTTTGAGTAACTTGCACAGATCGCTGGCTAGTGTCACAGGGGCCGTGTGACGCGGGGTCGTCACCGGACTTGTGCAGCCACAGGAGGGGCCCACAGCAGGCTCCTCTTTCCATGCAGTAGGGGCGCGGCCGGCGGCGACCCTCTGGTTTTAGATGCTGAGCAGCGCGCTCCTGACCTGCATCGGGGCGGCCTCGACACTCCCACAGTGGATTTCGTCGACGCCCGGGGCAGGGCCGCAGTAGGCTTCACGGGGTGCCACCTCGAGCCCGCCCATCGTGAGCGGTTTGAAGGGCGTGGTGCAGGGCCTCCGTAGAACGCGGTGGGGCGCGAAGGAGGCT
Seq_67_LinJ.30_minus,LinJ.30,96.448,658,339,1353282,,,,,955939,955282,3.87e-71,446.0,minus,GGCCGGCGGCGTCACCGTCGTATCAGGGCCCCGTACCCCACACTCTTTGTGGGGGAAGCCAAGCGCCTGCACAGCCCGCCCTCGGGGCACGGCTGGCCGACTCTCGGTGCCAGTGGACAGGTCTGGGCCGGTGCTGTGCCGAGGAGACCTGCGGATCATGGCCACGCTTGTAACGACTCACTACAAATCGTGTCGACAGGTCGTCGAATGCACGCATCCGCCCACGTTTTATTCCTGCTCTTGCTGCGTTGCGGCGATGCCGAGTGTGATCCCGTACCTGGTCTGCGCTGCCTGCAGTGGAATCCAAGTGGGCGGAACGACGCCCAACGGTGCTGGCTGGCGCGCGCCCGTCACGAAGCGTGGGCACAGGGGTCTGCATTCTGTAAGACCCGCAGCTCACCCTCACAGGCCCCACAGCGCACCTGGCGTGCCAGCCTCTCAGCATCCCGGTGTAGCAAGAGAGAGGAGGCACCGCCCTGGCGTCCCCGTGCTCAGAGCACGACACGGGCACAACTGTACGCCCTCCCCCTCCTCTCAACGACAAAAGCGCAGCAGCGGCGTTGCGTCTGTGCTGCCACGTCCCAGCTGGGCTCATACACACCACCTCGGGCTGCACACCTAACAGTCACCTCGCGGCACGGGAGGCTCTCCATCACAC
Seq_68_LinJ.30_minus,LinJ.30,100.000,441,441,1353282,0,0,1,441,963453,963013,0.0,815,minus,TCTCCGTCGTATCAGGGCCCCGTACCCCACACTCTTTGTGGGGGAAGCCAAGCGCCTGCACAGCCCGCCCTCGGGGCACGGCTGGCCGACTCTCGGTGCCAGTGGACAGGTCTGGGCCGGTGCTGTGCCGAGGAGACCTGCGGATCATGGCCACGCTTGTAACGACTCACTACAAATCGTGTCGACAGGTCGTCGAATGCACGCATCCGCCCACGTTTTATTCCTGCTCTTGCTGCGTTGCGGCGATGCCGAGTGTGATCCCGTACCTGGTCTGCGCTGCCTGCAGTGGAATCCAAGTGGGCGGAACGACGCCCAACGGTGCTGGCTGACCCGATATGTCCTTGATGAGCAGCCACCGTGCAGCAGTGGAAAGTAAACAGCTGGGACTGTGCACTCATATAGTTTGCTGACCTGTTCGCTGTCGAGTGGGCACGTTGGAGA
Seq_14_LinJ.22_plus,LinJ.30,75.624,185,1000,1353282,,,,,1152077,1151893,5.64e-13,76.8,minus,CTCACCGTGGTATCAGGGCCCAGTACACCACACTCTGTGTGAGGAAGCCAAGAGCCTGCAGCCTGCCTCCGCTCATAATGGCTGACTTTTGGTATCGGCAGTCAGGACTGGGCTGGCGCTGTGCCGGTGAGACTTGCGGTCATGATCGCATCTGCCCCAGCTCACTACGAATCGCCTCCGCGATT
Seq_20_LinJ.33_plus,LinJ.30,78.676,136,549,1353282,25,4,250,383,1017855,1017722,5.91e-17,87.9,minus,AACAAGGATGCTGAGCTCCCTACGCAGCAGGGGGCCTCGTTACCCAGTCCCGCACGGACACCTGCCCGCACGCTGGCTTCCTGCAGCGCCAGGGGACTGGAAGTGACAACATGGCGTGCAGGTGGGTTTGCTGC
Seq_74_LinJ.30_minus,LinJ.30,100.000,763,763,1353282,0,0,1,763,499197,498435,0.0,1410,minus,CTGTACAGCGTGTCATTTCATCACACCCACGTCATCAAGTACGCGCATGCAAGCACAGCCCGCCCAACCGCTGTGGCACGACGGCTGAAGCCTGGTCGTCTGCGAGAAGCCGTCGGCCGTCGAATCGGGCCATGTGTCTATAACCGGCTCCTCTTGCCCTTCCTCGTCCCTTCTCCGAGTACGTCCTGCGCCATCGGCACCACACCGGCCTGGGTATGGGCGGCACGCCATCTGCACACCATCTCGACTCTGACAGTCACCCACCGCTGCAGGAGCCCAAAGGTACGGGTCAGGCGCCGGCGCGGAGCTGGGCGAGGATGGTGGCCTGTCGTCTCGTGAGCTCCAGCACCCTTGTTCCTCTGGTGTGGGGCGGCCGCCGCCAGGTATCGCTTGCCGTCGCGCGTCGCATCGTCTACCGCGGTTGCGGGGGATGGCGGCCCGGCGTCTGAGACCGGTGACCAGGTCCGTGATCCATGCTGTTGGCGTCGGCTCCTCTGGCGTTGCCGATCTTGCAAGTTTGTCATCCTTGCCGGTGCGCGCCAACCCACGCTGGTCAAAGACAGACTGCCATGAGAGGCGCGCGCGGCCGCAGCGCACGAGGGAGGTGTGTGCATGCGGAGCCCGCAGGGGCCAATGCCTGCATGCCCGCACGAGAGCTGCCGAAGCGCTGTGGCAGCGCCGGCATCCGGCGTGTGCGCCTGCCGCGCCAAATGCACAAGGAAGCCGCCTCGCGCGGTCGAGGAGAGACACAGGCGGGTGCGGC
Seq_74_LinJ.30_minus,LinJ.30,99.476,763,763,1353282,4,0,1,763,493023,492261,0.0,1387,minus,CTGTTCAGTGTGCTATTTCATCACACCCACGTCATCAAGTACGCGCATGCAAGCACAGCCCGCCCAACCGCTGTGGCACGACGGCTGAAGCCTGGTCGTCTGCGAGAAGCCGTCGGCCGTCGAATCGGGCCATGTGTCTATAACCGGCTCCTCTTGCCCTTCCTCGTCCCTTCTCCGAGTACGTCCTGCGCCATCGGCACCACACCGGCCTGGGTATGGGCGGCACGCCATCTGCACACCATCTCGACTCTGACAGTCACCCACCGCTGCAGGAGCCCAAAGGTACGGGTCAGGCGCCGGCGCGGAGCTGGGCGAGGATGGTGGCCTGTCGTCTCGTGAGCTCCAGCACCCTTGTTCCTCTGGTGTGGGGCGGCCGCCGCCAGGTATCGCTTGCCGTCGCGCGTCGCATCGTCTACCGCGGTTGCGGGGGATGGCGGCCCGGCGTCTGAGACCGGTGACCAGGTCCGTGATCCATGCTGTTGGCGTCGGCTCCTCTGGCGTTGCCGATCTTGCAAGTTTGTCATCCTTGCCGGTGCGCGCCAACCCACGCTGGTCAAAGACAGACTGCCATGAGAGGCGCGCGCGGCCGCAGCGCACGAGGGAGGTGTGTGCATGCGGAGCCCGCAGGGGCCAATGCCTGCATGCCCGCACGAGAGCTGCCGAAGCGCTGTGGCAGCGCCGGCATCCGGCGTGTGCGCCTGCCGCGCCAAATGCACAAGGAAGCCGCCTCGCGCGGTCGAGGAGAGACACAGGCGGGTGCGGC
Seq_2_LinJ.23_plus,LinJ.30,72.74,529,548,1353282,,,,,39743,39215,1.28e-17,94.8,minus,CTCAGTGCGTGGCATCCAGGGCCCCGTGCACTTCCACTCGGGGTGGGGAGGCCAGGCCCCCCCCCCTCCCCCTAACCCAGCCAATGTCGAGCCACCTCTGGTGGTGATAGGGGCAAGTGTCTGTGACGTAGGGAAGGCCCGCGCGATGTTTCTCTACTGGTGCTGGTGGCCAGGTCCTGGATGGCGTTGCGTTGCGGCAACCTGCGACAGTGCACGGGTTTGTGCCGTTCACGTGCTGGACGGAGTACCGGCCCAAGTCGCATGTACCCCGCCCCCGGCCCTCACACTTTGGCCACTGGTGCTCGGAGGCCTGAGCCGCCCCGACGGGGATTCACCACATGGAGACCAGCATGATAGGGTGCGGCTGCGAGGCGACATGCGAAGCAGGTGAGTGGCCAGAGTTTGAGGCAGGGGCCGGGCTCTCAGATGGCCGAGTCGGCGCATTGCTGTTGCACATGTCGAGGGCTGCTTCGCACCACGCGGATGGTGGCCTGTGACGGGGCCGGGCGGGGGAGGGGGGAAGGAGGTC
Seq_68_LinJ.33_minus,LinJ.30,75.525,839,782,1353282,,,,,288743,287905,8.70e-09,121.6,minus,ACAACGGCAGCGCATCCACCTCTGCCGCGATACAGCTGAATCCGGGTCGCCATGGACGAGTCGCCCTTCTGTCGAATGCGGGCACGCCTCTCTAACGGGCTCGGCTTGTCCTTGCCTTGTCCCTTCCTCGGGTACGTGCTGCGCGATAGGGGCCAGGTGGAGACTCGGCTGTGTTGCACGCCTTGATCCAAGCAGACCGCCTCTGGGGTCCTGCTCGAGAGGCGGAACGTCTTGGCGTGTGGCGTGCGGGTAGCAGCGGGGCTGGCCTAGGCGCATGCCGGATGAGCTTAGGGAGGCAGTTGGTCAGCTGCAAGCCAGGGTCCTCTGGAGACCTTGCACCCCCTGCCTGTGTGACATGTCCCCCTTCAGTCGCCTCGAGCAGCGGCATTCCGCAATGTGGTGCGACGGCTCGCCACACTGGAGAGTCTGGAGTACTCGATGATGCAGCTCAGGGTGTTCTCGTCATGTTTCTGGGGTCTGCGCCTCATCGGCCAACCCAGCCGGATGTAGCAGATGCCTCATGCCTCGCACCCATGCACCCTGGGGCTGATCGGCGTGCATCTCTGCGCACCTTTCCCCTCCATCACTCGTGCTCTCCTAACGACCGCGTGCCTCGGTTAGATGCGGTACACGACATGCCAGCGGTGCTTGGCATGCGCGTGCGCACAGTGTCCACACCAGTGAACCTCAGGATCCGTTGCAGGGCAGCCGTGTTGTCTGGTGAGCTCGCTGTCATTATCTTCCGTTTCCGCCGATATTACAAGGGGCGTGCCTGGATGGCTTGCCCGCATGCGCCGCGACAGGTGGGACAATGCCGTGAGTTTGTGGCGGCCGGGGGG
Seq_4_LinJ.02_plus,LinJ.30,87.261,382,478,1353282,,,,,1321180,1320799,1.55e-09,350.1,minus,CACCTGCCTCCGTTGCGATACGGCTATTTTAAGAAACCGGGACAACCAACGCCGTGTGGCGTCGTCCAGCCCACTGCGATTCCGGTGCATGCAGAGCGGGCCGTTGCCGCGATCACGCTCCACACCACCGCAACGCAGCAAAGGCAGCAAAGGCAGAAAAGCGGTGGGCGCCTGCGCGCATATGTGGTGAGCCGTCGGTGCGACTCGTCGTGAGCTGGTCCAAGCGCGATCATGGCCGCACGTCTCCTCGGCACCGCGCCAGCCAAGCGCTGTCCGCCGACGCCAAGAGGCCGCAGCCGTGCCCGGCGGCCGGGCTGCAGGCTCTTGGCCTCCCCACACAGAGCGTGTGGTCCACCCCATGATACCATGGTGGAGTAAACGG
Seq_5_LinJ.05_minus,LinJ.30,72.974,531,545,1353282,,,,,1320212,1319682,8.95e-05,80.9,minus,ATTCTAGGGTCCAGTCCACCATGCAGTGGGAGAAGGGGCAAGCAGCCCCCACCTAGCCCTGCCAATGTCGAGCCTCTTCCGGTGGCGACAAGGGTCAGGTACTCACGACGTGGAGAATTCAGAGCGATGTGTCGCTGCTGATGTCGGTGTTCAGGTCCTGCATGGCGCTGCGTCGGAGCCACCTGCGACATCGAACACGTTGGTACGACTCATATGATTAGGCAGAGCGTCAGCGTGACTCGAGCGCATCTCACACTAGACTCTTACTGCCCAGCGGTGTGGGGCGCCTGAGTGCCGCCTCCCAGGGGGGCTTGCAGCAAGTGGCGGCCGGCATGATGTAAGCGGCTATGAGGCGACCCTGAGGAACGGGTGGTGTGCAGAGCTTGATGCAGGGACCATGCTCAGATGGCTGGAGTCGGCGCACGACGGCAATGCGTGTGTCCGCGGCTGCCATCGCGCCACGCGGATGAGGCCTGTGACAGGCCCGGTGCAGAGCGTAGCTGAGCGCATGCTGTATGAGCGAATGGACAC
Seq_4_LinJ.30_plus,LinJ.30,98.965,776,613,1353282,,,,,1313146,1312371,2.29e-150,1072.2,minus,CCACAACGCAGCAGCTCGCAAAGTCACACGCATGCACAGTTGCAGCCCACGCACCCACTGCCGCGCTGCGGCGACGTCCTGGCCGTCTAGGAGCAACCGTCATGTCGTTGAATCGGGACATGCGTCTAGCGGGCCCCTCCTCTCCCGCCTCGTCCCCTCTTCGGGTACGTGCCGCGCGGTCGGCGCCTCATCCGCCCGCACGGTGGGATGGAGGAGATGCCGCATGCTGCGCGCGCATGCGCTGTGGGCATAATCGGCATGTACTACGGGGCTCCTCTCTCGCTCATCACTCGCGCTCCCTCCCTCTCTCTTGCTGCACCGAGAAGACTGAACGCCGTGCAGACCAAGCGCCTTCCAGGCCTGCAGGGGAGAAGTGAGTCTCCTGCAGCGTACACACTTGCAGCGAGGACTCGTCGAGGAGACGGGACAACCAACGCCGTGTGGCGTCGTCCAGCCCACTGCGATTCCGGTGCATGCAGAGCGGGCCGTTGCCGCGATCACGCTCCACACCACCGCAACGCAGCAAAGGCAGCAAAGGCAGAAAAGCGGTGGGCGCCTGCGCGCATATGTGGTGAGCCGTCGGTGCGACTCGTCGTGAGCTGGTCCAAGCGCGATCATGGCCGCACGTCTCCTCGGCACCGCGCCAGCCAAGCGCTGTCCGCCGACGCCAAGAGGCCGCAGCCGTGCCCGGCGGCCGGGCCGCAGGCTCTTGGCCTCCCCACACAGAGCCTGGGTTCCACACCCTGATACCGCGGTTGGGTGGCGAGTCTCATGAG
Seq_4_LinJ.30_plus,LinJ.30,92.962,728,613,1353282,,,,,1282504,1281777,1.54e-23,694.0,minus,TTTTTCTTCGCTACAACGTGCCATTAAACCACGCGCAAGCCAGCAAAGGCACACGCATGCACAGTTGCAGCCCACGCGCCCACTGCCGCGCTGCGGCGACGTCCTGGCCGTCTAGGAGCAACCGTCATGCCGTCGAATCGGGACATGCGTCTAGCGGGCCCCTCCTCTCCCGCCTCGTCCCCTCTTCGGGTACGTGCCGCGCGGTCGGCGCCTCATCCGGCCGCACGGTGGGATGGAGGAGATGCCGCATGCTGCGCGCGCATGCGCTGTGGGCATAATCGGCATGTACTACGGGGCTCCTCTCTCGCTCATCACTCGCGCTCTTCGCACCTCTGGATGCTTCGTCGGGAATGCGATGCACCATGCCGGCTCTGCCCAACTGCGCGTGCGCACAGCGCTCGCACATTCGCAGCGTGCGGCCTGCTTCAAGGCACCCTTGTTGGCGGGAGGGGAGGAAGGGCTCGCTGCCACCATCTGCCGTTGCCGGCGATGACACGGGGGGCGTGCCTGGATGGCCTGCCCACATGCACCGTGGCAGGTGCGACACTGCCGTGAGTCTGCGGCGGCGGGGGGCATTCCGCCTCCTCCTGCATCCGCACGCCTCACACAGGAGCCGGTGTGGCAGGCGCAAAGGGGCCCGCAGACGGACGTGCGCCAGCGCGCAGAGAGCTCACAGCCTGTCGCAGCGAAGGGGGCACAGGGTTGGGAAGGGGCAGCCGTACGGACCT
Seq_12_LinJ.06_minus,LinJ.30,79.618,157,157,1353282,28,4,1,156,663839,663686,3.22e-24,110,minus,ACATCATGCCGGTCGCCACCCCTGGTGCATCCCCCTCGCCGTGGCGCAGGCTCCCCACACCAGTGGGCAGTGCGAGGGCCGGGTGAGGTACGCTCAAGCCACGCTGACACCCTGCCCATCATGTGGGTGGTGCAAACGTGCTCGCTGCCGCAGG
Seq_12_LinJ.06_minus,LinJ.30,77.987,159,157,1353282,29,6,1,156,601934,601779,9.02e-20,95.3,minus,ACATCATGCCGGTCGCCACCCCTAGTGCATCCCCCCCTCGCCGTGGCGCAGGCTCCCCACACCAGTGGGCAGTGCGAGGGCCGGGTGAGGTACGCTCAAGCCACGCTGACACCCTGCCCATCATGTGGGTGGTGCAAACGTGCTCGCTGCCGCAGG
Seq_12_LinJ.06_minus,LinJ.30,77.987,159,157,1353282,29,6,1,156,622399,622244,9.02e-20,95.3,minus,ACATCATGCCGGTCGCCACCCCTAGTGCATCCCCCCCTCGCCGTGGCGCAGGCTCCCCACACCAGTGGGCAGTGCGAGGGCCGGGTGAGGTACGCTCAAGCCACGCTGACACCCTGCCCATCATGTGGGTGGTGCAAACGTGCTCGCTGCCGCAGG
Seq_20_LinJ.20_minus,LinJ.30,74.315,292,1000,1353282,64,8,682,966,1338163,1337876,1.81e-24,113,minus,CCGTGCACCTGGAGAGCCTTGACACTCTCGCAGCGCATTTCGTGGAGGCCTGGTGCGGCGTCGCAGTGCAAATCACGGAGCGCCATCTCGAACTCACCCATCGTGGACGGTCGGAGGGATGTGGATCTGCGTCTCGGTGGGACACGGAAGAGGGGTACTGCCGGATGTAGCCTCCGTTTCTGTTGGTGCACTGTCACCAACGGGTCGGCCTGCTCTCTCTCTCACACTCCGATGGAAGTCACCCTATAGCATTGCTAGCGTGTGCAGGACGCACGGGGACATGGACAG
Seq_74_LinJ.30_minus,LinJ.30,100.000,197,763,1353282,0,0,296,492,500791,500595,3.43e-100,364,minus,GCCGGCGCGGAGCTGGGCGAGGATGGTGGCCTGTCGTCTCGTGAGCTCCAGCACCCTTGTTCCTCTGGTGTGGGGCGGCCGCCGCCAGGTATCGCTTGCCGTCGCGCGTCGCATCGTCTACCGCGGTTGCGGGGGATGGCGGCCCGGCGTCTGAGACCGGTGACCAGGTCCGTGATCCATGCTGTTGGCGTCGGCTC
Seq_75_LinJ.34_plus,LinJ.30,83.135,659,531,1353282,,,,,952982,953640,1.70e-13,230.9,plus,ATACGCATACACAGCCACAGCCAACCCACCGCTGCTGCGCTGTGGCTGCACCCGAGTCGTCTAGGATCCACTGCATGCCGTCGAATCGGGTCATGCGTCTAGCGGGCTCCTCTTGGCCCCTCCTCATCCCCTCTTCGGATACGCGCCGCACGATCCGCTCCAGTCAGGCCCGGGTGGGCTGCATGCTTCCATCCTCGCGGGTCACGCCCAGGGTCCAGCGCAAGGGCAAAGGTGGTGGTATCTGTCGTGCAGTTACGGTGGATGTCCGCCTGGCGTCTAAGACTCGTGGCCGAGTCCGCCACCCATAGAGTTTGCGTCTGCTCCTCTGCCGTTGCAGATCTCGCAAGCTTGTCACATTTGGTCATGTGTTCCAGTTCACAATAGTCACAGCAAAGATGAGAGGCGCGCGCGACGGGCCACCGCAGCGCCAGCGCACGTGCCCACATCCGTCGCGCTGTGCCGTCCTCCACGGTTACGGGGCCCGTGCCGGGTGCCATGAGGGCGGCAGAGCGACCCCGCAGCAAGGGCGACCACACGTGCTGCCCTGTGTCGCGGCAGGTGAGGCATGGGCACCACTGCTGCACGCTGGGTGCTGTCGCGGCACGCAAGGGCGCCGCCGCCCCTTGCCCGTGCGCATCTGTGCGTGCATGATCGCGATA
Seq_34_LinJ.24_minus,LinJ.30,85.844,643,616,1353282,,,,,744349,744991,9.50e-03,200.4,plus,ACGCTGCCTGGTGTGTGATGGAGAGCCTCCCGTGCCGCGAGGTGACTGTTAGGTGTGCAGCCCGACGTGGTGTGTATGAGCCCAGCTGGGACGTGGCAGCACAACCGCAACGCCGCTGCTGCGCCTTTGCCGTTGAGAAGAGGGGGAGGGCTTACAGCTGTGCCCGTGTCGTGCTGTGTGAGCACAGAGACGCCACCGCCTCGTGCTTTTTTTCTCTTGCTGCAGCGGAGTGTGGAAAGCCTGAGACATTCAGTGCCTTGCAGAACGCAGACTTGCAGCCAAGATTCGTCGCGGAACCGGGCCAGCCAACACCGTTTGACGCCACTCACTCCGCTGCAACGCCACTGCATACAGCGCAGGCCAGGACCAGGATGCCGCTCGACGTCACCGAAACGCCGCAAAGACATAAAAAAAGGAGTTGGATATGTATACCCGTTGAATCGCCGACACCATGCTTAGTGAGCTGGTGCGAACGCCACCCTGACCTCAAGTCTCTTCGGCGCAGCGCCAGCTCAGACCTGTACGCCAGCACCGAGCTTCCACCGCCCTACCCGAGGGCAGGCTGTGCAACCTCTTTGCCTTCCTTTCAAAGAGTGTGGCGGGTCGGGGACCCCCTGATACGGTTATGAGGTGGCCGGCATCA
Seq_34_LinJ.35_plus,LinJ.30,74.141,617,642,1353282,,,,,495618,496234,5.00e-03,103.3,plus,TTGCTTTACGCCCCTGACGATGCCGGCCACCTCAGTGCGTGGCATCAGGGGCCCGTGCCCCCACACCCTTTGCGGGGAAGCCGAAAGCCCGCAGCCTGGCCTCGGGCACGGCGGCGGACTCCCGGTGTCGGCGGGCAGGCGTGCGCTGGCGGTGTGCCGGAGAGGCTTGCGGTCGCGACGACGTTTGTCCCGGATCGCTGCGAATCGCGTCGACGATTCAGCAAAAATATGCGTCCGCCTACCGCCTCTCTGCGTTAGCTTCGTTGCGGTAATGCCGAGCGTCATCCTGGTCCCGGCCTGCGCTGTATGCAGTGGCGTTGCAGTGGGCTGAGCGTCGCCAAGCGGCGTTGTTCGGCCCGGCTCCTTGGAGAATCGGCGATACAGGCCTGTAGGGCATTTGGTGTGCCTGGTTTTCTGCCTTCCGGTGTAGCAGGGGAAGCGAAGCACGGTGGTGGCGTCTCTGTGCTCGCACAGGAGGGCACGCGCATAGGTGTAGGCGCTCTAGCTCTGGAGAGCGAGGTCGCAGCAGTGGCGGTGTGGGTTTGCTGCGACGACCCTACCAGAAGGATGTACCTCGCGCCCGGCCACACATCTAAGAGTGACGTGGTTGCACGGGA
Seq_34_LinJ.35_plus,LinJ.30,74.141,617,642,1353282,,,,,489444,490060,5.00e-03,103.3,plus,TTGCTTTACGCCCCTGACGATGCCGGCCACCTCAGTGCGTGGCATCAGGGGCCCGTGCCCCCACACCCTTTGCGGGGAAGCCGAAAGCCCGCAGCCTGGCCTCGGGCACGGCGGCGGACTCCCGGTGTCGGCGGGCAGGCGTGCGCTGGCGGTGTGCCGGAGAGGCTTGCGGTCGCGACGACGTTTGTCCCGGATCGCTGCGAATCGCGTCGACGATTCAGCAAAAATATGCGTCCGCCTACCGCCTCTCTGCGTTAGCTTCGTTGCGGTAATGCCGAGCGTCATCCTGGTCCCGGCCTGCGCTGTATGCAGTGGCGTTGCAGTGGGCTGAGCGTCGCCAAGCGGCGTTGTTCGGCCCGGCTCCTTGGAGAATCGGCGATACAGGCCTGTAGGGCATTTGGTGTGCCTGGTTTTCTGCCTTCCGGTGTAGCAGGGGAAGCGAAGCACGGTGGTGGCGTCTCTGTGCTCGCACAGGAGGGCACGCGCATAGGTGTAGGCGCTCTAGCTCTGGAGAGCGAGGTCGCAGCAGTGGCGGTGTGGGTTTGCTGCGACGACCCTACCAGAAGGATGTACCTCGCGCCCGGCCACACATCTAAGAGTGACGTGGTTGCACGGGA
Seq_30_LinJ.36_plus,LinJ.30,84.25,424,456,1353282,,,,,361863,362286,7.30e-20,319.4,plus,TATGCCCCTGACGATGCCGGCCACCTCAGTGCGTGGCATCAGGGGCCCGTGCCCCCACACCCTTTGCGGGGAAGCCGAAAGCCCGCAGCCTGGCCTCGGGCACGGCGGCGGACTCTCGATGTCGGCGGGCAGGCGCGCGCTGGCGGTGTGCCGGAGAGACTTGCGGTCGCGACGACGTTTGTCTCGGATTGCTGTGAATCGCGTCGACGATTCAGCAAAAAATATGCGTCCACCTACCGCCTCTCTGCGTTAGCTTCGTTGCGGTGATGCCGAGCGTCATCCTGGTCCTGGCCTGCGCTGTATGCAGTGACGTTGCAGTGGGCTGAGCGACACTCAGCGATGTTGGTTGGCCTGGTTCCTGGACGTGACCGTGATGCACCAGAGGCAGGCGAGCTGTGATTGTGTATGCGCCTACACTTGTTGA
Seq_39_LinJ.26_plus,LinJ.30,79.445,269,661,1353282,,,,,318683,318951,5.85e-30,158.5,plus,GAAAGCGCCCCAGTGACGTCATGGCCTCTTCTCTCTCGTTGTTTCCACTGCCCAAGCCTCCCGAGTAAGCCCCGCCCACCCGGCCCCCTTCACGCCTCCACCCTGTGAGGCAGGAAGGCGGGAGGGCGTGTGGCTCCGCGCTCTCGTCCATGCACACAGTCACAGGCGCATACGGCTGGCGATGCCCTTGTATGAGAGACGCGTTTGATTCCTGCCGGTATGCAGCCCTCTCGGTGTCAGCGGCCCGACCGCACACACACACACACACA
Seq_31_LinJ.19_minus,LinJ.30,71.695,546,583,1353282,,,,,317820,318365,3.70e-12,96.3,plus,ACCCCGGATGACAGGGGGGGGTGATGCCGCAGCGCGTGGCATCTCAGGACCCAGTGCCCCCACTCTGTCTGGGGAGGCCACGCAGCCCCTCCTTCGTCTCTCCCCCTGCCCAATGCCGAGCCGCCTGTGGTGGTGGCGCGGTGAAGCACCTGCCACGTGGGGAGGTCAGAGCGATGTACCGCCCCACTGACGCCGGCGGTCGGGCCCTGGATGGCGCTGCGGCGGAGCGACCTGCGGCAGTGCACAGGCTTGCGCCACGCATATGGTAGGCGAAGCGTCAGCGTGGCTCGAGCGTGTATCCCACCCCCGGCCCTCGCACTGCGTACGGGGGTGTGGGGAGCCACCCACCCACCCCTGAGGAGAGAATGCACCCGGTGGCGCCCGGCATAGTGGGGGAGCGGCTGTGAGGCGACCTGCGGGGCGCGGGTGGGTGTGCGGTGCTCGAGGCAGGGGGGTGGTGCTCCGACGGCTGAGCCGGGCGCATTGCTGCACTGGCGTGTCTCTCGCTCTGCATCGCACGACGCGGATGGGGGCCTGTGAAAGGCT
Seq_39_LinJ.26_plus,LinJ.30,79.019,269,661,1353282,,,,,289514,289782,2.73e-28,153.0,plus,GAAAGCGCCCCAGTGACGTCATGGCCTCTTCTCTCTCGTTGTTTCCACTGCCCAAGCCTCCCGAGTAAGCCCCGCCCACCCGGCCCCCTTCACGCCTCCACCGTGTGAGGCAGGAAGGCGGGAGGGCGTGTGGCTCCGCGCTCTCGTCCATGCACACAGTCACAGGCGCATACGGCTGGCGATGCCCTTGTATGAGAGACGCGTTTGATTCCTGCCGGTATGCAGCCCTCTCGGTGTCAGCGGCCCGACCGCACACACACACACACACA
Seq_12_LinJ.33_plus,LinJ.30,72.841,839,772,1353282,,,,,287905,288743,1.47e-42,181.5,plus,CCCCCCGGCCGCCACAAACTCACGGCATTGTCCCACCTGTCGCGGCGCATGCGGGCAAGCCATCCAGGCACGCCCCTTGTAATATCGGCGGAAACGGAAGATAATGACAGCGAGCTCACCAGACAACACGGCTGCCCTGCAACGGATCCTGAGGTTCACTGGTGTGGACACTGTGCGCACGCGCATGCCAAGCACCGCTGGCATGTCGTGTACCGCATCTAACCGAGGCACGCGGTCGTTAGGAGAGCACGAGTGATGGAGGGGAAAGGTGCGCAGAGATGCACGCCGATCAGCCCCAGGGTGCATGGGTGCGAGGCATGAGGCATCTGCTACATCCGGCTGGGTTGGCCGATGAGGCGCAGACCCCAGAAACATGACGAGAACACCCTGAGCTGCATCATCGAGTACTCCAGACTCTCCAGTGTGGCGAGCCGTCGCACCACATTGCGGAATGCCGCTGCTCGAGGCGACTGAAGGGGGACATGTCACACAGGCAGGGGGTGCAAGGTCTCCAGAGGACCCTGGCTTGCAGCTGACCAACTGCCTCCCTAAGCTCATCCGGCATGCGCCTAGGCCAGCCCCGCTGCTACCCGCACGCCACACGCCAAGACGTTCCGCCTCTCGAGCAGGACCCCAGAGGCGGTCTGCTTGGATCAAGGCGTGCAACACAGCCGAGTCTCCACCTGGCCCCTATCGCGCAGCACGTACCCGAGGAAGGGACAAGGCAAGGACAAGCCGAGCCCGTTAGAGAGGCGTGCCCGCATTCGACAGAAGGGCGACTCGTCCATGGCGACCCGGATTCAGCTGTATCGCGGCAGAGGTGGATGCGCTGCCGTTGT
Seq_77_LinJ.33_plus,LinJ.30,74.83,627,305,1353282,,,,,1339103,1339729,3.00e-02,59.8,plus,TGAGCTCTCTGCGCGCTGGCGCACGTCCGTCTGCGGGCCCCTTTGCGCCTGCCACACCGGCTCCTGTGTGAGGCGTGCGGATGCAGGAGGAGGCGGAATGCCCCCCGCCGCCACAGACTCACGGCAGTGTCGCACCTGCCACGGTGCATGTGGGCAGGCCATCCAGGCACGCCCCCCGTGTCATCGCCGGCAACGGCAGATGGTGGCAGCGAGCCCTTCCTCCCCTCCCGCCAACAAGGGTGCCTTGAAGCAGGCCGCACGCTGCGAATGTGCGAGCGCTGTGCGCACGCGCAGTTGGGCAGAGCCGGCATGGTGCATCGCATTCCCGACGAAGCATCCAGAGGTGCGAAGAGCGCGAGTGATGAGCGAGAGAGGAGCCCCGTAGTACATGCCGATTATGCCCACAGCGCATGCGCGCGCAGCATGCGGCATCTCCTCCATCCCACCGTGCGGGCGGATGAGGCGCCGACCGCGCGGCACGTATCCGAAGAGGGGACGAGGCGGGAGAGGAGGGGCCCGCTAGACGCATGTCCCGATTCAACGACATGACGGTTGCTCCTAGACGGCCAGGACGTCGCCGCAGCGCGGCAGTGGGCGCGTGGGCTGCAACTGTGCATGCGCGTGCTT
Seq_11_LinJ.35_plus,LinJ.30,73.579,340,806,1353282,,,,,866914,866575,4.51e-01,53.3,minus,CAGGGCCTCCCAGGGCCCTGACCTGAATCTGGCCAACTTCCTCCTTGAACTCATCCGGCATGCACCTGGACCACCCCTTCTTACTCGTCAAGCGACAGAGTCCAATGCCTGCGCCCTGACGCACAACCGTGCACGCGACCTACACCAATCCACGGCGTGTAGGGCTAACCGGGTCACCGTCTGGCGCCTCCGGCACTGCACAGGTCGGAAGAAGGGCTGAGGCAGGACAGGAAGAGCCCGTTAGGCGGGCGGCCCCGATTGCATGGCATGATGGCTCGCCCTAGACGGTCAGGATTCCGCTGTGGCGCAGGAGTGGCCGGTGAGCTGCGGTTGTGGGCGT
Seq_72_LinJ.30_minus,LinJ.30,93.047,494,492,1353282,,,,,790009,789516,8.85e-03,683.8,minus,GCCCCCCTTGCGGAGGCCATCTCCGTACGTCGTATCCTCAGGGTCCCCAGTGGTGCACGGACTCTGCGGGGGAAGAGAACTCAAGCAGCCTCCCCCGCCCCTATGTATCCCCTGCCGATCCCAAGCCACGTCTGGTGTTGACAGGGTCCAAGTGCCGGCGGCGTAGGGAGGCCGGAGCGATGTATTGCTGCTGATGTCGGCGGCCAGGTGATGGACAGTGTTCTGCTGGAGCGAGCGGCGACCGTGCACACGCTTGTGCCATCCACATGATGGGCAGAGTGTCAGCCTGGCTCGAGCGCAACCTATCACCCAGATCCCCTCGCACTGGCCTACTGATGTGTGTGTGTGTGTGTGGGAGGGCGGGAGGCCTGAGGCGCGTGGGGTGGGTGGAGTTTAATGCCGGGGCCGTGCTCGCAGATGACTGCGTCGCCGCATTGCTGTACGTTGCGCGTGTCTAGCGCTGCTTTGGACCAGGCGCATGGGGCCTGTGAGAG
Seq_21_LinJ.07_plus,LinJ.30,74.478,618,904,1353282,,,,,1161327,1160710,2.00e-06,58.8,minus,TGAGCTCTCTGCGCGCTGGCGCACGTCCGTCTGCGGGCCCCTTTGCGCCTGCCACACCGGCTCCTGTGTGAGGCGTGCGGATGCAGGAGGAGGCGGAATGCCCCCCGCCGCCACAGACTCACGGCAGTGTCGCACCTGCCACGGTGCATGTGGGCAGGCCATCCAGGCACGCCCCCCGTGTCATCGCCGGCAACGGCAGATGGTGGCAGCGAGCCCTTCCTCCCCTCCCGCCAACAAGGGTGCCTTGAAGCAGGCCGCACGCTGCGAATGTGCGAGCGCTGTGCGCACGCGCAGTTGGGCAGAGCCGGCATGGTGCATCGCATTCCCGACGAAGCATCCAGAGGTGCGAAGAGCGCGAGTGATGAGCGAGAGAGGAGCCCCGTAGTACATGCCGATTATGCCCACAGCGCATGCGCGCGCAGCATGCGGCATCTCCTCCATCCCACCGTGCGGCCGGATGAGGCGCCGACCGCGCGGCACGTACCCGAAGAGGGGACGAGGCGGGAGAGGAGGGGCCCGCTAGACGCATGTCCCGATTCGACGGCATGACGGTTGCTCCTAGACGGCCAGGACGTCGCCGCAGCGCGGCAGTGGGTGCGTGGGCTGCAACTGTGCATG
Seq_19_LinJ.30_minus,LinJ.30,78.04,1278,197,1353282,,,,,1128408,1127131,1.23e-04,108.8,minus,TCCCTGATGACGGGAGGCACGCCGCAACGCGTGGCATCCTCATGGCCCCGGGCCGCCCCCCTTATCCCCCTATCCCTCCTGCCAGTGCCGAGCCGCCTCGGGTGGTGACAGGGGCACCTACGGCGTGGGAAAGTCAGAGCGATGCATGGCTGCTGATGCCGGTGCTCAGGTCGTAGATGGCGTTGCGTCGGGCGACGGGGCCTGTGACGTGCCCGGATGATGTGGATTGTAACTCGTGCCAAACTGCAAAGTGCACAAGTTGAAGAGCGAGATTGCCGTGACAGCAGTTGACGCATCGATCGGCATACGCAAGCACTCAGGTACAGTTCTATTGCTCATTTTTCGCCAAAGGCGCCACTGACACGCGTGTTCCTCCGCGGTGCTGCAGAAGAGGGTGGGAGCCGAGTGCGCTCACACGGATCAACTGGACGTTTGCGCATTCGCAAGGGCGAACACCACTGCAGCACCAGAGGAAGAGGGGCGAAAGCGGTGAGGACACGCGGTTTTGCGGGCACCTGCACATATATGTCTTCTTCAGCCTGTCCTTCTACCACGAACACACCAGCAAAAGCACGCGCATGCACAGCCACAGCCCACGCACCCACTGCTGCGCTGCGGCGACGTCCTGGTCGTCTAGGAGCAACCGTCATGCCGTCGAATCGGGACATGCGTCTAGCGGGCCCCTCCTCTCCCGCCTCGCCCCCTCTTCGGATACGTGCCGCGCGGTCGGCGCCTCATCCGGCCGCACGGTGGGATGGAGGAGATGCCGCATGCTGCGCGCGCATGCGCTGTGGGCATAATCGGCATGTACTACGGGGCTCCTCTCTCGCTCATCACTCGCGCTCCCTCCCTCTCTTGCTGCACCGAGAAGACTGAACGCCGTGCAGACCAAGCGCCTTCCAGGCCTGCAGGGGAGAAGTGAGTCTCCTGCAGCGTACACACTTGCAGCGAGGACTCGTCGAGGAGACGGGACAACCAACGCCGTGTGGCGTCGTCCTGCCCACTGCGATTCCGGTGCATGCAGAGCGGGCCGTTGCCGCGATCACGCTCCACACCACCGCAACGCAGCAAAGGCAGCAAAGGCAGAAAAGCGGTGGGCGCCTGCGCGCATATGTGGTGAGCCGTCAGCGCGACTCGTCGTGAGCCGGTCCAAGCGCGATCATGGCCGCACGTCTCCTCGGCACCGCGCCAGCCAAGCGCTGTCCGCCGACACCAAGAGGCCGCAGCCGTGCCCGGCGGCCGGGCTGCAGGCTCTTGGCCTCCCCACACAAAGTCGGG
