Seq_14_LinJ.16_plus,LinJ.16,100.000,761,761,688194,0,0,1,761,414858,415618,0.0,1406,plus,CATCCTTGGCGCTCGACCACAGCCACTCGCCCTCTATTGCTGATATCTCTTTCTGTTTTCGTCTTCTTTCCATGGCATAAACTGTTTTTCTTTTTTTTTCTCATATGGTTTTCGTATCCGATGCCTTCATACTGGTGCCTTTCCTCATCTCTGTCTACCGTACACCCCTCGCACATCCTTCACTCCCCCGCCCTTCTATTCCCGGGCAAACGCCGCACCACTGCTGACGAGTGGCAGGGCCCAGGCACCCACGGCGTGGCGAGGTCAGAGCGATGTATTCCTGCTGATGTCGGCGGCCAGACCCTGGAGGGCGCTGCGTCGGAGCGACCTGCGACGACGCACACGTTGGCGCCGTCCACATCATGGGCGGGGTGTCGGCGTGACTCAGGTGTATGCCACCCCCAGCCCTGGCTGCCCTGCTGGTGGGGTGGGGGGAGCCTGAGGAGGATGGAGTGGGCAGAGCTTGCGGCAGGGGCGCTGCTGCGGTGACGGATTCGGCGCACTGCTGTACCGCGCGTGTCTGGCGGCTGCCTCGCACGGGGTGACGAGGGCTTGTGACTGGAGCCACTGCGAAGGCAGCCGGACCAGCGTAGACGCTGAAAAAAGTGGTGTGGCAGTCGCTGCGGACTGGACGCGTTGGAAAATACCTCACATAAGGAAGAATGTCTCCGGTACTTCCTTCTTGTGTGCTGCAGCTGTGCATCACGTGCTGTGGATGTCGTGTGCCCTTCGGTGTGTATCAGTGCGCGTGAGCCCGTGCG
Seq_5_LinJ.16_plus,LinJ.16,100.000,1000,1000,688194,0,0,1,1000,199709,200708,0.0,1847,plus,GGATGTCGATCACAGAGGCGCCGCAGAGTGTTGAGGTACACCATGAAGAGGCGCAGGAGGGCAGCGGCAGAGCGGGTGGTGTTGGGAGGGGGGGGGGCATGGCGCGCACGTAAAAGGGAGGCTTGGCGCCACGGCGTGCCTATACGTGTGTCTGGCGGCGGTCATCATCAAGACAGCAGTCGTGCACGATGAAAGCGTGCGTGTATGTGTGTGTGTGATCTTCTTTTGATGCTTCATGTGAGTAGCGCACCCCCCCACCCCAGCCCCGCTCCGTGTGCCAAGACGCCAGGGGATCTCCCCCGTCCCTGCCGAACGCCGCACCACCTCCGGCGGCGACAAGCTCAGGCACCTGCGACGTGGCGAGGTCAGAGCGACGTATCGCTACAGATGTCGGCGGTCAGGTCCTGGCCTGCGTGGCGTCGCGGCGGCATGCGAAGCGGCTGTTGGTGGGTAGAGCTTGAGGCGGGGGCCGTGCTCCCCGACGACCGAGTCGGCGCACTGCTGTACCGTGTGCGTCTACGGCTGCTTCGCACCAGACGACGGGCGCCCGTGGCAGGAGGGGCCGGAGGTGTGTGTGTGTGTGTCAGAGGTGGCGGTGTAGGGTGTGGTGTTTGGCCTCGCCTGGTGCACGGCAGACAGACGAGCTCACCTTGAAAGATAAAACTTCCACGCAACGCTCACGCGTGCACCTTGTCGAATACCAGCGGCACAGCACGTTTCTCTTCGTGCGTGTGTATGTTGCCGCCCCTCTGCTGTCGTCGCACCGCGCCTTTCGCCGTTGCCGCTTGGCGTGTGATGTCTTCATCTGTTGATGGGCGGGGCCCCTTCGCCACCCTCTTTGAGCGAAGCGCACGCTGCCTCTGCTTGTGTGCCTCTTCAGTCGGCATGCGCCTTAGTTATATGTCTTGTGCCGGCGGTGCTGACGGGTGGCACCTGTGGAGGGGAGGGTCGTGCACCCCCTCCCTCTCCGGCCACTTCAACACCCATCACCCACCTCCTC
Seq_3_LinJ.16_plus,LinJ.16,99.405,561,553,688194,,,,,673070,673630,0.00e+00,960.0,plus,CTTTTTTCAAGATGCCCGTTTTGCTGCCGTGCAACACGGGCTCAAACGCCGCCCCAGCCGGAATGCCGCAGGCCCCCATCGCCTGGTGCGGTGCAGCGGGAGACACGCGTTAGAATGCTGCCGGCCCAGTCATCTGAGAGCGCGGCCCCTGCACCAAACTCTACCCAGCTCCGCTTCGCACGTCGCCTCACAGCCGCCCACATCATGCCGGTCCCCACCCCAGGTGCATGCAGCTCGGGGTGGCTCTCAGGCTCCGCACCACCAGCAAAGGCAGTGTGAGGGCCGGGGGAGCCGCGTCCGAGCCACGCTGACACCCCGCCCTCCGCGTGGACGGCACTAGTGTGTCTACTGCCGCAGGTCTCTCCGACGCAACGCCATCCACGATCTGGCACGGCCGACATCAGTAGCGATAGGTCGCCCTGACCTCCCTGTGGTGTAGGCACTCGGCCCTGTCACCGCCAGGGGTGGCTCGGCATTTCGCGGGGGCTGCATGGCTGCCGGGCTTCCCACCACGGAGGGTGCACCGGGCCCTGATAGCATGCTGAGGTGCCCCGTAGTCAT
Seq_7_LinJ.16_plus,LinJ.16,100.000,216,216,688194,0,0,1,216,213368,213583,2.46e-111,399,plus,GGATGTCGATCACAGAGGCGCCGCAGAGTGTTGAGGTACACCATGAAGAGGCGCAGGAGGGCAGCGGCAGAGCGGGTGGTGTTGGGAGGGGGGGGCATGGCGCGCACGTAAAAGGGAGGCTTGGCGCCACGGCGTGCCTATACGTGTGTCTGGCGGCGGTCATCATCAAGACAGCAGTCGTGCACGATGAAAGCGTGTGTGTGTGTATGTGTGTGT
Seq_8_LinJ.16_plus,LinJ.16,100.000,247,247,688194,0,0,1,247,376106,376352,1.67e-128,457,plus,TGCCCCCCTCCCTCCCTTCCGTCACGCGGTTTCTTTCTGGTGCCGCTTGCGAGCTCGCCGCACCGAATCCTCGCGCGGCGTCTTCGCCCTCCTTATCGGCGCGCGCGTTGATGGTCGTTTCCTTTTATTTTTTCCCGTGTCTGCTCATTGATGCTGAGGGATGGGGAGGGAGGGGGAGGGCGCCGCGGTGCGTGGTATTTTACATACACACACACGGGACAGCACCCCGCCCCCCGCCCCGTCCACC
Seq_30_LinJ.16_plus,LinJ.16,100.000,998,998,688194,0,0,1,998,449364,450361,0.0,1844,plus,CGCCTGCGTGCGCAGACGGAGGTCGGGGGCGACGATGTAAAGCACAGAGTGAGAGAGAGGGGGGGGGGCATATACACACGCACGTACATGTGAGTAGAAGTGAGCGGGATGTCAGTGGGAATAAAAAGAGAGTCGTCAGTCGGTCTTAGTAGTTTAGCTTCGTGCGGCGCCAGTGGCGGCGCTTCTCGTTCCACTTGATGCGGTTGCCCGTGCGAAGGCGAATCCAGTACGGCACCGGCTTGTTCTGATTCATCTTCTTCGCGTACTTCTTCTTCACAGCAAGGGGCTTGAAGCGGCCCATGATTGCGCAGTCGAAGGAATGAGGGAAGGGGGAGGTGCTGTGGACGGGAAGGTTGGGTTGGTGGGGCGTTGCTGAAGTGATGGGCCGCTACGCAGACACACACGCACAACAGCAGCAGTAGCGTAAATACGGCTCTCGCTCTCTGTTCCCCGGGTGAGTTGACGTGTGTGTGTGTGTGTATGTGTGTGTGTGTGTGTATGTGTGTGTGTCGATGTTGTAGAGCGGCGGAGGACGAGCGGGAGGGAAGCGAAGTAGGGAGATGATGCAGACAAGAATCCAATATATATATATACCGCGCCACATCAGAAAAAGGGAGGCGCATGAGGAGGGGGGGGGAAGGGCGCAAATAATAGGCGGCTACGTGCATGTGCGGCTGCCGCTGCTCTGAAGCCCCGCTGCCGCACAAGGCGAGAGGGAAGAAGGAAAGGGGCGCCTGCAAAACGTGTGAGGTGCAGCGCACGGAGAGGGCTGCATCGGCGTGTTGGGCGTCGAGGGGTGTGCGTGAGGGTTGTCGCCCCGCGTGCGCATGTGCAGACGCTCGTGCGCCGCCGACGCCTGCAGCTTGGATCTCACTTGGGCCCACGTCCTTGTTCTGTTGGCGCTCTGGAAAGGCCAACCCAACACCCAACACGAATACAGACAGACAACACACAGTCACCTCCTCCCCTCTCTGCCCTGCTCTGCACGCGCGCCATCT
Seq_9_LinJ.16_plus,LinJ.16,100.000,630,630,688194,0,0,1,630,366914,367543,0.0,1164,plus,CATGTATACTCTCGTGAAGGCGCGCATGGGATAGCGAATGTTGGCGGCTACCTCTCACTCTCTCGCCCCTTCCTACGCCAGCGGAGGAGTGTGCACCGGCCCCTGCGGGTGGAGGCACACGCATCTTTTTTTGTTCTGTGTACGCATTCTTCGAGACACAGCGGTGCGCCGAGGTCAGGGGAGAGGGGCGATCGATTCTCTTTCTCGTCCAGCGCAATCGCGGTGCTTGCTCTGCCTGTCAGTGCCACTTCTGACTTGCGTTCGCTTTGGGAATGCGCCCCAGTGACGTCATGGTCCTCTTCTCTCTCGTTGTTTCCACTCGCCATGCCTTTCGAGTAAGTCATGCCCCCCCTTCTGACGCCTCCACCCAGTGAGTCAGGAAGCTGGAAGGACGAGCGGCTCCGCACTCCCGTCCGTGCACACAGGCACAGGCATATACACGTACCGATGCGCTTGTATGGAGAGACGCGCTCTGCTCCCGCTGGCATGGCCCTCTCTGTGTAAGCGGCACGACCGCACACATGGCAGAGGTCGGGCCGACTGGGACGCGTGTGCCGACTCGGTCAATGGCCTCGGGTGTACCTCGCTCTCCCGCCTCTTCTATCTGCACGCCTGTCGCGCTGGCGAAGT
Seq_10_LinJ.16_plus,LinJ.16,100.000,630,630,688194,0,0,1,630,408047,408676,0.0,1164,plus,CATGTATACTCTCGTGAAGGCGCGCATGGGATAGCGAATGTTGGCGGCTACCTCTCACTCTCTCGCCCCTTCCTACGCCAGCGGAGGAGTGTGCACCGGCCCCTGCGGGTGGAGGCACACGCATCTTTTTTTGTTCTGTGTACGCATTCTTCGAGACACAGCGGTGCGCCGAGGTCAGGGGAGAGGGGCGATCGATTCTCTTTCTCGTCCAGCGCAATCGCGGTGCTTGCTCTGCCTGTCAGTGCCACTTCTGACTTGCGTTCGCTTTGGGAATGCGCCCCAGTGACGTCATGGTCCTCTTCTCTCTCGTTGTTTCCACTCGCCATGCCTTTCGAGTAAGTCATGCCCCCCCTTCTGACGCCTCCACCCGGTGAGTCAGGAAGCTGGAAGGACGAGCGGCTCCGCACTCCCGTCCGTGCACACAGGCACAGGCATATACACGTACCGATGCGCTTGTATGGAGAGACGCGCTCTGCTCCCGCTGGTATGGCCCTCTCTGTGTAAGCGGCACGACCGCACACATGGCAGAGGTCGGGCCGACTGGGACGCGTGTGCCGACTCGGCCAATGGCCTCGGGTGTACCTCGCTCTCCCGCCTCTTCTATCTGCACGCCTGTCGCGCTGGCGAAGG
Seq_7_LinJ.16_plus,LinJ.16,100.000,434,434,688194,0,0,1,434,304894,305327,0.0,802,plus,GTTTCCCTTTCTGCAGCGTGAGGCCATGCCCCACCCACCCCCTCTGCCGCACAGCACGCGCTCAACGCCACACTGCCCCCGGCCCCTCCTGCCACGGGCCCCATCGCGGGATGCGAAGCAGCCTTGGGCACACGCGGCACAGCAGCGCGCCGACTCGGTCATCAGGGAGCACGGCCCTCGCGACTCAAGCTCTACCCACCAACAGCCGTCTCGCAGGCTGCTCCGACGCCACGCAGGCCAGGACCTGACCGCCGACATCTGTAGCGATACGTCGCTCTGACCTCGCCATGTCGCAGGTGCCTGAGCCTGTCACCGCCGGAGGTGGTTCGGCGTTTGGCAGGAATAGGGGTGGGGGCTGCTGCTGGGCCTCCTCCCACACACAGAGTTGAGGGGGCACTGGGCCCTGAGATACCGCGCGCTGAGAGGGGTGGCCG
Seq_8_LinJ.16_plus,LinJ.16,100.000,354,354,688194,0,0,1,354,443456,443809,0.0,654,plus,CGGGGCCGTAGGACTCGCAGCACCTCTCCGCTGCGCTCCCATCGTTTCCAAGAGCCCATTCCATATGTGAGGTACTTTCCAACGCGTCCAGTCCGCGGCCGTGCAGCATCCGTCACACGCCCCCGCCATCCAGTGCGAGGCAGCCGCCAGACACGCGCGGTACAGCAGTGCGCCGAATCCGTCACCGCAGCAGCGCCCCTGCCGCAAGCTCTGCCCACTCCATGCTCCTCGGGCTTCCCCCCACCCTACCAGCAGGGCAGTCAGGGCTGGGGGTGGCATACACCTGAGTCACGCCGACACCCCGCCCATGATGTGGACGGCGCCAACGTGTGTGTCGTCGCAGGTCGCTCCGAA
Seq_17_LinJ.22_plus,LinJ.16,73.672,433,998,688194,93,18,289,712,171326,171746,4.95e-35,148,plus,CCACGGGCAGGTCAACCACACTACACGCATGCAGCCACAGTCGACCTAGGCCTGCTGCACATCGGCTGTGCCAAGGGAGCCGGGCCAGCCAGCACCGTCTGGCGCCGCTCAGCCCACCGTCATGTCACTACATGCAGCGCAGGCCACGCCCACAATCGCGTTCAGCACCACTGCAACGCGGCCAAGATACAAAAACAGCAGGCGGATGCCTCTACTCGTTCCTTCGCCGGCAAGATTCGTAGTGAGCGGGTACAAACGCCGTCATGGCGGCACGCCTCTTCCGCACACCGCCGTCCCAGCCCGCCGAAACGCCAAGAGTCCGCCAGCCGTACCCGACGGCAGGCTGCCGGCTGCGTGGCCTCCCCCACACCGAGCGCGTGTGGGACCCTGACACCGTGCTGAGGTGCCCCGCATCATCAGG
Seq_18_LinJ.26_plus,LinJ.16,89.109,101,232,688194,8,3,3,100,688052,688152,6.45e-28,122,plus,TTAGGGTACACGTACAGGATAGGTTTTTTCACTCCACTGATTCCTTGCACAGCGACACCCTCTCCAACAGGACGGGGGCGTGACGGTGTACTGGTTAGGGT
Seq_29_LinJ.16_plus,LinJ.16,100.000,457,457,688194,0,0,1,457,79834,80290,0.0,845,plus,GCTCTGCCCGTGCTGCGTCGCGCCCATCTAGCTGCCACGGCGGCATGGCTCCAGCGCCACTCGGCCCCACACACACACAGAGGGCCTGTCACAGCCCCACACCCCCCCCCCACACACACACACCAGCAGTAGGCAGTGTGACGGCCGGGTGGGATACGCTCGAGGCGCATGGTGGCCTTGCACACCACATACAAATAGCACAACCGTGCTCACACTGTCGCCGGTCGCCGCGACGCACAACGCCACCCGCGACCGGACAGCGGCAGCGACACCGCGCACGGGCCTCCCCCTCCCCCTCCCCGTACGCCGTCGCCACTTCACCCTGTCACCAAGAGAAGCGGTTCGGCACTGGCAGGGATATAGGAGGGAGGAGGGGCTGGCCTCTCCGCACACAGAGCGGGTGTGCTGAGCACTGTGATATCGCGCCCTTAGACACTCCCCCCCCTCGTCATCATCA
Seq_10_LinJ.16_plus,LinJ.16,100.000,456,456,688194,0,0,1,456,64223,64678,0.0,843,plus,GCACTGCCCGTGCTGCGTCGCGCCCATCTAGCTGCCACGGCGGCATGGCTCCAGCGCCACTCGGCCCCACACACACACAGAGGGCCTGTCACAGCCCCACACCCCCCCCCCACACACACACACCAGCAGTAGGCAGTGTGACGGCCGGGTGGGATACGCTCGAGGCGCATGGTGGCCTTGCACACCACATACAAATAGCACAACCGTGCTCACACTGTCGCCGGTCGCCGCGACGCACAACGCCACCCGCGACCGGACAGCGGCAGCGATACAGCGCACGGGCCTCCCCCTCCCCCCTCCCCGTACGCCGTCGCCACTTCACCCTGTCACCAAGAGAAGCGGTTCGGCACTGGCAGGGATATAGGAGGGAGGAGGGGCTGGCCTCTCCGCACACAGAGCGGGTGTGCTGAGCACTGTGATATCGCGCCCTTAGACACTCCCCCCTCGTCATCATCG
Seq_29_LinJ.16_plus,LinJ.16,94.451,494,457,688194,,,,,59972,60465,8.50e-37,253.5,plus,CCCGTGCTGCGTCGCGCCCATCTAGCTGCCATGGCGGCATGGCTCCAGCGCCACTCGGCCCCACACACACACACAGAGGGCCTGTCACAGGCCCCCCCCCGCCTCGTGTAATGGCAGCCCTGGGCACACACGCTACAGCAATGCAGCGACCCTCTCATCCGAGAGCACGGCCTCTGCCTCGAGCTCTGCCGGCCCACCACCCGCTCCGCGGGTCGCCGCGCAGACGCTCCCCCATCATGCCGGTCGCTACCTCGTGCATCCCCCTCGGCGTGGCGCAGCCCCACCCCACACACACACACACACACCAGCAGTAGGCAGTGTGACGGCCGGGTGGGATACGCTCGAGGCGCATGGTGGCCTTGCACACCACATACAAATGGCACAACCGTGCTCACACTGTCGCCGGTCGCCGCGACGCACAACGCCACCCGCGACCGGACAGCGGCAGCGACACCGCGCACGGGCCTCCCCCTCCCCCCTCCCTGTAAGCCGTC
Seq_34_LinJ.16_plus,LinJ.16,100.000,491,491,688194,0,0,1,491,488348,488838,0.0,907,plus,GCGACGCAGCCGCCAGACACGCGCGGTACAGCAGTGCGCCGAATCCGTCACCGCAGCAGCGCCCCTGCCGCAAGCTCTGCCCACTCCATGCTCCTCGGGCTTCCCCCCACCCCACCAGCAGGGCAGTCAGGGCTGGGGGTGGCATACACCTGAGTCACGCCGACACCCCGCCCATGATGTGGACGGCGCCAACGTGTGCGTCGTCGCAGGTCGCTCCGACGCAGCGCCCTCCAGGGTCTGGCCGCCGACATCAGCAGGAATACATCGCTCTGACCTCGCCACGCCGTGGGTGCCTGGGCCCTGCCACTCGTCAGCAGTGGTGCGGCGTTTGCCCGGGAATAGAGGGGCGGGGGGGGTGCTGGCCCGTGTGCGTGTGTATGCGAGAGATACCGCGCACTGCGGCACCCTCCTCTCCCGTCATCAGAGACGGGGGCACATTGTGAAGAGAGAATAGAAGGGCATATTGCCGATAACAGGCGGGCTGGGCGGTC
Seq_34_LinJ.16_plus,LinJ.16,99.088,624,491,688194,,,,,446067,446690,3.17e-179,759.5,plus,CGGGGCCGCTGGACTCGCAGCACCTCTCCGCTGCGCTCCCATCGTTTCCAAGAGCCCATTCCATATGTGAGGTACTTTCCAACGCGTCCAGTCCGCGGCCGTGCAGCATCCGTCACACGCCCCCGCCATCCAGTGCGAGGCAGCCGCCAGACACGCGCGGTACAGCAGTGCGCCGAATCCGTCACCGCAGCAGCGCCCCTGCCGCAAGCTCTGCCCACTCCCTGCTCCTCGGGCTTCCCCCCACCCCACCAGCAGGGCAGTCAGGGCTGGGGGTGGCATACACCTGAGTCACGCCGACACCCCGCCCATGATGTGGACGGCGCCAACGTGTGCGTCGTCGCAGGTCGCTCCGACGCAGCGCCCTCCAGGGTCTGGCCGCCGACATCAGCAGGAATACATCGCTCTGACCTCGCCACGCCGTGGGTGCCTGGGCCCTGCCACTCGTCAGCAGTGGTGCGGCGTTTGCCCGGGAATAGAGGGGCGGGGGGGGTGCTGGCCCGTGTGCGTGTGTATGCGAGAGATACCGCGCACTGCGGCACCCTCCTCTCCCGTCATCAGAGACGGGGGCACATTGTGAAGAGAGAATAGAAGGGCATATTGCCGATAACAGGCGGGCTGGGCGGT
Seq_40_LinJ.23_plus,LinJ.16,74.762,328,780,688194,,,,,436295,436622,7.75e-07,101.2,plus,TCGACCTTCATGTCCACTTTCCCACGGGCACGCCCGCAAGCAGATGCACACACAGCCGCAGATCGCCTACCGCTGCGGCACCACGGATACACCCTGGCCGTCTAGGACGAACCGTCTGCCGTCGAATCGGGCCATGCGTGGTACGGGCTCCTCTTGTCCTTCCTCGTTCCTTCTTCCCATACGTGCGGCGCGGTCGGCGCCAGACGGACACTCCGGTGGGCTGCATGCCTTGATCCAAGCGCGCCGCGCTCAGAGCCGTGCTCAAGGGGCGGAAGCGGTGAGCTTTTGTGGTGTAGGCAGCAAGGTGTGGTTCAGGCGCGTGCCAGAC
Seq_15_LinJ.16_plus,LinJ.16,98.535,296,271,688194,,,,,39289,39584,3.82e-112,451.0,plus,ATCGCGCCCATCTAGCTGCCATGGCGGCATGGCTCCAGCGCCACTCGCCCCCCCCACACACACACACCAGCAGTAGGCAGTGTGACGGCCGGGTGGGATACGCTCGAGGCGCATGGTGGCCTTGCACACCACATACAAATAGCACAAACGTGCTCACACTGTCGCCGGTCGCCGCGACGCACAACGCCACCCGCGACCGGACAGCGGCAGCGACACCGCGCACGGAGCTCCCCCTCCCCCTCCCCGTACGCCGTCGCCACTTCACCCTGTCACCCAGAATAGTTCGGTATTGGCAC
Seq_53_LinJ.19_plus,LinJ.16,72.945,636,885,688194,,,,,390411,391046,4.75e-03,97.0,plus,CTGATGACGCCGGCAGCCTCACCCTGGCATCAAGGTCAAGGACCCACTCTTTGCGATGAAGCGAAGGTTCTGCAGCCTGCCCTCGGGTGCCCGTTGCGAACTCGCGGTGTCGGCAGAGCGGACTGAGTGGGCGCTGTGTGGAGGAGACTGCCGGTCAAGCTGGTGCTTGCAACCCTTGACTGCGCATCGTGTCGGTGAGTCCACAGAAGACCAGGAAAAGCGAGCGACGCATGGCATACAGGCATGGTGCGCAGAGGGTCTCCAGAGGGTCCCTGGCCTGAGGCTGGCCAAGCTCCTCCTCCCTGAGCTCATCCGGCACGCGCCTGAACCACACCTTGCTGCCTACACCACAAAAGCTCACCGCTTCCGCCCCTTGAGAACGGCTCTGAGCGCGGCGCGCTTGGATCAAGGCATGCAGCCCACCGGAGTGTCCGTCTGGCGCCGACCGCGCCGCACGTATGGGAAGAAGGAACGAGGAAGGACAAGAGGAGCCCGTACCACGCATGGCCCGATTCGACGGCAGACGGTTCGTCCTAGACGGCCAGGGTGTATCCGTGGTGCCGCAGCGGTAGGCGATCTGCGGCTGTGTGTGCGCATCTGCTTGCGGGCGTGCCCGTGGGAGAGTGGACTCGCTGA
Seq_8_LinJ.16_plus,LinJ.16,99.755,239,278,688194,,,,,20760,20998,3.54e-103,406.0,plus,ATCGTGTCCGTCTAGCTGCTATCGCGGCATGGCTCCAGCGCCACTCGCCCCCCCACACACACACACCAGCAGTAGGCAGTGTGACGGCCGGGTGGGATACGCTCGAGGCGCATGGTGGCCTTGCACACCACATACAAATAGCACAAACGTGCTCACACTGTCGCCGGTCGCCGCGACGCACAACGCCACCCGCGACCGGACAGCGGCAGCGACACCGCGCACGGAGCTCCCCCACCCCG
Seq_42_LinJ.16_plus,LinJ.16,100.000,459,459,688194,0,0,1,459,185442,185900,0.0,848,plus,CTTATCAGGGCGAGTTCGTCTGTCTGCCGTGCACCAGGCGAGGCCAAACACCACACCCTACACCGCCACCTCTGACACACACACGCACCTCCGGCCCCTCCTGCCACGGGCGCCCGTCGTCTGGTGCGAAGCAGCCGTAGACGCACACGGTACAGCAGTGCGCCGACTCGGTCGTCGGGGAGCACGGCCCCCGCCTCAAGCTCTACCCACCAACAGCCGCTTCGCATGCCGCCGCGACGCCACGCAGGCCAGGACCTGACCGCCGACATCTGTAGCGATACGTCGCTCTGACCTCGCCACGTCGCAGGTGCCTGAGCCTGTCACCGCCGGAGGTGGTGCGGCGTTCGGCAGGGACGGGGGAGATCCCCTGGCGTCTTGGCACACGGAGCGGGGCTGGGGTGGGGGGGTGCGCTACTCACATGAAGCATCAAAAGAAGATCACACACACACACACGCACA
Seq_18_LinJ.16_plus,LinJ.16,99.364,697,459,688194,,,,,166528,167224,0.00e+00,769.0,plus,CGAGGACGGAGAACGTTGCGATAAGGATGCAAGCGAGGCGCAGGAGGGGGGGAGTGGAGAGGCCGAAAGGGAGAGCGGAAGACGGCAAAGGCGGTAACGAAGTAAGCCGAGCAGCACCAGCAACGCAAGAATGGGCGAAGTGTGAGCGCGGCGCGGTGCAGCGTCCTCGAAAGGTGCCCGAAGGGGTGCGGGAAACACCGAAATACAAGCAAAGCAGAGGCGCGCCGACCACGTCGCGGCCAGCCAAGGGAAGGTAGCGCACGTCCAAAGGCATTTTTCGTCGGCTTATGTGTTCTGTGCTTCACTGTCTGCCGTGCACCAGGCGAGGCCAAACACCACACCCTACACCGCCACCTCTGACACACACACACACACCTCCGGCCCCTCCTGCCACGGGCGCCCGTCGTCTGGTGCGAAGCAGCCGTAGACGCACACGGTACAGCAGTGCGCCGACTCGGTCGTCGGGGAGCACGGCCCCCGCCCCAAGCTCTACCCACCAACAGCCGCTTCGCATGCCGCCGCGACGCCACGCAGGCCAGGACCTGACCGCCGACATCTGTAGCGATACGTCGCTCTGACCTCGCCACGTCGCAGGTGCCTGAGCCTGTCACCGCCGGAGGTGGTGCGGCGTTCGGCAGGGACGGGGGAGATCCCCTGGCGTCTTGGCACACGGAGCGGGGCTGGGGTGGGGGGATGC
Seq_44_LinJ.16_plus,LinJ.16,98.793,394,389,688194,,,,,147263,147656,2.91e-140,607.5,plus,GACGCACACACACGCACCTCCGGCCCCTCCTGCCACGGGCGCCCGTCGTCTGGTGCGAAGCAGCCGTAGACGCACACGGTACAGCAGTGCGCCGACTCGGTCGTCGGGGAGCACGGCCCCCCGCCCCAAGCTCTACCCACCAACAGCCGCTTCGCATGTCGGCCCGACGCCACGCAGGCCAGGACCTGACCGCCGACATCTGTAGCGATACGTCGCTCTGACCTCGCCACGTCGCAGGTGCCTGAGCCTGTCACCGCCGGAGGTGGTGCGGCGTTCGGCAGGGATGGGGGTGAGGGCTGCTGCTGGGTCTCCCCATACGGAGCGAGGCACCGTGCACTGGACACCACGCCAAGCGGTGTCTCTCCAGTCACCAGGGGAGGCCCCAAACCGGCAG
Seq_44_LinJ.16_plus,LinJ.16,97.784,450,389,688194,,,,,141291,141740,1.19e-164,630.5,plus,TCTACCGTGCACCAGGCGAGGCCAAACACCACACCCTACACCGCCACCTCTGACACACACAGACACACATGCACCTCCGGCCCCTCCTGCCACGGGCGCCCGTCGTCTGGTGCGAAGCAGCCGTAGACGCACACGGTACAGCAGTGCGCCGACTCGGTCGTCGGGGAGCACGGCCCCCGCCTCAAGCTCTACCCACCAACAGCCGCTTCGCATGCCGCCGCGACGCCACGCAGGCCAGGACCTGACCGCCGACATCTGTAGCGATACGTCGCTCTGACCTCGCCACGTCGCAGGTGCCTGAGCCTGTCACCGCCGGAGGTGGTGCGGCGTTCGGCAGGGATGGGGGTGAGGGCTGCTGCTGGGTCTCCCCATACGGAGCGAGGCACCGTGCACTGGACACCACGCCAAGCGGTGTCTCTCCAGTCACCAGGGGAGGCCCCAAACCGGCAG
Seq_19_LinJ.16_plus,LinJ.16,99.339,454,455,688194,3,0,1,454,152336,152789,0.0,822,plus,CGAGGACGGAGAACGTTGCGATAAGGATGCAAGCGAGGCGCAGGAGGGGGGGAGTGGAGAGGCCGAAAGGGAGAGCGGAAGACGGCAAAGGCGGTAACGAAGTAAGCCGAGCAGCACCAGCAACGCAAGAATGGGCGAAGTGTGAGCGCGGCGCGGTGCAGCGTCCTCGAAAGGTGCCCGAAGGGGTGCGGGAAACACCGAAATACAAGCAAAGCAGAGGCGCGCCGACCACGTCGCGGCCAGCCAAGGGAAGGTAGCGCACGTCCAAAGGCATTTTTCGTCGGCTTATGTGTTCTGTGCTTCACTGTCTGCCGTGCACCAGGCGAGGCCAAACACCACACCCTACACCGCCACCTCTGACGCACACACATGCACCTCCGGCCCCTCCTGCCACGGGCGCCCGTCGTCTGGTGCGAAGCAGCCGTAGACGCACACGGTACAGCAGTGCGCCGAC
Seq_10_LinJ.21_plus,LinJ.16,92.878,565,493,688194,,,,,620178,620742,3.60e-11,763.2,plus,GCATTCTTAAGATGCCCGTTTCGCTGCCGTGCAACACGGGCTCAAACGCCGCCGAAGCCGGAATGCCGCAGGCCCCCATCGCCTGGTGCGGTGCAGCGGGAGACACGCGTTAGAATGCTGCCGGCCCAGTCATCTGAGAGCGCGGCCCCTGCACCAAACTCTACCCAGCTCCGCTTCGCACGTCGCCTCACAGCCGCCCACATCATGCCGGTCCCCACCCCAGGTGCATGCAGCTCGGGTTGGCTCTCAGGCTCCGCACCACCAGCAAAGGCAGTGTGAGGGCCGGGGGAGCCGCGTCCGAGCCACGCTGACACCCCGCCCTCCGCGTGGACGGCACTAGTGTGTCTACTGCCGCAGGTCTCTCCGACGCAACGCCATCCACGATCTGGCACGGCCGACATCAGTAGCGATAGGTCGCCCTGGCCTCCCTGTGGTGTAGGCACTCGGCCCTGTCACCGCCAGGGGTGGCTCGGCATTTCGCGGGGGCTGCATGGCTGCCGGGCTTCCCACCACGGAGGGTGCACCGGGCCCTGATAGCATGCTGAGGTGTCCGAAGTCACCAGGA
Seq_93_LinJ.31_plus,LinJ.16,87.108,939,414,688194,,,,,612005,612943,2.40e-09,500.4,plus,GCCTTCTTTCAAGATGCCCGTTTCGCTGCCGTGCAACACGGGCTCAAACGCCGCCGAAGCCGGAATGCCGCAGGCCCCCATCGCCTGGTGCGGTGCAGCGGGAGACACGCGTTAGAATGCTGCCGGCCCAGTCATCTGAGAGCGCGGCCCCTGCACCAAACTCTACCCAGCTCCGCTTCGCACGTCGCCTCACAGCCGCCCACATCATGCCGGTCCCCACCCCAGGTGCATGCAGCTCGGGTTGGCTCTCAGGCTCCGCACCACCAGCAAAGGCAGTGTGAGGGCCGGGGGAGCCGCGTCCGAGCCACGCTGACACCCCGCCCTCCGCGTGGACGGCACTAGTGTGTCTACTGCCGCAGGTCTCTCCGACGCAACGCCATCCACGATCTGGCACGGCCGACATCAGTAGCGATAGGTCGCCCTGGCCTCCCTGTGGTGTAGGCACTCGGCCCTGTCACCGCCAGGGGTGGCTCGGCATTTCGCGGGGGCTGCATGGCTGCCGGGCTGCACGGCCTCTTCAGAGAGAGTGCAGGTTTTTTTTTGTCGTTTTTCAAGGTGTCCATGCTACCACCAGCGCGTCCACAGATGTGCGGATGCACAACCACATTTCGTCTACCTCCGCTGCACTACGGCTGTATACCAAGGACATAAGGCCAGCCAACACCGCTTGGCGTCGTTCGCACTGCATGCAGTGGCAAGCCAGGTCCAGAATTGCGCTCAGCGCCACCGCCACACAGCCAACGCAGAGAGGTGGTAAGTGGATGCGCATACTTGTTGAGTCATCGGCACGATATTTGGTGAGCTGGCACGAACGTGATCATGCCAGAAAGTCTCTTCAGCACAGCGCCAGCCCAGCTCTGTCCGCCAAGACCATGAGTCCAAAACCGTACCCAATCGCAGGCGGCAGGCTCTTGGCTTCCCTACAGAGTGGGTACTGGA
Seq_42_LinJ.24_plus,LinJ.16,76.007,180,439,688194,,,,,348389,348568,8.20e-08,66.7,plus,TTTCTGCCATACGTCATGAGCTCAACTCTACCCCCCCCCCCCCCCCCCCGTCACAGGCCCCCATCGCATGATGCAAAGAAGCCGTCGACACACGCCGGGGCAGCAATGCACCGACTCAGCCATTTTGAGCGCAGCCCCTGCCTCAAGCTTCCCCCCCCCCACACACGCCTAAAAGCGCTT
Seq_30_LinJ.17_minus,LinJ.16,82.505,503,559,688194,,,,,316334,316836,2.54e-12,191.1,plus,AGGCGTGCAGATAGAAGAGGCGGGAGAGCGAGGTACACCCGAGGCCATTGACCGAGTCGGCACACGCGTCCCAGTCGGCCCGACCTCTGCCATGTGTGCGGTCGTACCGCTTACACAGAGAGGGCCATACCAGCGGGAGCAGAGCGCGTCTCTCCATACAAGCGCATCGGTACGTGTATATGCCTGTGCCTGCGTGCACGGACGGGAGTGCGGAGCCGCTCGTCCTTCCAGTTACATATCGCACCCTCCCCGTGCCACCAGTTGTGGCCCTTGGCGCTTGGTGTGCAAGATCACGGCTCGGCCTGTCTGTGGGGCTCTCGCCGGATTTTATGCAACGGGCCGTGGTTCGCGCATGGACGGAGAGTCACGGAGTGAAGTCGCTCCGCGTTGGCTGTATGACTGTTTGAAGATAGCCCGTGAGGACAGCAGCGATGACAAAGGCGCCATCCAAATGAAGGGAAGCCGCAGCTCCAGCAGAGAAGAAAATAAAAGAACAGGCGCCT
Seq_9_LinJ.18_plus,LinJ.16,87.335,448,512,688194,,,,,262311,262758,4.10e-06,445.4,plus,GTTCCCCTTTCTGCAGCGTGAGGCCATGCCCCACCCACCCCCTCTGCCGCACAGCACGCGCTCAACGCCACACTGCCCCCGGCCCCTCCTGCCACGGGCCCCATCGCGGGATGCGAAGCAGCCTTGGGCACACGCGGCACAGCAGCGCGCCGACTCGGTCATCAGGGAGCACGGCCCTCGCGACTCAAGCTCTACCCACCAACAGCCGTCTCGCAGACTGCTCCGACGCCACGCAGCCCAGGACCTGACCGCCGACATCTGTAGCGATACGTCGCTCTGACCTCGCCATGTCGCAGGTGCCTGAGCCTGTCACCGCCGGAGGTGGTTCGGCGTTTGGCAGGAATAGGGGTGGGGGCTGCTGCTGGGCCTCCTCCCACACACAGAGTTGAGGGGGCACTGGGCCCTGAGAAACCACGCGCTGAGAGAGGTGTGCCTCTCCTCCTCATCA
Seq_13_LinJ.01_plus,LinJ.16,87.739,366,645,688194,,,,,16873,17238,9.85e-08,253.8,plus,CGCTGGCATGGCTCCAGCGCCACTCGCCCCCCCACACACACACACCAGCAGTAGGCAGTGTGACGGCCGGGTGGGATACGCTCGAGGCGCATGGTGGCCTTGCACACCACATACAAATAGCACAAACGTGCTCACACTGTCGCCGGTCGCCGCGACGCACAACGCCACCCGCGACCGGACAGCGGCAGCGACACCGCGCACGGAGCTCCCCCTCCCCGTACGCCGTCGCCACTTCACCCTGTCACCCAGAATAGTTCGGTATTGGCAGGGATATAGGAGGGAGGAGGAGCTGTTCAGCTGCTTCACACAGACAGAGATACTGGGGAGGGGAGGGGGGGGGTGCACTGGACCTTCAGATGCCTCGCA
Seq_17_LinJ.35_plus,LinJ.16,72.818,707,554,688194,,,,,119745,120451,2.50e-01,77.6,plus,CGCGAACAAGCTAGCATACGCATACACATACACCCACAACCCATCTACCGCTGTGGCACCCCTGGCTACATCCTGCGTCGTCATGGATGAGCCGCCCTGCCGTTGAATCGGGTCACGCGTCTTGCGGGCTCTCTCTGTCCTTTCCCATCCCTCTCTCGCATGCGTGCTGCCAGATCGGCGCCAGTCGGAGAGAATCGCGTGGACGACATGCCTTGACCCAAGCGCACAGCGCCCAGGGCCCTGCTTGAGGGCTGGAGGCGGTGGGCATCCGTGGTGCGAGTAACAGGGGGTGTTCCAGGCGCATGCCGCATGGGTTCGAGGAGTACGTTGGCCAGCCTCCGGCCAGGGTCCTCTGAGACCTCGTCCACACTGCCTGGATGCCATGCCTCTGCTCTCAGTCACCTCCAGCCGCGGCATTCCACAAAGTGGTGTGGAGGCTCTCCACACGGGGGTCTGGAAGACTCCGTGGTGCAGCTTGGGGGAGGGGGGGGTGCTCTCGCCATGCCCTCGGCATCTGTGCTTCATATCGTACAGGCCCGGTCGGACGCAGGAGACACCGCATGCTCTTCGCGCACACGCACGGTGAGGCTGATTCGTATTGGGTCTCGTCACCCCTCTTTCGTCCATCACCCGTGCTCTGCTGGCCTCTGCGCGCCTTGCCTGCAGTGTGACACACCATGGCGTCTGACCATGAGAGCGCGTGTGCA
Seq_92_LinJ.35_plus,LinJ.16,72.034,118,631,688194,32,1,207,324,686989,687105,0.90,34.4,plus,CCGCGATACACCACACGACATGCTACGGCAAAAGCTACTTTGTAGCAGCCGGCCCACACCAAACAGTTGGGATGATAAGCTTACCAGGCGACAGGACATCACCCTCGCTCAGTTCCG
Seq_1_LinJ.16_minus,LinJ.16,100.000,850,850,688194,0,0,1,850,305532,304683,0.0,1570,minus,TTCCAGTGAGTCCCAAGCCCCCGCTAAGAGGGATGTGTGTGTGTGTGTGTCGGTATGAACAGTGCCGTGCTCCGCCTTCAGAGAGAGAAGGACCGAAGCACGGCACACGAGATCCTGTGTCCGTCTTTGCACCCCCACTGTACTCGCGTCACGCACCTTTCTCGCCCGTGCGCTGGCTGCACCCAGAATGGCATTTCTTTTCTCCCGGCCACCCCTCTCAGCGCGCGGTATCTCAGGGCCCAGTGCCCCCTCAACTCTGTGTGTGGGAGGAGGCCCAGCAGCAGCCCCCACCCCTATTCCTGCCAAACGCCGAACCACCTCCGGCGGTGACAGGCTCAGGCACCTGCGACATGGCGAGGTCAGAGCGACGTATCGCTACAGATGTCGGCGGTCAGGTCCTGGCCTGCGTGGCGTCGGAGCAGCCTGCGAGACGGCTGTTGGTGGGTAGAGCTTGAGTCGCGAGGGCCGTGCTCCCTGATGACCGAGTCGGCGCGCTGCTGTGCCGCGTGTGCCCAAGGCTGCTTCGCATCCCGCGATGGGGCCCGTGGCAGGAGGGGCCGGGGGCAGTGTGGCGTTGAGCGCGTGCTGTGCGGCAGAGGGGGTGGGTGGGGCATGGCCTCACGCTGCAGAAAGGGAAACGTGTCTCCCTTCTCTTCCCAGTTTTGTTCGCTACCTTCTCAACGAACGGACGCCCGCGTACGCGTGCTTGCATGCATGGCGCACCCGGCCACACCGCCACGTCGTGGATTCCCTGCGCGTCTGCATCCTTTCGAATATAAAGGGCGTCGGCGGTACATGTGTGCGCGTGTCTGTGCTCGCCTCCTCCCCGGATGAAGTGATTCTGTCGCTG
Seq_2_LinJ.16_minus,LinJ.16,100.000,836,836,688194,0,0,1,836,262949,262114,0.0,1544,minus,GATCGAGCACAGCGGTGCAGGCTGGAGGCACGCGTGCATGCGGCTGTGATGCCACGCTGGCGAGCATCCTCAAACACACGCACCTACACCGAGGGCGGGAGAGAGAGGAGAGGCATTGCACCATTCAAAATGTTTGTGAGCAAGCGACTTGTCTTCTTGCTTTCGTTTTTCACCGCGATGTTCTCCCCTGGTGATGAGGAGGAGAGGCACACCTCTCTCAGCGCGTGGTTTCTCAGGGCCCAGTGCCCCCTCAACTCTGTGTGTGGGAGGAGGCCCAGCAGCAGCCCCCACCCCTATTCCTGCCAAACGCCGAACCACCTCCGGCGGTGACAGGCTCAGGCACCTGCGACATGGCGAGGTCAGAGCGACGTATCGCTACAGATGTCGGCGGTCAGGTCCTGGGCTGCGTGGCGTCGGAGCAGTCTGCGAGACGGCTGTTGGTGGGTAGAGCTTGAGTCGCGAGGGCCGTGCTCCCTGATGACCGAGTCGGCGCGCTGCTGTGCCGCGTGTGCCCAAGGCTGCTTCGCATCCCGCGATGGGGCCCGTGGCAGGAGGGGCCGGGGGCAGTGTGGCGTTGAGCGCGTGCTGTGCGGCAGAGGGGGTGGGTGGGGCATGGCCTCACGCTGCAGAAAGGGGAACATTGTATCCGTTGTTTTCGTGGGCATAGTCGTGGCCGCTACGGCGTCGTATTCCTCGCCGTGTGCGTGTGCGAGCGATCGAAAGGATCCGGTGTGACGTAGGTGCGTTGCCGTGTCCTTGCCGTCTCTACCACCGCCTGCACCTCGCTGATCCTGCTCTCCCTATGACCATCTCAGGACGTAGATGTTGTCTGCTGC
Seq_8_LinJ.16_minus,LinJ.16,100.000,1000,1000,688194,0,0,1,1000,17673,16674,0.0,1847,minus,GGCGCAGCTCCAGCTTGTCGAGGACCGCGAGAGGGAGGAGGCGAAGTTCTTTCGAGAGCGCCGGCTGCAGAAGGAGAGGGAGTGGGAGGAGTACGAAGAGGCCCAGCGGCGCCTCGAACAGAACTCCGACCACAAAGAAGACGATGCTCATGACGAGGATGGCTGACACGTAAACGGACCAGCGCTGTCACCGTGACAGCAGTCAGCACAGGAAGAAATGCTACGGAGCAGAATACACAGAACGACAGGAAGCGCCCGATCGGTTATGCTGCCGGTGTACGCGTGCCGTTACATGCAGTTGGGGGGGGGCTCGATCATGCACATGCTGGCGGGTCGCTCATGTTCTTTTCTGCGCGAACGATTTCTTTTCCTTTCCCACCGCCGCACCCTCCTCCTCTAAACCGATATGATGAGGGGGAGGGGAGCACTGCTGAGTGCGAGGCATCTGAAGGTCCAGTGCACCCCCCCCCTCCCCTCCCCAGTATCTCTGTCTGTGTGAAGCAGCTGAACAGCTCCTCCTCCCTCCTATATCCCTGCCAATACCGAACTATTCTGGGTGACAGGGTGAAGTGGCGACGGCGTACGGGGAGGGGGAGCTCCGTGCGCGGTGTCGCTGCCGCTGTCCGGTCGCGGGTGGCGTTGTGCGTCGCGGCGACCGGCGACAGTGTGAGCACGTTTGTGCTATTTGTATGTGGTGTGCAAGGCCACCATGCGCCTCGAGCGTATCCCACCCGGCCGTCACACTGCCTACTGCTGGTGTGTGTGTGTGGGGGGGCGAGTGGCGCTGGAGCCATGCCAGCGTGGCGGAGAATAAACGCTGTAAACACAGGTAAAACGATCCACAGTCGCAGAGCTTCACACAGCGCGATGACGCGTCCGTGTGTTGTAGTCGCGAGAGGACTTCTGCGACGACTTGCGCCCTGCAAGCGCTCTAGCGCGGCCATGTTGCTGCGAGTGCATCGCCTTTCTCGTAGTGGATGTCGTTACATTGTTGGTCACT
Seq_11_LinJ.16_minus,LinJ.16,94.233,494,453,688194,,,,,60465,59972,8.45e-37,251.5,minus,GACGGCTTACAGGGAGGGGGGAGGGGGAGGCCCGTGCGCGGTGTCGCTGCCGCTGTCCGGTCGCGGGTGGCGTTGTGCGTCGCGGCGACCGGCGACAGTGTGAGCACGGTTGTGCCATTTGTATGTGGTGTGCAAGGCCACCATGCGCCTCGAGCGTATCCCACCCGGCCGTCACACTGCCTACTGCTGGTGTGTGTGTGTGTGTGTGGGGTGGGGCTGCGCCACGCCGAGGGGGATGCACGAGGTAGCGACCGGCATGATGGGGGAGCGTCTGCGCGGCGACCCGCGGAGCGGGTGGTGGGCCGGCAGAGCTCGAGGCAGAGGCCGTGCTCTCGGATGAGAGGGTCGCTGCATTGCTGTAGCGTGTGTGCCCAGGGCTGCCATTACACGAGGCGGGGGGGGGCCTGTGACAGGCCCTCTGTGTGTGTGTGTGGGGCCGAGTGGCGCTGGAGCCATGCCGCCATGGCAGCTAGATGGGCGCGACGCAGCACGGG
Seq_11_LinJ.16_minus,LinJ.16,100.000,453,453,688194,0,0,1,453,64677,64225,0.0,837,minus,GATGATGACGAGGGGGGAGTGTCTAAGGGCGCGATATCACAGTGCTCAGCACACCCGCTCTGTGTGCGGAGAGGCCAGCCCCTCCTCCCTCCTATATCCCTGCCAGTGCCGAACCGCTTCTCTTGGTGACAGGGTGAAGTGGCGACGGCGTACGGGGAGGGGGGAGGGGGAGGCCCGTGCGCTGTATCGCTGCCGCTGTCCGGTCGCGGGTGGCGTTGTGCGTCGCGGCGACCGGCGACAGTGTGAGCACGGTTGTGCTATTTGTATGTGGTGTGCAAGGCCACCATGCGCCTCGAGCGTATCCCACCCGGCCGTCACACTGCCTACTGCTGGTGTGTGTGTGTGGGGGGGGGGTGTGGGGCTGTGACAGGCCCTCTGTGTGTGTGTGGGGCCGAGTGGCGCTGGAGCCATGCCGCCGTGGCAGCTAGATGGGCGCGACGCAGCACGGGCAGT
Seq_14_LinJ.16_minus,LinJ.16,99.755,240,278,688194,,,,,20998,20759,3.54e-103,407.0,minus,CGGGGTGGGGGAGCTCCGTGCGCGGTGTCGCTGCCGCTGTCCGGTCGCGGGTGGCGTTGTGCGTCGCGGCGACCGGCGACAGTGTGAGCACGTTTGTGCTATTTGTATGTGGTGTGCAAGGCCACCATGCGCCTCGAGCGTATCCCACCCGGCCGTCACACTGCCTACTGCTGGTGTGTGTGTGTGGGGGGGCGAGTGGCGCTGGAGCCATGCCGCGATAGCAGCTAGACGGACACGATG
Seq_18_LinJ.16_minus,LinJ.16,98.535,301,276,688194,,,,,39589,39289,3.82e-112,455.5,minus,TATCGGTGCCAATACCGAACTATTCTGGGTGACAGGGTGAAGTGGCGACGGCGTACGGGGAGGGGGAGGGGGAGCTCCGTGCGCGGTGTCGCTGCCGCTGTCCGGTCGCGGGTGGCGTTGTGCGTCGCGGCGACCGGCGACAGTGTGAGCACGTTTGTGCTATTTGTATGTGGTGTGCAAGGCCACCATGCGCCTCGAGCGTATCCCACCCGGCCGTCACACTGCCTACTGCTGGTGTGTGTGTGTGGGGGGGGCGAGTGGCGCTGGAGCCATGCCGCCATGGCAGCTAGATGGGCGCGAT
Seq_12_LinJ.16_minus,LinJ.16,100.000,454,454,688194,0,0,1,454,80289,79836,0.0,839,minus,GATGATGACGAGGGGGGGGAGTGTCTAAGGGCGCGATATCACAGTGCTCAGCACACCCGCTCTGTGTGCGGAGAGGCCAGCCCCTCCTCCCTCCTATATCCCTGCCAGTGCCGAACCGCTTCTCTTGGTGACAGGGTGAAGTGGCGACGGCGTACGGGGAGGGGGAGGGGGAGGCCCGTGCGCGGTGTCGCTGCCGCTGTCCGGTCGCGGGTGGCGTTGTGCGTCGCGGCGACCGGCGACAGTGTGAGCACGGTTGTGCTATTTGTATGTGGTGTGCAAGGCCACCATGCGCCTCGAGCGTATCCCACCCGGCCGTCACACTGCCTACTGCTGGTGTGTGTGTGTGGGGGGGGGGTGTGGGGCTGTGACAGGCCCTCTGTGTGTGTGTGGGGCCGAGTGGCGCTGGAGCCATGCCGCCGTGGCAGCTAGATGGGCGCGACGCAGCACGGGCAGA
Seq_16_LinJ.16_minus,LinJ.16,100.000,354,354,688194,0,0,1,354,443808,443455,0.0,654,minus,TCGGAGCGACCTGCGACGACACACACGTTGGCGCCGTCCACATCATGGGCGGGGTGTCGGCGTGACTCAGGTGTATGCCACCCCCAGCCCTGACTGCCCTGCTGGTAGGGTGGGGGGAAGCCCGAGGAGCATGGAGTGGGCAGAGCTTGCGGCAGGGGCGCTGCTGCGGTGACGGATTCGGCGCACTGCTGTACCGCGCGTGTCTGGCGGCTGCCTCGCACTGGATGGCGGGGGCGTGTGACGGATGCTGCACGGCCGCGGACTGGACGCGTTGGAAAGTACCTCACATATGGAATGGGCTCTTGGAAACGATGGGAGCGCAGCGGAGAGGTGCTGCGAGTCCTACGGCCCCGC
Seq_4_LinJ.16_minus,LinJ.16,100.000,1000,1000,688194,0,0,1,1000,186097,185098,0.0,1847,minus,TGGAGCGAGGTAGGGCATCTCGCAGCACCAGCGACCGCATCGACGAACAACGATACCGAAGCAGCGGCACTGCTTCGGATGTGGGAGAGGGCGAGCGAAGTGGGGATCGGTCTTGCGCTCGGATGTTTTGGGCTTCGCCGCATATCCGGCTCTTGCTTTGATTATCAAGAGCCGGCATCTCATTCGGCGGGTGCTTGTGTGCGTGTGTGTGTGTGTGATCTTCTTTTGATGCTTCATGTGAGTAGCGCACCCCCCCACCCCAGCCCCGCTCCGTGTGCCAAGACGCCAGGGGATCTCCCCCGTCCCTGCCGAACGCCGCACCACCTCCGGCGGTGACAGGCTCAGGCACCTGCGACGTGGCGAGGTCAGAGCGACGTATCGCTACAGATGTCGGCGGTCAGGTCCTGGCCTGCGTGGCGTCGCGGCGGCATGCGAAGCGGCTGTTGGTGGGTAGAGCTTGAGGCGGGGGCCGTGCTCCCCGACGACCGAGTCGGCGCACTGCTGTACCGTGTGCGTCTACGGCTGCTTCGCACCAGACGACGGGCGCCCGTGGCAGGAGGGGCCGGAGGTGCGTGTGTGTGTCAGAGGTGGCGGTGTAGGGTGTGGTGTTTGGCCTCGCCTGGTGCACGGCAGACAGACGAACTCGCCCTGATAAGCAAGCGCGAGAAAAAGTCGATCAGCGCCGAAGAGGCGGTAAACGTAAACGAAAAGGCGGGATGCGGTGCAGGCGAGCATGCGATCCACGTACGCTGCGGAGCGGGGCACGACTCACGTGTGTGCGCGTGCGTGCAAGCGTCTTCTGCCTCCCTCTCTCATACATGTTTTCTCCTTTTCTTGCATGGACGAAACGGAAGGCATCAGCTGCGCTCAGAAACACGAACGCTTCCTGCACTGGCGACACACACGCATAAACGTGGTAGCCGCAGCCGTAGCCGCGTGTCACTCTCTTTGCTTTTTAGCTTGGCGTGGCGCGCACGTGTGCGCTCGTGACCTTAACCCT
Seq_3_LinJ.16_minus,LinJ.16,100.000,1000,1000,688194,0,0,1,1000,141932,140933,0.0,1847,minus,CCTGGAGGCCGCCCTCTCCTACACCCTTCCTCCCGACCATCGCCGTCGCACCCACAAACACGCACGCCACAGGGTCAGAAAAGCAGAAGGGGAGAGAGACAGCTGCTTCCTCGCATGCGCTGCGTGTCGCACTGCCACCCCTCACAGTGTTGCCTCACTGAGGTACGCAACTAACACACACACGTACTCTTGCTGCCGGTTTGGGGCCTCCCCTGGTGACTGGAGAGACACCGCTTGGCGTGGTGTCCAGTGCACGGTGCCTCGCTCCGTATGGGGAGACCCAGCAGCAGCCCTCACCCCCATCCCTGCCGAACGCCGCACCACCTCCGGCGGTGACAGGCTCAGGCACCTGCGACGTGGCGAGGTCAGAGCGACGTATCGCTACAGATGTCGGCGGTCAGGTCCTGGCCTGCGTGGCGTCGCGGCGGCATGCGAAGCGGCTGTTGGTGGGTAGAGCTTGAGGCGGGGGCCGTGCTCCCCGACGACCGAGTCGGCGCACTGCTGTACCGTGTGCGTCTACGGCTGCTTCGCACCAGACGACGGGCGCCCGTGGCAGGAGGGGCCGGAGGTGCATGTGTGTCTGTGTGTGTCAGAGGTGGCGGTGTAGGGTGTGGTGTTTGGCCTCGCCTGGTGCACGGTAGAGTGGCAGTCTAACGCTGGCAAAAGGAAAAAAGTGCAGTGTGGACGTTAGATGGTTGTGATGGCGGGTCGCATGACGGCGCATATGCGGGCGGCAGCAGCGGCAGCAGCGGGAGGAATGCACGTTTTCGTTGCTGCACCACGTTGGGGGCATCTCTTTACTTCTGTCCACTGCTCTCTCCGCCTCTCTGCCTATGATGACGCTTTACGGCCACCGCGCACACCCTGTGCGCCTCCCTTCTCCGTACCCGGTCCCCTTCGCGTGCGTGGCCCACACACAGTGCACTCCAGCAGCGTTGAGCGCTGTCCTTTCAGTTTGTCTTTTAAGGTGCACGCCGTGGTCCGTCGGCAGGGTCGTTGG
Seq_16_LinJ.13_plus,LinJ.16,73.183,680,993,688194,,,,,120424,119745,4.60e-01,41.8,minus,CATGGTGTGTCACACTGCAGGCAAGGCGCGCAGAGGCCAGCAGAGCACGGGTGATGGACGAAAGAGGGGTGACGAGACCCAATACGAATCAGCCTCACCGTGCGTGTGCGCGAAGAGCATGCGGTGTCTCCTGCGTCCGACCGGGCCTGTACGATATGAAGCACAGATGCCGAGGGCATGGCGAGAGCACCCCCCCCTCCCCCAAGCTGCACCACGGAGTCTTCCAGACCCCCGTGTGGAGAGCCTCCACACCACTTTGTGGAATGCCGCGGCTGGAGGTGACTGAGAGCAGAGGCATGGCATCCAGGCAGTGTGGACGAGGTCTCAGAGGACCCTGGCCGGAGGCTGGCCAACGTACTCCTCGAACCCATGCGGCATGCGCCTGGAACACCCCCTGTTACTCGCACCACGGATGCCCACCGCCTCCAGCCCTCAAGCAGGGCCCTGGGCGCTGTGCGCTTGGGTCAAGGCATGTCGTCCACGCGATTCTCTCCGACTGGCGCCGATCTGGCAGCACGCATGCGAGAGAGGGATGGGAAAGGACAGAGAGAGCCCGCAAGACGCGTGACCCGATTCAACGGCAGGGCGGCTCATCCATGACGACGCAGGATGTAGCCAGGGGTGCCACAGCGGTAGATGGGTTGTGGGTGTATGTGTATGCGTATGCTAGCTTGTTCGCG
Seq_25_LinJ.16_minus,LinJ.16,100.000,1000,1000,688194,0,0,1,1000,99176,98177,0.0,1847,minus,AGTCGGATCGACGGAGTCGAATATGCGGACCGGCTCGATGGCCGCGGTGTGCCCCACTTTCCCCTTCTTTTCGCTCCTCTTACAAGCCGACACTTGCAACGAGACGGAAGCCGTCCCCCACCTGCTCATACGCGCGTGCGCAGCCGCTCAGCGGCTCGCACAACGTGAACCTTAGTGTTCTCTCTCATTTTCTTGATGTGCATTTTTTTATTTGTGCTTTCACGCGTTTTATCCCTCGCATCGTTGCGTAACACTGTAAGCCGCGACAGCGCGCGCTTTACAGACAGAGAGCCAGGGCCAGCATGAGAGAGAGAGAGGGTGCCTGACAGACTAGAGCTTAACTATTCCTTGCGAATTTTTGTTTTGTGTGTGTGTGTAGAACCCCATACTCGTGTTGTATAGTCCTGCTGGAGTAGTGGTTCCCTCTCATTCTCGCCCATCCTCGTGGCTTTAACCCGTCGTTTGTGTCGCATCGACCATCACTGTCGGCCCTCCACCCCCGCCCTCTCTGGCCGTCTTTTCGGCTCCGAAATTTGTGTATTGCCCAAGTCGCTGCTTCGCGTGCGCGTTCGGGTGGGTGCAGGCGCGCACTTGGCGTTCTTCTTTTCTTGTTTTGAAGAAGTCATTCTCTACAGAACCCTCACGGCTGCTGCCACAGTGTCAGCCTGTCGCCCCCCGCTCGATACAGCTGCCGCCTTCCAGAGCCGGGGCGCCGTAGCAAGCACCGCCCCCGCTTCGGGCTCCTTCTCACGTGCCTTTCTGCCGGCATGGCGACTAAGGAGAATGCTGGTCACAACATGCCAGCGCAGCCGCTGCGCTACGGCTCTCTGATCAGCCTCTATAAGCAGTCACTGGACGGCTATGTCGTGGCCACCTCATCCACGGAGGCGCCGGTTGGGCTGCAGCGTGACACCCCCGAGACGCCGCTGCGCCACGAGCACACAGTTTTGCTTTTGCAGCACGGCGACCCTGTCGAGGCAAGTGTCAACCGGCAGCCGGA
Seq_1_LinJ.20_minus,LinJ.16,98.496,133,949,688194,0,2,813,945,131,1,1.26e-60,233,minus,GACCCCTCTCCAACAGGACGGGGGCGTGACGGTGTACTGGTGTACTGGTGTACTGGTGTACTGGTGTACTGGTGTACTGGTGTACTGGTGTACTGGTGTACTGGTGTACTGGTGTACTGGTGTACTGGTGT
Seq_24_LinJ.16_minus,LinJ.16,100.000,636,636,688194,0,0,1,636,408681,408046,0.0,1175,minus,CCTCTCCTTCGCCAGCGCGACAGGCGTGCAGATAGAAGAGGCGGGAGAGCGAGGTACACCCGAGGCCATTGGCCGAGTCGGCACACGCGTCCCAGTCGGCCCGACCTCTGCCATGTGTGCGGTCGTGCCGCTTACACAGAGAGGGCCATACCAGCGGGAGCAGAGCGCGTCTCTCCATACAAGCGCATCGGTACGTGTATATGCCTGTGCCTGTGTGCACGGACGGGAGTGCGGAGCCGCTCGTCCTTCCAGCTTCCTGACTCACCGGGTGGAGGCGTCAGAAGGGGGGGCATGACTTACTCGAAAGGCATGGCGAGTGGAAACAACGAGAGAGAAGAGGACCATGACGTCACTGGGGCGCATTCCCAAAGCGAACGCAAGTCAGAAGTGGCACTGACAGGCAGAGCAAGCACCGCGATTGCGCTGGACGAGAAAGAGAATCGATCGCCCCTCTCCCCTGACCTCGGCGCACCGCTGTGTCTCGAAGAATGCGTACACAGAACAAAAAAAGATGCGTGTGCCTCCACCCGCAGGGGCCGGTGCACACTCCTCCGCTGGCGTAGGAAGGGGCGAGAGAGTGAGAGGTAGCCGCCAACATTCGCTATCCCATGCGCGCCTTCACGAGAGTATACATGA
Seq_7_LinJ.33_minus,LinJ.16,81.395,172,957,688194,28,3,76,244,605216,605046,1.03e-31,137,minus,AGGCCCTCTTAGCCACATCCGATGAAGAGCTGCTGCAGATGACGCGCGGCTCCACAACTTTCGTGGGCGAGGAGTATGAGTGGCACGCCAGCCGCAGACATGTGCGAAGCGCAGTGGAATCCGTTGCGAAGTCGAAGCTCGCGCTCCACAAGCAGCAGCGCGCGAGCACGC
Seq_30_LinJ.16_minus,LinJ.16,100.000,491,491,688194,0,0,1,491,488837,488347,0.0,907,minus,ACCGCCCAGCCCGCCTGTTATCGGCAATATGCCCTTCTATTCTCTCTTCACAATGTGCCCCCGTCTCTGATGACGGGAGAGGAGGGTGCCGCAGTGCGCGGTATCTCTCGCATACACACGCACACGGGCCAGCACCCCCCCCGCCCCTCTATTCCCGGGCAAACGCCGCACCACTGCTGACGAGTGGCAGGGCCCAGGCACCCACGGCGTGGCGAGGTCAGAGCGATGTATTCCTGCTGATGTCGGCGGCCAGACCCTGGAGGGCGCTGCGTCGGAGCGACCTGCGACGACGCACACGTTGGCGCCGTCCACATCATGGGCGGGGTGTCGGCGTGACTCAGGTGTATGCCACCCCCAGCCCTGACTGCCCTGCTGGTGGGGTGGGGGGAAGCCCGAGGAGCATGGAGTGGGCAGAGCTTGCGGCAGGGGCGCTGCTGCGGTGACGGATTCGGCGCACTGCTGTACCGCGCGTGTCTGGCGGCTGCGTCGCT
Seq_30_LinJ.16_minus,LinJ.16,99.088,624,491,688194,,,,,446690,446067,3.17e-179,759.5,minus,ACCGCCCAGCCCGCCTGTTATCGGCAATATGCCCTTCTATTCTCTCTTCACAATGTGCCCCCGTCTCTGATGACGGGAGAGGAGGGTGCCGCAGTGCGCGGTATCTCTCGCATACACACGCACACGGGCCAGCACCCCCCCCGCCCCTCTATTCCCGGGCAAACGCCGCACCACTGCTGACGAGTGGCAGGGCCCAGGCACCCACGGCGTGGCGAGGTCAGAGCGATGTATTCCTGCTGATGTCGGCGGCCAGACCCTGGAGGGCGCTGCGTCGGAGCGACCTGCGACGACGCACACGTTGGCGCCGTCCACATCATGGGCGGGGTGTCGGCGTGACTCAGGTGTATGCCACCCCCAGCCCTGACTGCCCTGCTGGTGGGGTGGGGGGAAGCCCGAGGAGCAGGGAGTGGGCAGAGCTTGCGGCAGGGGCGCTGCTGCGGTGACGGATTCGGCGCACTGCTGTACCGCGCGTGTCTGGCGGCTGCCTCGCACTGGATGGCGGGGGCGTGTGACGGATGCTGCACGGCCGCGGACTGGACGCGTTGGAAAGTACCTCACATATGGAATGGGCTCTTGGAAACGATGGGAGCGCAGCGGAGAGGTGCTGCGAGTCCAGCGGCCCCG
Seq_25_LinJ.16_minus,LinJ.16,100.000,636,636,688194,0,0,1,636,367548,366913,0.0,1175,minus,CCTATACTTCGCCAGCGCGACAGGCGTGCAGATAGAAGAGGCGGGAGAGCGAGGTACACCCGAGGCCATTGACCGAGTCGGCACACGCGTCCCAGTCGGCCCGACCTCTGCCATGTGTGCGGTCGTGCCGCTTACACAGAGAGGGCCATGCCAGCGGGAGCAGAGCGCGTCTCTCCATACAAGCGCATCGGTACGTGTATATGCCTGTGCCTGTGTGCACGGACGGGAGTGCGGAGCCGCTCGTCCTTCCAGCTTCCTGACTCACTGGGTGGAGGCGTCAGAAGGGGGGGCATGACTTACTCGAAAGGCATGGCGAGTGGAAACAACGAGAGAGAAGAGGACCATGACGTCACTGGGGCGCATTCCCAAAGCGAACGCAAGTCAGAAGTGGCACTGACAGGCAGAGCAAGCACCGCGATTGCGCTGGACGAGAAAGAGAATCGATCGCCCCTCTCCCCTGACCTCGGCGCACCGCTGTGTCTCGAAGAATGCGTACACAGAACAAAAAAAGATGCGTGTGCCTCCACCCGCAGGGGCCGGTGCACACTCCTCCGCTGGCGTAGGAAGGGGCGAGAGAGTGAGAGGTAGCCGCCAACATTCGCTATCCCATGCGCGCCTTCACGAGAGTATACATGC
Seq_23_LinJ.24_minus,LinJ.16,74.719,196,1000,688194,,,,,348568,348373,1.95e-05,63.0,minus,AAGCGCTTTTAGGCGTGTGTGGGGGGGGGGAAGCTTGAGGCAGGGGCTGCGCTCAAAATGGCTGAGTCGGTGCATTGCTGCCCCGGCGTGTGTCGACGGCTTCTTTGCATCATGCGATGGGGGCCTGTGACGGGGGGGGGGGGGGGGGGGTAGAGTTGAGCTCATGACGTATGGCAGAAAGGCTGCGTTGAAAAAA
Seq_2_LinJ.16_plus,LinJ.16,99.491,772,461,688194,,,,,167224,166453,0.00e+00,840.5,minus,GCATCCCCCCACCCCAGCCCCGCTCCGTGTGCCAAGACGCCAGGGGATCTCCCCCGTCCCTGCCGAACGCCGCACCACCTCCGGCGGTGACAGGCTCAGGCACCTGCGACGTGGCGAGGTCAGAGCGACGTATCGCTACAGATGTCGGCGGTCAGGTCCTGGCCTGCGTGGCGTCGCGGCGGCATGCGAAGCGGCTGTTGGTGGGTAGAGCTTGGGGCGGGGGCCGTGCTCCCCGACGACCGAGTCGGCGCACTGCTGTACCGTGTGCGTCTACGGCTGCTTCGCACCAGACGACGGGCGCCCGTGGCAGGAGGGGCCGGAGGTGTGTGTGTGTGTGTCAGAGGTGGCGGTGTAGGGTGTGGTGTTTGGCCTCGCCTGGTGCACGGCAGACAGTGAAGCACAGAACACATAAGCCGACGAAAAATGCCTTTGGACGTGCGCTACCTTCCCTTGGCTGGCCGCGACGTGGTCGGCGCGCCTCTGCTTTGCTTGTATTTCGGTGTTTCCCGCACCCCTTCGGGCACCTTTCGAGGACGCTGCACCGCGCCGCGCTCACACTTCGCCCATTCTTGCGTTGCTGGTGCTGCTCGGCTTACTTCGTTACCGCCTTTGCCGTCTTCCGCTCTCCCTTTCGGCCTCTCCACTCCCCCCCTCCTGCGCCTCGCTTGCATCCTTATCGCAACGTTCTCCGTCCTCGCCGGCACCCCTCCCCCGCCTTGTGCCTTGCTGCCCGCTGACTCGTCGACCGCACCGTGGCGGTGGTGAGTGCGTG
Seq_22_LinJ.16_minus,LinJ.16,97.505,394,388,688194,,,,,147656,147263,3.47e-135,581.5,minus,CTGCCGGTTTGGGGCCTCCCCTGGTGACTGGAGAGACACCGCTTGGCGTGGTGTCCAGTGCACGGTGCCTCGCTCCGTATGGGGAGACCCAGCAGCAGCCCTCACCCCCATCCCTGCCGAACGCCGCACCACCTCCGGCGGTGACAGGCTCAGGCACCTGCGACGTGGCGAGGTCAGAGCGACGTATCGCTACAGATGTCGGCGGTCAGGTCCTGGCCTGCGTGGCGTCGGGCCGACATGCGAAGCGGCTGTTGGTGGGTAGAGCTTGGGGCGGGGGGCCGTGCTCCCCGACGACCGAGTCGGCGCACTGCTGTACCGTGTGCGTCTACGGCTGCTTCGCACCAGACGACGGGCGCCCGTGGCAGGAGGGGCCGGAGGTGCGTGTGTGTGCGTC
Seq_28_LinJ.16_minus,LinJ.16,86.142,569,552,688194,,,,,673629,673061,5.40e-02,512.1,minus,TGACTACGGGGCACCTCAGCATGCTATCAGGGCCCGGTGCACCCTCCGTGGTGGGAAGCCCGGCAGCCATGCAGCCCCCGCGAAATGCCGAGCCACCCCTGGCGGTGACAGGGCCGAGTGCCTACACCACAGGGAGGTCAGGGCGACCTATCGCTACTGATGTCGGCCGTGCCAGATCGTGGATGGCGTTGCGTCGGAGAGACCTGCGGCAGTAGACACACTAGTGCCGTCCACGCGGAGGGCGGGGTGTCAGCGTGGCTCGGACGCGGCTCCCCCGGCCCTCACACTGCCTTTGCTGGTGGTGCGGAGCCTGAGAGCCACCCCGAGCTGCATGCACCTGGGGTGGGGACCGGCATGATGTGGGCGGCTGTGAGGCGACGTGCGAAGCGGAGCTGGGTAGAGTTTGGTGCAGGGGCCGCGCTCTCAGATGACTGGGCCGGCAGCATTCTAACGCGTGTCTCCCGCTGCACCGCACCAGGCGATGGGGGCCTGCGGCATTCCGGCTGGGGCGGCGTTTGAGCCCGTGTTGCACGGCAGCAAAACGGGCATCTTGAAAAAAGACAAAAAAA
Seq_21_LinJ.21_minus,LinJ.16,86.12,562,753,688194,,,,,620742,620181,8.35e-10,526.4,minus,TCCTGGTGACTTCGGACACCTCAGCATGCTATCAGGGCCCGGTGCACCCTCCGTGGTGGGAAGCCCGGCAGCCATGCAGCCCCCGCGAAATGCCGAGCCACCCCTGGCGGTGACAGGGCCGAGTGCCTACACCACAGGGAGGCCAGGGCGACCTATCGCTACTGATGTCGGCCGTGCCAGATCGTGGATGGCGTTGCGTCGGAGAGACCTGCGGCAGTAGACACACTAGTGCCGTCCACGCGGAGGGCGGGGTGTCAGCGTGGCTCGGACGCGGCTCCCCCGGCCCTCACACTGCCTTTGCTGGTGGTGCGGAGCCTGAGAGCCAACCCGAGCTGCATGCACCTGGGGTGGGGACCGGCATGATGTGGGCGGCTGTGAGGCGACGTGCGAAGCGGAGCTGGGTAGAGTTTGGTGCAGGGGCCGCGCTCTCAGATGACTGGGCCGGCAGCATTCTAACGCGTGTCTCCCGCTGCACCGCACCAGGCGATGGGGGCCTGCGGCATTCCGGCTTCGGCGGCGTTTGAGCCCGTGTTGCACGGCAGCGAAACGGGCATCTTAAGAA
Seq_79_LinJ.35_minus,LinJ.16,86.935,952,529,688194,,,,,612957,612006,1.00e-01,489.2,minus,GCGTGACACTAGTGTCCAGTACCCACTCTGTAGGGAAGCCAAGAGCCTGCCGCCTGCGATTGGGTACGGTTTTGGACTCATGGTCTTGGCGGACAGAGCTGGGCTGGCGCTGTGCTGAAGAGACTTTCTGGCATGATCACGTTCGTGCCAGCTCACCAAATATCGTGCCGATGACTCAACAAGTATGCGCATCCACTTACCACCTCTCTGCGTTGGCTGTGTGGCGGTGGCGCTGAGCGCAATTCTGGACCTGGCTTGCCACTGCATGCAGTGCGAACGACGCCAAGCGGTGTTGGCTGGCCTTATGTCCTTGGTATACAGCCGTAGTGCAGCGGAGGTAGACGAAATGTGGTTGTGCATCCGCACATCTGTGGACGCGCTGGTGGTAGCATGGACACCTTGAAAAACGACAAAAAAAAACCTGCACTCTCTCTGAAGAGGCCGTGCAGCCCGGCAGCCATGCAGCCCCCGCGAAATGCCGAGCCACCCCTGGCGGTGACAGGGCCGAGTGCCTACACCACAGGGAGGCCAGGGCGACCTATCGCTACTGATGTCGGCCGTGCCAGATCGTGGATGGCGTTGCGTCGGAGAGACCTGCGGCAGTAGACACACTAGTGCCGTCCACGCGGAGGGCGGGGTGTCAGCGTGGCTCGGACGCGGCTCCCCCGGCCCTCACACTGCCTTTGCTGGTGGTGCGGAGCCTGAGAGCCAACCCGAGCTGCATGCACCTGGGGTGGGGACCGGCATGATGTGGGCGGCTGTGAGGCGACGTGCGAAGCGGAGCTGGGTAGAGTTTGGTGCAGGGGCCGCGCTCTCAGATGACTGGGCCGGCAGCATTCTAACGCGTGTCTCCCGCTGCACCGCACCAGGCGATGGGGGCCTGCGGCATTCCGGCTTCGGCGGCGTTTGAGCCCGTGTTGCACGGCAGCGAAACGGGCATCTTGAAAGAAGG
Seq_28_LinJ.23_minus,LinJ.16,74.762,328,818,688194,,,,,436622,436295,8.15e-07,101.2,minus,GTCTGGCACGCGCCTGAACCACACCTTGCTGCCTACACCACAAAAGCTCACCGCTTCCGCCCCTTGAGCACGGCTCTGAGCGCGGCGCGCTTGGATCAAGGCATGCAGCCCACCGGAGTGTCCGTCTGGCGCCGACCGCGCCGCACGTATGGGAAGAAGGAACGAGGAAGGACAAGAGGAGCCCGTACCACGCATGGCCCGATTCGACGGCAGACGGTTCGTCCTAGACGGCCAGGGTGTATCCGTGGTGCCGCAGCGGTAGGCGATCTGCGGCTGTGTGTGCATCTGCTTGCGGGCGTGCCCGTGGGAAAGTGGACATGAAGGTCGA
Seq_12_LinJ.31_plus,LinJ.16,74.946,386,572,688194,,,,,415423,415038,1.59e-07,64.0,minus,GGCTCCAGTCACAAGCCCTCGTCACCCCGTGCGAGGCAGCCGCCAGACACGCGCGGTACAGCAGTGCGCCGAATCCGTCACCGCAGCAGCGCCCCTGCCGCAAGCTCTGCCCACTCCATCCTCCTCAGGCTCCCCCCACCCCACCAGCAGGGCAGCCAGGGCTGGGGGTGGCATACACCTGAGTCACGCCGACACCCCGCCCATGATGTGGACGGCGCCAACGTGTGCGTCGTCGCAGGTCGCTCCGACGCAGCGCCCTCCAGGGTCTGGCCGCCGACATCAGCAGGAATACATCGCTCTGACCTCGCCACGCCGTGGGTGCCTGGGCCCTGCCACTCGTCAGCAGTGGTGCGGCGTTTGCCCGGGAATAGAAGGGCGGGGGAGTG
Seq_47_LinJ.16_minus,LinJ.16,100.000,462,462,688194,0,0,1,462,200365,199904,0.0,854,minus,CTTTCAAGGTGAGCTCGTCTGTCTGCCGTGCACCAGGCGAGGCCAAACACCACACCCTACACCGCCACCTCTGACACACACACACACACCTCCGGCCCCTCCTGCCACGGGCGCCCGTCGTCTGGTGCGAAGCAGCCGTAGACGCACACGGTACAGCAGTGCGCCGACTCGGTCGTCGGGGAGCACGGCCCCCGCCTCAAGCTCTACCCACCAACAGCCGCTTCGCATGCCGCCGCGACGCCACGCAGGCCAGGACCTGACCGCCGACATCTGTAGCGATACGTCGCTCTGACCTCGCCACGTCGCAGGTGCCTGAGCTTGTCGCCGCCGGAGGTGGTGCGGCGTTCGGCAGGGACGGGGGAGATCCCCTGGCGTCTTGGCACACGGAGCGGGGCTGGGGTGGGGGGGTGCGCTACTCACATGAAGCATCAAAAGAAGATCACACACACACATACACGCACG
Seq_92_LinJ.35_minus,LinJ.16,72.034,118,971,688194,32,1,790,907,687105,686989,1.4,34.4,minus,CGGAACTGAGCGAGGGTGATGTCCTGTCGCCTGGTAAGCTTATCATCCCAACTGTTTGGTGTGGGCCGGCTGCTACAAAGTAGCTTTTGCCGTAGCATGTCGTGTGGTGTATCGCGG
Seq_78_LinJ.29_minus,LinJ.16,84.211,323,535,688194,21,10,61,383,608571,608279,5.29e-77,287,minus,TCAGGGCCACGATGTGCGCGTTCTCATGATCCGAAAACTCACCCCCTCCTTGCCTGCATGGCCTCTGGCGTCTATCCTGTCCTCTGCTCGCACAGCGTGGCAGCTGCAATGCACTCTCTCCTCCCCTCTCTTCCTGCAGACGATGCGCCAGCTCAACGGAACGAGTGTTTTGGCTCATCGCTTCACCAGTCACCACCCCGACAGAGACCGCCACCGTCAAGCATGTTGGGTGCACCGAGTCCGGCAGCAGGCGAATTCAGACGCCGTCTTGCACGGCTTTAGGGGTGAAGGGC
Seq_58_LinJ.30_minus,LinJ.16,75.686,915,1000,688194,,,,,556512,557426,3.75e-19,109.8,plus,CCATTTCCGCCGATGCCATGGTGAGGTGTGTCTGGATGGCCTGCCCGCATGCGCCGCGACACGTGGAACGCTGCTCTGAACCTGGGGCGGCATGAGACACGGCGCCTTCTGGACACGCCCGCCTGTTCACAGGTGCGGGGTGTGTCAAGCAGAAGAGATCCGTGTCGATCGCCGTGAGGAAGAAGAGCAAGTCCGTTAAGGCATTCATACCTGTTTTTTTTTTCTGTGCCTCGGGTAATGGACTTGCCCTCGCAGCAGGTGAAGCCCAAGCACTCCCCCTGCTCCACAGTCAGCGAGTCCACTACAGTGACGAGGAAGGGGTCTAGGGGACTGATCCTTGTGTGACTCCGCTTGCACACATCGCCATCTTCAACCTGTTCTCGAGGAAGCGAGCAAAGACGCGACGACAGGCTGCCAAGTCCACGACCCGGCGAGAAAGGCACAGGGCTACATTGAACGCCTTCAGCGCCGTGATGATAACGCCGTGATCGACCTACTCGACCGTGCGAGCCCTAGAGTCCGCAAGCACTGCGCCTGCCTTGGTGCCCCCCAGCTGGTACTTGTCTTGCAGATAGTTGCGCAGTGGTCGCGAGGCAATTCGCTCAAGTGGCTTGCTCAGATGGCTGGTAAGGGTTACAGAGACGGTAGGATGCAGGACCATCATCGGGGTTGCGCGGCCTCAGGAAGGACCCGCACCGAGCCCCGCTTTTCATGCAGTAGGGACGCGGCCGGTGACAACGCTCTAATTGTGGATGCTCGGCAGCGCTCTCTTGCCGTGCATGGGGAGGTGCGTGAGGCTTTCACGGCCAGGCTTGTCGATGCCCGGGGTAGGGCCGCCGTGGACGTCACGGAGAGCCACCTCGAGCTCACCCATCGCGAACGGTTTGAGGGGCGTCGTGCTGCGTCTCTGTGGGA
Seq_103_LinJ.33_minus,LinJ.16,73.365,767,861,688194,,,,,382194,382960,3.45e-02,43.1,plus,CGGCCCGACACCAAAGAACAAGGCTGCTGGGCTCGCGATGTGACGGGAGGCCATGCTCGCTCAGCTCCGCGCGGGCGTCTGTCTGTGCTTGGGACTCGTGCAGCGGTAGGTGGCTGGCGGTGACAGCATGGCGTGCAGACAGTGTGCTGCCCGCCACGGCGCTAGAGCTGTGGTGCCTCCGCCCCACGTCCCACATATTTGTCTCGCTCTGAGGACATCCGACCTGGCGTTGTGCCCGATATGCCACGCGAGATTCGTGGATCGCTCGAGGCTGGAGGCACACATCGTTTCGGGCAATGATCTAATTACGGCATTTCGCTCCTGCGGCACGGGCGCCTCCCGTTGGGTGTCTGTGGTTGCCTCCCTGTGCCCCTCTTCAGATCGACAGACTGCGAGATCGCTGTGCGCAGGCACATGCTGATGCACGGGACTCTTTCGCTTGACAGACCCTCTCCTGGGAAAGGCATGTGGGTGGAGGCCGTGGTAGTGGAATGCCCTCCTTCCGCCACAGGCTCATAGCGGCGTCCCACCTGCCGCGGCGCATGTGGGCAAGCCATCCAGAAACTTCCCCCACGCAATAAAGCCGTTCCGAAGCCGACCCCAGGATCCGATGGTGTGAGCACTTCGCGCACGCGCTGGCAGGCACAGAGGTGACACAGTGTATCGCATCGACACAAGGCATCCAGAGGGCGGCAGACCAAGGGCGATGGCCAGAAAAGGCGCGAAGGGCTCCCGTACCGATCGGCCCCACAGCGCATGTGTGCGAA
Seq_166_LinJ.34_plus,LinJ.16,73.145,520,989,688194,,,,,382754,382235,1.45e-02,40.8,minus,CTGGATGGCTTGCCCACATGCGCCGCGGCAGGTGGGACGCCGCTATGAGCCTGTGGCGGAAGGAGGGCATTCCACTACCACGGCCTCCACCCACATGCCTTTCCCAGGAGAGGGTCTGTCAAGCGAAAGAGTCCCGTGCATCAGCATGTGCCTGCGCACAGCGATCTCGCAGTCTGTCGATCTGAAGAGGGGCACAGGGAGGCAACCACAGACACCCAACGGGAGGCGCCCGTGCCGCAGGAGCGAAATGCCGTAATTAGATCATTGCCCGAAACGATGTGTGCCTCCAGCCTCGAGCGATCCACGAATCTCGCGTGGCATATCGGGCACAACGCCAGGTCGGATGTCCTCAGAGCGAGACAAATATGTGGGACGTGGGGCGGAGGCACCACAGCTCTAGCGCCGTGGCGGGCAGCACACTGTCTGCACGCCATGCTGTCACCGCCAGCCACCTACCGCTGCACGAGTCCCAAGCACAGACAGACGCCCGCGCGGAGCTGAGCGAGCATGGCCTCCCGTC
Seq_140_LinJ.31_plus,LinJ.16,88.143,245,216,688194,,,,,316578,316334,6.60e-10,236.6,minus,GGTGCGATATGTAACTGGAAGGACGAGCGGCTCCGCACTCCCGTCCGTGCACGCAGGCACAGGCATATACACGTACCGATGCGCTTGTATGGAGAGACGCGCTCTGCTCCCGCTGGTATGGCCCTCTCTGTGTAAGCGGTACGACCGCACACATGGCAGAGGTCGGGCCGACTGGGACGCGTGTGCCGACTCGGTCAATGGCCTCGGGTGTACCTCGCTCTCCCGCCTCTTCTATCTGCACGCCT
Seq_62_LinJ.19_plus,LinJ.16,73.845,422,344,688194,,,,,171747,171326,4.55e-12,109.2,minus,CCCTGATGATGCGGGGCACCTCAGCACGGTGTCAGGGTCCCACACGCGCTCGGTGTGGGGGAGGCCACGCAGCCGGCAGCCTGCCGTCGGGTACGGCTGGCGGACTCTTGGCGTTTCGGCGGGCTGGGACGGCGGTGTGCGGAAGAGGCGTGCCGCCATGACGGCGTTTGTACCCGCTCACTACGAATCTTGCCGGCGAAGGAACGAGTAGAGGCATCCGCCTGCTGTTTTTGTATCTTGGCCGCGTTGCAGTGGTGCTGAACGCGATTGTGGGCGTGGCCTGCGCTGCATGTAGTGACATGACGGTGGGCTGAGCGGCGCCAGACGGTGCTGGCTGGCCCGGCTCCCTTGGCACAGCCGATGTGCAGCAGGCCTAGGTCGACTGTGGCTGCATGCGTGTAGTGTGGTTGACCTGCCCGTGG
Seq_23_LinJ.16_minus,LinJ.16,99.716,1001,1000,688194,,,,,153261,152261,0.00e+00,1404.0,minus,CGTTCAGTGGGCTGGCAGGTACTTCCTACCTTTCAGCTCCACGATCTTACCTTCTCCCTCGAAAAAGCAGCCGAACAGCGGCGATTGGACACCTCTTGGGACCAACGCCCGCCTGCGCAACAGCGACCGCGCAGCTCGTTTCTATCGTCGTCTTACCCCTCGTCATCCGCCGCGTGTGGCCGTGAGCGCTGCGACGCATTCGTGAGTCCGCGTCCACTTTGCCTCGGCGCGCTCCCTCCCCTCGCTTTCCCCTTCTTGTGCGACCCGCGCGTGAGGCGACGAACACTCTTCTCCTTTCACGAACGCGCGCGCCACTGCGTGTGTCCGCAGCGCCACAAGAAGACGAGAGACGCAGAAAAACGGAAGGACGGGCGGCTGCGCGCTCCTTTTTTTCCTTGCTGGCATGCCTTTTCCTCTTCCCCTGCCAACGCCTTTGGACGTGCGCTACCTTCCCTTGGCTGGCCGCGACGTGGTCGGCGCACTGCTGTACCGTGTGCGTCTACGGCTGCTTCGCACCAGACGACGGGCGCCCGTGGCAGGAGGGGCCGGAGGTGCATGTGTGTGCGTCAGAGGTGGCGGTGTAGGGTGTGGTGTTTGGCCTCGCCTGGTGCACGGCAGACAGTGAAGCACAGAACACATAAGCCGACGAAAAATGCCTTTGGACGTGCGCTACCTTCCCTTGGCTGGCCGCGACGTGGTCGGCGCGCCTCTGCTTTGCTTGTATTTCGGTGTTTCCCGCACCCCTTCGGGCACCTTTCGAGGACGCTGCACCGCGCCGCGCTCACACTTCGCCCATTCTTGCGTTGCTGGTGCTGCTCGGCTTACTTCGTTACCGCCTTTGCCGTCTTCCGCTCTCCCTTTCGGCCTCTCCACTCCCCCCCTCCTGCGCCTCGCTTGCATCCTTATCGCAACGTTCTCCGTCCTCGCCGGCACCCCTCCCCCGCCTTGTGCCTTGCTGCCCGCTGACTCGTCGACCGCACCGTGGCGGTGGTGAGTGCGTG
