Seq_1_LinJ.09_plus,Seq_1_LinJ.09_plus,100.000,1000,1000,1000,0,0,1,1000,1,1000,0.0,1847,plus,TTCCCTTCGACTCTTTCACTTTCTCTCGCCTGTTCCGTCCGCCTGTAGCCCCCCTCCTTCCCTCCCCCTTCCCCGAACCTGCGGACAACGTCGAAAGGAAAGGGGAAAAACCGCCAATACGGAAAGCGGATTTACCTTCCAGGCCGGCTGGCCAAGAACCAGAAGAACAGAGAACGACACTGACGGACAGGAGGCTTCAACAACTCCCTCTCCTCCTCCTTACTCCTTTTCCTTCCTTCACCTTTTTTCTGATGCGCTCTGCTCTGCCCTGATGATGGAAGGGGGGGGGGTGCACACCTCTCAGCGCGTGGTACCTCAGGGCCTCGCGCACCCCTACTCGGTGGCAGGAAGCCAAGCAGCCCTTTTCTATCCCTGCCAATGCAGAACCCACCTCTGGCGGTGCGTCGGGACGGCCGACGACAGTGAACACGTCTGTGCCATCCATACGATGGGCAGCACGCGTCAGGGTGACTCGAGCGTATGCCTCACACGGCCCTCACACGGCCCACTGATGTGTGGGGAGGAGCCTGTGTGCCACCCCGAGGGAGGGGGAAGGGGGGATGCACCAGGCGTGGCGACCGGCATGATTGGGGGGCGGCTGTGTGGGGTGGGGGAGTAGAGCTTGAGACAGAGATGGTGTACAGGTCGCTGAGTCGGCGCATTTGCTGTAGCACACGTGTGTGTCTGCGGTTTGCTTCGCACCACGCGGATGGGGCCTGGTGACAGGGCCGGGCCGAATGTAGAGTTGAGCTCATGTTCTGAGGCAGAGTGGGCACGTTGAGGGGTAAAACAACAACACACATCTACATGGAAGCATGCGCTTACGTTTCTCGTGTGGTCTCACACGATCCGCCGTCTTCTCAATCAGAGGGTCCTCTATTTCCGCTAAACACCACGCCAGGCGCGCATACACACACATACACACAATAACAGCGTGCCAGCACTCTCCTTCTTTTTTCTCCCACTCCTCGCCTCTGTCGTTGCGGCGCCTGTGTCAGTG
Seq_1_LinJ.09_plus,Seq_14_LinJ.09_minus,99.241,395,1000,1000,3,0,337,731,337,731,0.0,713,plus,CTCGGTGGCAGGAAGCCAAGCAGCCCTTTTCTATCCCTGCCAATGCAGAACCCACCTCTGGCGGTGCGTCGGGACGGCCGACGACAGTGAACACGTCTGTGCCATCCATACGATGGGCAGCACGCGTCAGGGTGGCTCGAGCGTATGCCTCACACGGCCCTCACACGGCCCACTGATGTGTGGGGAGGAGCCTGTGTGCCACCCCGAGGGAGAGGGGAGGGGGGATGCACCAGGCGTGGCGACCGGCATGATTGGGGGGCGGCTGTGTGGGGTGGGGGAGTAGAGCTTGAGACAGAGATGGTGTACAGGTCGCTGAGTCGGCGCATTTGCTGTAGCACACGTGTGTGTCTGCGGTTTGCTTCGCACCACGCGGATGGGGCCTGGTGACAGGGCCG
Seq_1_LinJ.09_plus,Seq_13_LinJ.09_minus,99.464,373,1000,1001,1,1,360,731,317,689,0.0,676,plus,CCCTTTTCTATCCCTGCCAATGCAGAACCCACCTCTGGCGGTGCGTCGGGACGGCCGACGACAGTGAACACGTCTGTGCCATCCATACGATGGGCAGCACGCGTCAGGGTGGCTCGAGCGTATGCCTCACACGGCCCTCACACGGCCCACTGATGTGTGGGGAGGAGCCTGTGTGCCACCCCGAGGGAGGGGGAAGGGGGGATGCACCAGGCGTGGCGACCGGCATGATTGGGGGGGCGGCTGTGTGGGGTGGGGGAGTAGAGCTTGAGACAGAGATGGTGTACAGGTCGCTGAGTCGGCGCATTTGCTGTAGCACACGTGTGTGTCTGCGGTTTGCTTCGCACCACGCGGATGGGGCCTGGTGACAGGGCCG
Seq_1_LinJ.09_plus,Seq_15_LinJ.09_minus,99.194,372,1000,1000,3,0,360,731,360,731,0.0,671,plus,CCCTTTTCTATCCCTGCCAATGCAGAACCCACCTCTGGCGGTGCGTCGGGACGGCCGACGACAGTGAACACGTCTGTGCCATCCATACGATGGGCAGCACGCGTCAGGGCGACTCGAGCGTATGCCTCACACGGCCCTCACACGGCCCACTGATGTGTGGGGAGGAGCCTGTGTGCCACCCCGAGGGAGGGGGGAGGGGGGATGCACCAGGCGTGGCGACCGGCATGATTGGGGGGCGGCTGTGTGGGGTGGGGGAGTAGAGCTTGAGACAGAGATGGTGTACAGGTCGCTGAGTCGGCGCATTTGCTGTAGCACACGTGTGTGTCTGCGGTTTGATTCGCACCACGCGGATGGGGCCTGGTGACAGGGCCG
Seq_1_LinJ.09_plus,Seq_18_LinJ.09_minus,93.382,272,1000,1001,7,1,360,631,387,647,1.26e-111,392,plus,CCCTCTTCTACCTCTGCCAATGCAGAACCCACCTCTGGCGGTGCGTCGGGACGGCCGACGACAGTGAACACGTCTGTGCCATCCATACGATGGGCAACACGTGTCAGGGTGACTCGAGCGTATG-----------CCTCACACGGCCCACTGATGTGTGGGGAGGAGCCTGTGTGCCACCCCGAGGGAGAGGGGAGGGGGGATGCACCAGGCGTGGCGACCGGCATGATTGGGGGGCGGCTGTGTGGGGTGGGGGAGTAGAGCTTGAGACAG
Seq_1_LinJ.09_plus,Seq_10_LinJ.09_plus,93.015,272,1000,1000,8,1,360,631,560,820,5.85e-110,387,plus,CCCTCTTCTACCTCTGCCAATGCAGAACCCACCTCTGGCGGTGCGTCGGGACGGCCGACGACAGTGAACACGTCTGCGCCATCCATACGATGGGCAACACGTGTCAGGGTGACTCGAGCGTATG-----------CCTCACACGGCCCACTGATGTGTGGGGAGGAGCCTGTGTGCCACCCCGAGGGAGAGGGGAGGGGGGATGCACCAGGCGTGGCGACCGGCATGATTGGGGGGCGGCTGTGTGGGGTGGGGGAGTAGAGCTTGAGACAG
Seq_1_LinJ.09_plus,Seq_17_LinJ.09_minus,91.941,273,1000,1000,9,3,360,631,367,627,5.90e-105,370,plus,CCCTCTTCTACCTCTGCCAATGCAGAACCCACCTCTGGCGGTGCGTCGGGGCGAGGC-TCGACAGTGAACACGTCTGTGCCATCCATACGATGGGCAACACGTGTCAGGGTGACTCGAGCGTATG-----------CCTCACACGGCCCACTGATGTGTGGGGAGGAGCCTGTGTGCCACCCCGAGGGAGGGGGGAGGGGGGATGCACCAGGCGTGGCGACCGGCATGATTGGGGGGCGGCTGTGTGGGGTGGGGGAGTAGAGCTTGAGACAG
Seq_1_LinJ.09_plus,Seq_16_LinJ.09_minus,91.791,268,1000,1001,9,3,365,631,391,646,3.55e-102,361,plus,TTCTACCTCTGCCAATGCAGAACCCACCTCTGGCGGTGCGTCGGGGCGAGGC-TCGACAGTGAACACGTCTGCGCCATCCATACGATGGGCAGCACGTGTCAGGGTGACTCGAGCGTATG-----------CCTCACACGGCCCACTGATGTGTGGGGAGGAGCCTGCGTGCCACCCCGAGGGAGGGGGGAGGGGGGATGCACCAGGCGTGGCGACCGGCATGATTGGGGGGCGGCTGTGTGGGGTGGGGGAGTAGAGCTTGAGACAG
Seq_1_LinJ.09_plus,Seq_2_LinJ.09_plus,91.176,238,1000,1000,8,3,395,631,319,544,3.62e-87,311,plus,TGGCGGTGCGTCGGGGCGAGGC-TCGACAGTGAACACGTCTGCGCCATCCATACGATGGGCAACACGTGTCAGGGTGACTCGAGCGTATG-----------CCTCACACGGCCCACTGATGTGTGGGGAGGAGCCTGCGTGCCACCCCGAGGGAGGGGGGAGGGGGGATGCACCAGGCGTGGCGACCGGCATGATTGGGGGGCGGCTGTGTGGGGTGGGGGAGTAGAGCTTGAGACAG
Seq_1_LinJ.09_plus,Seq_8_LinJ.09_plus,89.286,140,1000,1001,15,0,396,535,413,552,1.38e-46,176,plus,GGCGCTGCGTCGGAGCGCCCGACGACAGCGAGCACGTGTGTGTCATCCATACGATAGGCAAAACGTGTCAGGGTGACTCGAGCGTATGCCTCACGCGGCCCTCACCCGGCCCACTGATGTGTGGGGAGGAGCCTGCGTGC
Seq_1_LinJ.09_plus,Seq_6_LinJ.09_plus,89.286,140,1000,1001,15,0,396,535,413,552,1.38e-46,176,plus,GGCGCTGCGTCGGAGCGCCCGACGACAGCGAGCACGTGTGTGTCATCCATACGATAGGCAAAACGTGTCAGGGTGACTCGAGCGTATGCCTCACGCGGCCCTCACCCGGCCCACTGATGTGTGGGGAGGAGCCTGCGTGC
Seq_2_LinJ.09_plus,Seq_2_LinJ.09_plus,100.000,1000,1000,1000,0,0,1,1000,1,1000,0.0,1847,plus,TAGGAAAGTTTGATGAAGTCATACGCAAGGAGACCACTGGTGAGAGGGCGCAACGCTGCGGCGCCGCTGGCGTACACCCATTCGATTGTAGTTTTGAGTGCCACAGACATGCTTGCATCGTAACACCGCCTGCGGTGTACCACGGAGCTGCATCGGGGTGCACCTTCGCGGGAGTGGAAGATGGGGGTGGCCAAGAATCCCCGTCACGCCGTTTTCACCATCTCTCGTCTTTCTTCTGCATCGCGTCATGCTCGTATGGTTCGCGCCTTTCTTCTTTAGAGTGTGTGAGCGGCCCGGTGACAGGGTCCGGCCGTGGGATGGCGGTGCGTCGGGGCGAGGCTCGACAGTGAACACGTCTGCGCCATCCATACGATGGGCAACACGTGTCAGGGTGACTCGAGCGTATGCCTCACACGGCCCACTGATGTGTGGGGAGGAGCCTGCGTGCCACCCCGAGGGAGGGGGGAGGGGGGATGCACCAGGCGTGGCGACCGGCATGATTGGGGGGCGGCTGTGTGGGGTGGGGGAGTAGAGCTTGAGACAGGGTCGGTCGTGGGGCGTGGTGTGGCGCTCAGCGCGTGCTGCGCCGCAGAGAAATAAACATGCGCGCACACACACAAGGCCGAAGAGCAAACCAAGAACGTACTTGAGCGCCTCAGCGGCCACGGGCACAAACGCGTTGCCGTTGTCCACCGTCGTCCTCCGACGCTCCCACCCGCATCCGAGGAGGCGAGGCGGACAAGCCACCACAGGCACGTTCGCTGCAGCTCCGTGAGCCACCACGACATGGTCATCACGCGAAGGAATGAAGAGGTTGGGTTGGGTGGGGTGGAGGGCAGGAGGGGAAAACGCAGGGCAGGCCCTCTCGAGGACGCCCTCTCTTCCGCTCTCCTCTCCATCACGAGAAAGACAGCGACGGCTCAGGAGAGCGAGAGAGTCCAGCAAGGACGTGCAGAAGACGCGCAGGAGGGCGGGGTGGCCTACCTTCCCCCTCTACTGC
Seq_2_LinJ.09_plus,Seq_16_LinJ.09_minus,99.003,301,1000,1001,3,0,319,619,421,721,4.25e-156,540,plus,TGGCGGTGCGTCGGGGCGAGGCTCGACAGTGAACACGTCTGCGCCATCCATACGATGGGCAGCACGTGTCAGGGTGACTCGAGCGTATGCCTCACACGGCCCACTGATGTGTGGGGAGGAGCCTGCGTGCCACCCCGAGGGAGGGGGGAGGGGGGATGCACCAGGCGTGGCGACCGGCATGATTGGGGGGCGGCTGTGTGGGGTGGGGGAGTAGAGCTTGAGACAGGGTCGGTCGTGGGGCGTGGTGTGGCGCTCAGCGCGTGCTGCGCCGCAGAGAAATAAACACGCGCACACACACACA
Seq_2_LinJ.09_plus,Seq_17_LinJ.09_minus,98.671,301,1000,1000,4,0,319,619,402,702,1.98e-154,534,plus,TGGCGGTGCGTCGGGGCGAGGCTCGACAGTGAACACGTCTGTGCCATCCATACGATGGGCAACACGTGTCAGGGTGACTCGAGCGTATGCCTCACACGGCCCACTGATGTGTGGGGAGGAGCCTGTGTGCCACCCCGAGGGAGGGGGGAGGGGGGATGCACCAGGCGTGGCGACCGGCATGATTGGGGGGCGGCTGTGTGGGGTGGGGGAGTAGAGCTTGAGACAGGGTCGGTCATGGGGCGTGGTGTGGCGCTCAGCGCGTGCTGCGCCGCAGAGAAATAAACATGCACGCACACACACA
Seq_2_LinJ.09_plus,Seq_10_LinJ.09_plus,95.597,318,1000,1000,11,3,319,635,595,910,4.31e-146,507,plus,TGGCGGTGCGTCGGGACG-GCCGACGACAGTGAACACGTCTGCGCCATCCATACGATGGGCAACACGTGTCAGGGTGACTCGAGCGTATGCCTCACACGGCCCACTGATGTGTGGGGAGGAGCCTGTGTGCCACCCCGAGGGAGAGGGGAGGGGGGATGCACCAGGCGTGGCGACCGGCATGATTGGGGGGCGGCTGTGTGGGGTGGGGGAGTAGAGCTTGAGACAGGGTCGGTCGTGGGGCGTGGTGTGGCGCTCAGCGCGTGCTGCGCCGCAGAGAAATAAACACGCGCACACACACACATGTTA-AAGAGCAAAC
Seq_2_LinJ.09_plus,Seq_18_LinJ.09_minus,94.260,331,1000,1001,13,5,319,648,422,747,2.00e-144,501,plus,TGGCGGTGCGTCGGGACG-GCCGACGACAGTGAACACGTCTGTGCCATCCATACGATGGGCAACACGTGTCAGGGTGACTCGAGCGTATGCCTCACACGGCCCACTGATGTGTGGGGAGGAGCCTGTGTGCCACCCCGAGGGAGAGGGGAGGGGGGATGCACCAGGCGTGGCGACCGGCATGATTGGGGGGCGGCTGTGTGGGGTGGGGGAGTAGAGCTTGAGACAGGGTCGGTCGTGGGGCGTGGTGTGGCGCTCAGCGCGTGCTGCGCCGCAGAGAAATAAACA--CGCGCACACACACATGTTA-AAGAGCAAACAACGAAAG-ACTT
Seq_2_LinJ.09_plus,Seq_15_LinJ.09_minus,91.176,238,1000,1000,8,3,319,544,395,631,3.62e-87,311,plus,TGGCGGTGCGTCGGGACG-GCCGACGACAGTGAACACGTCTGTGCCATCCATACGATGGGCAGCACGCGTCAGGGCGACTCGAGCGTATGCCTCACACGGCCCTCACACGGCCCACTGATGTGTGGGGAGGAGCCTGTGTGCCACCCCGAGGGAGGGGGGAGGGGGGATGCACCAGGCGTGGCGACCGGCATGATTGGGGGGCGGCTGTGTGGGGTGGGGGAGTAGAGCTTGAGACAG
Seq_2_LinJ.09_plus,Seq_1_LinJ.09_plus,91.176,238,1000,1000,8,3,319,544,395,631,3.62e-87,311,plus,TGGCGGTGCGTCGGGACG-GCCGACGACAGTGAACACGTCTGTGCCATCCATACGATGGGCAGCACGCGTCAGGGTGACTCGAGCGTATGCCTCACACGGCCCTCACACGGCCCACTGATGTGTGGGGAGGAGCCTGTGTGCCACCCCGAGGGAGGGGGAAGGGGGGATGCACCAGGCGTGGCGACCGGCATGATTGGGGGGCGGCTGTGTGGGGTGGGGGAGTAGAGCTTGAGACAG
Seq_2_LinJ.09_plus,Seq_14_LinJ.09_minus,90.756,238,1000,1000,9,3,319,544,395,631,1.69e-85,305,plus,TGGCGGTGCGTCGGGACG-GCCGACGACAGTGAACACGTCTGTGCCATCCATACGATGGGCAGCACGCGTCAGGGTGGCTCGAGCGTATGCCTCACACGGCCCTCACACGGCCCACTGATGTGTGGGGAGGAGCCTGTGTGCCACCCCGAGGGAGAGGGGAGGGGGGATGCACCAGGCGTGGCGACCGGCATGATTGGGGGGCGGCTGTGTGGGGTGGGGGAGTAGAGCTTGAGACAG
Seq_2_LinJ.09_plus,Seq_13_LinJ.09_minus,90.377,239,1000,1001,9,4,319,544,352,589,2.18e-84,302,plus,TGGCGGTGCGTCGGGACG-GCCGACGACAGTGAACACGTCTGTGCCATCCATACGATGGGCAGCACGCGTCAGGGTGGCTCGAGCGTATGCCTCACACGGCCCTCACACGGCCCACTGATGTGTGGGGAGGAGCCTGTGTGCCACCCCGAGGGAGGGGGAAGGGGGGATGCACCAGGCGTGGCGACCGGCATGATTGGGGGGGCGGCTGTGTGGGGTGGGGGAGTAGAGCTTGAGACAG
Seq_3_LinJ.09_plus,Seq_3_LinJ.09_plus,100.000,1000,1000,1000,0,0,1,1000,1,1000,0.0,1847,plus,GCACGGCTGCCCTCCCACTAGCTGTGCCGTTGCCGCCTGCATTGTGGCCTCTGGGGCTCGCAGAGTCCCGCGAGCCGCCGGCCCGCTCGCCACGCCTGAGACTCTCTGCAGTAGCCGGGGTGCCGCTCAGGTGCCGCTCGACAACGTCGTCGAAGAAGACGGGCTCCTGCAGCCGCAGCACTTCCCTGTCCACCCTATCTCGCACACCGATGCGCAGCAGTCCGCCGGCGAGCACCGCATGCGCAGGCGGTAGCGCACCACCGGGCGCAGCTCCCCGCAGCTGCTCGCGCAGCCGCACCACACGCAGCAGCGCCTCATCCACCCCACAGTTCGACGGCGCGCACACCAAGATACGCCGCGCCGTGCCCCACGTACGGCTGAGGTGGTGCAGCAGGTTTAGCGTCAGCAAACCGATGGTCTGCGTCTTGCCGGTGCCCGGTGGGCCCTCGATCACGAGCATCTCCGGTGCGCGCGGCACAGGCGCCCGTGTGCTCTGCTCCGCCACCCCGTCGTCCCAGCCAGGACACGCGGCGTACAGCACGGCCACGATGGCGCGAGCCTGCCAGTCGTTGAGCTGCTGCTGCAGGAGCAGGCGCGCGCGCAGCTGGTCGAGCAGCGGCACGGTGCAAGACGGGCCTGCGGTGGAGAGGAGCGAGTTGGCCCAGCCGCAGAAGGCCACACCGACAGGTGCCGTGCTGCGCGGGTCGTAGAGAGTTGCGGCGAAGCGGGTACGGTCGATCTTGTGCAGTGCCTCCAGCTCCATCAGCGAGGCGTTGACAGAGGTGAGCTTCGTGACGTAGAAGGTTGGCGACGATGTCGTGTCGTACGCCATGCGAAATACGTGAGAGAAGCGCAGCGAGGGAGGTCCGTGCCCGCCTGATGATTGCTCCACCACCGATGGAGTTGCGCAGAGGTGTGCCGCACGCCCCCCTGGCGACAGCGACTGCACTTCGCACACCTGCACAGCGCAGCCGAGGGTGCGCCAACTACGCGGCAGAGT
Seq_3_LinJ.09_plus,Seq_4_LinJ.09_plus,100.000,969,1000,1000,0,0,32,1000,32,1000,0.0,1790,plus,GCCGCCTGCATTGTGGCCTCTGGGGCTCGCAGAGTCCCGCGAGCCGCCGGCCCGCTCGCCACGCCTGAGACTCTCTGCAGTAGCCGGGGTGCCGCTCAGGTGCCGCTCGACAACGTCGTCGAAGAAGACGGGCTCCTGCAGCCGCAGCACTTCCCTGTCCACCCTATCTCGCACACCGATGCGCAGCAGTCCGCCGGCGAGCACCGCATGCGCAGGCGGTAGCGCACCACCGGGCGCAGCTCCCCGCAGCTGCTCGCGCAGCCGCACCACACGCAGCAGCGCCTCATCCACCCCACAGTTCGACGGCGCGCACACCAAGATACGCCGCGCCGTGCCCCACGTACGGCTGAGGTGGTGCAGCAGGTTTAGCGTCAGCAAACCGATGGTCTGCGTCTTGCCGGTGCCCGGTGGGCCCTCGATCACGAGCATCTCCGGTGCGCGCGGCACAGGCGCCCGTGTGCTCTGCTCCGCCACCCCGTCGTCCCAGCCAGGACACGCGGCGTACAGCACGGCCACGATGGCGCGAGCCTGCCAGTCGTTGAGCTGCTGCTGCAGGAGCAGGCGCGCGCGCAGCTGGTCGAGCAGCGGCACGGTGCAAGACGGGCCTGCGGTGGAGAGGAGCGAGTTGGCCCAGCCGCAGAAGGCCACACCGACAGGTGCCGTGCTGCGCGGGTCGTAGAGAGTTGCGGCGAAGCGGGTACGGTCGATCTTGTGCAGTGCCTCCAGCTCCATCAGCGAGGCGTTGACAGAGGTGAGCTTCGTGACGTAGAAGGTTGGCGACGATGTCGTGTCGTACGCCATGCGAAATACGTGAGAGAAGCGCAGCGAGGGAGGTCCGTGCCCGCCTGATGATTGCTCCACCACCGATGGAGTTGCGCAGAGGTGTGCCGCACGCCCCCCTGGCGACAGCGACTGCACTTCGCACACCTGCACAGCGCAGCCGAGGGTGCGCCAACTACGCGGCAGAGT
Seq_3_LinJ.09_plus,Seq_10_LinJ.09_plus,100.000,309,1000,1000,0,0,32,340,82,390,1.51e-165,571,plus,GCCGCCTGCATTGTGGCCTCTGGGGCTCGCAGAGTCCCGCGAGCCGCCGGCCCGCTCGCCACGCCTGAGACTCTCTGCAGTAGCCGGGGTGCCGCTCAGGTGCCGCTCGACAACGTCGTCGAAGAAGACGGGCTCCTGCAGCCGCAGCACTTCCCTGTCCACCCTATCTCGCACACCGATGCGCAGCAGTCCGCCGGCGAGCACCGCATGCGCAGGCGGTAGCGCACCACCGGGCGCAGCTCCCCGCAGCTGCTCGCGCAGCCGCACCACACGCAGCAGCGCCTCATCCACCCCACAGTTCGACGGCGC
Seq_4_LinJ.09_plus,Seq_4_LinJ.09_plus,100.000,1000,1000,1000,0,0,1,1000,1,1000,0.0,1847,plus,TTGCGCTCCTTCTCCCCTTGCTACAGGCACGGCCGCCTGCATTGTGGCCTCTGGGGCTCGCAGAGTCCCGCGAGCCGCCGGCCCGCTCGCCACGCCTGAGACTCTCTGCAGTAGCCGGGGTGCCGCTCAGGTGCCGCTCGACAACGTCGTCGAAGAAGACGGGCTCCTGCAGCCGCAGCACTTCCCTGTCCACCCTATCTCGCACACCGATGCGCAGCAGTCCGCCGGCGAGCACCGCATGCGCAGGCGGTAGCGCACCACCGGGCGCAGCTCCCCGCAGCTGCTCGCGCAGCCGCACCACACGCAGCAGCGCCTCATCCACCCCACAGTTCGACGGCGCGCACACCAAGATACGCCGCGCCGTGCCCCACGTACGGCTGAGGTGGTGCAGCAGGTTTAGCGTCAGCAAACCGATGGTCTGCGTCTTGCCGGTGCCCGGTGGGCCCTCGATCACGAGCATCTCCGGTGCGCGCGGCACAGGCGCCCGTGTGCTCTGCTCCGCCACCCCGTCGTCCCAGCCAGGACACGCGGCGTACAGCACGGCCACGATGGCGCGAGCCTGCCAGTCGTTGAGCTGCTGCTGCAGGAGCAGGCGCGCGCGCAGCTGGTCGAGCAGCGGCACGGTGCAAGACGGGCCTGCGGTGGAGAGGAGCGAGTTGGCCCAGCCGCAGAAGGCCACACCGACAGGTGCCGTGCTGCGCGGGTCGTAGAGAGTTGCGGCGAAGCGGGTACGGTCGATCTTGTGCAGTGCCTCCAGCTCCATCAGCGAGGCGTTGACAGAGGTGAGCTTCGTGACGTAGAAGGTTGGCGACGATGTCGTGTCGTACGCCATGCGAAATACGTGAGAGAAGCGCAGCGAGGGAGGTCCGTGCCCGCCTGATGATTGCTCCACCACCGATGGAGTTGCGCAGAGGTGTGCCGCACGCCCCCCTGGCGACAGCGACTGCACTTCGCACACCTGCACAGCGCAGCCGAGGGTGCGCCAACTACGCGGCAGAGT
Seq_4_LinJ.09_plus,Seq_3_LinJ.09_plus,100.000,969,1000,1000,0,0,32,1000,32,1000,0.0,1790,plus,GCCGCCTGCATTGTGGCCTCTGGGGCTCGCAGAGTCCCGCGAGCCGCCGGCCCGCTCGCCACGCCTGAGACTCTCTGCAGTAGCCGGGGTGCCGCTCAGGTGCCGCTCGACAACGTCGTCGAAGAAGACGGGCTCCTGCAGCCGCAGCACTTCCCTGTCCACCCTATCTCGCACACCGATGCGCAGCAGTCCGCCGGCGAGCACCGCATGCGCAGGCGGTAGCGCACCACCGGGCGCAGCTCCCCGCAGCTGCTCGCGCAGCCGCACCACACGCAGCAGCGCCTCATCCACCCCACAGTTCGACGGCGCGCACACCAAGATACGCCGCGCCGTGCCCCACGTACGGCTGAGGTGGTGCAGCAGGTTTAGCGTCAGCAAACCGATGGTCTGCGTCTTGCCGGTGCCCGGTGGGCCCTCGATCACGAGCATCTCCGGTGCGCGCGGCACAGGCGCCCGTGTGCTCTGCTCCGCCACCCCGTCGTCCCAGCCAGGACACGCGGCGTACAGCACGGCCACGATGGCGCGAGCCTGCCAGTCGTTGAGCTGCTGCTGCAGGAGCAGGCGCGCGCGCAGCTGGTCGAGCAGCGGCACGGTGCAAGACGGGCCTGCGGTGGAGAGGAGCGAGTTGGCCCAGCCGCAGAAGGCCACACCGACAGGTGCCGTGCTGCGCGGGTCGTAGAGAGTTGCGGCGAAGCGGGTACGGTCGATCTTGTGCAGTGCCTCCAGCTCCATCAGCGAGGCGTTGACAGAGGTGAGCTTCGTGACGTAGAAGGTTGGCGACGATGTCGTGTCGTACGCCATGCGAAATACGTGAGAGAAGCGCAGCGAGGGAGGTCCGTGCCCGCCTGATGATTGCTCCACCACCGATGGAGTTGCGCAGAGGTGTGCCGCACGCCCCCCTGGCGACAGCGACTGCACTTCGCACACCTGCACAGCGCAGCCGAGGGTGCGCCAACTACGCGGCAGAGT
Seq_4_LinJ.09_plus,Seq_10_LinJ.09_plus,100.000,340,1000,1000,0,0,1,340,51,390,0.0,628,plus,TTGCGCTCCTTCTCCCCTTGCTACAGGCACGGCCGCCTGCATTGTGGCCTCTGGGGCTCGCAGAGTCCCGCGAGCCGCCGGCCCGCTCGCCACGCCTGAGACTCTCTGCAGTAGCCGGGGTGCCGCTCAGGTGCCGCTCGACAACGTCGTCGAAGAAGACGGGCTCCTGCAGCCGCAGCACTTCCCTGTCCACCCTATCTCGCACACCGATGCGCAGCAGTCCGCCGGCGAGCACCGCATGCGCAGGCGGTAGCGCACCACCGGGCGCAGCTCCCCGCAGCTGCTCGCGCAGCCGCACCACACGCAGCAGCGCCTCATCCACCCCACAGTTCGACGGCGC
Seq_5_LinJ.09_plus,Seq_5_LinJ.09_plus,100.000,1000,1000,1000,0,0,1,1000,1,1000,0.0,1847,plus,GCCTCGACCTCCCGCCTTCCCCCCACCCATCGTCCCTTCCAGTCCCGCGCACACACACACACTTTCGTTTTGGCATGGTTTCCTTCGTCTGCAGTGCTCATTGGTTCCCCCCTCCCCCCATATACGTGCGTTTTCGTTTTCCTCGTGCTGTGGTTGTTGGCTCTCTGTCACGACAGGGTGCCTCGGCGCCCCCTCATGACGGGGAAGGGGAAAGAGGGTGGGGGTGGCACACATCTCCGTGCGTCGCACCACAGGCTCCCGTGACCCCACCAACCACCAACACCACGTTGTGGGCGGAAGCCAAGCAACCCCCACCCCCACCCCTCCCATATTCCTGCCAAACGCCGAACCAGCTCTGGTGGTCACAGGTTCAGGTCCCGGATGGCGTTACGTCGGAGCGACCCGCGACAGTGAACACGTCTGTGCCATCTAAACTATCGGCAGCGTTTAAGGCAGAAGCCGTGCTCGCATAACTGAGCCCGCGGATTGCTGTAACACGCGTGCCTACGGCTGCTTCGCACCACGGGATGGGTCTGTGGCATGCCGGGGCTCGAGTAGAGTCTGACGCATATTCTGTGGCAGGGAATAGTTGACACGTTGGAAAACAAAATCATTTGTCGTCGAAACGGACCAGTCTTGAAGACAGTGAGTACGGGTGGTCTGTGTTGGTGAGTGTGTGCGCGTACAAGAAAGCAAGAGCCACTGCACCTCGATCGGTCCATGACGTCACATCTTCGTCTATGTATCCCTCTGTCCCTACGCCCCTCTCGACTCTTCACACCCGATCACGCCGCAGCCTGTGCGCCCGCAGAAACCTCTCGGCGCATTCGTTACGAGCCGCCTTTGTTCGGTCACACCTACACAGCAACCGATCACAAAAAAAGTAATATATAAAAAAAAAAAACATTAAAAAACGGAATCCCCCTGTTTACACAAATACGGACTACCCTCTCCCCTCCCTTTCTCGGAGTCCCACCGCCACTGCCACCCACCCATCCAC
Seq_6_LinJ.09_plus,Seq_8_LinJ.09_plus,99.848,656,1001,1001,1,0,173,828,173,828,0.0,1206,plus,CGCCGCCCTCCTACCTCCCCCTCATCTACATCGCTCAGGCAGTGCGCGCCTTTCGCGCGTCTCTCTGTGCTTTCTTGCCCTGGTGGCCCCCTCATGACAAGCGGGGGAGGGATGAAGGGAGGAGCGTCGCACATCTCCGTGCGTGGCGTTGCAGAGTCCAGTGCACCCCTCCCCCCACCCCTTATATCCCGGTCCATGCTCAGTCGCTTCACGTGGTGACAGTGGTTTGAGGTCCTGGACGGCGCTGCGTCGGAGCGCCCGACGACAGCGAGCACGTGTGTGTCATCCATACGATAGGCAAAACGTGTCAGGGTGACTCGAGCGTATGCCTCACGCGGCCCTCACCCGGCCCACTGATGTGTGGGGAGGAGCCTGCGTGCAGCCCCCTCCCCCACCCCCGAGGGGGGTGGGATGCACCCGGTGGCAGCCAGCGCGATGGGCGCGGCTGTGAAGCGACCTGCGAAGCGGGAGGCGGGCAGGGTTTGAGGAAGAGGCCGTGTTCTCCGATGACCGAGTCGGCGCATTGCTGCAAGGCGTGTGGCTACCGCTGCTTCGCACCGTGGGATGAGGTCCCATGGCAGGGCCAGGGGGCTGATGTGGGGTTTCGCTCATGTTGTACAGCAGAGAACAGGCACGTTGAAAACGGAAAGCGAAGC
Seq_6_LinJ.09_plus,Seq_1_LinJ.09_plus,89.286,140,1001,1000,15,0,413,552,396,535,1.38e-46,176,plus,GGCGGTGCGTCGGGACGGCCGACGACAGTGAACACGTCTGTGCCATCCATACGATGGGCAGCACGCGTCAGGGTGACTCGAGCGTATGCCTCACACGGCCCTCACACGGCCCACTGATGTGTGGGGAGGAGCCTGTGTGC
Seq_6_LinJ.09_plus,Seq_15_LinJ.09_minus,88.571,140,1001,1000,16,0,413,552,396,535,6.42e-45,171,plus,GGCGGTGCGTCGGGACGGCCGACGACAGTGAACACGTCTGTGCCATCCATACGATGGGCAGCACGCGTCAGGGCGACTCGAGCGTATGCCTCACACGGCCCTCACACGGCCCACTGATGTGTGGGGAGGAGCCTGTGTGC
Seq_6_LinJ.09_plus,Seq_14_LinJ.09_minus,88.571,140,1001,1000,16,0,413,552,396,535,6.42e-45,171,plus,GGCGGTGCGTCGGGACGGCCGACGACAGTGAACACGTCTGTGCCATCCATACGATGGGCAGCACGCGTCAGGGTGGCTCGAGCGTATGCCTCACACGGCCCTCACACGGCCCACTGATGTGTGGGGAGGAGCCTGTGTGC
Seq_6_LinJ.09_plus,Seq_13_LinJ.09_minus,88.571,140,1001,1001,16,0,413,552,353,492,6.42e-45,171,plus,GGCGGTGCGTCGGGACGGCCGACGACAGTGAACACGTCTGTGCCATCCATACGATGGGCAGCACGCGTCAGGGTGGCTCGAGCGTATGCCTCACACGGCCCTCACACGGCCCACTGATGTGTGGGGAGGAGCCTGTGTGC
Seq_8_LinJ.09_plus,Seq_6_LinJ.09_plus,99.848,656,1001,1001,1,0,173,828,173,828,0.0,1206,plus,CGACGCCCTCCTACCTCCCCCTCATCTACATCGCTCAGGCAGTGCGCGCCTTTCGCGCGTCTCTCTGTGCTTTCTTGCCCTGGTGGCCCCCTCATGACAAGCGGGGGAGGGATGAAGGGAGGAGCGTCGCACATCTCCGTGCGTGGCGTTGCAGAGTCCAGTGCACCCCTCCCCCCACCCCTTATATCCCGGTCCATGCTCAGTCGCTTCACGTGGTGACAGTGGTTTGAGGTCCTGGACGGCGCTGCGTCGGAGCGCCCGACGACAGCGAGCACGTGTGTGTCATCCATACGATAGGCAAAACGTGTCAGGGTGACTCGAGCGTATGCCTCACGCGGCCCTCACCCGGCCCACTGATGTGTGGGGAGGAGCCTGCGTGCAGCCCCCTCCCCCACCCCCGAGGGGGGTGGGATGCACCCGGTGGCAGCCAGCGCGATGGGCGCGGCTGTGAAGCGACCTGCGAAGCGGGAGGCGGGCAGGGTTTGAGGAAGAGGCCGTGTTCTCCGATGACCGAGTCGGCGCATTGCTGCAAGGCGTGTGGCTACCGCTGCTTCGCACCGTGGGATGAGGTCCCATGGCAGGGCCAGGGGGCTGATGTGGGGTTTCGCTCATGTTGTACAGCAGAGAACAGGCACGTTGAAAACGGAAAGCGAAGC
Seq_8_LinJ.09_plus,Seq_1_LinJ.09_plus,89.286,140,1001,1000,15,0,413,552,396,535,1.38e-46,176,plus,GGCGGTGCGTCGGGACGGCCGACGACAGTGAACACGTCTGTGCCATCCATACGATGGGCAGCACGCGTCAGGGTGACTCGAGCGTATGCCTCACACGGCCCTCACACGGCCCACTGATGTGTGGGGAGGAGCCTGTGTGC
Seq_8_LinJ.09_plus,Seq_15_LinJ.09_minus,88.571,140,1001,1000,16,0,413,552,396,535,6.42e-45,171,plus,GGCGGTGCGTCGGGACGGCCGACGACAGTGAACACGTCTGTGCCATCCATACGATGGGCAGCACGCGTCAGGGCGACTCGAGCGTATGCCTCACACGGCCCTCACACGGCCCACTGATGTGTGGGGAGGAGCCTGTGTGC
Seq_8_LinJ.09_plus,Seq_14_LinJ.09_minus,88.571,140,1001,1000,16,0,413,552,396,535,6.42e-45,171,plus,GGCGGTGCGTCGGGACGGCCGACGACAGTGAACACGTCTGTGCCATCCATACGATGGGCAGCACGCGTCAGGGTGGCTCGAGCGTATGCCTCACACGGCCCTCACACGGCCCACTGATGTGTGGGGAGGAGCCTGTGTGC
Seq_8_LinJ.09_plus,Seq_13_LinJ.09_minus,88.571,140,1001,1001,16,0,413,552,353,492,6.42e-45,171,plus,GGCGGTGCGTCGGGACGGCCGACGACAGTGAACACGTCTGTGCCATCCATACGATGGGCAGCACGCGTCAGGGTGGCTCGAGCGTATGCCTCACACGGCCCTCACACGGCCCACTGATGTGTGGGGAGGAGCCTGTGTGC
Seq_10_LinJ.09_plus,Seq_10_LinJ.09_plus,100.000,1000,1000,1000,0,0,1,1000,1,1000,0.0,1847,plus,GTCGATTTGCGCTGCGCTCCTCCCTGGCAACACCGTCGCTATCATCGCTGTTGCGCTCCTTCTCCCCTTGCTACAGGCACGGCCGCCTGCATTGTGGCCTCTGGGGCTCGCAGAGTCCCGCGAGCCGCCGGCCCGCTCGCCACGCCTGAGACTCTCTGCAGTAGCCGGGGTGCCGCTCAGGTGCCGCTCGACAACGTCGTCGAAGAAGACGGGCTCCTGCAGCCGCAGCACTTCCCTGTCCACCCTATCTCGCACACCGATGCGCAGCAGTCCGCCGGCGAGCACCGCATGCGCAGGCGGTAGCGCACCACCGGGCGCAGCTCCCCGCAGCTGCTCGCGCAGCCGCACCACACGCAGCAGCGCCTCATCCACCCCACAGTTCGACGGCGCACGTCGTTGGGTGAGTGCGCGACGGTATGTTCCGCTGTGCTCCTCATCGCGTCTCCCCCTCTGGTGACGGGAGGGCACACATACGCACACCTCTCAGAGCGTGGTGTCTCAGGGCCCTGTGCGACTCTCCCCGCCCCCCACTCTCTGTGTTAGGGAGGCCAAATACCCCCCCTCTTCTACCTCTGCCAATGCAGAACCCACCTCTGGCGGTGCGTCGGGACGGCCGACGACAGTGAACACGTCTGCGCCATCCATACGATGGGCAACACGTGTCAGGGTGACTCGAGCGTATGCCTCACACGGCCCACTGATGTGTGGGGAGGAGCCTGTGTGCCACCCCGAGGGAGAGGGGAGGGGGGATGCACCAGGCGTGGCGACCGGCATGATTGGGGGGCGGCTGTGTGGGGTGGGGGAGTAGAGCTTGAGACAGGGTCGGTCGTGGGGCGTGGTGTGGCGCTCAGCGCGTGCTGCGCCGCAGAGAAATAAACACGCGCACACACACACATGTTAAAGAGCAAACAACAGCCGTAAATGGGGCTTGCGAAAGGCGGAGGGGGAGGGGGTGTTGAGGGCACGGGCAGGGAAACGACGGCGAAGGGGCCGGGACGGA
Seq_10_LinJ.09_plus,Seq_18_LinJ.09_minus,97.942,486,1000,1001,6,2,430,913,255,738,0.0,839,plus,CTCCTCATGATGTCTCCCCCTCTGGTGGCGGGAGGGCACACATACACACACCTCTCAGAGCGTGGTGTCTCAGGGCCCTGTGCGACTCTCCCCGCCCCCCACTCTCTGTGTTAGGGAGGCCAAATACCCCCCCCCTCTTCTACCTCTGCCAATGCAGAACCCACCTCTGGCGGTGCGTCGGGACGGCCGACGACAGTGAACACGTCTGTGCCATCCATACGATGGGCAACACGTGTCAGGGTGACTCGAGCGTATGCCTCACACGGCCCACTGATGTGTGGGGAGGAGCCTGTGTGCCACCCCGAGGGAGAGGGGAGGGGGGATGCACCAGGCGTGGCGACCGGCATGATTGGGGGGCGGCTGTGTGGGGTGGGGGAGTAGAGCTTGAGACAGGGTCGGTCGTGGGGCGTGGTGTGGCGCTCAGCGCGTGCTGCGCCGCAGAGAAATAAACACGCG--CACACACACATGTTAAAGAGCAAACAAC
Seq_10_LinJ.09_plus,Seq_16_LinJ.09_minus,92.842,461,1000,1001,22,7,447,899,268,725,0.0,658,plus,CCCGCTGATGGCAGGAGAGCACACATACACACACCTCTCAGCGCGTGGTGTCTCAGGGCCTCGTGC-AC-CCCCCCCCCCGCCACTCTCTCTCTGTTAGGGAGGCCAAACAGCCCCCCCCCCCCGTTCTACCTCTGCCAATGCAGAACCCACCTCTGGCGGTGCGTCGGGGCGAGGC-TCGACAGTGAACACGTCTGCGCCATCCATACGATGGGCAGCACGTGTCAGGGTGACTCGAGCGTATGCCTCACACGGCCCACTGATGTGTGGGGAGGAGCCTGCGTGCCACCCCGAGGGAGGGGGGAGGGGGGATGCACCAGGCGTGGCGACCGGCATGATTGGGGGGCGGCTGTGTGGGGTGGGGGAGTAGAGCTTGAGACAGGGTCGGTCGTGGGGCGTGGTGTGGCGCTCAGCGCGTGCTGCGCCGCAGAGAAATAAACACGCGCACACACACACACGTT
Seq_10_LinJ.09_plus,Seq_4_LinJ.09_plus,100.000,340,1000,1000,0,0,51,390,1,340,0.0,628,plus,TTGCGCTCCTTCTCCCCTTGCTACAGGCACGGCCGCCTGCATTGTGGCCTCTGGGGCTCGCAGAGTCCCGCGAGCCGCCGGCCCGCTCGCCACGCCTGAGACTCTCTGCAGTAGCCGGGGTGCCGCTCAGGTGCCGCTCGACAACGTCGTCGAAGAAGACGGGCTCCTGCAGCCGCAGCACTTCCCTGTCCACCCTATCTCGCACACCGATGCGCAGCAGTCCGCCGGCGAGCACCGCATGCGCAGGCGGTAGCGCACCACCGGGCGCAGCTCCCCGCAGCTGCTCGCGCAGCCGCACCACACGCAGCAGCGCCTCATCCACCCCACAGTTCGACGGCGC
Seq_10_LinJ.09_plus,Seq_17_LinJ.09_minus,91.247,457,1000,1000,24,9,476,919,274,727,1.15e-176,608,plus,CACACCTCTCAGCGCGTGGTGTCTCAGGGCCTCGTGC-ACCCACACAACCCGCCACTCTCTCTCTGTTAGGGAGGCCAAACAGCCCCCCCCCCCCCCTCTTCTACCTCTGCCAATGCAGAACCCACCTCTGGCGGTGCGTCGGGGCGAGGC-TCGACAGTGAACACGTCTGTGCCATCCATACGATGGGCAACACGTGTCAGGGTGACTCGAGCGTATGCCTCACACGGCCCACTGATGTGTGGGGAGGAGCCTGTGTGCCACCCCGAGGGAGGGGGGAGGGGGGATGCACCAGGCGTGGCGACCGGCATGATTGGGGGGCGGCTGTGTGGGGTGGGGGAGTAGAGCTTGAGACAGGGTCGGTCATGGGGCGTGGTGTGGCGCTCAGCGCGTGCTGCGCCGCAGAGAAATAAACATGCACGCACACACACACGTTGAAGCG-AAACGAAAATGCCGT
Seq_10_LinJ.09_plus,Seq_15_LinJ.09_minus,92.754,414,1000,1000,17,2,420,820,218,631,5.38e-170,586,plus,TTCCGTGGTACCCCTCATGACGTCTCCCCCTCTGGTGACAGGAGGGCACACATACACACACCTCTCAGAGCGTGGTGTCTCAGGGCCCTGTGCGACTCTCCCCGCCCCCCACTCTCTGTGTTAGGGAGGCCAAACACCCCCCCCCTTTTCTATCCCTGCCAATGCAGAACCCACCTCTGGCGGTGCGTCGGGACGGCCGACGACAGTGAACACGTCTGTGCCATCCATACGATGGGCAGCACGCGTCAGGGCGACTCGAGCGTATGCCTCACACGGCCCTCACACGGCCCACTGATGTGTGGGGAGGAGCCTGTGTGCCACCCCGAGGGAGGGGGGAGGGGGGATGCACCAGGCGTGGCGACCGGCATGATTGGGGGGCGGCTGTGTGGGGTGGGGGAGTAGAGCTTGAGACAG
Seq_10_LinJ.09_plus,Seq_3_LinJ.09_plus,100.000,309,1000,1000,0,0,82,390,32,340,1.51e-165,571,plus,GCCGCCTGCATTGTGGCCTCTGGGGCTCGCAGAGTCCCGCGAGCCGCCGGCCCGCTCGCCACGCCTGAGACTCTCTGCAGTAGCCGGGGTGCCGCTCAGGTGCCGCTCGACAACGTCGTCGAAGAAGACGGGCTCCTGCAGCCGCAGCACTTCCCTGTCCACCCTATCTCGCACACCGATGCGCAGCAGTCCGCCGGCGAGCACCGCATGCGCAGGCGGTAGCGCACCACCGGGCGCAGCTCCCCGCAGCTGCTCGCGCAGCCGCACCACACGCAGCAGCGCCTCATCCACCCCACAGTTCGACGGCGC
Seq_10_LinJ.09_plus,Seq_13_LinJ.09_minus,93.264,386,1000,1001,12,3,449,820,204,589,4.22e-161,556,plus,CTCTGGTGACGGGAGGGCACACATACACACACCTCTCAGAGCGTGGTGTCTCAGGGCCCTGTGCGACTCCCCCCGCCCCCCACTCTCTGTGTTAGGGAGGCCAAACACCCCCCCCCTTTTCTATCCCTGCCAATGCAGAACCCACCTCTGGCGGTGCGTCGGGACGGCCGACGACAGTGAACACGTCTGTGCCATCCATACGATGGGCAGCACGCGTCAGGGTGGCTCGAGCGTATGCCTCACACGGCCCTCACACGGCCCACTGATGTGTGGGGAGGAGCCTGTGTGCCACCCCGAGGGAGGGGGAAGGGGGGATGCACCAGGCGTGGCGACCGGCATGATTGGGGGGGCGGCTGTGTGGGGTGGGGGAGTAGAGCTTGAGACAG
Seq_10_LinJ.09_plus,Seq_2_LinJ.09_plus,95.597,318,1000,1000,11,3,595,910,319,635,4.31e-146,507,plus,TGGCGGTGCGTCGGGGCGAGGC-TCGACAGTGAACACGTCTGCGCCATCCATACGATGGGCAACACGTGTCAGGGTGACTCGAGCGTATGCCTCACACGGCCCACTGATGTGTGGGGAGGAGCCTGCGTGCCACCCCGAGGGAGGGGGGAGGGGGGATGCACCAGGCGTGGCGACCGGCATGATTGGGGGGCGGCTGTGTGGGGTGGGGGAGTAGAGCTTGAGACAGGGTCGGTCGTGGGGCGTGGTGTGGCGCTCAGCGCGTGCTGCGCCGCAGAGAAATAAACATGCGCGCACACACACAAGGCCGAAGAGCAAAC
Seq_10_LinJ.09_plus,Seq_14_LinJ.09_minus,93.382,272,1000,1000,7,1,560,820,360,631,1.26e-111,392,plus,CCCTTTTCTATCCCTGCCAATGCAGAACCCACCTCTGGCGGTGCGTCGGGACGGCCGACGACAGTGAACACGTCTGTGCCATCCATACGATGGGCAGCACGCGTCAGGGTGGCTCGAGCGTATGCCTCACACGGCCCTCACACGGCCCACTGATGTGTGGGGAGGAGCCTGTGTGCCACCCCGAGGGAGAGGGGAGGGGGGATGCACCAGGCGTGGCGACCGGCATGATTGGGGGGCGGCTGTGTGGGGTGGGGGAGTAGAGCTTGAGACAG
Seq_10_LinJ.09_plus,Seq_1_LinJ.09_plus,93.015,272,1000,1000,8,1,560,820,360,631,5.85e-110,387,plus,CCCTTTTCTATCCCTGCCAATGCAGAACCCACCTCTGGCGGTGCGTCGGGACGGCCGACGACAGTGAACACGTCTGTGCCATCCATACGATGGGCAGCACGCGTCAGGGTGACTCGAGCGTATGCCTCACACGGCCCTCACACGGCCCACTGATGTGTGGGGAGGAGCCTGTGTGCCACCCCGAGGGAGGGGGAAGGGGGGATGCACCAGGCGTGGCGACCGGCATGATTGGGGGGCGGCTGTGTGGGGTGGGGGAGTAGAGCTTGAGACAG
Seq_11_LinJ.09_plus,Seq_11_LinJ.09_plus,100.000,1000,1000,1000,0,0,1,1000,1,1000,0.0,1847,plus,CAGCCACAACCACAAGCGAGTAATGCACCCTGACCTGAGCAGCGTTGTCGTTCTTCTACTTTTCTTTGCGCTTTCTTCCATCGACGCATGCGCTATTCCTTTCCATTTTTTTTCCCTTTGATGTGCTTTTTTCATCCTTTTTTCCGTCTTTCTACACCAGAAGTGCAAGGCTGCTGAACCTACGAGAGGGCAGGAGGCCATCCTCGCCCCAGCTCTGCGCGGGCATCTGTCCGTGTCTTGGATTCCTGTAACGCTGGGTGACCGGAAGTGACTGCATGGAGTGCAGATGGTTCGCTGCCTGCCGCTCCGCTAGTACTATGGTGTCCCCCCCTTCTGTGTTTATTATGAGGGCAGCTGACTCGGCGTTGTACCCGGTGTGCTACGCGTGATGCGCGGATCGCTCGATGCTTGAAGCAGGTCTCGCCTCAGGCTATGGTCTTGCACGCAGTGATTTGATTACGCACATATCCCTCGCGCTGCAGGGGCTTCTCGTGTCACGTATCTCTGGCTGCCCGCCTGCGCCCCTTCAGGAGGACACGCTATGAGTTCTTTGCGATCAGGCGCATGCTTATCCACGGGCCCATTCCGCTTGACACAGCCATTCCCTTCAAAGGCATGCGGATTCAGGAGAAGACGGAGTGGCGCTGCTGCCACAGTCTCATGGAAGTGTCCTGTCTGTCGCGGCACATGCGGACAAGTCATCCAAGCACGCCCCCATGACCCCAACGGGCATGGACGATGAAGGCAGCTAGCCCCCTACCAGACAACAACGCCGTCCTGAAACAGGTCCCAGGGCCCGAAAACGCGAGCGCTGCGAAGCACAGCTGGCGTGGCGTATGAAATCGAAAGAAGGCATGCAGAGGTCAGCAGAACGCGAGTGATGGACGAGCGAGACGCGAAGAGACCCACACCGGTCAGCGGCACAGTGCATGTGCGCGAAGGCATGAGACATCACCTGCATCTGGCGGGGTGGGCTGATGAGGCACAAGTGCCGGAAGCA
Seq_12_LinJ.09_plus,Seq_12_LinJ.09_plus,100.000,1000,1000,1000,0,0,1,1000,1,1000,0.0,1847,plus,AAAACCGTCAGAGTGGAGTGAAGGGGGGGGGAGGAGGAGGCAGAAAACGATAGGTCCCCCATCACGGGCACCTCCAAAGCACCTGCTGCACGGGATAATACCCTCCCTCGTTCCTCTCCCATAATCCACAGACATCCATGAAGAAATACACTGCTATGAGAACGCTTTCCGAATCCTCAGACCGCGCACCACATCTATGTAGAGAGATAACGCTTTTCAGCATGACGTTCTTCCACGAACAAGTCAACAAGTATGCGCATACACACAACAGCAGTTTTCCTACCTCTGCTTCACTGCGGCTATGTCCAGGAGCCCGGATAACGAATACTGTTTCCTGTTGTGCAGCCCACACTGCGATGTCACTGCATACACTTCAGGCAAGGTCCAGGATGAGGCTCGACAACGCCGCATCGCAGCAAACGAAGAAAAAGGCAGTGTGTGGATGCGTGGATCAGTTGAATCGTCGACCCGATTCGTAGGGGACTGGTGCGAACATCATCATGACCGCACGTGTCTCTTTGGCACGACGCCAGCCCAGACATTTCCGCCGACACCAAGAGCCCGCAGATGTACCTGAAGGCACGCCGGAGGCTGCATGGCTTTCCCAGAAAGAGTGGGCACGGGACCCTGATACCACACTGAGGTGGCCGGCATCATCGGGGTCTATGCAGCGTAAGGCGAGCGCGTACAGCTCAGATATAGCTTCGGGGAGAATATGCACACAAACGTATTTCCTGCGACTGCGAGGCCATTCCGCGCATCGGAGAACAAACGCTCTGCATTCAGCGGGGCGGAGCGGGAGCCACGACGTGGACGGTCGTGTTCAGCGGCGAGCCTTGCAGCTTGTAACGCGCACAGCACACCGTGGGGATAAGAGACTCCAGTTCTCCTTTGGTGCGCACGCGTGCCGCTTTCGTCCCGTAACTCACCCGGTGCAGCTGCTGGAAGAATAATGGTGCGACCGCGTCGTAGTCGCAGCGAACGGAACACTTGAGGGTGT
Seq_12_LinJ.09_plus,Seq_20_LinJ.09_minus,100.000,998,1000,1000,0,0,3,1000,1000,3,0.0,1844,minus,AACCGTCAGAGTGGAGTGAAGGGGGGGGGAGGAGGAGGCAGAAAACGATAGGTCCCCCATCACGGGCACCTCCAAAGCACCTGCTGCACGGGATAATACCCTCCCTCGTTCCTCTCCCATAATCCACAGACATCCATGAAGAAATACACTGCTATGAGAACGCTTTCCGAATCCTCAGACCGCGCACCACATCTATGTAGAGAGATAACGCTTTTCAGCATGACGTTCTTCCACGAACAAGTCAACAAGTATGCGCATACACACAACAGCAGTTTTCCTACCTCTGCTTCACTGCGGCTATGTCCAGGAGCCCGGATAACGAATACTGTTTCCTGTTGTGCAGCCCACACTGCGATGTCACTGCATACACTTCAGGCAAGGTCCAGGATGAGGCTCGACAACGCCGCATCGCAGCAAACGAAGAAAAAGGCAGTGTGTGGATGCGTGGATCAGTTGAATCGTCGACCCGATTCGTAGGGGACTGGTGCGAACATCATCATGACCGCACGTGTCTCTTTGGCACGACGCCAGCCCAGACATTTCCGCCGACACCAAGAGCCCGCAGATGTACCTGAAGGCACGCCGGAGGCTGCATGGCTTTCCCAGAAAGAGTGGGCACGGGACCCTGATACCACACTGAGGTGGCCGGCATCATCGGGGTCTATGCAGCGTAAGGCGAGCGCGTACAGCTCAGATATAGCTTCGGGGAGAATATGCACACAAACGTATTTCCTGCGACTGCGAGGCCATTCCGCGCATCGGAGAACAAACGCTCTGCATTCAGCGGGGCGGAGCGGGAGCCACGACGTGGACGGTCGTGTTCAGCGGCGAGCCTTGCAGCTTGTAACGCGCACAGCACACCGTGGGGATAAGAGACTCCAGTTCTCCTTTGGTGCGCACGCGTGCCGCTTTCGTCCCGTAACTCACCCGGTGCAGCTGCTGGAAGAATAATGGTGCGACCGCGTCGTAGTCGCAGCGAACGGAACACTTGAGGGTGT
Seq_13_LinJ.09_minus,Seq_15_LinJ.09_minus,98.485,594,1001,1000,8,1,204,797,247,839,0.0,1046,plus,CTCTGGTGACAGGAGGGCACACATACACACACCTCTCAGAGCGTGGTGTCTCAGGGCCCTGTGCGACTCTCCCCGCCCCCCACTCTCTGTGTTAGGGAGGCCAAACACCCCCCCCCTTTTCTATCCCTGCCAATGCAGAACCCACCTCTGGCGGTGCGTCGGGACGGCCGACGACAGTGAACACGTCTGTGCCATCCATACGATGGGCAGCACGCGTCAGGGCGACTCGAGCGTATGCCTCACACGGCCCTCACACGGCCCACTGATGTGTGGGGAGGAGCCTGTGTGCCACCCCGAGGGAGGGGGGAGGGGGGATGCACCAGGCGTGGCGACCGGCATGATT-GGGGGGCGGCTGTGTGGGGTGGGGGAGTAGAGCTTGAGACAGAGATGGTGTACAGGTCGCTGAGTCGGCGCATTTGCTGTAGCACACGTGTGTGTCTGCGGTTTGATTCGCACCACGCGGATGGGGCCTGGTGACAGGGCCGTGGAAGGGTGGGTGGGCGAAGGGGTGTGCAGAGTGGCGTTGGGCTCATACGCGAGGGCTGAGAAATGAAGGCAGTGGCAGACGACATACACGCCTCCCTCCCTCCCTC
Seq_13_LinJ.09_minus,Seq_14_LinJ.09_minus,99.125,457,1001,1000,3,1,317,773,360,815,0.0,821,plus,CCCTTTTCTATCCCTGCCAATGCAGAACCCACCTCTGGCGGTGCGTCGGGACGGCCGACGACAGTGAACACGTCTGTGCCATCCATACGATGGGCAGCACGCGTCAGGGTGGCTCGAGCGTATGCCTCACACGGCCCTCACACGGCCCACTGATGTGTGGGGAGGAGCCTGTGTGCCACCCCGAGGGAGAGGGGAGGGGGGATGCACCAGGCGTGGCGACCGGCATGATT-GGGGGGCGGCTGTGTGGGGTGGGGGAGTAGAGCTTGAGACAGAGATGGTGTACAGGTCGCTGAGTCGGCGCATTTGCTGTAGCACACGTGTGTGTCTGCGGTTTGCTTCGCACCACGCGGATGGGGCCTGGTGACAGGGCCGTGGAAGGGTGGGTGGGCGAAGGGGTGTGCAGAGTGGCGTTGGACTCATACGCGAGGGCTGAGAAATGAAGGCAGCGGCAGACGA
Seq_13_LinJ.09_minus,Seq_1_LinJ.09_plus,99.464,373,1001,1000,1,1,317,689,360,731,0.0,676,plus,CCCTTTTCTATCCCTGCCAATGCAGAACCCACCTCTGGCGGTGCGTCGGGACGGCCGACGACAGTGAACACGTCTGTGCCATCCATACGATGGGCAGCACGCGTCAGGGTGACTCGAGCGTATGCCTCACACGGCCCTCACACGGCCCACTGATGTGTGGGGAGGAGCCTGTGTGCCACCCCGAGGGAGGGGGAAGGGGGGATGCACCAGGCGTGGCGACCGGCATGATT-GGGGGGCGGCTGTGTGGGGTGGGGGAGTAGAGCTTGAGACAGAGATGGTGTACAGGTCGCTGAGTCGGCGCATTTGCTGTAGCACACGTGTGTGTCTGCGGTTTGCTTCGCACCACGCGGATGGGGCCTGGTGACAGGGCCG
Seq_13_LinJ.09_minus,Seq_18_LinJ.09_minus,94.041,386,1001,1001,11,2,204,589,274,647,1.17e-166,575,plus,CTCTGGTGGCGGGAGGGCACACATACACACACCTCTCAGAGCGTGGTGTCTCAGGGCCCTGTGCGACTCTCCCCGCCCCCCACTCTCTGTGTTAGGGAGGCCAAATACCCCCCCCCTCTTCTACCTCTGCCAATGCAGAACCCACCTCTGGCGGTGCGTCGGGACGGCCGACGACAGTGAACACGTCTGTGCCATCCATACGATGGGCAACACGTGTCAGGGTGACTCGAGCGTATG-----------CCTCACACGGCCCACTGATGTGTGGGGAGGAGCCTGTGTGCCACCCCGAGGGAGAGGGGAGGGGGGATGCACCAGGCGTGGCGACCGGCATGATT-GGGGGGCGGCTGTGTGGGGTGGGGGAGTAGAGCTTGAGACAG
Seq_13_LinJ.09_minus,Seq_10_LinJ.09_plus,93.264,386,1001,1000,12,3,204,589,449,820,4.22e-161,556,plus,CTCTGGTGACGGGAGGGCACACATACGCACACCTCTCAGAGCGTGGTGTCTCAGGGCCCTGTGCGACTCTCCCCGCCCCCCACTCTCTGTGTTAGGGAGGCCAAATACCCCCCC--TCTTCTACCTCTGCCAATGCAGAACCCACCTCTGGCGGTGCGTCGGGACGGCCGACGACAGTGAACACGTCTGCGCCATCCATACGATGGGCAACACGTGTCAGGGTGACTCGAGCGTATG-----------CCTCACACGGCCCACTGATGTGTGGGGAGGAGCCTGTGTGCCACCCCGAGGGAGAGGGGAGGGGGGATGCACCAGGCGTGGCGACCGGCATGATT-GGGGGGCGGCTGTGTGGGGTGGGGGAGTAGAGCTTGAGACAG
Seq_13_LinJ.09_minus,Seq_16_LinJ.09_minus,88.974,390,1001,1001,22,8,206,589,272,646,9.47e-133,462,plus,CTGATGGCAGGAGAGCACACATACACACACCTCTCAGCGCGTGGTGTCTCAGGGCCTCGTGC-AC-CCCCCCCCCCGCCACTCTCTCTCTGTTAGGGAGGCCAAACAGCCCCCCCCCCCCGTTCTACCTCTGCCAATGCAGAACCCACCTCTGGCGGTGCGTCGGGGCGAGGCT-CGACAGTGAACACGTCTGCGCCATCCATACGATGGGCAGCACGTGTCAGGGTGACTCGAGCGTATG-----------CCTCACACGGCCCACTGATGTGTGGGGAGGAGCCTGCGTGCCACCCCGAGGGAGGGGGGAGGGGGGATGCACCAGGCGTGGCGACCGGCATGATT-GGGGGGCGGCTGTGTGGGGTGGGGGAGTAGAGCTTGAGACAG
Seq_13_LinJ.09_minus,Seq_17_LinJ.09_minus,88.347,369,1001,1000,20,8,230,589,273,627,1.61e-120,422,plus,ACACACCTCTCAGCGCGTGGTGTCTCAGGGCCTCGTGC-ACCCACACAACCCGCCACTCTCTCTCTGTTAGGGAGGCCAAACAGCCCCCCCCCCCCCCTCTTCTACCTCTGCCAATGCAGAACCCACCTCTGGCGGTGCGTCGGGGCGAGGCT-CGACAGTGAACACGTCTGTGCCATCCATACGATGGGCAACACGTGTCAGGGTGACTCGAGCGTATG-----------CCTCACACGGCCCACTGATGTGTGGGGAGGAGCCTGTGTGCCACCCCGAGGGAGGGGGGAGGGGGGATGCACCAGGCGTGGCGACCGGCATGATT-GGGGGGCGGCTGTGTGGGGTGGGGGAGTAGAGCTTGAGACAG
Seq_13_LinJ.09_minus,Seq_2_LinJ.09_plus,90.377,239,1001,1000,9,4,352,589,319,544,2.18e-84,302,plus,TGGCGGTGCGTCGGGGCGAGGC-TCGACAGTGAACACGTCTGCGCCATCCATACGATGGGCAACACGTGTCAGGGTGACTCGAGCGTATG-----------CCTCACACGGCCCACTGATGTGTGGGGAGGAGCCTGCGTGCCACCCCGAGGGAGGGGGGAGGGGGGATGCACCAGGCGTGGCGACCGGCATGATT-GGGGGGCGGCTGTGTGGGGTGGGGGAGTAGAGCTTGAGACAG
Seq_13_LinJ.09_minus,Seq_8_LinJ.09_plus,88.571,140,1001,1001,16,0,353,492,413,552,6.42e-45,171,plus,GGCGCTGCGTCGGAGCGCCCGACGACAGCGAGCACGTGTGTGTCATCCATACGATAGGCAAAACGTGTCAGGGTGACTCGAGCGTATGCCTCACGCGGCCCTCACCCGGCCCACTGATGTGTGGGGAGGAGCCTGCGTGC
Seq_13_LinJ.09_minus,Seq_6_LinJ.09_plus,88.571,140,1001,1001,16,0,353,492,413,552,6.42e-45,171,plus,GGCGCTGCGTCGGAGCGCCCGACGACAGCGAGCACGTGTGTGTCATCCATACGATAGGCAAAACGTGTCAGGGTGACTCGAGCGTATGCCTCACGCGGCCCTCACCCGGCCCACTGATGTGTGGGGAGGAGCCTGCGTGC
Seq_14_LinJ.09_minus,Seq_14_LinJ.09_minus,100.000,1000,1000,1000,0,0,1,1000,1,1000,0.0,1847,plus,CGAGAAGCAGCTAGCAGCGCAACTCAAAAAATGAGCACTAGACATCGTGCACCAGTGATCACTGTCCTCGTCGCTGAGGCACGTCCGGCCGCTGTCATGCCGCTGACCATCTCTCTCGCTCGCCTTGGCATTTTTTGGCAAAGGCACCAAAAAACGCATACACGTGGGCGCGCGCCCCCTTCTCCCTGGTGACAGGTGCGGAGGATGTCGGCAACGGAGTCAGAGTCACGGTACTTCTCAGCGTTTTTGTATCTCTTCGAGGGGCACACACACACACACCTCAGTGCGCAGCATCCGGGAGTCCAGTGCAACCCTCCCACTCACCCCCACCGCTCCCTCGGTGGCAGGAAGCCAAGCAGCCCTTTTCTATCCCTGCCAATGCAGAACCCACCTCTGGCGGTGCGTCGGGACGGCCGACGACAGTGAACACGTCTGTGCCATCCATACGATGGGCAGCACGCGTCAGGGTGGCTCGAGCGTATGCCTCACACGGCCCTCACACGGCCCACTGATGTGTGGGGAGGAGCCTGTGTGCCACCCCGAGGGAGAGGGGAGGGGGGATGCACCAGGCGTGGCGACCGGCATGATTGGGGGGCGGCTGTGTGGGGTGGGGGAGTAGAGCTTGAGACAGAGATGGTGTACAGGTCGCTGAGTCGGCGCATTTGCTGTAGCACACGTGTGTGTCTGCGGTTTGCTTCGCACCACGCGGATGGGGCCTGGTGACAGGGCCGTGGAAGGGTGGGTGGGCGAAGGGGTGTGCAGAGTGGCGTTGGACTCATACGCGAGGGCTGAGAAATGAAGGCAGCGGCAGACGAAGAACGTTGTTTTCGGATTTGCGGGGCAGCGCTGTGAGTGGGAGTGTGGGTGTTTGCGTGCCTTCCTTCCCTCTTTTTGGATGGTTTCACGTATGCTTTTCATTGTTCTTCCCTTGATGGCTTTTTTTTTCTGGTTTCTCTAGAGTGTAACGCGCACCCACGCGTACGTCGCCTACTCGTTGTGG
Seq_14_LinJ.09_minus,Seq_13_LinJ.09_minus,99.125,457,1000,1001,3,1,360,815,317,773,0.0,821,plus,CCCTTTTCTATCCCTGCCAATGCAGAACCCACCTCTGGCGGTGCGTCGGGACGGCCGACGACAGTGAACACGTCTGTGCCATCCATACGATGGGCAGCACGCGTCAGGGTGGCTCGAGCGTATGCCTCACACGGCCCTCACACGGCCCACTGATGTGTGGGGAGGAGCCTGTGTGCCACCCCGAGGGAGGGGGAAGGGGGGATGCACCAGGCGTGGCGACCGGCATGATTGGGGGGGCGGCTGTGTGGGGTGGGGGAGTAGAGCTTGAGACAGAGATGGTGTACAGGTCGCTGAGTCGGCGCATTTGCTGTAGCACACGTGTGTGTCTGCGGTTTGCTTCGCACCACGCGGATGGGGCCTGGTGACAGGGCCGTGGAAGGGTGGGTGGGCGAAGGGGTGTGCAGAGTGGCGTTGGACTCATACGCGAGGGCTGAGAAATGAAGGCAGTGGCAGACGA
Seq_14_LinJ.09_minus,Seq_15_LinJ.09_minus,98.684,456,1000,1000,6,0,360,815,360,815,0.0,809,plus,CCCTTTTCTATCCCTGCCAATGCAGAACCCACCTCTGGCGGTGCGTCGGGACGGCCGACGACAGTGAACACGTCTGTGCCATCCATACGATGGGCAGCACGCGTCAGGGCGACTCGAGCGTATGCCTCACACGGCCCTCACACGGCCCACTGATGTGTGGGGAGGAGCCTGTGTGCCACCCCGAGGGAGGGGGGAGGGGGGATGCACCAGGCGTGGCGACCGGCATGATTGGGGGGCGGCTGTGTGGGGTGGGGGAGTAGAGCTTGAGACAGAGATGGTGTACAGGTCGCTGAGTCGGCGCATTTGCTGTAGCACACGTGTGTGTCTGCGGTTTGATTCGCACCACGCGGATGGGGCCTGGTGACAGGGCCGTGGAAGGGTGGGTGGGCGAAGGGGTGTGCAGAGTGGCGTTGGGCTCATACGCGAGGGCTGAGAAATGAAGGCAGTGGCAGACGA
Seq_14_LinJ.09_minus,Seq_1_LinJ.09_plus,99.241,395,1000,1000,3,0,337,731,337,731,0.0,713,plus,CTCGGTGGCAGGAAGCCAAGCAGCCCTTTTCTATCCCTGCCAATGCAGAACCCACCTCTGGCGGTGCGTCGGGACGGCCGACGACAGTGAACACGTCTGTGCCATCCATACGATGGGCAGCACGCGTCAGGGTGACTCGAGCGTATGCCTCACACGGCCCTCACACGGCCCACTGATGTGTGGGGAGGAGCCTGTGTGCCACCCCGAGGGAGGGGGAAGGGGGGATGCACCAGGCGTGGCGACCGGCATGATTGGGGGGCGGCTGTGTGGGGTGGGGGAGTAGAGCTTGAGACAGAGATGGTGTACAGGTCGCTGAGTCGGCGCATTTGCTGTAGCACACGTGTGTGTCTGCGGTTTGCTTCGCACCACGCGGATGGGGCCTGGTGACAGGGCCG
Seq_14_LinJ.09_minus,Seq_18_LinJ.09_minus,93.750,272,1000,1001,6,1,360,631,387,647,2.70e-113,398,plus,CCCTCTTCTACCTCTGCCAATGCAGAACCCACCTCTGGCGGTGCGTCGGGACGGCCGACGACAGTGAACACGTCTGTGCCATCCATACGATGGGCAACACGTGTCAGGGTGACTCGAGCGTATG-----------CCTCACACGGCCCACTGATGTGTGGGGAGGAGCCTGTGTGCCACCCCGAGGGAGAGGGGAGGGGGGATGCACCAGGCGTGGCGACCGGCATGATTGGGGGGCGGCTGTGTGGGGTGGGGGAGTAGAGCTTGAGACAG
Seq_14_LinJ.09_minus,Seq_10_LinJ.09_plus,93.382,272,1000,1000,7,1,360,631,560,820,1.26e-111,392,plus,CCCTCTTCTACCTCTGCCAATGCAGAACCCACCTCTGGCGGTGCGTCGGGACGGCCGACGACAGTGAACACGTCTGCGCCATCCATACGATGGGCAACACGTGTCAGGGTGACTCGAGCGTATG-----------CCTCACACGGCCCACTGATGTGTGGGGAGGAGCCTGTGTGCCACCCCGAGGGAGAGGGGAGGGGGGATGCACCAGGCGTGGCGACCGGCATGATTGGGGGGCGGCTGTGTGGGGTGGGGGAGTAGAGCTTGAGACAG
Seq_14_LinJ.09_minus,Seq_17_LinJ.09_minus,91.575,273,1000,1000,10,3,360,631,367,627,2.74e-103,364,plus,CCCTCTTCTACCTCTGCCAATGCAGAACCCACCTCTGGCGGTGCGTCGGGGCGAGGC-TCGACAGTGAACACGTCTGTGCCATCCATACGATGGGCAACACGTGTCAGGGTGACTCGAGCGTATG-----------CCTCACACGGCCCACTGATGTGTGGGGAGGAGCCTGTGTGCCACCCCGAGGGAGGGGGGAGGGGGGATGCACCAGGCGTGGCGACCGGCATGATTGGGGGGCGGCTGTGTGGGGTGGGGGAGTAGAGCTTGAGACAG
Seq_14_LinJ.09_minus,Seq_16_LinJ.09_minus,91.418,268,1000,1001,10,3,365,631,391,646,1.65e-100,355,plus,TTCTACCTCTGCCAATGCAGAACCCACCTCTGGCGGTGCGTCGGGGCGAGGC-TCGACAGTGAACACGTCTGCGCCATCCATACGATGGGCAGCACGTGTCAGGGTGACTCGAGCGTATG-----------CCTCACACGGCCCACTGATGTGTGGGGAGGAGCCTGCGTGCCACCCCGAGGGAGGGGGGAGGGGGGATGCACCAGGCGTGGCGACCGGCATGATTGGGGGGCGGCTGTGTGGGGTGGGGGAGTAGAGCTTGAGACAG
Seq_14_LinJ.09_minus,Seq_2_LinJ.09_plus,90.756,238,1000,1000,9,3,395,631,319,544,1.69e-85,305,plus,TGGCGGTGCGTCGGGGCGAGGC-TCGACAGTGAACACGTCTGCGCCATCCATACGATGGGCAACACGTGTCAGGGTGACTCGAGCGTATG-----------CCTCACACGGCCCACTGATGTGTGGGGAGGAGCCTGCGTGCCACCCCGAGGGAGGGGGGAGGGGGGATGCACCAGGCGTGGCGACCGGCATGATTGGGGGGCGGCTGTGTGGGGTGGGGGAGTAGAGCTTGAGACAG
Seq_14_LinJ.09_minus,Seq_8_LinJ.09_plus,88.571,140,1000,1001,16,0,396,535,413,552,6.42e-45,171,plus,GGCGCTGCGTCGGAGCGCCCGACGACAGCGAGCACGTGTGTGTCATCCATACGATAGGCAAAACGTGTCAGGGTGACTCGAGCGTATGCCTCACGCGGCCCTCACCCGGCCCACTGATGTGTGGGGAGGAGCCTGCGTGC
Seq_14_LinJ.09_minus,Seq_6_LinJ.09_plus,88.571,140,1000,1001,16,0,396,535,413,552,6.42e-45,171,plus,GGCGCTGCGTCGGAGCGCCCGACGACAGCGAGCACGTGTGTGTCATCCATACGATAGGCAAAACGTGTCAGGGTGACTCGAGCGTATGCCTCACGCGGCCCTCACCCGGCCCACTGATGTGTGGGGAGGAGCCTGCGTGC
Seq_15_LinJ.09_minus,Seq_15_LinJ.09_minus,100.000,1000,1000,1000,0,0,1,1000,1,1000,0.0,1847,plus,GCGTTTTCCATAGGTGACTGGAAAGGTGGGGACCGAATGGGAAGAGACGCACAGCGAGGGGCAGCTCGACAAGGACGTCAGGCGTCGGTCGTGTTGAAGAATCAGCGAGGTACGCAGGCGTTGGCCTCATCTGGGCGGTGTCCGGAGAGGTGGATTCGGCTTCGCACTTGGAGGGAGGTGGACGCACACATCCCACCGCCTTCTCAACATTTTTGTTTTCCGTGGTACCCCTCATGACGTCTCCCCCTCTGGTGACAGGAGGGCACACATACACACACCTCTCAGAGCGTGGTGTCTCAGGGCCCTGTGCGACTCTCCCCGCCCCCCACTCTCTGTGTTAGGGAGGCCAAACACCCCCCCCCTTTTCTATCCCTGCCAATGCAGAACCCACCTCTGGCGGTGCGTCGGGACGGCCGACGACAGTGAACACGTCTGTGCCATCCATACGATGGGCAGCACGCGTCAGGGCGACTCGAGCGTATGCCTCACACGGCCCTCACACGGCCCACTGATGTGTGGGGAGGAGCCTGTGTGCCACCCCGAGGGAGGGGGGAGGGGGGATGCACCAGGCGTGGCGACCGGCATGATTGGGGGGCGGCTGTGTGGGGTGGGGGAGTAGAGCTTGAGACAGAGATGGTGTACAGGTCGCTGAGTCGGCGCATTTGCTGTAGCACACGTGTGTGTCTGCGGTTTGATTCGCACCACGCGGATGGGGCCTGGTGACAGGGCCGTGGAAGGGTGGGTGGGCGAAGGGGTGTGCAGAGTGGCGTTGGGCTCATACGCGAGGGCTGAGAAATGAAGGCAGTGGCAGACGACATACACGCCTCCCTCCCTCCCTCTTTTCATTGCAGAAGCTCTTTTCGTGCCCTCATGCGGAACGTGTCTCCTCTACTGCCTCCGGGAGGCTCCCGGCCGCCTCTTATGCTAGGGCGGATGTGAACGAGTTTTTTTTTGCATCGTCTGTGGCTTTAAATCATGTCTCTCAACCCCCCCCGCCCGC
Seq_15_LinJ.09_minus,Seq_13_LinJ.09_minus,98.485,594,1000,1001,8,1,247,839,204,797,0.0,1046,plus,CTCTGGTGACGGGAGGGCACACATACACACACCTCTCAGAGCGTGGTGTCTCAGGGCCCTGTGCGACTCCCCCCGCCCCCCACTCTCTGTGTTAGGGAGGCCAAACACCCCCCCCCTTTTCTATCCCTGCCAATGCAGAACCCACCTCTGGCGGTGCGTCGGGACGGCCGACGACAGTGAACACGTCTGTGCCATCCATACGATGGGCAGCACGCGTCAGGGTGGCTCGAGCGTATGCCTCACACGGCCCTCACACGGCCCACTGATGTGTGGGGAGGAGCCTGTGTGCCACCCCGAGGGAGGGGGAAGGGGGGATGCACCAGGCGTGGCGACCGGCATGATTGGGGGGGCGGCTGTGTGGGGTGGGGGAGTAGAGCTTGAGACAGAGATGGTGTACAGGTCGCTGAGTCGGCGCATTTGCTGTAGCACACGTGTGTGTCTGCGGTTTGCTTCGCACCACGCGGATGGGGCCTGGTGACAGGGCCGTGGAAGGGTGGGTGGGCGAAGGGGTGTGCAGAGTGGCGTTGGACTCATACGCGAGGGCTGAGAAATGAAGGCAGTGGCAGACGACATACACGCCTCCCACCCTCCCTC
Seq_15_LinJ.09_minus,Seq_14_LinJ.09_minus,98.684,456,1000,1000,6,0,360,815,360,815,0.0,809,plus,CCCTTTTCTATCCCTGCCAATGCAGAACCCACCTCTGGCGGTGCGTCGGGACGGCCGACGACAGTGAACACGTCTGTGCCATCCATACGATGGGCAGCACGCGTCAGGGTGGCTCGAGCGTATGCCTCACACGGCCCTCACACGGCCCACTGATGTGTGGGGAGGAGCCTGTGTGCCACCCCGAGGGAGAGGGGAGGGGGGATGCACCAGGCGTGGCGACCGGCATGATTGGGGGGCGGCTGTGTGGGGTGGGGGAGTAGAGCTTGAGACAGAGATGGTGTACAGGTCGCTGAGTCGGCGCATTTGCTGTAGCACACGTGTGTGTCTGCGGTTTGCTTCGCACCACGCGGATGGGGCCTGGTGACAGGGCCGTGGAAGGGTGGGTGGGCGAAGGGGTGTGCAGAGTGGCGTTGGACTCATACGCGAGGGCTGAGAAATGAAGGCAGCGGCAGACGA
Seq_15_LinJ.09_minus,Seq_1_LinJ.09_plus,99.194,372,1000,1000,3,0,360,731,360,731,0.0,671,plus,CCCTTTTCTATCCCTGCCAATGCAGAACCCACCTCTGGCGGTGCGTCGGGACGGCCGACGACAGTGAACACGTCTGTGCCATCCATACGATGGGCAGCACGCGTCAGGGTGACTCGAGCGTATGCCTCACACGGCCCTCACACGGCCCACTGATGTGTGGGGAGGAGCCTGTGTGCCACCCCGAGGGAGGGGGAAGGGGGGATGCACCAGGCGTGGCGACCGGCATGATTGGGGGGCGGCTGTGTGGGGTGGGGGAGTAGAGCTTGAGACAGAGATGGTGTACAGGTCGCTGAGTCGGCGCATTTGCTGTAGCACACGTGTGTGTCTGCGGTTTGCTTCGCACCACGCGGATGGGGCCTGGTGACAGGGCCG
Seq_15_LinJ.09_minus,Seq_18_LinJ.09_minus,94.527,402,1000,1001,11,1,230,631,257,647,3.19e-177,610,plus,CCTCATGATGTCTCCCCCTCTGGTGGCGGGAGGGCACACATACACACACCTCTCAGAGCGTGGTGTCTCAGGGCCCTGTGCGACTCTCCCCGCCCCCCACTCTCTGTGTTAGGGAGGCCAAATACCCCCCCCCTCTTCTACCTCTGCCAATGCAGAACCCACCTCTGGCGGTGCGTCGGGACGGCCGACGACAGTGAACACGTCTGTGCCATCCATACGATGGGCAACACGTGTCAGGGTGACTCGAGCGTATG-----------CCTCACACGGCCCACTGATGTGTGGGGAGGAGCCTGTGTGCCACCCCGAGGGAGAGGGGAGGGGGGATGCACCAGGCGTGGCGACCGGCATGATTGGGGGGCGGCTGTGTGGGGTGGGGGAGTAGAGCTTGAGACAG
Seq_15_LinJ.09_minus,Seq_10_LinJ.09_plus,92.754,414,1000,1000,17,2,218,631,420,820,5.38e-170,586,plus,TTCCGCTGTGCTCCTCATCGCGTCTCCCCCTCTGGTGACGGGAGGGCACACATACGCACACCTCTCAGAGCGTGGTGTCTCAGGGCCCTGTGCGACTCTCCCCGCCCCCCACTCTCTGTGTTAGGGAGGCCAAATACCCCCCCTCTT--CTACCTCTGCCAATGCAGAACCCACCTCTGGCGGTGCGTCGGGACGGCCGACGACAGTGAACACGTCTGCGCCATCCATACGATGGGCAACACGTGTCAGGGTGACTCGAGCGTATG-----------CCTCACACGGCCCACTGATGTGTGGGGAGGAGCCTGTGTGCCACCCCGAGGGAGAGGGGAGGGGGGATGCACCAGGCGTGGCGACCGGCATGATTGGGGGGCGGCTGTGTGGGGTGGGGGAGTAGAGCTTGAGACAG
Seq_15_LinJ.09_minus,Seq_16_LinJ.09_minus,89.313,393,1000,1001,22,7,245,631,268,646,1.21e-136,475,plus,CCCGCTGATGGCAGGAGAGCACACATACACACACCTCTCAGCGCGTGGTGTCTCAGGGCCTCGTGC-AC-CCCCCCCCCCGCCACTCTCTCTCTGTTAGGGAGGCCAAACAGCCCCCCCCCCCCGTTCTACCTCTGCCAATGCAGAACCCACCTCTGGCGGTGCGTCGGGGCGAGGCT-CGACAGTGAACACGTCTGCGCCATCCATACGATGGGCAGCACGTGTCAGGGTGACTCGAGCGTATG-----------CCTCACACGGCCCACTGATGTGTGGGGAGGAGCCTGCGTGCCACCCCGAGGGAGGGGGGAGGGGGGATGCACCAGGCGTGGCGACCGGCATGATTGGGGGGCGGCTGTGTGGGGTGGGGGAGTAGAGCTTGAGACAG
Seq_15_LinJ.09_minus,Seq_17_LinJ.09_minus,88.859,368,1000,1000,19,7,273,631,273,627,7.41e-124,433,plus,ACACACCTCTCAGCGCGTGGTGTCTCAGGGCCTCGTGC-ACCCACACAACCCGCCACTCTCTCTCTGTTAGGGAGGCCAAACAGCCCCCCCCCCCCCCTCTTCTACCTCTGCCAATGCAGAACCCACCTCTGGCGGTGCGTCGGGGCGAGGC-TCGACAGTGAACACGTCTGTGCCATCCATACGATGGGCAACACGTGTCAGGGTGACTCGAGCGTATG-----------CCTCACACGGCCCACTGATGTGTGGGGAGGAGCCTGTGTGCCACCCCGAGGGAGGGGGGAGGGGGGATGCACCAGGCGTGGCGACCGGCATGATTGGGGGGCGGCTGTGTGGGGTGGGGGAGTAGAGCTTGAGACAG
Seq_15_LinJ.09_minus,Seq_2_LinJ.09_plus,91.176,238,1000,1000,8,3,395,631,319,544,3.62e-87,311,plus,TGGCGGTGCGTCGGGGCGAGGC-TCGACAGTGAACACGTCTGCGCCATCCATACGATGGGCAACACGTGTCAGGGTGACTCGAGCGTATG-----------CCTCACACGGCCCACTGATGTGTGGGGAGGAGCCTGCGTGCCACCCCGAGGGAGGGGGGAGGGGGGATGCACCAGGCGTGGCGACCGGCATGATTGGGGGGCGGCTGTGTGGGGTGGGGGAGTAGAGCTTGAGACAG
Seq_15_LinJ.09_minus,Seq_8_LinJ.09_plus,88.571,140,1000,1001,16,0,396,535,413,552,6.42e-45,171,plus,GGCGCTGCGTCGGAGCGCCCGACGACAGCGAGCACGTGTGTGTCATCCATACGATAGGCAAAACGTGTCAGGGTGACTCGAGCGTATGCCTCACGCGGCCCTCACCCGGCCCACTGATGTGTGGGGAGGAGCCTGCGTGC
Seq_15_LinJ.09_minus,Seq_6_LinJ.09_plus,88.571,140,1000,1001,16,0,396,535,413,552,6.42e-45,171,plus,GGCGCTGCGTCGGAGCGCCCGACGACAGCGAGCACGTGTGTGTCATCCATACGATAGGCAAAACGTGTCAGGGTGACTCGAGCGTATGCCTCACGCGGCCCTCACCCGGCCCACTGATGTGTGGGGAGGAGCCTGCGTGC
Seq_16_LinJ.09_minus,Seq_17_LinJ.09_minus,96.568,437,1001,1000,11,2,296,728,273,709,0.0,721,plus,ACACACCTCTCAGCGCGTGGTGTCTCAGGGCCTCGTGCACCCACACAACCCGCCACTCTCTCTCTGTTAGGGAGGCCAAACAGCCCCCCCCCCCCCCTCTTCTACCTCTGCCAATGCAGAACCCACCTCTGGCGGTGCGTCGGGGCGAGGCTCGACAGTGAACACGTCTGTGCCATCCATACGATGGGCAACACGTGTCAGGGTGACTCGAGCGTATGCCTCACACGGCCCACTGATGTGTGGGGAGGAGCCTGTGTGCCACCCCGAGGGAGGGGGGAGGGGGGATGCACCAGGCGTGGCGACCGGCATGATTGGGGGGCGGCTGTGTGGGGTGGGGGAGTAGAGCTTGAGACAGGGTCGGTCATGGGGCGTGGTGTGGCGCTCAGCGCGTGCTGCGCCGCAGAGAAATAAACATGCACGCACACACACACGTTGAA
Seq_16_LinJ.09_minus,Seq_18_LinJ.09_minus,93.626,455,1001,1001,20,7,268,719,272,720,0.0,671,plus,CCCTCTGGTGGCGGGAGGGCACACATACACACACCTCTCAGAGCGTGGTGTCTCAGGGCCCTGTGCGACTCTCCCCGCCCCCCA--CTCTCTGTGTTAGGGAGGCCAAATA--CCCCCCCCCTC-TTCTACCTCTGCCAATGCAGAACCCACCTCTGGCGGTGCGTCGGGACG-GCCGACGACAGTGAACACGTCTGTGCCATCCATACGATGGGCAACACGTGTCAGGGTGACTCGAGCGTATGCCTCACACGGCCCACTGATGTGTGGGGAGGAGCCTGTGTGCCACCCCGAGGGAGAGGGGAGGGGGGATGCACCAGGCGTGGCGACCGGCATGATTGGGGGGCGGCTGTGTGGGGTGGGGGAGTAGAGCTTGAGACAGGGTCGGTCGTGGGGCGTGGTGTGGCGCTCAGCGCGTGCTGCGCCGCAGAGAAATAAACACGCGCACACACACA
Seq_16_LinJ.09_minus,Seq_10_LinJ.09_plus,92.842,461,1001,1000,22,7,268,725,447,899,0.0,658,plus,CCCTCTGGTGACGGGAGGGCACACATACGCACACCTCTCAGAGCGTGGTGTCTCAGGGCCCTGTGCGACTCTCCCCGCCCCCCA--CTCTCTGTGTTAGGGAGGCCAAATA----CCCCCCCTC-TTCTACCTCTGCCAATGCAGAACCCACCTCTGGCGGTGCGTCGGGACG-GCCGACGACAGTGAACACGTCTGCGCCATCCATACGATGGGCAACACGTGTCAGGGTGACTCGAGCGTATGCCTCACACGGCCCACTGATGTGTGGGGAGGAGCCTGTGTGCCACCCCGAGGGAGAGGGGAGGGGGGATGCACCAGGCGTGGCGACCGGCATGATTGGGGGGCGGCTGTGTGGGGTGGGGGAGTAGAGCTTGAGACAGGGTCGGTCGTGGGGCGTGGTGTGGCGCTCAGCGCGTGCTGCGCCGCAGAGAAATAAACACGCGCACACACACACATGTT
Seq_16_LinJ.09_minus,Seq_2_LinJ.09_plus,99.003,301,1001,1000,3,0,421,721,319,619,4.25e-156,540,plus,TGGCGGTGCGTCGGGGCGAGGCTCGACAGTGAACACGTCTGCGCCATCCATACGATGGGCAACACGTGTCAGGGTGACTCGAGCGTATGCCTCACACGGCCCACTGATGTGTGGGGAGGAGCCTGCGTGCCACCCCGAGGGAGGGGGGAGGGGGGATGCACCAGGCGTGGCGACCGGCATGATTGGGGGGCGGCTGTGTGGGGTGGGGGAGTAGAGCTTGAGACAGGGTCGGTCGTGGGGCGTGGTGTGGCGCTCAGCGCGTGCTGCGCCGCAGAGAAATAAACATGCGCGCACACACACA
Seq_16_LinJ.09_minus,Seq_15_LinJ.09_minus,89.313,393,1001,1000,22,7,268,646,245,631,1.22e-136,475,plus,CCCTCTGGTGACAGGAGGGCACACATACACACACCTCTCAGAGCGTGGTGTCTCAGGGCCCTGTGCGACTCTCCCCGCCCCCCA--CTCTCTGTGTTAGGGAGGCCAAACA---CCCCCCCCCTTTTCTATCCCTGCCAATGCAGAACCCACCTCTGGCGGTGCGTCGGGACG-GCCGACGACAGTGAACACGTCTGTGCCATCCATACGATGGGCAGCACGCGTCAGGGCGACTCGAGCGTATGCCTCACACGGCCCTCACACGGCCCACTGATGTGTGGGGAGGAGCCTGTGTGCCACCCCGAGGGAGGGGGGAGGGGGGATGCACCAGGCGTGGCGACCGGCATGATTGGGGGGCGGCTGTGTGGGGTGGGGGAGTAGAGCTTGAGACAG
Seq_16_LinJ.09_minus,Seq_13_LinJ.09_minus,88.974,390,1001,1001,22,8,272,646,206,589,9.47e-133,462,plus,CTGGTGACGGGAGGGCACACATACACACACCTCTCAGAGCGTGGTGTCTCAGGGCCCTGTGCGACTCCCCCCGCCCCCCA--CTCTCTGTGTTAGGGAGGCCAAACA---CCCCCCCCCTTTTCTATCCCTGCCAATGCAGAACCCACCTCTGGCGGTGCGTCGGGACG-GCCGACGACAGTGAACACGTCTGTGCCATCCATACGATGGGCAGCACGCGTCAGGGTGGCTCGAGCGTATGCCTCACACGGCCCTCACACGGCCCACTGATGTGTGGGGAGGAGCCTGTGTGCCACCCCGAGGGAGGGGGAAGGGGGGATGCACCAGGCGTGGCGACCGGCATGATTGGGGGGGCGGCTGTGTGGGGTGGGGGAGTAGAGCTTGAGACAG
Seq_16_LinJ.09_minus,Seq_1_LinJ.09_plus,91.791,268,1001,1000,9,3,391,646,365,631,3.55e-102,361,plus,TTCTATCCCTGCCAATGCAGAACCCACCTCTGGCGGTGCGTCGGGACG-GCCGACGACAGTGAACACGTCTGTGCCATCCATACGATGGGCAGCACGCGTCAGGGTGACTCGAGCGTATGCCTCACACGGCCCTCACACGGCCCACTGATGTGTGGGGAGGAGCCTGTGTGCCACCCCGAGGGAGGGGGAAGGGGGGATGCACCAGGCGTGGCGACCGGCATGATTGGGGGGCGGCTGTGTGGGGTGGGGGAGTAGAGCTTGAGACAG
Seq_16_LinJ.09_minus,Seq_14_LinJ.09_minus,91.418,268,1001,1000,10,3,391,646,365,631,1.65e-100,355,plus,TTCTATCCCTGCCAATGCAGAACCCACCTCTGGCGGTGCGTCGGGACG-GCCGACGACAGTGAACACGTCTGTGCCATCCATACGATGGGCAGCACGCGTCAGGGTGGCTCGAGCGTATGCCTCACACGGCCCTCACACGGCCCACTGATGTGTGGGGAGGAGCCTGTGTGCCACCCCGAGGGAGAGGGGAGGGGGGATGCACCAGGCGTGGCGACCGGCATGATTGGGGGGCGGCTGTGTGGGGTGGGGGAGTAGAGCTTGAGACAG
Seq_17_LinJ.09_minus,Seq_17_LinJ.09_minus,100.000,1000,1000,1000,0,0,1,1000,1,1000,0.0,1847,plus,TTGCGGTTGCCTCCTATCTCTCCTTTGCGATTTTCATTTGGATTTACGTGGGCACTCGACACGACCCCCACCATCACCTCCGTGCTTGATTGTGTCGGCGCGCACTCGGCCCATGCGGGTGTGCGCACGTGCATCTGAGTGCTTGGATGCGTACTTGCGCTTTATCTGTTTTGCTTGTGGGCACCGCCAGAAACGGGGCCCTCCCCTCACCATCACCCTCAACCTGTGCAAACCTCACCTGCGATTTTTCGTGCTCCTCATGAGAGAAGGGGACACACCTCTCAGCGCGTGGTGTCTCAGGGCCTCGTGCACCCACACAACCCGCCACTCTCTCTCTGTTAGGGAGGCCAAACAGCCCCCCCCCCCCCCTCTTCTACCTCTGCCAATGCAGAACCCACCTCTGGCGGTGCGTCGGGGCGAGGCTCGACAGTGAACACGTCTGTGCCATCCATACGATGGGCAACACGTGTCAGGGTGACTCGAGCGTATGCCTCACACGGCCCACTGATGTGTGGGGAGGAGCCTGTGTGCCACCCCGAGGGAGGGGGGAGGGGGGATGCACCAGGCGTGGCGACCGGCATGATTGGGGGGCGGCTGTGTGGGGTGGGGGAGTAGAGCTTGAGACAGGGTCGGTCATGGGGCGTGGTGTGGCGCTCAGCGCGTGCTGCGCCGCAGAGAAATAAACATGCACGCACACACACACGTTGAAGCGAAACGAAAATGCCGTCGTTGAGCTAAACGATGTGTAGGCCACTGCGCGACACAAAGTCGTCTCGACACAGGCATCATTGATGCACACCGGCACCCACCGTGCTTCTCTGAATGTGCGTGCCGTGCTCAGGTTGCTTACAGGCATCGCTCATGCTTGTGTGCGAACCTACAACTTGAACTCGCGCAGGTGCGTCTCTGCCTCCGTTCTCCTCACCACCAAACATGCCTCCATTTTCACTCTCCCGCGCGCCGTACGGCCCGTCCACATGTTGATGTGCCGCTGGCCCCT
Seq_17_LinJ.09_minus,Seq_16_LinJ.09_minus,96.568,437,1000,1001,11,2,273,709,296,728,0.0,721,plus,ACACACCTCTCAGCGCGTGGTGTCTCAGGGCCTCGTGCACCC-CCCCCCCCGCCACTCTCTCTCTGTTAGGGAGGCCAAACAGCCCCCCCCCCCC---GTTCTACCTCTGCCAATGCAGAACCCACCTCTGGCGGTGCGTCGGGGCGAGGCTCGACAGTGAACACGTCTGCGCCATCCATACGATGGGCAGCACGTGTCAGGGTGACTCGAGCGTATGCCTCACACGGCCCACTGATGTGTGGGGAGGAGCCTGCGTGCCACCCCGAGGGAGGGGGGAGGGGGGATGCACCAGGCGTGGCGACCGGCATGATTGGGGGGCGGCTGTGTGGGGTGGGGGAGTAGAGCTTGAGACAGGGTCGGTCGTGGGGCGTGGTGTGGCGCTCAGCGCGTGCTGCGCCGCAGAGAAATAAACACGCGCACACACACACACGTTGAA
Seq_17_LinJ.09_minus,Seq_18_LinJ.09_minus,92.394,447,1000,1001,20,8,273,716,300,735,0.0,625,plus,ACACACCTCTCAGAGCGTGGTGTCTCAGGGCCCTGTGCGACTCTCCCCGCCC-CC-CACTCTCTGTGTTAGGGAGGCCAAATA------CCCCCCCCCTCTTCTACCTCTGCCAATGCAGAACCCACCTCTGGCGGTGCGTCGGGACG-GCCGACGACAGTGAACACGTCTGTGCCATCCATACGATGGGCAACACGTGTCAGGGTGACTCGAGCGTATGCCTCACACGGCCCACTGATGTGTGGGGAGGAGCCTGTGTGCCACCCCGAGGGAGAGGGGAGGGGGGATGCACCAGGCGTGGCGACCGGCATGATTGGGGGGCGGCTGTGTGGGGTGGGGGAGTAGAGCTTGAGACAGGGTCGGTCGTGGGGCGTGGTGTGGCGCTCAGCGCGTGCTGCGCCGCAGAGAAATAAACACG--CGCACACACACATGTTAAAGAGCAAAC
Seq_17_LinJ.09_minus,Seq_10_LinJ.09_plus,91.247,457,1000,1000,24,9,274,727,476,919,1.15e-176,608,plus,CACACCTCTCAGAGCGTGGTGTCTCAGGGCCCTGTGCGACTCTCCCCGCCC-CC-CACTCTCTGTGTTAGGGAGGCCAAATA--------CCCCCCCTCTTCTACCTCTGCCAATGCAGAACCCACCTCTGGCGGTGCGTCGGGACG-GCCGACGACAGTGAACACGTCTGCGCCATCCATACGATGGGCAACACGTGTCAGGGTGACTCGAGCGTATGCCTCACACGGCCCACTGATGTGTGGGGAGGAGCCTGTGTGCCACCCCGAGGGAGAGGGGAGGGGGGATGCACCAGGCGTGGCGACCGGCATGATTGGGGGGCGGCTGTGTGGGGTGGGGGAGTAGAGCTTGAGACAGGGTCGGTCGTGGGGCGTGGTGTGGCGCTCAGCGCGTGCTGCGCCGCAGAGAAATAAACACGCGCACACACACACATGTTAAAGAGCAAAC-AACA-GCCGT
Seq_17_LinJ.09_minus,Seq_2_LinJ.09_plus,98.671,301,1000,1000,4,0,402,702,319,619,1.98e-154,534,plus,TGGCGGTGCGTCGGGGCGAGGCTCGACAGTGAACACGTCTGCGCCATCCATACGATGGGCAACACGTGTCAGGGTGACTCGAGCGTATGCCTCACACGGCCCACTGATGTGTGGGGAGGAGCCTGCGTGCCACCCCGAGGGAGGGGGGAGGGGGGATGCACCAGGCGTGGCGACCGGCATGATTGGGGGGCGGCTGTGTGGGGTGGGGGAGTAGAGCTTGAGACAGGGTCGGTCGTGGGGCGTGGTGTGGCGCTCAGCGCGTGCTGCGCCGCAGAGAAATAAACATGCGCGCACACACACA
Seq_17_LinJ.09_minus,Seq_15_LinJ.09_minus,88.859,368,1000,1000,19,7,273,627,273,631,7.41e-124,433,plus,ACACACCTCTCAGAGCGTGGTGTCTCAGGGCCCTGTGCGACTCTCCCCGCCC-CC-CACTCTCTGTGTTAGGGAGGCCAAACA------CCCCCCCCCTTTTCTATCCCTGCCAATGCAGAACCCACCTCTGGCGGTGCGTCGGGACG-GCCGACGACAGTGAACACGTCTGTGCCATCCATACGATGGGCAGCACGCGTCAGGGCGACTCGAGCGTATGCCTCACACGGCCCTCACACGGCCCACTGATGTGTGGGGAGGAGCCTGTGTGCCACCCCGAGGGAGGGGGGAGGGGGGATGCACCAGGCGTGGCGACCGGCATGATTGGGGGGCGGCTGTGTGGGGTGGGGGAGTAGAGCTTGAGACAG
Seq_17_LinJ.09_minus,Seq_13_LinJ.09_minus,88.347,369,1000,1001,20,8,273,627,230,589,1.60e-120,422,plus,ACACACCTCTCAGAGCGTGGTGTCTCAGGGCCCTGTGCGACTCCCCCCGCCC-CC-CACTCTCTGTGTTAGGGAGGCCAAACA------CCCCCCCCCTTTTCTATCCCTGCCAATGCAGAACCCACCTCTGGCGGTGCGTCGGGACG-GCCGACGACAGTGAACACGTCTGTGCCATCCATACGATGGGCAGCACGCGTCAGGGTGGCTCGAGCGTATGCCTCACACGGCCCTCACACGGCCCACTGATGTGTGGGGAGGAGCCTGTGTGCCACCCCGAGGGAGGGGGAAGGGGGGATGCACCAGGCGTGGCGACCGGCATGATTGGGGGGGCGGCTGTGTGGGGTGGGGGAGTAGAGCTTGAGACAG
Seq_17_LinJ.09_minus,Seq_1_LinJ.09_plus,91.941,273,1000,1000,9,3,367,627,360,631,5.90e-105,370,plus,CCCTTTTCTATCCCTGCCAATGCAGAACCCACCTCTGGCGGTGCGTCGGGACG-GCCGACGACAGTGAACACGTCTGTGCCATCCATACGATGGGCAGCACGCGTCAGGGTGACTCGAGCGTATGCCTCACACGGCCCTCACACGGCCCACTGATGTGTGGGGAGGAGCCTGTGTGCCACCCCGAGGGAGGGGGAAGGGGGGATGCACCAGGCGTGGCGACCGGCATGATTGGGGGGCGGCTGTGTGGGGTGGGGGAGTAGAGCTTGAGACAG
Seq_17_LinJ.09_minus,Seq_14_LinJ.09_minus,91.575,273,1000,1000,10,3,367,627,360,631,2.74e-103,364,plus,CCCTTTTCTATCCCTGCCAATGCAGAACCCACCTCTGGCGGTGCGTCGGGACG-GCCGACGACAGTGAACACGTCTGTGCCATCCATACGATGGGCAGCACGCGTCAGGGTGGCTCGAGCGTATGCCTCACACGGCCCTCACACGGCCCACTGATGTGTGGGGAGGAGCCTGTGTGCCACCCCGAGGGAGAGGGGAGGGGGGATGCACCAGGCGTGGCGACCGGCATGATTGGGGGGCGGCTGTGTGGGGTGGGGGAGTAGAGCTTGAGACAG
Seq_18_LinJ.09_minus,Seq_10_LinJ.09_plus,97.942,486,1001,1000,6,2,255,738,430,913,0.0,839,plus,CTCCTCATCGCGTCTCCCCCTCTGGTGACGGGAGGGCACACATACGCACACCTCTCAGAGCGTGGTGTCTCAGGGCCCTGTGCGACTCTCCCCGCCCCCCACTCTCTGTGTTAGGGAGGCCAAATA--CCCCCCCTCTTCTACCTCTGCCAATGCAGAACCCACCTCTGGCGGTGCGTCGGGACGGCCGACGACAGTGAACACGTCTGCGCCATCCATACGATGGGCAACACGTGTCAGGGTGACTCGAGCGTATGCCTCACACGGCCCACTGATGTGTGGGGAGGAGCCTGTGTGCCACCCCGAGGGAGAGGGGAGGGGGGATGCACCAGGCGTGGCGACCGGCATGATTGGGGGGCGGCTGTGTGGGGTGGGGGAGTAGAGCTTGAGACAGGGTCGGTCGTGGGGCGTGGTGTGGCGCTCAGCGCGTGCTGCGCCGCAGAGAAATAAACACGCGCACACACACACATGTTAAAGAGCAAACAAC
Seq_18_LinJ.09_minus,Seq_16_LinJ.09_minus,93.626,455,1001,1001,20,7,272,720,268,719,0.0,671,plus,CCCGCTGATGGCAGGAGAGCACACATACACACACCTCTCAGCGCGTGGTGTCTCAGGGCCTCGTGC-AC-CCCCCCCCCCGCCACTCTCTCTCTGTTAGGGAGGCCAAACAGCCCCCCCCCCCCGTTCTACCTCTGCCAATGCAGAACCCACCTCTGGCGGTGCGTCGGGGCGAGGC-TCGACAGTGAACACGTCTGCGCCATCCATACGATGGGCAGCACGTGTCAGGGTGACTCGAGCGTATGCCTCACACGGCCCACTGATGTGTGGGGAGGAGCCTGCGTGCCACCCCGAGGGAGGGGGGAGGGGGGATGCACCAGGCGTGGCGACCGGCATGATTGGGGGGCGGCTGTGTGGGGTGGGGGAGTAGAGCTTGAGACAGGGTCGGTCGTGGGGCGTGGTGTGGCGCTCAGCGCGTGCTGCGCCGCAGAGAAATAAACACGCGCACACACACA
Seq_18_LinJ.09_minus,Seq_17_LinJ.09_minus,92.394,447,1001,1000,20,8,300,735,273,716,0.0,625,plus,ACACACCTCTCAGCGCGTGGTGTCTCAGGGCCTCGTGC-ACCCACACAACCCGCCACTCTCTCTCTGTTAGGGAGGCCAAACAGCCCCCCCCCCCCCCTCTTCTACCTCTGCCAATGCAGAACCCACCTCTGGCGGTGCGTCGGGGCGAGGC-TCGACAGTGAACACGTCTGTGCCATCCATACGATGGGCAACACGTGTCAGGGTGACTCGAGCGTATGCCTCACACGGCCCACTGATGTGTGGGGAGGAGCCTGTGTGCCACCCCGAGGGAGGGGGGAGGGGGGATGCACCAGGCGTGGCGACCGGCATGATTGGGGGGCGGCTGTGTGGGGTGGGGGAGTAGAGCTTGAGACAGGGTCGGTCATGGGGCGTGGTGTGGCGCTCAGCGCGTGCTGCGCCGCAGAGAAATAAACATGCACGCACACACACACGTTGAAGCG-AAAC
Seq_18_LinJ.09_minus,Seq_15_LinJ.09_minus,94.527,402,1001,1000,11,1,257,647,230,631,3.19e-177,610,plus,CCTCATGACGTCTCCCCCTCTGGTGACAGGAGGGCACACATACACACACCTCTCAGAGCGTGGTGTCTCAGGGCCCTGTGCGACTCTCCCCGCCCCCCACTCTCTGTGTTAGGGAGGCCAAACACCCCCCCCCTTTTCTATCCCTGCCAATGCAGAACCCACCTCTGGCGGTGCGTCGGGACGGCCGACGACAGTGAACACGTCTGTGCCATCCATACGATGGGCAGCACGCGTCAGGGCGACTCGAGCGTATGCCTCACACGGCCCTCACACGGCCCACTGATGTGTGGGGAGGAGCCTGTGTGCCACCCCGAGGGAGGGGGGAGGGGGGATGCACCAGGCGTGGCGACCGGCATGATTGGGGGGCGGCTGTGTGGGGTGGGGGAGTAGAGCTTGAGACAG
Seq_18_LinJ.09_minus,Seq_13_LinJ.09_minus,94.041,386,1001,1001,11,2,274,647,204,589,1.17e-166,575,plus,CTCTGGTGACGGGAGGGCACACATACACACACCTCTCAGAGCGTGGTGTCTCAGGGCCCTGTGCGACTCCCCCCGCCCCCCACTCTCTGTGTTAGGGAGGCCAAACACCCCCCCCCTTTTCTATCCCTGCCAATGCAGAACCCACCTCTGGCGGTGCGTCGGGACGGCCGACGACAGTGAACACGTCTGTGCCATCCATACGATGGGCAGCACGCGTCAGGGTGGCTCGAGCGTATGCCTCACACGGCCCTCACACGGCCCACTGATGTGTGGGGAGGAGCCTGTGTGCCACCCCGAGGGAGGGGGAAGGGGGGATGCACCAGGCGTGGCGACCGGCATGATTGGGGGGGCGGCTGTGTGGGGTGGGGGAGTAGAGCTTGAGACAG
Seq_18_LinJ.09_minus,Seq_2_LinJ.09_plus,94.260,331,1001,1000,13,5,422,747,319,648,2.01e-144,501,plus,TGGCGGTGCGTCGGGGCGAGGC-TCGACAGTGAACACGTCTGCGCCATCCATACGATGGGCAACACGTGTCAGGGTGACTCGAGCGTATGCCTCACACGGCCCACTGATGTGTGGGGAGGAGCCTGCGTGCCACCCCGAGGGAGGGGGGAGGGGGGATGCACCAGGCGTGGCGACCGGCATGATTGGGGGGCGGCTGTGTGGGGTGGGGGAGTAGAGCTTGAGACAGGGTCGGTCGTGGGGCGTGGTGTGGCGCTCAGCGCGTGCTGCGCCGCAGAGAAATAAACATGCGCGCACACACACAAGGCCGAAGAGCAAACCAAGAACGTACTT
Seq_18_LinJ.09_minus,Seq_14_LinJ.09_minus,93.750,272,1001,1000,6,1,387,647,360,631,2.71e-113,398,plus,CCCTTTTCTATCCCTGCCAATGCAGAACCCACCTCTGGCGGTGCGTCGGGACGGCCGACGACAGTGAACACGTCTGTGCCATCCATACGATGGGCAGCACGCGTCAGGGTGGCTCGAGCGTATGCCTCACACGGCCCTCACACGGCCCACTGATGTGTGGGGAGGAGCCTGTGTGCCACCCCGAGGGAGAGGGGAGGGGGGATGCACCAGGCGTGGCGACCGGCATGATTGGGGGGCGGCTGTGTGGGGTGGGGGAGTAGAGCTTGAGACAG
Seq_18_LinJ.09_minus,Seq_1_LinJ.09_plus,93.382,272,1001,1000,7,1,387,647,360,631,1.26e-111,392,plus,CCCTTTTCTATCCCTGCCAATGCAGAACCCACCTCTGGCGGTGCGTCGGGACGGCCGACGACAGTGAACACGTCTGTGCCATCCATACGATGGGCAGCACGCGTCAGGGTGACTCGAGCGTATGCCTCACACGGCCCTCACACGGCCCACTGATGTGTGGGGAGGAGCCTGTGTGCCACCCCGAGGGAGGGGGAAGGGGGGATGCACCAGGCGTGGCGACCGGCATGATTGGGGGGCGGCTGTGTGGGGTGGGGGAGTAGAGCTTGAGACAG
Seq_19_LinJ.09_minus,Seq_19_LinJ.09_minus,100.000,1000,1000,1000,0,0,1,1000,1,1000,0.0,1847,plus,GCGTGTGCCTATACGCTTCCTTTCCTGCGCCGGCGCGAGAGATGAAGCGAGGGAGGGGTAGAGCAAGACTCCTGACGAACGTGCGTGCTTGCGTGAGTGAGGGTGAGGTGGAGTGCGTGCGGTGTCCGCGCCTCTGCCTGTGTCGCGGTGGCACAACACAAACACCTCACACGATACCACCGAAACAGCTGTGTAGTTAGGCGTGAGTGCCGGCTGGTCTGACACGCATAAAGCAGAAGAGTAGCGAAAGAGGAATACAGAGGTAAAGGGGGGAGGAGTATTGGAGGGGGCCCACTGAGCGTGCGGGGGGCTGAGGAGCGTCCGCCGCAGCGGCAGCCGCACACTCGTCTGCCGACCGCTTCCACACCATGCGGATACACCTTGCATGCCCTTCTGCATTCTCGACTGAAATTACTCTCCCCGATGACGAGGGGACGCCTTCGTGCGTGGTATCTCAGGGCCCAGCGCACCCCCACCCTCTGTCTGGGGGGGAGGGAGGAGGAGGCCAGACACCCACACCCTATCCCCTGCCAGTGCCGAGTCTCCCCTCTGGTGGGGGGCACGGGTTGAGGCAGGGGACGCGCTCAGGTCACTGAGTTGGTGCCTTGTGCTGCGGCAGGCCCCGTGGGTGCGGTGGGAGGGGGGAGGGGGAGGGTCGAGTGGCGGTTGCGCTCCTATTCGATGGCAGGATAACGGACGCGTTGGGCAGGAGAAGAACATCAGGTCTCTCCTCCCAAAAGGGATTAGGGGTGGGGAGGAGGGGGCTGAGGGGCAGGGGCGTATGCGTGCGTGCGTGTGCGTGTGTGTGTGTGCGGACGGAGGGGTTGCAGTGCGGCAGCATGAACCACACAAAGCAGACGGAGACACTATGGTTGTGCGCTCGTGTGCCGCAGTGGTAGTAACGGGAACAGCAGCACACCACCGGCGGAGCTGCTATGGCCGCATGCATAGGCACGGAGACGGAAAAAGCTCAGACAGTAAGATGATCCGTTGGCTTGAG
Seq_20_LinJ.09_minus,Seq_20_LinJ.09_minus,100.000,1000,1000,1000,0,0,1,1000,1,1000,0.0,1847,plus,CTACACCCTCAAGTGTTCCGTTCGCTGCGACTACGACGCGGTCGCACCATTATTCTTCCAGCAGCTGCACCGGGTGAGTTACGGGACGAAAGCGGCACGCGTGCGCACCAAAGGAGAACTGGAGTCTCTTATCCCCACGGTGTGCTGTGCGCGTTACAAGCTGCAAGGCTCGCCGCTGAACACGACCGTCCACGTCGTGGCTCCCGCTCCGCCCCGCTGAATGCAGAGCGTTTGTTCTCCGATGCGCGGAATGGCCTCGCAGTCGCAGGAAATACGTTTGTGTGCATATTCTCCCCGAAGCTATATCTGAGCTGTACGCGCTCGCCTTACGCTGCATAGACCCCGATGATGCCGGCCACCTCAGTGTGGTATCAGGGTCCCGTGCCCACTCTTTCTGGGAAAGCCATGCAGCCTCCGGCGTGCCTTCAGGTACATCTGCGGGCTCTTGGTGTCGGCGGAAATGTCTGGGCTGGCGTCGTGCCAAAGAGACACGTGCGGTCATGATGATGTTCGCACCAGTCCCCTACGAATCGGGTCGACGATTCAACTGATCCACGCATCCACACACTGCCTTTTTCTTCGTTTGCTGCGATGCGGCGTTGTCGAGCCTCATCCTGGACCTTGCCTGAAGTGTATGCAGTGACATCGCAGTGTGGGCTGCACAACAGGAAACAGTATTCGTTATCCGGGCTCCTGGACATAGCCGCAGTGAAGCAGAGGTAGGAAAACTGCTGTTGTGTGTATGCGCATACTTGTTGACTTGTTCGTGGAAGAACGTCATGCTGAAAAGCGTTATCTCTCTACATAGATGTGGTGCGCGGTCTGAGGATTCGGAAAGCGTTCTCATAGCAGTGTATTTCTTCATGGATGTCTGTGGATTATGGGAGAGGAACGAGGGAGGGTATTATCCCGTGCAGCAGGTGCTTTGGAGGTGCCCGTGATGGGGGACCTATCGTTTTCTGCCTCCTCCTCCCCCCCCCTTCACTCCACTCTGACGGTT
Seq_20_LinJ.09_minus,Seq_12_LinJ.09_plus,100.000,998,1000,1000,0,0,3,1000,1000,3,0.0,1844,minus,ACACCCTCAAGTGTTCCGTTCGCTGCGACTACGACGCGGTCGCACCATTATTCTTCCAGCAGCTGCACCGGGTGAGTTACGGGACGAAAGCGGCACGCGTGCGCACCAAAGGAGAACTGGAGTCTCTTATCCCCACGGTGTGCTGTGCGCGTTACAAGCTGCAAGGCTCGCCGCTGAACACGACCGTCCACGTCGTGGCTCCCGCTCCGCCCCGCTGAATGCAGAGCGTTTGTTCTCCGATGCGCGGAATGGCCTCGCAGTCGCAGGAAATACGTTTGTGTGCATATTCTCCCCGAAGCTATATCTGAGCTGTACGCGCTCGCCTTACGCTGCATAGACCCCGATGATGCCGGCCACCTCAGTGTGGTATCAGGGTCCCGTGCCCACTCTTTCTGGGAAAGCCATGCAGCCTCCGGCGTGCCTTCAGGTACATCTGCGGGCTCTTGGTGTCGGCGGAAATGTCTGGGCTGGCGTCGTGCCAAAGAGACACGTGCGGTCATGATGATGTTCGCACCAGTCCCCTACGAATCGGGTCGACGATTCAACTGATCCACGCATCCACACACTGCCTTTTTCTTCGTTTGCTGCGATGCGGCGTTGTCGAGCCTCATCCTGGACCTTGCCTGAAGTGTATGCAGTGACATCGCAGTGTGGGCTGCACAACAGGAAACAGTATTCGTTATCCGGGCTCCTGGACATAGCCGCAGTGAAGCAGAGGTAGGAAAACTGCTGTTGTGTGTATGCGCATACTTGTTGACTTGTTCGTGGAAGAACGTCATGCTGAAAAGCGTTATCTCTCTACATAGATGTGGTGCGCGGTCTGAGGATTCGGAAAGCGTTCTCATAGCAGTGTATTTCTTCATGGATGTCTGTGGATTATGGGAGAGGAACGAGGGAGGGTATTATCCCGTGCAGCAGGTGCTTTGGAGGTGCCCGTGATGGGGGACCTATCGTTTTCTGCCTCCTCCTCCCCCCCCCTTCACTCCACTCTGACGGTT
