Seq_1_LinJ.06_plus,LinJ.06,,1000,1000,525234,,,,,138370,139369,,,plus,CGGGTCCAAAGACACCTCTCTTGCTCGGCAAAGGCTGGGAGGAGGGCGCGTGATGTCGGTATCACGCTGACCCCCGGCAATAACATCGCTGGAGGGTGCCGCACACGATTTCACATACTTCCAACGAAGCGTTGATTTAGTATGGCACACGTGCGTATGCAGAGAATGTTTGTCCCGCTCTTGGTATTTGTGTTGCTTCTCCACACACATTTTCGTGTCCCGGATGACGGGAGACACGCACACATGCCTCTCAGTGCGTGCTGTCTCAGGCTCCAGTACAACCCCACTCTCTCTGCCTGGGGAGAAGCCAAAGCAGCCCCCCTCCCCTCCCCTCCTATGCCTGCCGAATGCCGAACTCGCCTCTGGTGTGTGACAGGGTCAGGTGTCTGTGACGTAGGCGGAGGTCCGCGCGATGCATCGCTGCTGATGTCGGCGGTGAGGGCCTGGATGGCGTTGCGTCGGGGCGACCTGCGACCGTGCACACGCCTGCACACCGTCTATGTGATGGGCGAAGTGCCAGCGTGGCTCGAACGCACCCCGCACGGCCCTCACACTGACCACTGGTGGGGGGCAGCCTGAGCGCCACGCCGAGGGGGATGCACCAGGGGTGGCGACCGGCACAATGGGGGAGCGGCTGTGAGGCGACCTGCTCAGCGGGCATGTGGGCTGGGCTCGAGGCAGAGGCGGTGCTGAGACGACTGGGTCGGCGCATTGCTGCCATGCGCGCGTGCCTAGGGCTTCTTCACGTCCACTCTGCCTGCTCTGCCACAGGCCCATTTTGTGGTACGAACTCGTGTTGTAGGGAAGAATACGGAGACGTTGACGAGAAGACCCCCACGCCTACGTATGTTGTTTGCTGATGGTCTGGAGTCTCTCGCCTTCGCTGTATATGCGTGCGCGCTTACGTACTCCTTATCACCATTTCTGGCCCGGCAAACCAGGAACACGGAGGGGGAGAACGAGGGCGATGTGCACGCTATGGACATGGTCGCCCTCATCA
Seq_2_LinJ.06_plus,LinJ.06,,1000,1000,525234,,,,,180808,181807,,,plus,GCTTACGCATGCGTGAGAGAGAGCAGGCGCGTGTCTGTGCGGGGGTCGGCCTGCCTTTGATGGCGTCTGGTCGCCGCTGCTGAGGAGACTGTTTCTGCTCCTCCTCCATCTTCGTGCACAGCCGTGCCGTCGCGGGTGCGTCAACACGTGGCTGGTCGCCCTTTACTTTAATGCTTCGCCTTCTCGCCCTCGATGACGTGGGAGGTTACACCAACCCCCCTCCCCCTCCCACAACACACACACATGCCTCTCAGTGCGTGCTGTCTCAGGCTCCAGTACAACCCCACTCTCTCTGCCTGAGGAGAAGCCAAAGCAGCCCCCCTCCCCTCCCCTCCTATGCCTGCCGAATGCCGAACTCGCCTCTGGTGTGTGACAGGGTCAGGTGTCTGTGACGTAGGCGGAGGTCCGCGCGATGCATCGCTGCTGATGTCGGCGGTGAGGGCCTGGATGGCGTTGCGTCGGGGCGACCTGCGACCGTGCACACGCCTGCACACCGTCTATGTGATGGGCGAAGTGCCAGCGTGGCTCGAACGCACCCCGCACGGCCCTCACACTGACCACTGGTGGGGGGCAGCCTGAGCGCCACGCCGAGGGGGATGCACCAGGGGTGGCGACCGGCACAATGGGGGAGCGGCTGTGAGGCGACCTGCTCAGCGGGCATGTGGGCTGGGCTCGAGGCAGAGGCGGTGCTGAGACGACTGGGTCGGCGCATTGCTGCCATGCGCGCGTGCGCCCAGGGCTGCTTGGCACCAGGCGGATGGGGCACCTGTGGCAGGGGTCTGTGGTGGTGCGCGGTGGGCGGAGCGGCATGGCGTGACGTTCGAGCTCGCGTTGCATGGCGGAGAGTGAGCATGCTGAAGGAATGTCTTCTTGCTACCCCCGCTGCAGTGCCGGCTGGGGGCGGGGCGGAGAGGAAGGGGTGATGTTAAGAGCGAGAGGACAGACACGACATCACCATTTTCACGACGAAGAAACCAAAGAAATGCGTCGGCTGCTCATC
Seq_3_LinJ.06_plus,LinJ.06,,1000,1000,525234,,,,,190400,191399,,,plus,CTTCTCTGTAAGGTCTGTGTGTGTGAGAGAGTGTCACGGCCAGGGAGGCGCTTCGCGGATGTGTTGATGCCGCTGATGAGGGTGGAGGAGGAGGACACCCATCGGCATCGGTGCCTGAGTGTCTGTGTGTCTGCCACCATTACTATTTCACATGTCTCTCGTTGCTCTCATGTGCGTGTGCAGCTGACGTGGGGGCTGCAGGCTGCGCTTTCTCGCCTGCTCGACACACGTGCACACGCACACATGCCTCTCAGTGCGTGTCGTCTCAGGCTCCAGTACAACCCCACTCTCTCTGCCTGGGGAGAAGCCAAAGCAGCCCCCCTCCCCTCCCCTCCTATGCCTGCCGAATGCCGAACTCGCCTCTGGTGTGTGACAGGGTCAGGTGTCTGTGACGTAGGCGGAGGTCCGCGCGATGCATCGCTGCTGATGTCGGCGGTGAGGGCCTGGATGGCGTTGCGTCGGGGCGACCTGCGACCGTGCACACGCCTGCACACCGTCTATGTGATGGGCGAAGTGCCAGCGTGGCTCGAACGCACCCCGCACGGCCCTCACACTGACCACTGGTGGGGGGCAGCCTGAGCGCCACGCCGAGGGGGATGCACCAGGGGTGGCGACCGGCACAATGGGGGAGCGGCTGTGAGGCGACCTGCTCAGCGGGCATGTGGGCTGGGCTCGAGGCAGAGGCGGTGCTGAGACGACTGGGTCGGCGCATTGCTGCCGTGCGCGCGTGCGCCCAGGGCTGCTTGGCACCAGGCGGATGGGGCACCTGTGGCAGGGGTCTGTGGTGGTGTGTGGTGATTTAGGCATGCAAGTCACGCAAAAAAAAAGCTTGCATCACGTGCGGTGATCCTTCACTCGCGTGTATCTTCCTCTCTCTATCCTCCACCACCTCCGCCCTGCGGCTGCAGTCCTCTTCTTCAACGACACGCACGCTCTTCACCCCTCTGCCACACGAGCAGGCTGTCTGCTCTCCACGTGACACGCTTCGCGTCTCCACATG
Seq_4_LinJ.06_plus,LinJ.06,,1000,1000,525234,,,,,218563,219562,,,plus,GCGCCTTTCATGAGCCCACCACCTCTGTGGGTGCCTCATCACCTTCCCCTCACCCCTCGGTTGGCGCTCTCTGGCCCTCTAGCATCTCTGAGTGCCTGCACGTATGCTTGCGTGCACGTTCTTGCCCACCCTCTATGGAGCAGCTGACGCCCTCACTTTCGCTGAGGAAGATGATTATCATCTCTGGAAGACGAGGACACAGCCACCGCCAAGGCATGCGCGCGTGTGCGCGGGGGCTTGAGCACAGGGAGGAGGTATGAAGGGTTGAGTGGGGGCAGCTGCGCGAAGCGACGGCCTCTTCTTTCTCGCTCAGCTACCTCTCCCCTTCCCCTTCCTATGCCTGCCGAATGCCGAACTCGCCTCTGGTGTGTGACAGGGTCAGGTGTCTGTGACGTAGGCGGAGGTCCGCGCGATGCATCGCTGCTGATGTCGGCGGTGAGGGCCTGGATGGCGTTGCGTCGGGGCGACCTGCGACCGTGCACACGCCTGCACACCGTCTATGTGATGGGCGAAGTGCCAGCGTGGCTCGAACGCACCCCGCACGGCCCTCACACTGACCACTGGTGGGGGGCAGCCTGAGCGCCACGCCGAGGGGGATGCACCAGGGGTGGCGACCGGCACAATGGGGGAGCGGCTGTGAGGCGACCTGCTCAGCGGGCATGTGGGCTGGGCTCGAGGCAGAGGCGGTGCTGAGACGACTGGGTCGGCGCATTGCTGCCGTGCGCGCGTGCCCCCAGGGCTGCTTGGCACCAGGCGGATGGGGCACCTGTGGCAGGGGTCTGTGGTGGTGCGCGGTGGGCGGAGCGGCATGGCGTGACGTTAGAGCTCGCGTTGCATGGCGGAGAGTGAGCATGCTGGAGGGAACGTGTATGTCGCTCTCTGGCAGGCAATGGGCACATCGTCTCAGCACTCCTCCCCATACTTCCCTGTTTGGTGTCTCTCATTCTCTTCAGAATTGTGTTGCTTTCTCCAACTCACGCACCCACACACGGGGATAAGA
Seq_5_LinJ.06_plus,LinJ.06,,1000,1000,525234,,,,,247251,248250,,,plus,CCTCCTCCCCTCTCGCACACAGCTCCATGCGTGCGAGCCTCGTGCCCACTTTAGCTACACGCAGTGAGGTGTCTCTCTCTCTCTCTCTCTCACGTTCTCTCTGCGGGCCCGTGCCGACGGCGAATGCATATTTGGCATTCAGCGTGTGCGTGTGCGTGTGTTTGTCCCTGCCGTTCTCACGTCACACTCTACCTGTGCTGAAACGGGCCTTCTCGCCTGCTCGACACACGTGCACACGCACACATGCCTCTCAGTGCGTGCTGTCTCAGGCTCCAGTACAACCCCACTCTCTCTGCCTGGGGAGAAGCCAAAGCAGCCCCCCTCCCCTCCCCTCCTATGCCTGCCGAATGCCGAACTCGCCTCTGGTGTGTGACAGGGTCAGGTGTCTGTGACGTAGGCGGAGGTCCGCGCGATGCATCGCTGCTGATGTCGGCGGTGAGGGCCTGGATGGCGTTGCGTCGGGGCGACCTGCGACCGTGCACACGCCTGCACACCGTCTATGTGATGGGCGAAGTGCCAGCGTGGCTCGAACGCACCCCGCACGGCCCTCACACTGACCACTGGTGGGGGGCAGCCTGAGCGCCACGCCGAGGGGGATGCACCAGGGGTGGCGACCGGCACAATGGGGGAGCGGCTGTGAGGCGACCTGCTCAGCGGGCATGTGGGCTGGGCTCGAGGCAGAGGCGGTGCTGAGACGACTGGGTCGGCGCATTGCTGCCGTGCGCGCGTGCCCCCAGGGCTGCTTGGCACCAGGCGGATGGGGCACCTGTGGCAGGGGTCTGTGGTGGTGCGCGGTGGGCGGAGCGGCATGGCGTGACGTTCGAGCTCGTGTTGTGTGGCAAAGAAATGGAAGCGTGGAACGAAGGGACTCTCCTCCCCATGATGGCGGCTTGGAATGCACGTGGCGCGGTCCACCTGCATCATTGCCGCCTCATCGCTGTTCCGCCCCACACGTGCACCGATCAACCGAGCACAACTGTCGCATAGACGGACATGCGAA
Seq_6_LinJ.06_plus,LinJ.06,,1000,1000,525234,,,,,519533,520532,,,plus,TCCCTTCGCCGGCCTCACTTCCACCATTTTTCTGTTTGCTCACTACCCCGTGCGTGTTCAAAGTATAGACGCAAAAGCCTGGCTCAGTTGTCTGCATCAACAGAATTTCCCTTGTAACCAGTCTCAATGTGAAAGAAGACAAAGTGCAAACGCCCCGAAACCTGTTGGACGTACGAGTTTAGCGACTTTACTTATAAATATTGAGTAGAGATACTACACCAGGAAAAAGACAAAAGATGCTTTCGTGACATGCACTACGGATACTCTTCTGCTGCTTTTTGCTCCTGATGTCGGAGGACACCTCAGTGCGTGGCACCGGTGCCCAGTACCATACTCTATGCGGGAAGACAGGCAGCTCTTCTATCCCAGTCAGTGCACAGCCACTTCTAGTGGTGACGGCATCAGGCACCTAGGGCGTGGTGATGTCAGAGCGATGTAGCGCTACTAATGCCGGCGGTCAGATGGTGGATAGCGTTGCGTTGGCGTCATCTGCGGCAGTGGGCACGCTTGTTCCATCCATTTGATGGGCAGAGCGTCAGCGTGACCCGAACACCACCCACCCGACTCTCAAGCTGTCTGCTCGTTTGGGGAGTCTGAGTGCCACCTCGAGGGGGATACACCACGTAGCGACCTGCGAGGCGGCTCGGTGGCGTTTGAGACAGGGGCCGTGCTGAGATGATTGCGTTGACGCGTTGCTGTCCCGCGTCTCCACAGATGCTTTGCACCAGCTGATGGGACTTGTGACACAGTCGGGTGGCGTGGCGCTCAACTCATGTTGTACCGCCGAATGGACACTTTGTTGAGGATCTCTCTTTCACGTATCAGCTACTTTCCCTCACCCTGTACCCCTTTCTCTTATACTTACAACACACGCCGAAACACATCCTCAGCATTCCTTCTCAGTCAGAAAAGTATCCACGCACCGCCAGCACTCTATGCATGCCCAATAGCACGCCTCCGTTTCCGCACTTCCTGTCGTTGCCCCTCCTCAGTAACAAGC
Seq_9_LinJ.06_plus,LinJ.06,,1000,1000,525234,,,,,493819,494818,,,plus,CGCGTCTATCAGCCTCAGCTCCACTCAGCGGGGGTCGGTCCTGGCGGCATCTGGGTTATTCCACAATCTGCGGAGCATCAAGGAGGACTCCTTTAACAGCACATCGGTGCTGGATGCTGAGGATGTGTTTGGTAGCTACCCTAAGCTCACAACGCGCGTTGTCAAGCGACTCGTCCAGAGCCAGACAAGTGTCCACGCGGCCCAGTGACGTTGCAAGATTGGCTCGCGCGTGCGTCGCCTCAGCGCACGTGCTTGCATGTGTTTGTGTACGCATATTACTGCTCGCTCCCTCGCTCTGTTCGCTGGAAGTACTTCGCTCTTTTTCAGCCAGCGATCTCGTCATCGATCCCCACACACGCACACGCCATGACGACGTGGCGGGGACACGCCTCTCCCTGCGCGGCATCTCGGCGTCCAGCGCCGACGACGTGGGAGGGAGGGGGGAGCGCAGAGCGGTGTGGCGCTACGCATGTTGGCCATCAGATCCTGGATGGCGTTGCGTCGGAGCCACCCGCGGCCGCGGACACGTTTGTGGCACCCGTATGACAGGCGAAGCGTCCGCGTGCCTCGAGCCTGTCCCACCCACGCCCCGGCCTTCACAGTGCCCACTGCTGGTGTGGCGGGGAGCCTGAGAGCCGCCCCTCCCCCCGAGCGGGGATGCGCCAAGGCGGCGGACCTGCGAGGCGGCGGTGCGGGCAGAGGTTGAGGCAGGGGCCGTGCGCCGATGGCTGCGTCGGCGCATTGCTGTGCCGCGTGTGTCTACGGCTGGCTGGCGCACGGTGCGACGGGGGCCTGTGACACGGCCGACGGGGAAGGGAGGAGTGAAGCTCGTGCTCTGCGGCTGAGACATGGGCCACACGCTGGACGCGGCAACGGATCCTTCGCTTACGTTGGCTTCTCTCCTGCTGTTTTGTTCACCATTCCCCGTGATGTACATGTCCGAGGGAGAGATGAGAATGAGGGGGCTGGGCGGGGGTGCGCCACGCTGCACGTTGTCTTT
Seq_8_LinJ.06_plus,LinJ.06,,1000,382,525234,,,,,469379,470378,,,plus,GTTGCTGCCACATATTGTTTTTCCTTTTTTGGACCTGCTCCACAGGAGCTGCTGATCACGATGCGGATGGAACCCTCGCCCGCGCCTCTGCCACACCACCTCCCCTCCATTGCACGCATGAGCTTGTGAAGAGACTTGCGTGTGAGAGTGTGCCGTTGTCGATGCACCTCCCCCCTTCACCCCTACCCACCCCTCCCTTCTGTTGGCGCGTGCATCATCAACGACGTGCCGAGCCCAAAACTCTGTACCGCGGCATTAAATCTCTTGACATCTTCTTGTGGTGTGTGCTTGCGTGTGCGTGTGTGCCGCGACGACGTGGGAGGGAGGGGGGAGCGCAGAGCGGTGTGGCGCTACGCATGTCGGCCATCAGATCCTGGATGGCGTTGCGTCGGAGCCACCCGCGGCCGCGGACACGTTTGTGGCACCCGTATGACAGGCGAAGCGTCCGCGTGCCTCGAGCCTGTCCCACCCACGCCCCGGCCTTCACAGCGCCCACTGCTGGTGTGGCGGGGAGCCTGAGAGCCGCCCCTCCCCCCCCCCCCCGAGCGGGGATGCGCCAAGGCGGCGGACCTGCGAGGCGGCGGTGCGGGCAGAGGTTGAGGCAGGGGCCGTGCGCCGATGGCTGCGTCGGCGCATTGCTGTGCCGCGTGTGTCTACGGCCGGGCGTCGAGTGGCGCGGCGTTGAGCTCGTGCTCTGCGGCAAATACATGGACGCGTGAAAGAAATGTAACGCTGTACCTCTTTGTTGACGTCTCTGTGTGTGCTTGTGCATGACAGTGTCTGTGCGGTGGCGGCGCAGTTCTGCCGCACACATCTCACATCATCGTCATAGCTGCCGGCTGCTGCAGCGGTGTGCGTTGCTTCCTCCACCGCACTGTTATCACGAGCGTCAATACTACGAAAAAAAAAAACACTCTGACACCTACACACACACGCGCACGCCACCTCTTCCACCCCACCACCCGACGCACCCGCCTCAGCGATATTGACGCCTGTCTCG
Seq_12_LinJ.06_plus,LinJ.06,,1000,522,525234,,,,,452516,453515,,,plus,GCAGCTCGTGGCGGCGCAGCCTGGCGCTGCGGTAGCGAAGAAGGCGATGCCACCGCCGTGCACCTCGGGCGACGCGAGCAGCAATGGGGTTGCCGCAGCCACACGACCGGCGAAGCGTCACAAACGCCGCCTCCAGTAGCCATCGTTTGCAGGGCGGATAGTGAAGCGGCTTGCAAGGTTCTCTGTGCTGCTCTCTGTGCCCCCCCTCCCGCAACGCACGTTGGACGCGCAAGCGCACACACACAGACACACACACACACACGCACACGCTATGACGACGTGGCGGAGACACGCCTCTCCCTGCGCAGCGCCTCAGCGTCCAGCGCCTACGACGTGGGAGGGAGGGGGAGCGCAGAGCGGTGTGGCGCTACGCATGTCGGCCATCAGATCCTGGATGGCGTTGCGTCGGAGCCACCCGCGGCCGCGGACACGTTTGTGGCACCCGTATGACAGGCGAAGCGTCCGCGTGCCTCGAACCTGTCCCACCCACGCCCCGGCCTTCACAGCGCCCGCTGCTGGTGTGGCGGGGAGCCTGAGGGCCGCCCCTCCCCCCCCCCCCCCGAGCGGGGATGCGCCAAGGCGGCGGACCTGCGAGGCGGCGGTGCGGGCAGAGGTTGAGGCAGGGGCCGTGCGCCGATGGCTGCGTCGGCGCATTGCTGTGCCGCGTGTGTCTACGGCCGGGCGTCGAGTGGCGCGGCGTTGAGCTCGTCGTGTATGGCTGAGAGATGGGCCACACGTTGGAAGCAACACGACAAAAGCACAGCGGCGCGTGGAGGGTGAGCTAAGGGAGGGAACGCCGCCGTAGGAGCGTACTGGTGGGCGGCAGAGCGAAGGAGTCATGTGCGGGCTTCTGCGAGTTACGCACCACCGCCTCCTTCCAGGGCAAACAACTGCAGCTCGAGAGAGCGACGGAAGGCGGGTGGCCGAGTCCGGCATGGCAGGAGTTGGAGCCGCGTCACAGCAGGAAAGGGAGGTCTCAAGGTCACGTAATATATCGAAA
Seq_9_LinJ.06_plus,LinJ.06,,1000,522,525234,,,,,462813,463812,,,plus,GTCCTCGGTGCAGCATGCGTGAAGGTTCGAAGTGCTTACATGAAAAGGAGCGCTTCGGTGTCGCGCCGCATGGTTGCCCACGTCGCCGCCGCCGCCGCCTCAATCAGATAGACTTGTGTCCACCCACCTGCCCTACTGCCGTTCCTACGTTGCGCTCACATAGACATGCATGCGGCCCTGCACCACACACACACCTCGTTATCCATCTGCGCTGTGGTTGTGTTCCTTCTTTAGCGGCCCTGATGGCGGAGGGGACACCTCCGTGAGTGGCATCTCAGGGTCCAGTACCCCCTCCCCTATCCTATCCCTGCCACGTGCCGAGCCGCCTCTGGTGTTGACAGGGTCAAGCACCCGCGACCCAGCGAAGTCGGGGCGATGTGTCGCCACGGATGTCGGCGGTCAGGTTCCCCGCATAGGCGTTGCGTCGGAGCGCCATGCGGCAGTGAACGCGCGCCCGTGCCATCCACATGATGGGCGGAGCGTCCGCGTGCCTCGAACCTGTCCCACCCACGCCCCGGCCTTCACAGCGCCCACTGCTGGTGTGGCGGGGAGCCTGAGAGCCGCCCCTCCCCCCCCCCGAGCGGGGATGCGCCAAGGCGGCGGACCTGCGAGGCGGCGGTGCGGGCAGAGGTTGAGGCAGGGGCCGTGCGCCGATGGCTGCGTCGGCGCATTGCTGTGCCGCGTGTGTCTACGGCCGGGCGTCGAGTGGCGCGGCGTTGAGCTCGTCGTGTATGGCTGAGAGATGGGCCACACGTTGAAGTTGCGCATTTCGTTGTAAAAGCTTGTAGTGAGGGGAGGAGAGGCGGCCGGCGCGCCCCGTCAACCCGCGATTCTCCCTCGTGTGTTTCAAAGTCTCCACAGGGTCGTGAAGAGAGATCGGAGATCGCTGAAACGTTGCTGGGCTTTTCCAGACTGACAAGTGGCCGCCGTCCAGAGCACGCGCGCATCAGGCCGTCTCCTCGGCGTCCAAGGACAGGGCCGTGATGTGCGCGTTTTCATG
Seq_12_LinJ.06_plus,LinJ.06,,1000,522,525234,,,,,457329,458328,,,plus,CTGTGCGCTGCTGCCCCGTGTGCGCGCGTGCGGACGCGAATCGAGGGACTCTGAAGCAGATGGATGATTTCCTTGCTGCCAGGTGAGTGTGTGTGTGTGTGTGTGTGGATGGGGCGAGATTGGGTGGTCGATATGGCGGATGGAGGAGGGCCGTCCCCCTTGTCGCTGCCTACGCGCTTGTCCCGCTTCGTCTCTTATCTGTGAAACCGCGTGCGCACTTGTTTCGTTGCTTCTTCACTCTGATGGCGGAGGGGACACCTCCGTGAGTGGCATCTCAGGGTCCAGTACCCCCTCCCCTATCCTATCCCTGCCACGTGCCGAGCCGCCTCTGGTGTTGACAGGGTCAAGCACCCGCGACCCAGCGAAGTCGGGGCGATGTGTCGCCACGGATGTCGGCGGTCAGGTTCCCCGCATAGGCGTTGCGTCGGAGCGCCATGCGGCAGTGAACGCGCGCCCGTGCCATCCACATGATGGGCGGAGCGTCCGCGTGCCTCGAACCTGTCCCACCCACGCCCCGGCCTTCACAGCGCCCGCTGCTGGTGTGGCGGGGAGCCTGAGGGCCGCCCCTCCCCCCCCCGAGCGGGGATGCGCCAAGGCGGCGGACCTGCGAGGCGGCGGTGCGGGCAGAGGTTGAGGCAGGGGCCGTGCGCCGATGGCTGCGTCGGCGCATTGCTGTGCCGCGTGTGTCTACGGCCGGGCGTCGAGTGGCGCGGCGTTGAGCTCGTCGTGTATGGCTGAGAGATGGGCCACACGTTGGAAGCAACACGACAAAAGCACAGCGGCGCGTTGTTGAGTGAGCCCCCCCTCCCCGAACTCGCCATTGTGTGGCGCTCTCTCTCTCTGGGAAGTGTGTGCGGAAGAGGCACGCAGCGGTGAGAGTAAGCGCGGCGGAGGAGGTCTGCTTGCCCTGACTCACAGGCGCACGCACGGCTCTCCGCACCCATCGACGTGCAGTAGTGCCGAAACACGGCATGCATCATGGGGCCTGCGTGCCCGTGTG
Seq_4_LinJ.02_plus,LinJ.06,,1000,478,525234,,,,,61998,62997,,,plus,GGTCGCCACTGCAGAGATGCTACTAGGTCCATCCGTGTTGCCTTCAGTGACGGAGCTGAGGCGCGAGCCACGCCGTGTTATCATCCTGCCCGAAGTCGATATGGTTTGACGTGGGCCTGGCCTGTGCGCCTCGTCGCACGCCTATGTATAGGTGTGGGGGAGCGTCGAAGGACTGCCTGTGGTACGGCTACTGTACAGACGTGGTCGTTCGTGTTCGGCTGTGAGTGACGTCGACGAAGGTCAGTTGATCGCTGAGCCCACCCACCCCCTCCTGCGCTCTTCCCTCTTCCCCCGTCACGCAGTCCGCCCTCCGTCTTTCGTCCTCGATACGTTTTACGAGAAGGCGCACCGCCGCCACAGCCGAATGTGCAGAGCAACGCAGAAAAGGTTGAGTGCGTCTCTTTGTTTCTTCAACGCGTCACGCCACAGCGAGCAAGTTGATACTCGCGCGCATGCACGACTGCAGCTCACCTGCCTCTGTGGCACGGCTGCAATGCCAAGGGAAACAGGGCTAACCAACACCGCCTGGCGTCGTTCAGCCCACTGCAGACAGCGCAGGCTCCGTCCAGGGCGGCGCTCAACGCCACCCGAAACGCAGCGAAGGCAGAAGAGCGGCGGACAGATGTGTGCGGTCGTCGAGAGAGAGGAGATACCAAGGAAGGAAGGGAGGAGTGATGAGTGAAGGATATGGTCGGGGGAGGGGGAGGGCGCACGCATGCACACATACGCGGCGAAGATGTTTGCAAAGAGTGGCCGTAGTAGAACTGGCGCACCAGCGAGGGAGGCACATGTGCATGCGGCTCCAGACCCAGGAGGAGTAGGAGGTGCTCGCGGGCCTTCATGATCACTCCAACGGTAGCAGAAACTGTCCTCACGCGAGCCTCCGTCTGCCCGCGCGGATCGGCAAAAGGCCTAAAAGGAGCTCGTTCTCCCCCCTCCGCTTTTGCACAGGCACGCACGGATACGCATCCCTCTCTGTTCACATATCATTGCTTGGCGC
Seq_34_LinJ.33_minus,LinJ.06,,1001,1000,525234,,,,,450289,451289,,,plus,CCCTGCGACACGGCCGTCTCCCGTTTTCGTTCTCTTGTCTGGAGTCCATCGCGCGCGCACACGCTCCCTCGAGCCACTATTGAATGCTGCACCCCCTCCCTTACACACCTCTTGCCCCCGCCTCCGTACTCCTTCCACCGCCTGCACGACATTCCCCCAGTGAGCGTGCGTGCATGCTCTTTCCTGTCCGCATGTGGCCCTACCACGGGCAGACCAACACGAATGCACCTGCAGCCACAGCTCCTCTACCGCTGTGGCACCACGGCTTCATCCTCGTCGTCTAGGACGAGCCCGTCCTGCCGTCGAATCGGGGCTGTGCGTCGTACGCGCTCCTCTCGCCCTTTCTAGCCCCTTCTTTCGCGTACGTGCTGCACGATCGGCGCTGAACGGACCTGGGCGTGGACTGCATGGCCTGATCCACAGCGGGCCGTGTCCAGGGTCCTGCTCGAGGGCAGAAGCAGTGGGCGTCTGTCGTGCGGGTAGCAGGGGGTGGTTGTCGAGGCGGATGCCGGATGAGCTCAGGGAGGCGCTCGGCCAGCCTCGGGTCAGAGCCCTCAGAACTCTCCCGCACTCTGCCTGCATGTGTTATGCTGCTCCCTCTGAGTGGCTCCACACCGCGGCACTCCAGAATGTGGCCCGGAGACACTCCACATGGGTGTCCGGAGCACTCGATGATGCAACTTGAGGGTGCTCTTCTCATGTTTGCGGCACCTGTGCCTCATCGACGCCCGCCTGATTGGATACGAGAGATGCCGCACATGTTTCGCGCACACGCGCTGGGTGGCTCATTGGTATGGGTGCCTCTCTTTCGAATACTTATCAAATCGGGGGCACGGTTCACGTTGAGCAAGCGCAAACCCCTCAACCATGACCTAGCATCTCTTCGGCTCGGCAACGGCGCCAGGCTTCCTGGCTTCCCCGGAAAGAGCATGCGTGTGTGTAGGGGGGGAAGGTAGGGGGAGGCGCCTGGACCGCGTGATACCGTTGTGAGTCGGTCGGTA
Seq_12_LinJ.06_minus,LinJ.06,,1001,157,525234,,,,,19438,20438,,,plus,TGTCCGTGCACGGGCACTCCGACAGGCACCGACAAAAGCAAACATTGTGGCTTACCAGCCACGTACACTCGACGCTGAAGCCCCGCTGACGGCGTCACCGGCGTTGCGGCCGCTAGCGCGGGTGAGCTACCGGTCCGAGAGGAAGGAGGAGATAAGGGGAAACAGAAAGGGAAGCGAGCGAAAGGGGTGTGAAGAGATGATGATGGAGGCTTTTCTCCTTCGTGGCCGCTCTCCGTCATAGAACGCGAACTCAACCCCACGCGACCCCCTCCCCCCTCAGCCTGCCACTGGCCCCATCGTGCGCTGCCAAGCAGCCCTAGATGCGTGTTTTACAGCCATGCGCCGACTCCGCTACTGGAGCAGGGCCTGGGCAGCACACTCTACCCACCACCCGCTCCGCAGGTCGCCCCACAGCCGCTCCCACATCACGCCGGTCGCCACCCCTGGTGCGTCCCCCTCACGGCGGCCCAGGCTCCCCACACCAGCGGGCAGTGCGAGAGGGCCGGGTGTGAGACGTTCGCGCCACGTTGGCATTCCGCCTAATCTACGGCTGGTGCAGACGCGTTCACTGTCGCAGGTCGCTCTCGCGCAGCGCCATCCACGGTCTGATCGCCGACATCAGCAGCGATACATCGCTCTGATCGCACCCTCCGTTGTAGGCACTTGACCCTGTCACCACCACAGGTAGCTCGGCACTAGCAGGGGATAAGAAGAGGAGGGGCTGCTCCGGCTTCTCTCCACACAGAGCGTGGCATCACAAGACACTGAGACACCACGCGCTGAGGTGTCCCCACGTCGTCAAAGGCTGACACAGATACAGGAACGAAAAAGAAGACAGAAGGGGCAAGTGGTGCGGAGCACGCGAGCGGGGGGAGAGGGGACAACAGTGCAGGCAGAGCAGGTAAACAGAGGATGGGGGTGCGGAGGAGGAACAGAGTTGCGGCGCTCCCTCGGAAACACTCGCCACCAGCGTCAATCGCCTCGTACCCTCCCTCCCTTAT
Seq_38_LinJ.19_minus,LinJ.06,,1000,610,525234,,,,,403946,404945,,,plus,CGTCGGCAGCCCCCTCCTCGGCCGAGGATCCATGGACAACGCTCGCCAATCTCAACGTCCCGTACGCGCCAACGACGCGCAACGCGCCGAGTGCGGCGTCCGTCATGCGCGTGCCAGAGCCGGTGGAGGTGAACCCGGCCGGCATGACGTGTCGCCAGCGGCTCGACAAGATCCACCAGCTAATGGATGCGTGGCCGTCGATCGGCGTGGTCGCCTGCGCGCTGCCGGCTGAGCCGCAAAGTTTTATGCAGGGCGTCCACGCCCTGCCTTTTCCGCGCGAGCTCTCAGCGTAAGCTCTCGAAGAGTGGAAGGGCGTCGCACATATGCGCGTCTTGCGTGCTCGCTCTGCTGCCTCGCTCCTTCTCCGTATTCCGCTCGGCACCTCACCTACCGAGGGGGGGGGCGTCACAGGGTTCACCACCCCACACTCTGTCTGGGGAAGCCAGGTAGCCTGCAGCCGGCCGTCGGGCACGGCTGGGCGGGCTCTTGGTGACGGTGGACAGGTGGTCTGAGCTGAAGCTGTGCGGAAGAGACCTGCGGACATGACCGCGTTCGGAGAAGCTCACCACGAATCGCGTGGACGGCGCACCATGTGTACCCACCCACTCCTTCTGCCGCGTCAGATACATTTCGGGCGGTGCTGGGTGGGCTCGGTATCGTTGACATAGCCGTTTTGCAGCGGAGGTCGATGAGCTGTGTCTGCCCATGCACCTGTATTTTTGTTGACGTGCTCGTGGTGGTGGCTGTATGGACACGTCGGTGTGTCTGTGTGTGTGTGTGTGGCGGACAGGAAAAGGATGGTTGCCCTCTTCGCTTACTACAGCGTCGACTAAATCGTTGCTTGTGTGCACCACCGCTCTCGCCTTGCGTGGCATGTAGGTGCAGTGGACGACGAGCGACGGTGATGCTGAGCCTCAGGCGATGTGTGCTCACTCATGCATGCGTGTGCATTGTCGCGCCATCTCTCTCTCTCCTCCGTCGATCGCCCTCTGGGTGGATG
Seq_6_LinJ.06_plus,LinJ.06,,1000,1000,525234,,,,,513724,512725,,,minus,ACTGATTGGGGTGCTGTTCGAGTGTTTGCGTCTGACTTCGCAGCTTTACCTTTGGCAGTACCACCGCGGCCGAAGGCGAATGCAGCAGAGAAGCCTGATGGCATTCTCAGAAGTGGCAACGGTGCGCGCTGTTTGCTCGCGATAGTCGGCATGTCAGCGGCTGTCGTTGTCGGAATCCGTATAATCGTTGCAAAACGCGGATAGAGCGTGCTCATTAATGCGCTTTCGGTTCTGTTCTCGCGAAGGGAGACTTCTGGATGTGGCTTCAGTTTCCGGTGCCTATTCTCTGTGAAAGCCAGGCGGCGGTTCTATCCCTAGCAATGCGAATCTTCTTCTGGTGGTGTCAGAGCCACGCACTTACGACGTGGGGAAGGTGAGAGCGATGTAGCGCTATGGATGTCGGCGTTCAGGTCGTGCATAGCGTAGTATCGGAGCGGCCTGTGGAACTGAACGGGTTTGTGTCATCCAGGTGATGGACGACGGGCGAATGCAAGCCGAACCTATTCCCCCCGGCCGCCACACTGCCCACTGCTGTAAGAATCCTTAGCCGCCCTGATAGGGATGCGCCAAGTGGGGACCTGCGAGGCAGGTGGTGGGTAGAGGTTGAGGAAGAGGCCTTGTTGAGATGACTGAGTTGGTGCACTGTTGTAGTGCGTGTGTACGGCTGCTTTGCAGCAGCCGATGGGGCGTGCTACAGGCCGGGTGGGGTGGTGTTTACCTCATCTTGTACGGCATATTGAAGATGCTGAAACAAGAGCGACGAAAACCCTCTTCGCTTGTGTTCGAAATGGAAAGGCGCATCCGAAAGTTCTCGTAAGGATAAAATGTTATGCGGGCGTCAACTCCTCATGGAGAAAACAAAGCTGGCATCCCTCACTGTGTGTAGCATCTGATTTTATACGATCTCAGGAAAACACCTTGTGCCGCACAGCTAAAGTGCCACAGTTGCGTCTTCCAGCTGTTTTTGTGCTCTTGGCAGCTTTTGTGTTCACAGGTGCTT
Seq_14_LinJ.06_minus,LinJ.06,,1000,566,525234,,,,,20455,19456,,,minus,AAACGAGCGGTGACCGAATAAGGGAGGGAGGGTACGAGGCGATTGACGCTGGTGGCGAGTGTTTCCGAGGGAGCGCCGCAACTCTGTTCCTCCTCCGCACCCCCATCCTCTGTTTACCTGCTCTGCCTGCACTGTTGTCCCCTCTCCCCCCGCTCGCGTGCTCCGCACCACTTGCCCCTTCTGTCTTCTTTTTCGTTCCTGTATCTGTGTCAGCCTTTGACGACGTGGGGACACCTCAGCGCGTGGTGTCTCAGTGTCTTGTGATGCCACGCTCTGTGTGGAGAGAAGCCGGAGCAGCCCCTCCTCTTCTTATCCCCTGCTAGTGCCGAGCTACCTGTGGTGGTGACAGGGTCAAGTGCCTACAACGGAGGGTGCGATCAGAGCGATGTATCGCTGCTGATGTCGGCGATCAGACCGTGGATGGCGCTGCGCGAGAGCGACCTGCGACAGTGAACGCGTCTGCACCAGCCGTAGATTAGGCGGAATGCCAACGTGGCGCGAACGTCTCACACCCGGCCCTCTCGCACTGCCCGCTGGTGTGGGGAGCCTGGGCCGCCGTGAGGGGGACGCACCAGGGGTGGCGACCGGCGTGATGTGGGAGCGGCTGTGGGGCGACCTGCGGAGCGGGTGGTGGGTAGAGTGTGCTGCCCAGGCCCTGCTCCAGTAGCGGAGTCGGCGCATGGCTGTAAAACACGCATCTAGGGCTGCTTGGCAGCGCACGATGGGGCCAGTGGCAGGCTGAGGGGGGAGGGGGTCGCGTGGGGTTGAGTTCGCGTTCTATGACGGAGAGCGGCCACGAAGGAGAAAAGCCTCCATCATCATCTCTTCACACCCCTTTCGCTCGCTTCCCTTTCTGTTTCCCCTTATCTCCTCCTTCCTCTCGGACCGGTAGCTCACCCGCGCTAGCGGCCGCAACGCCGGTGACGCCGTCAGCGGGGCTTCAGCGTCGAGTGTACGTGGCTGGTAAGCCACAATGTTTGCTTTTGTCGGTGCCTGTCGG
Seq_11_LinJ.06_plus,LinJ.06,,1001,521,525234,,,,,515529,514529,,,minus,GAGAACGGGAATCAGCAGAAAAAGGAGTCTGATAAGTCGAAGCGCTGGAACCGCTTGGCCATCGCCTTCGGAATTGCCTCGATTGTTACTGCGGTGGAAATGCGTAAGCACTGAAGGAAGAGTGAAATGGGTGAGCAGCGTGTTCACATCGGTATTTCTTTTTGCTTTTGGAATATTTCCTGCGTGCCACTCCCTTTTTTTTTTTCAGTGATTCTGGGGTCGCAGCATCCTTTTTTTTTTTCCTTTCTTTAGTTCTTTCCTTTATGAGGGTGTACACCTCAGTATGGTACTAGGACGAAGCATTGACGTCATCGATAAGTCAGAGCGGTGTGGCGCTACGCATGTCGGCCATCAGATCCTGGATGGCGTTGCGTCGGAGCCACCCGCGGCCGCGGACACGTTTGTGGCACCCTTATGACAGGCGAAGCGTCCGCGTGCCTCGAACCTGTCCCACCCACGCCCCGGCCTTCACAGCGCCCGCTGCTGGTGTGGCGGGGAGCCTGAGAGCCGCCCCCCCCCCGAGCGGGGATGCGCCAAGGCGGCGGACCTGCGAGGCGGGGGTGCGGGCAGAGGTTGAGGCAGGGGCCCTGCGCCGATGGCTGCGTCGGCGCATTGCTGTATCGCCTGCGCCTACGGCGGTTTCGCACCAGGAGGCTGGCGTTGAACAGGCAGGGTAGAGTGGAGTCCACCTCATGTTTTAGCGCAGAATGAGCGTGATAGCAAAAAAAGAAAGGAAAGCAGTTAGTTGTTCCTATCTTTGACTGAACTTATTTACTGATATGGAAGTGCTCTCCCTCTATCACACACAGTTTACTTTTCTTTTTCCGTTTCGCAGAACCCATACGTGCCTCTTGGTCTTTTTCTCTATTTTGCATTCTTTTCCAGGCGATTCGAGTGAGCGTGAAAGGGAATACTGTGTAAAAAAGTAATGGTTGTAGCAGAATGAACGCCTGAGACAGCGTACTGTTAACATGTGGCATTTGGTATTACTGTGTTACACA
Seq_10_LinJ.06_minus,LinJ.06,,1001,466,525234,,,,,503077,502077,,,minus,CGAGTCGCGTGCTTGCTTTCTCTTTGCATCCCGTCACGCTTCAGATCCTCCGATGGCCGAGAGAGAGTGGTTTACCGGAGGTGGGGGAGGCCGGAGACGCGTGCACACACAGGGGAGGGTGTAAGATAGGGCTGGAGAAGGGTACGCTGCCATCGACTCGCGCCTCATTCCTTGCCCCCCCCCCCAAAAAAAAAAACGCACTCACCAACCTCCCTCTCTATGTGCGCGTGCGTCGCCTTCCTATCCCCGATGCCGCTGGACACCCCCGCGCGGCATCTCGGCGTCCAGCGCCGACGACGTGGGAGGGAGGGGGGAGCGCAGAGCGGTGTGGCGCTACGCATGTCGGCCATCAGATCCTGGATGGCGTTGCGTCGGAGCCACCCGCGGCCGCGGACACGTTTGTGGCACCCGTATGACAGGCGAAGCGTCCGCGTGCCTCGAACCTGTCCCACCCACGCCCCGGCCTTCACAGCGCCCGCTGCTGGTGTGGCGGGGAGCCTGAGAGCCGCCCCTCCCCCCCCCCCGAGCGGGGATGCGCCAAGGCGGCGGACCTGCGAGGCGGCGGTGCGGGCAGAGGTTGAGGCAGGGGCCGTGCGCCGATGGCTGCGTCGGCGCATTGCTGTGCCGCGTGTGTCTACGGCTGGCTGGCGCACGGTGCGACGGGGGCCTGTGACACGGCCAACGGGGAAGGGAGGAGTGAAGCTCGTGCTCTGCCGCAGAGAATGGGCATGCTAACAACCCCCACCCCATCCCCAAGGGCCCCTCACCTCCTCCTCTCGACCATGGGGGCAGGCGGCGTAAGCTGGTTCATCTCCCTTCTCTTGTTCGTCTTTCCACGTGTGCGCCAACGAAGGCGACGCGGACACGGTTGGAGGTTACTGAAGGAGGAAGCAGCACTTGTGCTGTGCAGCGAAGAGGGCGCCAGAGGACACCTGCAGAATGGCGTCCTTCGCCAAGGTGGAGACGAATGGAACGCTATTCAGGGCTCTCATCCCTACAGA
Seq_18_LinJ.28_plus,LinJ.06,,1001,411,525234,,,,,294347,293347,,,minus,AGACAAGAGTCGGAGAGGTTGATCAGGGTACTCCGCAAACAGCAGGTGGCTCGCCACAAGCCTCAATGCATCGAGCAGCGTCCTGCGTCTCATGCCAAGATGCCCTGCGCTGGCACGGATCGGCCGGCAGACGTCTGCTGCGCTATCAAGGCGCAATGGCGGACGGTGAAGCGAGTGAAAAATCGGGGAAAGCAGCGGAAGGAGGAGTCTTCTACTGCAGCCTCACTTCGTTCCTTCCTTCTCAGAGGCGTCTTCGATGACGTGGGGTGGGGGCGGGGGGAGGGGGGAGGCCACCCGCACACACACGCACACGCCTCTCAGTGCGTGATGTCTTAGGGTCCAGCACCCCCCCGCTTCCGCCCTATCCCTACCCAAGGCACAAACACTTCTGGCGGTGGCAAGGTCGAGCGCCCACGACGTGGGGGAGGTCAGCGCGATGTATCGCTGCGGATGTCAGCGGTCACGACCTGGATAGTGCGGCGTCGGAGCGACCTGCGCGGCGGGCATGTGGGCAGGGTTCGAGGCAGAGGCCGTGCTAAGGTGACTGGGCTGGCGCACTTCTACAGCGCGTGTGTGTCTAGGGCTGCTCCGCACCACGCGATCGGACACCTGTGACAGGCCCGGTGGGGTCGAGTGAAACTGAACTCATGCTCTGTAAAAGAGTTGACAAGTTGCTATATGTGTATACATAACTTCTTTTAAGCCTTTGCCGCCGTTGATGCGTGTGAACTCGTCCTTCTCCGCAGTCTTGACGCCGGCACACACACACACGCGCACATGGCACACACGCACAGGCGTCTGGAGCGAGAGCGAGACGCGCCCAAACGGCTGCACCGATGCGCTCACAGCGCGCTCCCTCCCTTGCTCTCAACACCCCCTCCTCCTCTCTCCCTGCTTGTTCCAGTCGGCGTGCTGGTGTGAGCGGATTGAATGGTAGGGCGAGGGCGAAAAGAGGAGATTGCTTGGGTGCGTGCGTGCGTGCGTGCGTGTGTGTGCGTGTG
Seq_18_LinJ.35_plus,LinJ.06,,1000,695,525234,,,,,451288,450289,,,minus,ACCGACCGACTCACAACGGTATCACGCGGTCCAGGCGCCTCCCCCTACCTTCCCCCCCTACACACACGCATGCTCTTTCCGGGGAAGCCAGGAAGCCTGGCGCCGTTGCCGAGCCGAAGAGATGCTAGGTCATGGTTGAGGGGTTTGCGCTTGCTCAACGTGAACCGTGCCCCCGATTTGATAAGTATTCGAAAGAGAGGCACCCATACCAATGAGCCACCCAGCGCGTGTGCGCGAAACATGTGCGGCATCTCTCGTATCCAATCAGGCGGGCGTCGATGAGGCACAGGTGCCGCAAACATGAGAAGAGCACCCTCAAGTTGCATCATCGAGTGCTCCGGACACCCATGTGGAGTGTCTCCGGGCCACATTCTGGAGTGCCGCGGTGTGGAGCCACTCAGAGGGAGCAGCATAACACATGCAGGCAGAGTGCGGGAGAGTTCTGAGGGCTCTGACCCGAGGCTGGCCGAGCGCCTCCCTGAGCTCATCCGGCATCCGCCTCGACAACCACCCCCTGCTACCCGCACGACAGACGCCCACTGCTTCTGCCCTCGAGCAGGACCCTGGACACGGCCCGCTGTGGATCAGGCCATGCAGTCCACGCCCAGGTCCGTTCAGCGCCGATCGTGCAGCACGTACGCGAAAGAAGGGGCTAGAAAGGGCGAGAGGAGCGCGTACGACGCACAGCCCCGATTCGACGGCAGGACGGGCTCGTCCTAGACGACGAGGATGAAGCCGTGGTGCCACAGCGGTAGAGGAGCTGTGGCTGCAGGTGCATTCGTGTTGGTCTGCCCGTGGTAGGGCCACATGCGGACAGGAAAGAGCATGCACGCACGCTCACTGGGGGAATGTCGTGCAGGCGGTGGAAGGAGTACGGAGGCGGGGGCAAGAGGTGTGTAAGGGAGGGGGTGCAGCATTCAATAGTGGCTCGAGGGAGCGTGTGCGCGCGCGATGGACTCCAGACAAGAGAACGAAAACGGGAGACGGCCGTGTCGCAGGG
Seq_14_LinJ.02_minus,LinJ.06,,1000,478,525234,,,,,62997,61998,,,minus,GCGCCAAGCAATGATATGTGAACAGAGAGGGATGCGTATCCGTGCGTGCCTGTGCAAAAGCGGAGGGGGGAGAACGAGCTCCTTTTAGGCCTTTTGCCGATCCGCGCGGGCAGACGGAGGCTCGCGTGAGGACAGTTTCTGCTACCGTTGGAGTGATCATGAAGGCCCGCGAGCACCTCCTACTCCTCCTGGGTCTGGAGCCGCATGCACATGTGCCTCCCTCGCTGGTGCGCCAGTTCTACTACGGCCACTCTTTGCAAACATCTTCGCCGCGTATGTGTGCATGCGTGCGCCCTCCCCCTCCCCCGACCATATCCTTCACTCATCACTCCTCCCTTCCTTCCTTGGTATCTCCTCTCTCTCGACGACCGCACACATCTGTCCGCCGCTCTTCTGCCTTCGCTGCGTTTCGGGTGGCGTTGAGCGCCGCCCTGGACGGAGCCTGCGCTGTCTGCAGTGGGCTGAACGACGCCAGGCGGTGTTGGTTAGCCCTGTTTCCCTTGGCATTGCAGCCGTGCCACAGAGGCAGGTGAGCTGCAGTCGTGCATGCGCGCGAGTATCAACTTGCTCGCTGTGGCGTGACGCGTTGAAGAAACAAAGAGACGCACTCAACCTTTTCTGCGTTGCTCTGCACATTCGGCTGTGGCGGCGGTGCGCCTTCTCGTAAAACGTATCGAGGACGAAAGACGGAGGGCGGACTGCGTGACGGGGGAAGAGGGAAGAGCGCAGGAGGGGGTGGGTGGGCTCAGCGATCAACTGACCTTCGTCGACGTCACTCACAGCCGAACACGAACGACCACGTCTGTACAGTAGCCGTACCACAGGCAGTCCTTCGACGCTCCCCCACACCTATACATAGGCGTGCGACGAGGCGCACAGGCCAGGCCCACGTCAAACCATATCGACTTCGGGCAGGATGATAACACGGCGTGGCTCGCGCCTCAGCTCCGTCACTGAAGGCAACACGGATGGACCTAGTAGCATCTCTGCAGTGGCGACC
Seq_12_LinJ.06_minus,LinJ.06,,1001,157,525234,,,,,139412,138412,,,minus,ACATGCATGTGGGTGTGTCTGCAATGGCGGCGGCGGCTCCGGCTGATGAGGGCGACCATGTCCATAGCGTGCACATCGCCCTCGTTCTCCCCCTCCGTGTTCCTGGTTTGCCGGGCCAGAAATGGTGATAAGGAGTACGTAAGCGCGCACGCATATACAGCGAAGGCGAGAGACTCCAGACCATCAGCAAACAACATACGTAGGCGTGGGGGTCTTCTCGTCAACGTCTCCGTATTCTTCCCTACAACACGAGTTCGTACCACAAAATGGGCCTGTGGCAGAGCAGGCAGAGTGGACGTGAAGAAGCCCTAGGCACGCGCGCATGGCAGCAATGCGCCGACCCAGTCGTCTCAGCACCGCCTCTGCCTCGAGCCCAGCCCACATGCCCGCTGAGCAGGTCGCCTCACAGCCGCTCCCCCATTGTGCCGGTCGCCACCCCTGGTGCATCCCCCTCGGCGTGGCGCTCAGGCTGCCCCCCACCAGTGGTCAGTGTGAGGGCCGTGCGGGGTGCGTTCGAGCCACGCTGGCACTTCGCCCATCACATAGACGGTGTGCAGGCGTGTGCACGGTCGCAGGTCGCCCCGACGCAACGCCATCCAGGCCCTCACCGCCGACATCAGCAGCGATGCATCGCGCGGACCTCCGCCTACGTCACAGACACCTGACCCTGTCACACACCAGAGGCGAGTTCGGCATTCGGCAGGCATAGGAGGGGAGGGGAGGGGGGCTGCTTTGGCTTCTCCCCAGGCAGAGAGAGTGGGGTTGTACTGGAGCCTGAGACAGCACGCACTGAGAGGCATGTGTGCGTGTCTCCCGTCATCCGGGACACGAAAATGTGTGTGGAGAAGCAACACAAATACCAAGAGCGGGACAAACATTCTCTGCATACGCACGTGTGCCATACTAAATCAACGCTTCGTTGGAAGTATGTGAAATCGTGTGCGGCACCCTCCAGCGATGTTATTGCCGGGGGTCAGCGTGATACCGACATCACGCGCCCT
Seq_12_LinJ.06_minus,LinJ.06,,1001,157,525234,,,,,181850,180850,,,minus,TCTCCACCCTCCTGTTAGAGAGCCACCCACGGCGGAGTAAAGGGATGAGCAGCCGACGCATTTCTTTGGTTTCTTCGTCGTGAAAATGGTGATGTCGTGTCTGTCCTCTCGCTCTTAACATCACCCCTTCCTCTCCGCCCCGCCCCCAGCCGGCACTGCAGCGGGGGTAGCAAGAAGACATTCCTTCAGCATGCTCACTCTCCGCCATGCAACGCGAGCTCGAACGTCACGCCATGCCGCTCCGCCCACCGCGCACCACCACAGACCCCTGCCACAGGTGCCCCATCCGCCTGGTGCCAAGCAGCCCTGGGCGCACGCGCGCATGGCAGCAATGCGCCGACCCAGTCGTCTCAGCACCGCCTCTGCCTCGAGCCCAGCCCACATGCCCGCTGAGCAGGTCGCCTCACAGCCGCTCCCCCATTGTGCCGGTCGCCACCCCTGGTGCATCCCCCTCGGCGTGGCGCTCAGGCTGCCCCCCACCAGTGGTCAGTGTGAGGGCCGTGCGGGGTGCGTTCGAGCCACGCTGGCACTTCGCCCATCACATAGACGGTGTGCAGGCGTGTGCACGGTCGCAGGTCGCCCCGACGCAACGCCATCCAGGCCCTCACCGCCGACATCAGCAGCGATGCATCGCGCGGACCTCCGCCTACGTCACAGACACCTGACCCTGTCACACACCAGAGGCGAGTTCGGCATTCGGCAGGCATAGGAGGGGAGGGGAGGGGGGCTGCTTTGGCTTCTCCTCAGGCAGAGAGAGTGGGGTTGTACTGGAGCCTGAGACAGCACGCACTGAGAGGCATGTGTGTGTGTTGTGGGAGGGGGAGGGGGGTTGGTGTAACCTCCCACGTCATCGAGGGCGAGAAGGCGAAGCATTAAAGTAAAGGGCGACCAGCCACGTGTTGACGCACCCGCGACGGCACGGCTGTGCACGAAGATGGAGGAGGAGCAGAAACAGTCTCCTCAGCAGCGGCGACCAGACGCCATCAAAGGCAGGCCGACCC
Seq_12_LinJ.06_minus,LinJ.06,,1001,157,525234,,,,,191442,190442,,,minus,GCGTTGCGCCGGTGCCACGGTTGGCGCTACACACCATAGCATGCATGTGGAGACGCGAAGCGTGTCACGTGGAGAGCAGACAGCCTGCTCGTGTGGCAGAGGGGTGAAGAGCGTGCGTGTCGTTGAAGAAGAGGACTGCAGCCGCAGGGCGGAGGTGGTGGAGGATAGAGAGAGGAAGATACACGCGAGTGAAGGATCACCGCACGTGATGCAAGCTTTTTTTTTGCGTGACTTGCATGCCTAAATCACCACACACCACCACAGACCCCTGCCACAGGTGCCCCATCCGCCTGGTGCCAAGCAGCCCTGGGCGCACGCGCGCACGGCAGCAATGCGCCGACCCAGTCGTCTCAGCACCGCCTCTGCCTCGAGCCCAGCCCACATGCCCGCTGAGCAGGTCGCCTCACAGCCGCTCCCCCATTGTGCCGGTCGCCACCCCTGGTGCATCCCCCTCGGCGTGGCGCTCAGGCTGCCCCCCACCAGTGGTCAGTGTGAGGGCCGTGCGGGGTGCGTTCGAGCCACGCTGGCACTTCGCCCATCACATAGACGGTGTGCAGGCGTGTGCACGGTCGCAGGTCGCCCCGACGCAACGCCATCCAGGCCCTCACCGCCGACATCAGCAGCGATGCATCGCGCGGACCTCCGCCTACGTCACAGACACCTGACCCTGTCACACACCAGAGGCGAGTTCGGCATTCGGCAGGCATAGGAGGGGAGGGGAGGGGGGCTGCTTTGGCTTCTCCCCAGGCAGAGAGAGTGGGGTTGTACTGGAGCCTGAGACGACACGCACTGAGAGGCATGTGTGCGTGTGCACGTGTGTCGAGCAGGCGAGAAAGCGCAGCCTGCAGCCCCCACGTCAGCTGCACACGCACATGAGAGCAACGAGAGACATGTGAAATAGTAATGGTGGCAGACACACAGACACTCAGGCACCGATGCCGATGGGTGTCCTCCTCCTCCACCCTCATCAGCGGCATCAACACATCCGCGAAGCGCCTCCC
Seq_12_LinJ.06_minus,LinJ.06,,1001,157,525234,,,,,219605,218605,,,minus,AATAGAGCCTTCCTCGTTTGCTAGTTGTCCTCTCTGATTTTATTCTTATCCCCGTGTGTGGGTGCGTGAGTTGGAGAAAGCAACACAATTCTGAAGAGAATGAGAGACACCAAACAGGGAAGTATGGGGAGGAGTGCTGAGACGATGTGCCCATTGCCTGCCAGAGAGCGACATACACGTTCCCTCCAGCATGCTCACTCTCCGCCATGCAACGCGAGCTCTAACGTCACGCCATGCCGCTCCGCCCACCGCGCACCACCACAGACCCCTGCCACAGGTGCCCCATCCGCCTGGTGCCAAGCAGCCCTGGGGGCACGCGCGCACGGCAGCAATGCGCCGACCCAGTCGTCTCAGCACCGCCTCTGCCTCGAGCCCAGCCCACATGCCCGCTGAGCAGGTCGCCTCACAGCCGCTCCCCCATTGTGCCGGTCGCCACCCCTGGTGCATCCCCCTCGGCGTGGCGCTCAGGCTGCCCCCCACCAGTGGTCAGTGTGAGGGCCGTGCGGGGTGCGTTCGAGCCACGCTGGCACTTCGCCCATCACATAGACGGTGTGCAGGCGTGTGCACGGTCGCAGGTCGCCCCGACGCAACGCCATCCAGGCCCTCACCGCCGACATCAGCAGCGATGCATCGCGCGGACCTCCGCCTACGTCACAGACACCTGACCCTGTCACACACCAGAGGCGAGTTCGGCATTCGGCAGGCATAGGAAGGGGAAGGGGAGAGGTAGCTGAGCGAGAAAGAAGAGGCCGTCGCTTCGCGCAGCTGCCCCCACTCAACCCTTCATACCTCCTCCCTGTGCTCAAGCCCCCGCGCACACGCGCGCATGCCTTGGCGGTGGCTGTGTCCTCGTCTTCCAGAGATGATAATCATCTTCCTCAGCGAAAGTGAGGGCGTCAGCTGCTCCATAGAGGGTGGGCAAGAACGTGCACGCAAGCATACGTGCAGGCACTCAGAGATGCTAGAGGGCCAGAGAGCGCCAACCGAGGGGTGAGGGGAAG
Seq_12_LinJ.06_minus,LinJ.06,,1001,157,525234,,,,,248293,247293,,,minus,GACGCTGTATGCATAGCCGTGAGCCTGAGAGCGGCTTTGCGTTTTCGCATGTCCGTCTATGCGACAGTTGTGCTCGGTTGATCGGTGCACGTGTGGGGCGGAACAGCGATGAGGCGGCAATGATGCAGGTGGACCGCGCCACGTGCATTCCAAGCCGCCATCATGGGGAGGAGAGTCCCTTCGTTCCACGCTTCCATTTCTTTGCCACACAACACGAGCTCGAACGTCACGCCATGCCGCTCCGCCCACCGCGCACCACCACAGACCCCTGCCACAGGTGCCCCATCCGCCTGGTGCCAAGCAGCCCTGGGGGCACGCGCGCACGGCAGCAATGCGCCGACCCAGTCGTCTCAGCACCGCCTCTGCCTCGAGCCCAGCCCACATGCCCGCTGAGCAGGTCGCCTCACAGCCGCTCCCCCATTGTGCCGGTCGCCACCCCTGGTGCATCCCCCTCGGCGTGGCGCTCAGGCTGCCCCCCACCAGTGGTCAGTGTGAGGGCCGTGCGGGGTGCGTTCGAGCCACGCTGGCACTTCGCCCATCACATAGACGGTGTGCAGGCGTGTGCACGGTCGCAGGTCGCCCCGACGCAACGCCATCCAGGCCCTCACCGCCGACATCAGCAGCGATGCATCGCGCGGACCTCCGCCTACGTCACAGACACCTGACCCTGTCACACACCAGAGGCGAGTTCGGCATTCGGCAGGCATAGGAGGGGAGGGGAGGGGGGCTGCTTTGGCTTCTCCCCAGGCAGAGAGAGTGGGGTTGTACTGGAGCCTGAGACAGCACGCACTGAGAGGCATGTGTGCGTGTGCACGTGTGTCGAGCAGGCGAGAAGGCCCGTTTCAGCACAGGTAGAGTGTGACGTGAGAACGGCAGGGACAAACACACGCACACGCACACGCTGAATGCCAAATATGCATTCGCCGTCGGCACGGGCCCGCAGAGAGAACGTGAGAGAGAGAGAGAGAGAGACACCTCACTGCGTGTAGCTAAAGTGGGCA
Seq_41_LinJ.19_plus,LinJ.06,,1000,473,525234,,,,,404945,403946,,,minus,CATCCACCCAGAGGGCGATCGACGGAGGAGAGAGAGAGATGGCGCGACAATGCACACGCATGCATGAGTGAGCACACATCGCCTGAGGCTCAGCATCACCGTCGCTCGTCGTCCACTGCACCTACATGCCACGCAAGGCGAGAGCGGTGGTGCACACAAGCAACGATTTAGTCGACGCTGTAGTAAGCGAAGAGGGCAACCATCCTTTTCCTGTCCGCCACACACACACACACAGACACACCGACGTGTCCATACAGCCACCACCACGAGCACGTCAACAAAAATACAGGTGCATGGGCAGACACAGCTCATCGACCTCCGCTGCAAAACGGCTATGTCAACGATACCGAGCCCACCCAGCACCGCCCGAAATGTATCTGACGCGGCAGAAGGAGTGGGTGGGTACACATGGTGCGCCGTCCACGCGATTCGTGGTGAGCTTCTCCGAACGCGGTCATGTCCGCAGGTCTCTTCCGCACAGCTTCAGCTCAGACCACCTGTCCACCGTCACCAAGAGCCCGCCCAGCCGTGCCCGACGGCCGGCTGCAGGCTACCTGGCTTCCCCAGACAGAGTGTGGGGTGGTGAACCCTGTGACGCCCCCCCCCTCGGTAGGTGAGGTGCCGAGCGGAATACGGAGAAGGAGCGAGGCAGCAGAGCGAGCACGCAAGACGCGCATATGTGCGACGCCCTTCCACTCTTCGAGAGCTTACGCTGAGAGCTCGCGCGGAAAAGGCAGGGCGTGGACGCCCTGCATAAAACTTTGCGGCTCAGCCGGCAGCGCGCAGGCGACCACGCCGATCGACGGCCACGCATCCATTAGCTGGTGGATCTTGTCGAGCCGCTGGCGACACGTCATGCCGGCCGGGTTCACCTCCACCGGCTCTGGCACGCGCATGACGGACGCCGCACTCGGCGCGTTGCGCGTCGTTGGCGCGTACGGGACGTTGAGATTGGCGAGCGTTGTCCATGGATCCTCGGCCGAGGAGGGGGCTGCCGACG
Seq_98_LinJ.36_minus,LinJ.06,,1000,455,525234,,,,,6846,7845,,,plus,GCGCGTCGTGTCCTGCTCCAATGCACGAGGTGGTGACGTCTGTCGTGCGGGTAATGGGTCGCCTGGGTGCACGCCGGATGTGCTCAGGGAGGAAGCTGGTCAACGCCCGGTCAGGAACCTCGGATACCCAGCGCCCTATCGTTATGTCCTGTTTTCCCCGTTTTCCCTCGCGCACTTATCAAATTCCCTGACGACGTGGGGACACCTCAGCGCGTGGTGTCTCAGTGTCTTGTGATGCCACGCTCTGTGTGGAGAGAAGCCGGAGCAGCCCCTCCTCTTCTTATCCCCTGCTAGTGCCGAGCTACCTGTGGTGGTGACAGGGTCAAGTGCCTACAACGGAGGGTGCGATCAGAGCGATGTATCGCTGCTGATGTCGGCGATCAGACCGTGGATGGCGCTGCGCGAGAGCGACCTGCGACAGTAAACGCGTCTGCACCAGCCGTAGATTAGGCGGAATGCCAACGTGGCGCGAACGTCTCACACCCGGCCCTCTCGCACTGCCCGCTGGTGTGGGGAGCCTGGGCCGCCGTGAGGGGGACGCACCAGGGGTGGCGACCGGCGTGATGTGGGAGCGGCTGTGGGGCGACCTGCGGAGCGGGTGGTGGGTAGAGTGTGCTGCCCAGGCCCTGCTCCAGTAGCGGAGTCGGCGCATGGCTGTAAAACACGCATCTAGGGCTGCTTGGCAGCGCACGATGGGGCCAGTGGCAGGCTGAGGGGGGAGGGGGTCGCGTGGGGTTGAGTTCGTGTTCTATGGATGAATGCGCAGGTTGGCATATATACAATTATATGGTCAGCCGCGGGCACGATCGTTAGTGCGGTGCTACAGAAGTGAGCATGACCCCAAGCCTCTTCGGCACAGCGCCAGCGGAGACGTGTCCACCAATACCGTGTGTCGGCAGCCGTACCCTAGGACAGGCTATGGCCTCATGGCTGCCTCACAGAGTGAGGCACCAGACCCTGATACAACGGTGAGGTGGCTGGCATCATCAGGGATCCCAGG
Seq_61_LinJ.32_plus,LinJ.06,,1001,796,525234,,,,,102938,103938,,,plus,TGCCGCAGTCACCGCACCCCCTGAAATCAGGGTCGCGTATCTGCTCTCCGTGGGGGGAGGCGCTCCCGGTGTCCGCAGGACAGGTCTGGACTGGCGGTATGCCGAAGAGACGTGCGGTCATGATGGCATTGGCACCAGCTCACTACGGAATCGTGTCGCTGACTCCACAAAGATCAACACACCCACACGCCTTTGACAGGCGTGTGGGTGCAGAAGGTGGAGTGCCCCATGCCGCCACGGGCTCCTGGCAGCGTCCGCCTGTCGAGAAAGGTGAGGGCAAGACATCCAGAGACGCCTCCCCTGGCGATATCGACGGAAACGACAAAATGAAGACAGCGAGCCACCCCTTCCCTAGACTCCCATGCGAAGAGACGCTGCACCATACTGTGGAATGCCGCGACTTTAAGCGAGCCAGGTCGAAGCATGGCACACAGGCAGGATGCAGTGCCTCAGAGGGCCCTGACCCGAGGCTGGCCAACATTCTCCCTGAGGCTCATCTCGCATGCACCTAGACCACCCCCTACCACCCGCACGACGCCCGCCACCGCTTTCCGCCATCGAGCAGGACCCTGCACGAGACCCGCCTGAATCGGAACGCGCAGTGCAGCCAGGTCACCCTCTGGCGCCCCTCGCACAACACGTATGCGAAGAAGGGACGAGAGGAGCACGCTAGACGCATAAACCGATGCAACGGCGGACAGCTCGTCCTAGATGAGAGGGACGTAGCCGCAGTGCCACATAGTTGAGCTGCAGTTTTGTGTGTGTGTGCAAACTTATCGACTTGCTCGTGGTGGAATGCCGCGTTGAAGCAGGAAAGAGACGCGCCCTTCGTTCGGCGCAGGGGGTGTGTGGGTGCGAAGAAGTGCACAAGTCAGTCATGCGTCGTTCCGTCTAACGAACAAGCAACGAAACGGAGAAGCGACCGGTACATGCGTGCGTATGCATGTTCGTGGGGGTGATGGGATGGAAAGATGAAAAGGAGAGTCGTAAAATAAGAAAAC
Seq_30_LinJ.36_plus,LinJ.06,,1000,456,525234,,,,,7845,6846,,,minus,CCTGGGATCCCTGATGATGCCAGCCACCTCACCGTTGTATCAGGGTCTGGTGCCTCACTCTGTGAGGCAGCCATGAGGCCATAGCCTGTCCTAGGGTACGGCTGCCGACACACGGTATTGGTGGACACGTCTCCGCTGGCGCTGTGCCGAAGAGGCTTGGGGTCATGCTCACTTCTGTAGCACCGCACTAACGATCGTGCCCGCGGCTGACCATATAATTGTATATATGCCAACCTGCGCATTCATCCATAGAACACGAACTCAACCCCACGCGACCCCCTCCCCCCTCAGCCTGCCACTGGCCCCATCGTGCGCTGCCAAGCAGCCCTAGATGCGTGTTTTACAGCCATGCGCCGACTCCGCTACTGGAGCAGGGCCTGGGCAGCACACTCTACCCACCACCCGCTCCGCAGGTCGCCCCACAGCCGCTCCCACATCACGCCGGTCGCCACCCCTGGTGCGTCCCCCTCACGGCGGCCCAGGCTCCCCACACCAGCGGGCAGTGCGAGAGGGCCGGGTGTGAGACGTTCGCGCCACGTTGGCATTCCGCCTAATCTACGGCTGGTGCAGACGCGTTTACTGTCGCAGGTCGCTCTCGCGCAGCGCCATCCACGGTCTGATCGCCGACATCAGCAGCGATACATCGCTCTGATCGCACCCTCCGTTGTAGGCACTTGACCCTGTCACCACCACAGGTAGCTCGGCACTAGCAGGGGATAAGAAGAGGAGGGGCTGCTCCGGCTTCTCTCCACACAGAGCGTGGCATCACAAGACACTGAGACACCACGCGCTGAGGTGTCCCCACGTCGTCAGGGAATTTGATAAGTGCGCGAGGGAAAACGGGGAAAACAGGACATAACGATAGGGCGCTGGGTATCCGAGGTTCCTGACCGGGCGTTGACCAGCTTCCTCCCTGAGCACATCCGGCGTGCACCCAGGCGACCCATTACCCGCACGACAGACGTCACCACCTCGTGCATTGGAGCAGGACACGACGCGC
Seq_67_LinJ.33_minus,LinJ.06,,1000,846,525234,,,,,103910,102911,,,minus,ATCTTTCCATCCCATCACCCCCACGAACATGCATACGCACGCATGTACCGGTCGCTTCTCCGTTTCGTTGCTTGTTCGTTAGACGGAACGACGCATGACTGACTTGTGCACTTCTTCGCACCCACACACCCCCTGCGCCGAACGAAGGGCGCGTCTCTTTCCTGCTTCAACGCGGCATTCCACCACGAGCAAGTCGATAAGTTTGCACACACACACAAAACTGCAGCTCAACTATGTGGCACTGCGGCTACGTCCCTCTCATCTAGGACGAGCTGTCCGCCGTTGCATCGGTTTATGCGTCTAGCGTGCTCCTCTCGTCCCTTCTTCGCATACGTGTTGTGCGAGGGGCGCCAGAGGGTGACCTGGCTGCACTGCGCGTTCCGATTCAGGCGGGTCTCGTGCAGGGTCCTGCTCGATGGCGGAAAGCGGTGGCGGGCGTCGTGCGGGTGGTAGGGGGTGGTCTAGGTGCATGCGAGATGAGCCTCAGGGAGAATGTTGGCCAGCCTCGGGTCAGGGCCCTCTGAGGCACTGCATCCTGCCTGTGTGCCATGCTTCGACCTGGCTCGCTTAAAGTCGCGGCATTCCACAGTATGGTGCAGCGTCTCTTCGCATGGGAGTCTAGGGAAGGGGTGGCTCGCTGTCTTCATTTTGTCGTTTCCGTCGATATCGCCAGGGGAGGCGTCTCTGGATGTCTTGCCCTCACCTTTCTCGACAGGCGGACGCTGCCAGGAGCCCGTGGCGGCATGGGGCACTCCACCTTCTGCACCCACACGCCTGTCAAAGGCGTGTGGGTGTGTTGATCTTTGTGGAGTCAGCGACACGATTCCGTAGTGAGCTGGTGCCAATGCCATCATGACCGCACGTCTCTTCGGCATACCGCCAGTCCAGACCTGTCCTGCGGACACCGGGAGCGCCTCCCCCCACGGAGAGCAGATACGCGACCCTGATTTCAGGGGGTGCGGTGACTGCGGCATCAGGCGGGGGAGTGCGTGTGTTGTAC
