Seq_1_LinJ.02_plus,Seq_1_LinJ.02_plus,100.000,1000,1000,1000,0,0,1,1000,1,1000,0.0,1847,plus,GAGAGCGAAATGGCAAGCGCGGCGTAGCAGGGAAGGTAGTACCGCGCCCAGTCCGCCGCCGAGCTGCTGCGCTGCCGAATCGCCGCTGGGGCGTTGGCGATGGAGACGTTGATGAAGTCGGCCCCCGTCGCACCAGGCTCGGCCGAGGCACTGCTGCTCGAAGACGCCAGCGCCCCTGTCGCACTTGTCGCAACTGCCACTGGCTTCTCAGCAGGCAGCTGAATGAGCCCCTCTTTGCTGACGCCGTCTCGATCGGTCGGGAGGCAGGCATCGGCGATGTTAAAGTATTTGCCTATCTCATGAAGATCGAGGTGCACAGTATTCATCCACAGCGTCCCCTCCTCGCTGTGCAGCTCCTTCAAGTACTCGAGGTACTTGACGCGCTTGTTGACGGCAAACTCGACGAGTGCCGTGCGGCTCTCAACACCTTTGATCTTCAGCACCTTCTTCAGCATGAATTCCGTGTGTTGTGTTTTGCTTGCGTCTGTGTAGGTGTGTATGTGGGTGTGGGTGTGGGTGTGGGTGTGTGTGTGTGAAATGAGGCAGTGATGCAGCAAGCCTGTACTCCCCAAGCGCGGATACCGCAAACGTGGTGCCACGCACGAAGACAAAGAACGGCGAGGTGAGAGCTCAGGCTCTAGCGAGACAGTCGTCTGCCTCTCTGCCAGTGCGGGAGGGGTGGGCATACACGCTCTCGCTCACGCGGCAGGAGACCCATGGGCAAGGATACACGGCTAACTGGCAGTGGCGGCCTGTGGCCAGGAGAAGGTACCACGGAGCCCGTGAATGGGTTCTTCCATAGGCAGCACGCACCCGCAGGGCTACTACGATATGAACAGAAGCTCGATGAAAAGTATCGTTACAAAGACGGGCAGGCGTAGCTGCTGGCCAGCGTTGCAGGCGCACGTAATATTGATTCTGCTCGTTCGAGGGAATGCGAGAAAAGTGCGCACAGTCGGCCTCCACACCACGCGCGCGCTGCCAGGGGGAACGTGAAGGG
Seq_2_LinJ.02_plus,Seq_2_LinJ.02_plus,100.000,1000,1000,1000,0,0,1,1000,1,1000,0.0,1847,plus,GACCTGGCAGTTTGGTGCCACGTCGATGCCCATACCCAGCTCCACGTGAGTCGGCGTAAGCTTCTCGTTGATGCTCGCGCGCTTCGAGAGAGCCACGCACGTCTCGTGACTGATCTCGTAGTGGTACTTGTCCTGGAGGCGCTGAAGAGCCACCTCCATCTTGTGACCCTGGATCGTGTAGTGGGCCGTGGCCTTGATCTCACGCATGATTTCAGGGGTCACGGTGACCTTAAGGCCGCCGTTACACGCCGCGACGTACTCGATTTCAGCCGAAATTTTGCCATCGGAGCTAGCCTTGGGGTTGATGAAGAAGGTGTCCTTGGGGCCCTTGTACTTGCACTCCAGGACCCACTTATTCGCAGTGGGGAAGTCCTTCGCGAGCAAGTCCTTCGTGAGCTTGTTGTAGTCCTTGAAGAGGGAAGGGGTGGAGTAGACCTTCGCGGCCGACCCCTTGGCGGATTGCAAATGCGGCATGAGATGCGCTGAAAAGGGTGGAGGAGGTGGGGGGCAAGCAAGAAAAAACAACCGAGGTCGAAATCGATCAGAAAGCAAGTGGAGCGAAAGAAGGGCGTGGGCGTGGGAGGTTTGATGAAGCACGTGGAACAGCGACAGCAAATGATTCTGTCGCCGGCCGCCATCACATGCATGAATATATATGTATATATGTGTATAGCACACACGTGTGTGTGTGTGTGTGTGTGTGTGTGCGTGAGGGAGAGTGGCGGATCAGTCATCCAGCGCACAGAAGAAAGAAGAGGGGCGGGGGCGCACGAGCAGTGGAGACGACGAGCCATAAGAACCGCTGTGTGTGGAGGGCATTTCACACATGCGTACGCAGCACAGAGACGCTCGCACTCGCGCATCAGAACGGCAGGCCACGCAACCATTCACGTTTATGTTTCGAAAGAGTGCAGAAATAGGGGAGGGGTGGCGCATCGCACAGGTTCCCTGTGATGGGAGAGGGGACAAGAGAGACGGCCGTGCGCGTCGGCGACGCACG
Seq_3_LinJ.02_plus,Seq_3_LinJ.02_plus,100.000,1000,1000,1000,0,0,1,1000,1,1000,0.0,1847,plus,CACGGAGACTTTGCCGAGCCGCTTCCACGTCCCGTGCCTTTAGCATGCGCGGGATGCAGTGATGTTGGCGGCATTGCCTCAGCTGAGAAACCAAGATAGCGCAGCAGCACAGGCATCCGCACGCACAGCCTGAGCGTGACGAAGAAGCCCGCTGCTGCATCCCTGCTGAGCACCGCTGCTCCTCACAGACGGAATACGGTGTGTCCGCCCCGGCCTGCTCGCTTCGTTTGCTTTGGGGGAGAGGGGGGGAGAAGAGCTTGAGGCACCTCTTCTCCTCCTTTATTCTTCGTCCTTCATAACCGGGGGGGTGCGGAGGACACACATACGCCTCAGGGCGCGGTATCGCAGGGCCCGGTGCACTCCCCCACCCCCTCCTATCCCACGCCCATGCCGAACCGCCTCTCGTCATGACGGGGCCCGGTGCCTGCGACGTGGCGAGGATAACGCGATCCATCGCAGCAGATGCCGGCGGTGAACACGCTTGCGCCATCCATATGATGGGCAACGCGCCAGCGCGGCCCACACCCGCGGCCCTCGCACGGCCCACTCGTGCGGGGTGCCTGAGCCCCCGCGATGGGGCGGGGCGGGATGCGCCAGGGGTGGTGGCCGGCATGATTGGGGAGCGGGTGTGAGGCCGCCCAGCGGAGCGGCTAGGTGGATGTGTGTGGGCAGCGTTTTGGGGGCGGAGGCGGTGCTCCGCCGACGGCGTCCGGTGCGGGGAGGGGGGGGAGGGGCGGATTTTTGCCGTAAGGCGTGTGTCCAGCGCTTCACCTCAACGAGAGCAAAGCATGAAAGCGCGGCGGGAGGGGACGCGCGGAGCTGCGATGCGAAAGTGAGAGCAACACAGACGGACACAGAGACAGCAGTACACACACACTCGAAGAGAGACGACGATGGCGACGATGACGAGAGAACGCCGCAGGTCGGGCTAAAAAAGGGGGGTCGACGGGCGGAACGAGAGACAACAAAGAAATAAAGCAAACAAAATGCTGGAGACTCA
Seq_3_LinJ.02_plus,Seq_8_LinJ.02_minus,97.931,435,1000,1000,9,0,300,734,300,734,0.0,754,plus,CCGGGGGGGTGCGGAGGACACACATACGCCTCAGGGCGCGGTATCGCAGGGCCCGGTGCACTCCCCCACCCCCTCCTATCCCACGCCCATGCCGAACCGCCTCTCGTCATGACGGGGCCCGGTGCCTGCGACGTGGCGAGGATAACGCGATCCATCGCAGCAGATGCCGGCGGTGAGCACGCTTGCGCCATCCATATGATGGGCAACGCGCCAGCGCGGCCCACACCCGCGGCCCTCGCACGGCCCACTCGTGCGGGGTGCCTGAGCCCCCGCGATGGGGCGGGGCGGGATGCACCAGGGGTGGTGACCGGCATGGTTGGGGAGCGGGTGCGAGGCCGCCCAGCGGAGCGGCTAGGTGGATGTGTGTGGGCAGCGTTTTGGGGGCGGAGGCGGTGCTCCGCCGACGGCGTCGGGTGCGGGGAGTGGGGAGGGGGG
Seq_3_LinJ.02_plus,Seq_7_LinJ.02_minus,97.931,435,1000,1000,9,0,300,734,300,734,0.0,754,plus,CCGGGGGGGTGCGGAGGACACACATACGCCTCAGGGCGCGGTATCGCAGGGCCCGGTGCACTCCCCCACCCCCTCCTATCCCACGCCCATGCCGAACCGCCTCTCGTCATGACGGGGCCCGGTGCCTGCGACGTGGCGAGGATAACGCGATCCATCGCAGCAGATGCCGGCGGTGAGCACGCTTGCGCCATCCATATGATGGGCAACGCGCCAGCGCGGCCCACACCCGCGGCCCTCGCACGGCCCACTCGTGCGGGGTGCCTGAGCCCCCGCGATGGGGCGGGGCGGGATGCACCAGGGGTGGTGACCGGCATGGTTGGGGAGCGGGTGCGAGGCCGCCCAGCGGAGCGGCTAGGTGGATGTGTGTGGGCAGCGTTTTGGGGGCGGAGGCGGTGCTCCGCCGACGGCGTCGGGTGCGGGGAGTGGGGAGGGGGG
Seq_3_LinJ.02_plus,Seq_4_LinJ.02_plus,98.804,418,1000,1000,3,2,316,731,316,733,0.0,743,plus,GACACACATACGCCTCAGGGCGCGGTATCGCAGGGCCCGGTGCACTCCCCCACCCCCTCCTATCCCACGCCCATGCCGAACCGCCTCTCGTCATGACGGGGCCCGGTGCCTGCGACGTGGCGAGGATAACGCGATCCATCGCAGCAGATGCCGGCGGTGAACACGCTTGCGCCATCCATATGATGGGCAACGCGCCAGCGCGGCCCACACCCACGGCCCTCGCACGGCCCACTCGTGCGGGGTGCCTGAGCCCCCGCGATGGGGCGGGGCGGGATGCACCAGGGGTGGTGGCCGGCATGATTGGGGAGCGGGTGTGAGGCCGCCCAGCGGAGCGGCTAGGTGGATGTGTGTGGGCAGCGTTTTGGGGGGCGGAGGCGGTGCTCCGCCGACGGCGTCGGGTGCGGGGAGGGGGGGTGAG
Seq_4_LinJ.02_plus,Seq_4_LinJ.02_plus,100.000,1000,1000,1000,0,0,1,1000,1,1000,0.0,1847,plus,CAAACTACCAAGCACTGCGCGCATCCTGCGCACGCCGCGATCTCCTGCACTAGCGGTAAAGCAGCACGAGCACGAATTGCTGAGTAGGGGAAGAGATGCGGAGATGTACCTCAGGCGAAAGCCGCTGGCGCTGACGACGCCTGTCGCTGTCCCCAACTTTGGCGCAGGCCCTTTCGCCTCTTCCCGCCTCCTCGTTGGCGCGCACAAGCTCTCAGATGCCTCGTTCGCCTTCATGCGCGGCACTGAGGGTTTGAAAAACCTGCTGAACTCCCCCTGTTTCCTTTTCCGTTGTACCTCACCTCATGGCGAGGACAAGACACACATACGCCTCAGGGCGCGGTATCGCAGGGCCCGGTGCACTCCCCCACCCCCTCCTATCCCACGCCCATGCCGAACCGCCTCTCGTCATGACGGGGCCCGGTGCCTGCGACGTGGCGAGGATAACGCGATCCATCGCAGCAGATGCCGGCGGTGAACACGCTTGCGCCATCCATATGATGGGCAACGCGCCAGCGCGGCCCACACCCACGGCCCTCGCACGGCCCACTCGTGCGGGGTGCCTGAGCCCCCGCGATGGGGCGGGGCGGGATGCACCAGGGGTGGTGGCCGGCATGATTGGGGAGCGGGTGTGAGGCCGCCCAGCGGAGCGGCTAGGTGGATGTGTGTGGGCAGCGTTTTGGGGGGCGGAGGCGGTGCTCCGCCGACGGCGTCGGGTGCGGGGAGGGGGGGTGAGTCGAGCGGCGTGTGGACCTCGTGTTGTGGGGCGGAGCGAAAACGGGCTAAACGTGCTTGAGCAACGAATGTAAGGATACCACCTCTCTCACCGCCTGTATCTCGCACAGGCAGCGGCGTTGTACACACAGTGCGCGGCATCACTCACGCGGCGTGGCACCCTCTGCTTCAGCCATGATGCACGCGGCGGTGGAGACATACCGCGTCCCTAACGCAGCGGACTGCGTGACGTGGCACAGGGGGGTATCGCAGGCGCTGCAGACAGCGA
Seq_4_LinJ.02_plus,Seq_8_LinJ.02_minus,97.180,461,1000,1000,6,2,316,770,316,775,0.0,773,plus,GACACACATACGCCTCAGGGCGCGGTATCGCAGGGCCCGGTGCACTCCCCCACCCCCTCCTATCCCACGCCCATGCCGAACCGCCTCTCGTCATGACGGGGCCCGGTGCCTGCGACGTGGCGAGGATAACGCGATCCATCGCAGCAGATGCCGGCGGTGAGCACGCTTGCGCCATCCATATGATGGGCAACGCGCCAGCGCGGCCCACACCCGCGGCCCTCGCACGGCCCACTCGTGCGGGGTGCCTGAGCCCCCGCGATGGGGCGGGGCGGGATGCACCAGGGGTGGTGACCGGCATGGTTGGGGAGCGGGTGCGAGGCCGCCCAGCGGAGCGGCTAGGTGGATGTGTGTGGGCAGCGTTTT-GGGGGCGGAGGCGGTGCTCCGCCGACGGCGTCGGGTGCGGGGAGTGGGGAGGGGGGTGAGTCGAGCGGCGTGTGGACCTCGTGTTGTGTGGCGGAGC
Seq_4_LinJ.02_plus,Seq_7_LinJ.02_minus,97.180,461,1000,1000,6,2,316,770,316,775,0.0,773,plus,GACACACATACGCCTCAGGGCGCGGTATCGCAGGGCCCGGTGCACTCCCCCACCCCCTCCTATCCCACGCCCATGCCGAACCGCCTCTCGTCATGACGGGGCCCGGTGCCTGCGACGTGGCGAGGATAACGCGATCCATCGCAGCAGATGCCGGCGGTGAGCACGCTTGCGCCATCCATATGATGGGCAACGCGCCAGCGCGGCCCACACCCGCGGCCCTCGCACGGCCCACTCGTGCGGGGTGCCTGAGCCCCCGCGATGGGGCGGGGCGGGATGCACCAGGGGTGGTGACCGGCATGGTTGGGGAGCGGGTGCGAGGCCGCCCAGCGGAGCGGCTAGGTGGATGTGTGTGGGCAGCGTTTT-GGGGGCGGAGGCGGTGCTCCGCCGACGGCGTCGGGTGCGGGGAGTGGGGAGGGGGGTGAGTCGAGCGGCGTGTGGACCTCGTGTTGTGTGGCGGAGC
Seq_4_LinJ.02_plus,Seq_3_LinJ.02_plus,98.804,418,1000,1000,3,2,316,733,316,731,0.0,743,plus,GACACACATACGCCTCAGGGCGCGGTATCGCAGGGCCCGGTGCACTCCCCCACCCCCTCCTATCCCACGCCCATGCCGAACCGCCTCTCGTCATGACGGGGCCCGGTGCCTGCGACGTGGCGAGGATAACGCGATCCATCGCAGCAGATGCCGGCGGTGAACACGCTTGCGCCATCCATATGATGGGCAACGCGCCAGCGCGGCCCACACCCGCGGCCCTCGCACGGCCCACTCGTGCGGGGTGCCTGAGCCCCCGCGATGGGGCGGGGCGGGATGCGCCAGGGGTGGTGGCCGGCATGATTGGGGAGCGGGTGTGAGGCCGCCCAGCGGAGCGGCTAGGTGGATGTGTGTGGGCAGCGTTTT-GGGGGCGGAGGCGGTGCTCCGCCGACGGCGTCCGGTGCGGGGAGGGGGGG-GAG
Seq_5_LinJ.02_plus,Seq_6_LinJ.02_plus,99.675,615,1001,1001,2,0,246,860,246,860,0.0,1125,plus,GGTGGTGCGGTGGTGCACGGCACGCGCACCATGCACATTTCCGTTGCTCTTCTTTTTCCTCTACGCTCTGTGCCCCGGATGACGAGTGGGGGGGGCACACATCTCCGTGCGCGGCATCACGCGATCCAGCGGCCCTCCCTCTCTCCCTGCCAATGCCGAACCACCTCTGGCAGTGACAGGGTGAGGCGCCGACGACGTGGGGAGGTCCGAGCGACGTATCGCTACGGGTGTCGGCGGCCAGGCCCTGGATAGCATTGCGCCGAAGCCACCTGAGTCGGCGCACACGTTTGTGCCATCCACGCTGTAGGCAGGGCGGCGGCGTGGCTCGAGCGTATCCCACCCCCGCCCCTCGCAGTGCCCACTGGTGGTGCGGGGAGCCTGCGTGCTGCCGCGCGGGGGATGCACCAGGCGGCGACCTGCGGAGCGGGTGTGTGGGTAGAGCTTGAGGCAGGGGCCGTGCTCTCGGATAAATGAGTGGGCTCATTGTGCTGTAGCGCGTGTGTCTAGGGCTGCTTCGCACCTCGCGATGGGTGCCCATGGCAGGGCTGGAGGCTCGAGAGTGGTGGCTCCCTCGTGCTGTATGGCAGAGACAGGGGCACACGCTGAGGAAAACAA
Seq_6_LinJ.02_plus,Seq_5_LinJ.02_plus,99.675,615,1001,1001,2,0,246,860,246,860,0.0,1125,plus,GGTGGTGCGGTGATGCACGACACGCGCACCATGCACATTTCCGTTGCTCTTCTTTTTCCTCTACGCTCTGTGCCCCGGATGACGAGTGGGGGGGGCACACATCTCCGTGCGCGGCATCACGCGATCCAGCGGCCCTCCCTCTCTCCCTGCCAATGCCGAACCACCTCTGGCAGTGACAGGGTGAGGCGCCGACGACGTGGGGAGGTCCGAGCGACGTATCGCTACGGGTGTCGGCGGCCAGGCCCTGGATAGCATTGCGCCGAAGCCACCTGAGTCGGCGCACACGTTTGTGCCATCCACGCTGTAGGCAGGGCGGCGGCGTGGCTCGAGCGTATCCCACCCCCGCCCCTCGCAGTGCCCACTGGTGGTGCGGGGAGCCTGCGTGCTGCCGCGCGGGGGATGCACCAGGCGGCGACCTGCGGAGCGGGTGTGTGGGTAGAGCTTGAGGCAGGGGCCGTGCTCTCGGATAAATGAGTGGGCTCATTGTGCTGTAGCGCGTGTGTCTAGGGCTGCTTCGCACCTCGCGATGGGTGCCCATGGCAGGGCTGGAGGCTCGAGAGTGGTGGCTCCCTCGTGCTGTATGGCAGAGACAGGGGCACACGCTGAGGAAAACAA
Seq_7_LinJ.02_minus,Seq_7_LinJ.02_minus,100.000,1000,1000,1000,0,0,1,1000,1,1000,0.0,1847,plus,GCCTGTAGTGCCGCGCACATGCTTGTGCAGTTGCGCTTGTATGACCTCCGTGTAGAAAAGGACGATAGACAAGAACACCCGAAGCCATCACTTCCCACCCCCTCCACACCCCCATCGCTGCGGCGAACAGCAGACGAGCGCGACGACGAGCGGAGCGCGATATCCTGCCTCCGTTATTGTCCCGCCGTGCCCGCATGCCCGCACCGATGCTGGCGCGTGCCCCTTCCTCTGCTGCGCACATTGCGGCTGTGGCACCCCCTCTCCCCCTCACACACGCACATATAACACAGAAGGCGTTTCCGGGGGGGTGCGGAGGACACACATACGCCTCAGGGCGCGGTATCGCAGGGCCCGGTGCACTCCCCCACCCCCTCCTATCCCACGCCCATGCCGAACCGCCTCTCGTCATGACGGGGCCCGGTGCCTGCGACGTGGCGAGGATAACGCGATCCATCGCAGCAGATGCCGGCGGTGAGCACGCTTGCGCCATCCATATGATGGGCAACGCGCCAGCGCGGCCCACACCCGCGGCCCTCGCACGGCCCACTCGTGCGGGGTGCCTGAGCCCCCGCGATGGGGCGGGGCGGGATGCACCAGGGGTGGTGACCGGCATGGTTGGGGAGCGGGTGCGAGGCCGCCCAGCGGAGCGGCTAGGTGGATGTGTGTGGGCAGCGTTTTGGGGGCGGAGGCGGTGCTCCGCCGACGGCGTCGGGTGCGGGGAGTGGGGAGGGGGGTGAGTCGAGCGGCGTGTGGACCTCGTGTTGTGTGGCGGAGCAACGCCCGCTAACGAGCGAAGGATGCTGCTGCGTGATGTGGTGCATGTGTCTGCGTGTAGGACTTCTCTCGCACATCGCGCCCACCCAAGCAAGGAAAGCAGAACGAAACGCACTGACAGGCAGAGGCGGCCAGACACACGCCTCCGCTCGCATCGATGCATCTGTGTGTGTGTGTCTCGGGGTGCAGCAGGTCCACCACCCGCGACGTGCACGTGGACGAGAGC
Seq_7_LinJ.02_minus,Seq_8_LinJ.02_minus,99.900,1000,1000,1000,1,0,1,1000,1,1000,0.0,1842,plus,GCCTGTAGTGCCGCGCACATGCTTGTGCAGTTGCGCTTGTATGACCTCCGTGTAGAAAAGGACGATAGACAAGAACACCCGAAGCCATCACTTCCCACCCCCTCCACACCCCCATCGCTGCGGCGAACAGCAGACGAGCGCGACGACGAGCGGAGCGCGATATCCTGCCTCCGTTATTGTCCCGCCGTGCCCGCATGCCCGCACCGATGCTGGCGCGTGCCCCTTCCTCTGCTGCGCACATTGCGGCTGTGGCACCCCCTCTCCCCCTCACACACGCACATATAACACAGAAGGCGTTTCCGGGGGGGTGCGGAGGACACACATACGCCTCAGGGCGCGGTATCGCAGGGCCCGGTGCACTCCCCCACCCCCTCCTATCCCACGCCCATGCCGAACCGCCTCTCGTCATGACGGGGCCCGGTGCCTGCGACGTGGCGAGGATAACGCGATCCATCGCAGCAGATGCCGGCGGTGAGCACGCTTGCGCCATCCATATGATGGGCAACGCGCCAGCGCGGCCCACACCCGCGGCCCTCGCACGGCCCACTCGTGCGGGGTGCCTGAGCCCCCGCGATGGGGCGGGGCGGGATGCACCAGGGGTGGTGACCGGCATGGTTGGGGAGCGGGTGCGAGGCCGCCCAGCGGAGCGGCTAGGTGGATGTGTGTGGGCAGCGTTTTGGGGGCGGAGGCGGTGCTCCGCCGACGGCGTCGGGTGCGGGGAGTGGGGAGGGGGGTGAGTCGAGCGGCGTGTGGACCTCGTGTTGTGTGGCGGAGCAACGCCCGCTAACGAGCGAAGGATGCTGCTGCGTGATGTGGTGCATGTGTCTGCGTGTAGGACTTCTCTCGCACATCGCGCCCACCCAAGCAAGGAAAGCAGAACGAAACGCACTGACAGGCAGAGGCGGCCAGACACACGCCTCCGCTCGCATCGATGCCTCTGTGTGTGTGTGTCTCGGGGTGCAGCAGGTCCACCACCCGCGACGTGCACGTGGACGAGAGC
Seq_7_LinJ.02_minus,Seq_4_LinJ.02_plus,97.180,461,1000,1000,6,2,316,775,316,770,0.0,773,plus,GACACACATACGCCTCAGGGCGCGGTATCGCAGGGCCCGGTGCACTCCCCCACCCCCTCCTATCCCACGCCCATGCCGAACCGCCTCTCGTCATGACGGGGCCCGGTGCCTGCGACGTGGCGAGGATAACGCGATCCATCGCAGCAGATGCCGGCGGTGAACACGCTTGCGCCATCCATATGATGGGCAACGCGCCAGCGCGGCCCACACCCACGGCCCTCGCACGGCCCACTCGTGCGGGGTGCCTGAGCCCCCGCGATGGGGCGGGGCGGGATGCACCAGGGGTGGTGGCCGGCATGATTGGGGAGCGGGTGTGAGGCCGCCCAGCGGAGCGGCTAGGTGGATGTGTGTGGGCAGCGTTTTGGGGGGCGGAGGCGGTGCTCCGCCGACGGCGTCGGGTGCGGGGAG------GGGGGGTGAGTCGAGCGGCGTGTGGACCTCGTGTTGTGGGGCGGAGC
Seq_7_LinJ.02_minus,Seq_3_LinJ.02_plus,97.931,435,1000,1000,9,0,300,734,300,734,0.0,754,plus,CCGGGGGGGTGCGGAGGACACACATACGCCTCAGGGCGCGGTATCGCAGGGCCCGGTGCACTCCCCCACCCCCTCCTATCCCACGCCCATGCCGAACCGCCTCTCGTCATGACGGGGCCCGGTGCCTGCGACGTGGCGAGGATAACGCGATCCATCGCAGCAGATGCCGGCGGTGAACACGCTTGCGCCATCCATATGATGGGCAACGCGCCAGCGCGGCCCACACCCGCGGCCCTCGCACGGCCCACTCGTGCGGGGTGCCTGAGCCCCCGCGATGGGGCGGGGCGGGATGCGCCAGGGGTGGTGGCCGGCATGATTGGGGAGCGGGTGTGAGGCCGCCCAGCGGAGCGGCTAGGTGGATGTGTGTGGGCAGCGTTTTGGGGGCGGAGGCGGTGCTCCGCCGACGGCGTCCGGTGCGGGGAGGGGGGGGAGGGG
Seq_8_LinJ.02_minus,Seq_8_LinJ.02_minus,100.000,1000,1000,1000,0,0,1,1000,1,1000,0.0,1847,plus,GCCTGTAGTGCCGCGCACATGCTTGTGCAGTTGCGCTTGTATGACCTCCGTGTAGAAAAGGACGATAGACAAGAACACCCGAAGCCATCACTTCCCACCCCCTCCACACCCCCATCGCTGCGGCGAACAGCAGACGAGCGCGACGACGAGCGGAGCGCGATATCCTGCCTCCGTTATTGTCCCGCCGTGCCCGCATGCCCGCACCGATGCTGGCGCGTGCCCCTTCCTCTGCTGCGCACATTGCGGCTGTGGCACCCCCTCTCCCCCTCACACACGCACATATAACACAGAAGGCGTTTCCGGGGGGGTGCGGAGGACACACATACGCCTCAGGGCGCGGTATCGCAGGGCCCGGTGCACTCCCCCACCCCCTCCTATCCCACGCCCATGCCGAACCGCCTCTCGTCATGACGGGGCCCGGTGCCTGCGACGTGGCGAGGATAACGCGATCCATCGCAGCAGATGCCGGCGGTGAGCACGCTTGCGCCATCCATATGATGGGCAACGCGCCAGCGCGGCCCACACCCGCGGCCCTCGCACGGCCCACTCGTGCGGGGTGCCTGAGCCCCCGCGATGGGGCGGGGCGGGATGCACCAGGGGTGGTGACCGGCATGGTTGGGGAGCGGGTGCGAGGCCGCCCAGCGGAGCGGCTAGGTGGATGTGTGTGGGCAGCGTTTTGGGGGCGGAGGCGGTGCTCCGCCGACGGCGTCGGGTGCGGGGAGTGGGGAGGGGGGTGAGTCGAGCGGCGTGTGGACCTCGTGTTGTGTGGCGGAGCAACGCCCGCTAACGAGCGAAGGATGCTGCTGCGTGATGTGGTGCATGTGTCTGCGTGTAGGACTTCTCTCGCACATCGCGCCCACCCAAGCAAGGAAAGCAGAACGAAACGCACTGACAGGCAGAGGCGGCCAGACACACGCCTCCGCTCGCATCGATGCCTCTGTGTGTGTGTGTCTCGGGGTGCAGCAGGTCCACCACCCGCGACGTGCACGTGGACGAGAGC
Seq_8_LinJ.02_minus,Seq_7_LinJ.02_minus,99.900,1000,1000,1000,1,0,1,1000,1,1000,0.0,1842,plus,GCCTGTAGTGCCGCGCACATGCTTGTGCAGTTGCGCTTGTATGACCTCCGTGTAGAAAAGGACGATAGACAAGAACACCCGAAGCCATCACTTCCCACCCCCTCCACACCCCCATCGCTGCGGCGAACAGCAGACGAGCGCGACGACGAGCGGAGCGCGATATCCTGCCTCCGTTATTGTCCCGCCGTGCCCGCATGCCCGCACCGATGCTGGCGCGTGCCCCTTCCTCTGCTGCGCACATTGCGGCTGTGGCACCCCCTCTCCCCCTCACACACGCACATATAACACAGAAGGCGTTTCCGGGGGGGTGCGGAGGACACACATACGCCTCAGGGCGCGGTATCGCAGGGCCCGGTGCACTCCCCCACCCCCTCCTATCCCACGCCCATGCCGAACCGCCTCTCGTCATGACGGGGCCCGGTGCCTGCGACGTGGCGAGGATAACGCGATCCATCGCAGCAGATGCCGGCGGTGAGCACGCTTGCGCCATCCATATGATGGGCAACGCGCCAGCGCGGCCCACACCCGCGGCCCTCGCACGGCCCACTCGTGCGGGGTGCCTGAGCCCCCGCGATGGGGCGGGGCGGGATGCACCAGGGGTGGTGACCGGCATGGTTGGGGAGCGGGTGCGAGGCCGCCCAGCGGAGCGGCTAGGTGGATGTGTGTGGGCAGCGTTTTGGGGGCGGAGGCGGTGCTCCGCCGACGGCGTCGGGTGCGGGGAGTGGGGAGGGGGGTGAGTCGAGCGGCGTGTGGACCTCGTGTTGTGTGGCGGAGCAACGCCCGCTAACGAGCGAAGGATGCTGCTGCGTGATGTGGTGCATGTGTCTGCGTGTAGGACTTCTCTCGCACATCGCGCCCACCCAAGCAAGGAAAGCAGAACGAAACGCACTGACAGGCAGAGGCGGCCAGACACACGCCTCCGCTCGCATCGATGCATCTGTGTGTGTGTGTCTCGGGGTGCAGCAGGTCCACCACCCGCGACGTGCACGTGGACGAGAGC
Seq_8_LinJ.02_minus,Seq_4_LinJ.02_plus,97.180,461,1000,1000,6,2,316,775,316,770,0.0,773,plus,GACACACATACGCCTCAGGGCGCGGTATCGCAGGGCCCGGTGCACTCCCCCACCCCCTCCTATCCCACGCCCATGCCGAACCGCCTCTCGTCATGACGGGGCCCGGTGCCTGCGACGTGGCGAGGATAACGCGATCCATCGCAGCAGATGCCGGCGGTGAACACGCTTGCGCCATCCATATGATGGGCAACGCGCCAGCGCGGCCCACACCCACGGCCCTCGCACGGCCCACTCGTGCGGGGTGCCTGAGCCCCCGCGATGGGGCGGGGCGGGATGCACCAGGGGTGGTGGCCGGCATGATTGGGGAGCGGGTGTGAGGCCGCCCAGCGGAGCGGCTAGGTGGATGTGTGTGGGCAGCGTTTTGGGGGGCGGAGGCGGTGCTCCGCCGACGGCGTCGGGTGCGGGGAG------GGGGGGTGAGTCGAGCGGCGTGTGGACCTCGTGTTGTGGGGCGGAGC
Seq_8_LinJ.02_minus,Seq_3_LinJ.02_plus,97.931,435,1000,1000,9,0,300,734,300,734,0.0,754,plus,CCGGGGGGGTGCGGAGGACACACATACGCCTCAGGGCGCGGTATCGCAGGGCCCGGTGCACTCCCCCACCCCCTCCTATCCCACGCCCATGCCGAACCGCCTCTCGTCATGACGGGGCCCGGTGCCTGCGACGTGGCGAGGATAACGCGATCCATCGCAGCAGATGCCGGCGGTGAACACGCTTGCGCCATCCATATGATGGGCAACGCGCCAGCGCGGCCCACACCCGCGGCCCTCGCACGGCCCACTCGTGCGGGGTGCCTGAGCCCCCGCGATGGGGCGGGGCGGGATGCGCCAGGGGTGGTGGCCGGCATGATTGGGGAGCGGGTGTGAGGCCGCCCAGCGGAGCGGCTAGGTGGATGTGTGTGGGCAGCGTTTTGGGGGCGGAGGCGGTGCTCCGCCGACGGCGTCCGGTGCGGGGAGGGGGGGGAGGGG
