1-24471d,LinJ.01,,1000,660,278268,,,,,23930,24929,,,plus,GCAGCTACAGGCGATGCTGTGAGGAGCATGGAATTGGGAAGCACCGTCACGTCGTCCTCGCATAACGAGAAAGACAACGTGGACACACACGCACAGGGCACAACCGCGGCGTAGTGTTCCTCCTCACATGGTTACCTCTCGCCCTTTCACCTCCCCGTGATGGCGGGGGAGGCGGGGGAGGCGGGGGGCACGCACCTCCATGCGTGGCATCCCAGGGTCCAGCGCCCCCCCCCTCCACCCCCGCTCTCTCTGTGTACGGAAGCCCGGCAGCCCCCTCACCCTCTATCCCTGCCAACGCCGAACCACTTCTGGTGCTGACAGGGCTGGGCCCTTACGGCGTTGGGCGAGGTCGGCGCGACGTAGCGCCACGGATGCCGGCGGCCATGTCGTGCATGGCGCTGCGTCCGAGCCACCCGCGACAGTGAGCACAGGCTTGCACGGTCCATGCGATGGGCGGAGCGTGTCAGCGCGGCTCGAGCGTGTCGCAGCCGGCCCCTCACACTGGCCCACGGCGAGGGGTGCGGGGGCCTGAGTGTCACCGCGACGGGGAGACGCACCCAGGGAGGAGGTGGGGGGAGTGGGGACCGGCATGATGGAGGGGCGGCTGTGTGGCGATGTGTGTGTATGTGGGTGTCGTCGCGTTTGAGGCAGGAGCCGTGCTGCGACGACCGAGCCGGCGCACTGCTGCAGCGCGCGTGTGTCTTGCGCTGCTTCGCACCAGGCGATGAGAGTGGGGTGGGGTGCCTGCAGCACTCGGCGGCGGGGGGGTGCAGAGCGGCCTCCACCTCGCAGTGTGCGGCAGCGAAAACGGACACGCGGAAGAGCAAACACCAAGCCCGCACCCCTCTCCTCAGCCTCAGGAACGGGCTCCTAAAACGGCTCGATGCTATCGAGCTCCGCCTGCGCAAAGGGCGCGGCACCATGCGCCACACCGCTCTCAGACAGGAGTCGCAAGATGGAGTTCACAGCAACGCGATACGACGGCGCGGCTACCTCTGTC
1-24471d,LinJ.01,,1000,660,278268,,,,,55707,54708,,,minus,CCGACTGCATGGATGTCCTGCGCGTTCACGTCTACTGCCCGCAGGCTCTGAGCACGGACTTCAGCTGCTGATGTGCGTGCTCGCTCCGTCGTGACACCCCACTACATTCAAATTTCGTTCACGGAGCCGCTGCCGTTTTATATGCTCAACGCGACAGTTCCGACCCGCGATGACGGAAGGCACGCACCTCCATGCGTGGCATCCCAGGGTCCAGCGCCCCCCCCCTCCACCCCCGCTCTCTCTGTGTACGGAAGCCCGGCAGCCCCCTCACCCTCTATCCCTGCCAACGCCGAACCACTTCTGGTGCTGACAGGGCTGGGCCCTTACGGCGTTGGGCGAGGTCGGCGCGACGTAGCGCCACGGATGCCGGCGGCCATGTCGTGCATGGCGCTGCGTCCGAGCCACCCGCGACAGTGAGCACAGGCTTGCACGGTCCATGCGATGGGCGGAGCGTGTCAGCGCGGCTCGAGCGTGTCGCAGCCGGCCCCTCACACTGGCCCACGGCGAGGGGTGCGGGGGCCTGAGTGTCACCGCGACGGGGAGACGCACCCAGGGAGGAGGTGGGGGGAGTGGGGACCGGCATGATGGAGGGGCGGCTGTGTGGCGATGTGTGTGTATGTGGGTGTCGTCGCGTTTGAGGCAGGAGCCGTGCTGCTATGACCGAGCCGGCGCACTGCTGCAGCGCGCGTGTGTCTTGCGCTGCTTCGCACCAGGCGATGAGAGTGGGGTGGGGTGCCTGCAGCACTCGGCGGCGGGGGGGTGCAGAGCGGCCTCCACCTCGCAGTGTGCGGCAGCGAAAACGGACACGCGGAAGACCAAACAATCTGGGACGCCCCCAAGAGGGGCGCTTCTCCCTGGGCTGCGCTTGTGCCCGACGGCTGCCTGCCGCTTGTGGGCGAGGTGCCTGCGCTGACGGCTGTGCTGAACGAGCTTGTGGAGTGGCTGTGGCTGGTGGGCGACATGCCGAAGGGAAGTTGTGGTGTTGATGTTGCTGGTGTTT
1-24471d,LinJ.01,,1000,660,278268,,,,,36125,35126,,,minus,GGCTGCGTGTGTCGGTCTGTCTTGACAGTTCGCCCCGCCCCACCCCCCTCTGCTCCCTCCCCTGGCTCCTCTCGAGACCGACGGCGGCGCTGACGGATGTGGTTGCTGCCATCACATAGCAGCTGTGGGCGACTGATGCATACACACCTGAGCGTTGTGCAATCAGCTGAGCATACCGCCTCCTCCGTGACGGCGGGGGAGGCGGGGGGCACGCACCTCCATGCGTGGCATCCCAGGGTCCAGCGCCCCCCCCCCTCCACCCCCGCTCTCTCTGTGTACGGAAGCCCGGCAGCCCCCTCACCCTCTATCCCTGCCAACGCCGAACCACTTCTGGTGCTGACAGGGCTGGGCCCTTACGGCGTTGGGCGAGGTCGGCGCGACGTAGCGCCACGGATGCCGGCGGCCATGTCGTGCATGGCGCTGCGTCCGAGCCACCCGCGACAGTGAGCACAGGCTTGCACGGTCCATGCGATGGGCGGAGCGTGTCAGCGCGGCTCGAGCGTGTCGCAGCCGGCCCCTCACACTGGCCCACGGCGAGGGGTGCGGGGGCCTGAGTGTCACCGCGACGGGGAGACGCACCCATGGAGGAGGTGGGGGGAGTGGGGACCGGCATGATGGAGGGGCGGCTGTGTGGCGATGTGTGTGTATGTGGGTGTCGTCGCGTTTGAGGCAGGAGCCGTGCTGCGATGACCGAGCCGGCGCACTGCTGCAGCGCGCGTGTGTCTTGCGCTGCTTCGCACCAGGCGATGGGAGTGGGGTGGGGTGCCTGCAGCACTCGGCGGCGGGGGGGGCAGAGCGGCCTCCACCTCTCCCCACCACTCTCATGTTCTATAGAAGAATGGCCACATCGGGTGAAACCTGCAGACGGCGCAATACGATGGAAGAGGAAATGCTTCGCACGGGCCGGTGCGTGTGTGTGCCGTGGGGGGCGGCCTCCGCGCAGGCGACGCGCGCTCTGACGCACTTCGACACCTGCTGCGTGTGGCTGTTGCTTTTCTTG
1-24471d,LinJ.01,,1000,660,278268,,,,,75646,76645,,,plus,TCAAAGTGGGAGGAGAGCGCCGCTGAGCAGGCAAGCGAGGCAACCTACGAAAACATGGCAGTGAGGAGGCGGCAGATACAGCGAGGAGGAGGAGGAGGCATAACATTTGAGCGCTGGCGTGTCGGACATCGAAACAAGGACACGTCACCTACCGCGAGGAGCCGTGGCGTGAAGGGACCACGCTGCTCCAAGATACTGCACCGCAGTCATACGAGGCACATCCAAACCACCCATTGCTGGATGGTCTAAGTGTTGGCGCGCACCCAGTGACGGGATAAACCTCAGCGTGGCATCCCAGGGTCCAGCGCCCCCCCTCCACCCCCGCTCTCTCTGTGTGCGGAAGCCCGGCAGCCCCCTCACCCTCTATCCCTGCCAACGCCGAACCACTTCTGGTGCTGACAGGGCTGGGCCCTTACGGCGTTGGGCGAGGTCGGCGCGACGTAGCGCCACGGATGCCGGCGGCCATGTCGTGCATGGCGCTGCGTCCGAGCCACCCGCGACAGTGAGCACAGGCTTGCACGGTCCATGCGATGGGCGGAGCGTGTCAGCGCGGCTCGAGCGTGTCGCAGCCGGCCCCTCACACTGGCCCACGGCGAGGGGTGCGGGGGCCTGAGTGTCACCGCGACGGGGAGACGCACCCAGGGAGGAGGTGGGGGGAGTGGGGACCGGCATGATGGAGGGGCGGCTGTGTGGCGATGTGTGTGTATGTGGGTGTGCGCGCGCGAAAGTTTATGAGGATTCTTTTTTCGGTTGTTTGCATGTTTTCATCGCTCCCTCGCTTTCTTTCCCTGTCGGTGATGGCGTACCCTCATTGGGGCGCCAAGGGTGCTGCATGCACGTGGCAGAGCGGTGACGATCAGAGCAGGGAGAAAACGAAAAGCTGACGGAGCGCTGCATCCGGCATGCTCACTTGCGTGGTTCGCCGCCACCGCAGGCGAAGGAAAAAGCGTGGTCCTGAGAAGCACAGCTGCGACAAGACAAAACAAGGGGGGTCCTACTT
1-24471d,LinJ.01,,1001,660,278268,,,,,137265,138265,,,plus,AGACGAAGTCGCTTTTCTTCTCCCTCACGGTCCGCCCTTCGTGCGATACATCATCCGCGCGGCCGACTGCGCGCCCGGATCCCCGTGCCTGCGAGGCGGGGCAGTGGTGCCGCGGTGTGCATGATGCACCACGTCGAAGGCACGTGGGCATGACATACCCTTTTTTGCGTTCTTTCCCTTCCTCTTTTCGCCCTTGACGACGGGGTGGGGCGGCGGCGCACAGACACACACACACACACACACACACACGCACACACCTCCGTGCGTGGGGGGGGGGGTACCTCAGGCTGCAGGGCGCCCACCCACCCACCCACCCACCCCCCACTCCTCCCTCCGCCGTCCCGGCCCATGCCAGAACCACCTGTGGTGGCGACCAGGGCCGAGCATCTGTGACGTCAGGGAGTGCCCCGGCAGAGCGCGAGTTAGGGCTACGGACGTCAGCGGCCATGTCGTGCATGGCGTTGCGTCGGGGCCACCCGCGACAGTGAGCGCAGGTTTGCACCGTCCATATGATGGGCAGAGCGTGTCAGCGCGGCTCGAGCGCATCGCGGCCGGCCCCTCACACTGGCCTACCCGGGGGTGGGGGAGGGGCCTGTGGAAGGGTTATTGAGGGCTGGCGTAGAGTCGGCGTTGGCGTGATGGGATGACCTCACGCCTCACGGGTGCGCAATGGGCACCCAGCGAAGACAAGATTTACGAGCTTATCCATCCGTATACTAACCAACACATGTTTCTACGTGTATATGTACTCTATGAGGGGAGGGTGGAGGGTGGAAAGAGAGAGAGACAAGGGCCGGAGCGGTGATGTACAGTGCCTCAGCCCCCTTCACCCTCCTCTTCTTTTTATCCGAGGCCAGCTGCCTCTCTCCTTTCCTCTGTTGCGGACCTCTGTGTGTGTGTGTGTGTGTGTTTCTATCTTCTCTCGGACCGCTTATGCGGTGTTCATCGACTTTCTTGCGTTATCGCTGGCGGAACGCCAGCGCCCACATTTTTTTTGTTCT
1-24471d,LinJ.01,,1001,660,278268,,,,,205336,206336,,,plus,CGGTTGGGGGGGGAGGACCGCCGGCCACCAACACGGACCACAGGCACACACACGCATATATATATTTACATGCGTGTGTGTGCATGTGTGTGTACGGGCCTCTTAAGCCAGTGATGCGGTGCCTCCGTGAGTCGATGGCGCCTCCATCCCCCTACTCGCTCTCGGTTTGGGGTCACTGCATCGAAGTTCGTTGCTCTTCTTCAGCCGTCTCGCTACGGCACAGATGACGGGGTGGGGCGGCGGCGCACACACACACACGCACACACCTCCGTGCGTGGGGGGGGGGGTACCTCAGGCTGCAGGGCGCCCACCCACCCCCCCCCACTCCTCCCTCCGCCGTCCCGGCCCATGCCAGAACCACCTGTGGTGGCGACCAGGGCCGAGCATCTGTGACGTCAGGGAGTGCCCCGGCAGAGCGCGAGTTAGGGCTACGGACGTCAGCGGCCATGTCGTGCATGGCGTTGCGTCGGGGCCACCCGCGACAGTGAGCGCAGGTTTGCACCGTCCATATGATGGGCAGAGCGTGTCAGCGCGGCTCGAGCGCATCGCGGCCGGCCCCTCACACTGGCCTACCCGGGGGTGGGGGAGGGGCCTGTGGAAGGGTTATTGAGGGCTGGCGTAGAGTCGGCGTTGGCGTGATGGGATGACTTCGCGTTGCGAGGAAGAGGAAGAGGAGACGAGACGAGACGTTGTCTGGTCGACTTTGCGGGCGCGCGCGCAGGCACAAGTATGCATATCCCTATGCATCTAGCTATCTATCTCACTGAACTCCCAGTGCGCGCGAGAGAGAGGGGGTGGGACGGGCTCGTGATGCCGTTGCGTGCGTCTCTCTGCTTCTCTACCTCTGCGGTCACGGAGGCCCACACACACACACACACACACGCACGCGCACTTTATTCATCGCCGTCGTCCAATTCTGCTCTCTGCACCTTGTGCAAGGGCGCATGTGTCTGCCGGCATCTGCGTCGCGCGGGTCTGCAGCACAGGCGGACAGCGACTCG
1-24471d,LinJ.01,,1001,660,278268,,,,,130786,129786,,,minus,ATCATCACGAGACTCGGCGGTCATGCGTGCTGCGGAAGGCCCCCTTCCGCCTCGGGCCGCCTTCCGCGACAGAACCGACGAGGGAGGGAGGTAGGAAAAGGGCCGAAGGCGAGAAGAGAACAACGGCTTCGTCGGCGCTTGACTTGCCGTGGCTGTCGATCGTCTTGATTCTTTGGTTAGCTGCTGACTCCAGCCGCCGCCTCCTCGCTGATGACGGGGCGGCGGCGCACAGACACACACACACACACACACACGCACACACCTCCGTGCGTGGGGGGGGGGTACCTCAGGCTGCAGGGCGCCCACCCACCCACCCACCCCCCACTCCTCCCTCCGCCGTCCCGGCCCATGCCAGAACCACCTGTGGTGGCGACCAGGGCCGAGCATCTGTGACGTCAGGGAGTGCCCCGGCAGAGCGCGAGTTAGGGCTACGGACGTCAGCGGCCATGTCGTGCATGGCGTTGCGTCGGGGCCACCCGCGACAGTGAGCGCAGGTTTGCACCGTCCATATGATGGGCAGAGCGTGCCAGCGCGGCTCGAGCGCATCGCGGCCGGCCCCTCACACTGGCCTACCCGGGGGTGGGGGAGGGGCCTGTGAAAGGGTTATTGAGGGCTGGCGTAGAGTCGGCGTTGGCGTGATGGGATGACTTCGCGCTGCGCGGCAGAGGGATTAGTTTGCGTTTGAGAAAAAACAGGATATCAGCGAGATACCCGAACAGCACCCGTGCATGAGCAAGTGTGTGTGTGTGCGCGCGTCAGGTGGATGGATGGTGGGATGCACACAACGGGGAGGGGAGGGGAGGGTGGAGGGGGGGGGTGGCGCATCGCTTCCGAGCGCTGTGAGCCGTTTTGTTATGCGCAAGAAGAAGAGAGTTTTCCGTGATTAGGCCGTTGACGCGACGAGGCGCTTCAGCAGCTCCACAAAACGGTGGCACTCCTTCTCCTCCGTCGCCCACGACGTGCAGAGTCGCATGATGCACGTGTTGTCCTTCAAGGACTCG
1-24471d,LinJ.01,,1001,660,278268,,,,,114285,113285,,,minus,AGGCAAACACGGGAAGGCCGGTACGGAGGAGAGGCGGTGGGTAGGTGGGCGGCAGAGGCGGTGATCGTGGCAGTGCGTGCCGGCGCAGGAGCCCTGTGTGGTTAGAATGTGATGAGGCTCAGACACGTAGATAGAGGGACTGAGGGAAGGGGAGGGGGCAGGGCGGCAACAAAATTTGAGGCCGGTTGGAAGGAGAAGAAGGGGACGAAGGCATCTGTGCGCGTGCGTGTATGTATTTTCTGCTCAATCACGCACGTGTATCGTTGTGGGGTGAGGCGGCGGCGCACAGACACACACACACACACACACACGCACACACCTCCGTGCGTGGGGGGGGGGTACCTCAGGCTGCAGGGCGCCCACCCACCCACCCACCCACCCCCCACTCCTCCCTCCGCCGTCCCGGCCCATGCCAGAACCACCTGTGGTGGCGACCAGGGCCGAGCATCTGTGACGTCAGGGAGTGCCCCGGCAGAGCGCGAGTTAGGGCTACGGACGTCAGCGGCCATGTCGTGCATGGCGCTGTGCCAAGGAGATGTGTGATGCGGATCAAGTTTGTACGCCCCCCTCAGAACGAATCGAGTCCGCTGCACTGACACGCTTCCCGACAACACCAAAAAAAAAACAATGAGCCGTGGCCCAGTGCTACGCGCATAATCAGGCCTCTACTCTCCGCCAGCTCTTGTGTCGCGATCAGGGACTACAACCACGACACAGATGCCCGAGGCTCTACATAGGCCGAGTGCTTCGCTGTGGAAGCACTCACCGTTAGACAGCAGGTCCGGAACCCTTGCTGGCGGCGGGCCCCTCCACCGCTCTCCGGCCTCGCGCTGGGGCCGCCGCGGTTCTCAAGGCGTCATCCTGCGCCTCTGTTCGGGCCGTCCACTGAGCTACGACCGTGTGCACCCCTCCTCCCCAACCACCCACCACACACACACACACCATCGCATAGCCTCGCGCGGCTTCGCCGTCATTCTGTGTTGTGACCCGCTCCTGCGCTC
1-24471d,LinJ.01,,1000,660,278268,,,,,123006,124005,,,plus,CGTTGTTTTGGTTATGTTTGTGTGTGTGTGTGTGTGTATCGGCTTCGTCTTCCTAGCTTCCTTTTCTCGTACGCCTTCGCATGTGTCGGTCACACGTAAATCCTTCCCCCTCTCCCTCCCCCTCATCAGGGCTTCGTCCGTCTCCTCGTTTTTCTGGTCTTCTCCTTCCTTCAAGTGTGCTTGGCGGTGTTCATCATGGTCGTCATCGTCGTCTTGTCGTCTTCTGCTGTGTTTAACTGAGGGATCTGCCTGTGTGTGCCTGTCTGTCTGTTCTGAAGCTGATCTGCGGATGTGGAATCACGTTCTCGGCCCCTCCGTATGCCTGTCTCTGTCTGTGTCTGTCTGTGTGTTGTTCCTAATCGGTGCGTGCGTGCGTGCGTGCGTGTGTGTGCGCGCGCTTCCTTTTATGTCTCCCCTTCCTCCCATACCCCCTCCCCTCCCCTCCCCTCCCCCTCTCCTCGGCCACCCCTCCATATTGTTTACGTTTTTCATGTGTGTGTATGTGTGTGTTCGCTGATGTACATTGATGTGTGTGTATGTATGTGTGCATACGTATTCCATCGGCAACGCCTCACATGATTCACCCGTCTCTCCTCGTCCCTCCTCGTCTCTAGTTAAACGCTTGTTGTTGCGATGTCTTTCTCCCTTTCTCCCTTCCCCCCTCTCTCCCTCTCTCTCTCTCTGTGCCTGTGTGTGCGTGTGTGCGCGTGTGCGTGTGTGTGTGTGTGTGTGTGCGTGCCTTTCCGTACTCTCGCTATCCCTGCGTGTCTCTCTTTCTCTCTCTCATGTCCCCGCATCCATGCCGCCTCTCAGGGCATAAAACAGAAAGCAGACACGCATCACAGAGAAAGGGGCTGGGAACGCAATCTGCGGCAGGCACGTGTGCACACACAAACACACCGAGAGTTCTGTCTGTCTGTCTCTCTCTCTCTCATCATCTCCCTTCTTGTCCTTCTCTTCTCCGTCGCGTAGGCCGTCTTGTCTCACTCATAAGGCTGAT
1-24471d,LinJ.01,,1000,660,278268,,,,,6834,7833,,,plus,ACTGGACTGGTAGAGCGTGCCGTAGCCGAGGTAACGCACGTATCGCCACAACTCGGTGTTGAAAAAGGTCCGCTTCACCTCGTTCAAGCAGGCGATATCGGGGTCGTAGCACCGCAGCAGCTCCACAATGTGCTTGCGACGGTGCTCCGGCGTGAGGAAGGGTGGGAGCTCCTTGTCGATGGAGGGGTCGTAGTCGCAGAAGGCGTTGGGGTCGTCGCATTCCGGGTTGCGCGTAAACTCGGGCACGCGCACCCGCACCGCCTCGACGGGGGTGGTGTGGCTGGGCCCCCAGGCGTCCGTCATCATGTTGAAGCTCATCAGGCGGAACCAGTCACGCCGTGAGAGGCTCGTCGACAGCTGAGAGACGGGCGCCTTCACCCACTTGCGCTTCAGCGGAGGCTCGCGCTCCGCCTCCATCTTCTCCGCTTGCATCTCACGCGCCAGCAGGCTCGACATCTTCGCCTCCAGCGCGCTCTGCGTGATCTGCGCGTCCATGATGGAGGGGCGGATCGTTGTGCGCGTGCCGGTGTCCCGCATCAGACCCAGGACCGGGCCACCGCTCACCAGTGGCGGATCATTCAGCAGCGCTGAGCAGCGTCTCAACATCTACAGAAGGGGAGGGAGGTGAAGGAAATCACTGCATGAGGCAAGCGACGCTCGAAGATGGCGAAGCACGGTCCGCTCTGGGCGTCTGTGCGTAGGTGGGTCGGTGTGAGCGATGCGTTTGCAGAGGGAATACTTCACAGTCCAGAGCAGACGAATAAGCGGAGGGAGGAAGGGGGGGGGGGGGGGGGCACTGATGCAGCGGCACACGTCGCCCACAGAAATACGCGAGAAGACGGGGGAGAGAGGAAGAGCAGGATAGACGGTCGTGAAGGATGAGAGGAAAAGGGCACAAGACGGCAAGACACGTTCGTGTGTGACTTTCAGAGGCACACAGAGGTATGTGCAAGCACACGTAGTACAGTGTGCAATCAGCAGCCCGCGCGCCTTTCTCTCT
1-24471d,LinJ.01,,1000,660,278268,,,,,16952,17951,,,plus,GCATGGCTTGTTGGGAATCGGTTCTGTTTGTGGGTAAGATGAATGGGTGTGGGGAGGTCGAGCAGAGGTGCAACGCCACACAGACGGTGAAACTAAAGGGCGCAGCGTTTTTGAGGGGGTTGAGGGGAGAGACGAGCACAGGCAGAGCTGGGACACGGCGGCTGTGAAGACGAGAAAAATGTGGGAAAACCGGGGGGAGGAAGACGGAGTCGAGGATGTGAGTGAGGGAGTGAGCGGGAGGGAGGGAAGGAGGGAGGAGAATAGGGAAGGTAAAAGTAGTGCACACCTTCAAAACAAAATGCGCATGAGAACTGCAGCGCTCGTTTCCGTTCTTGTTGGGAGGTGAGCGAGAGTCTTTGGGGGAGGGGGGAGCAACGCGTGCTGATAGTGAATGTCGTGGCCCAGGGGCGGGGTGTCGGTCGGAGGCGGACGAGTGGTGTGTGGGATGCGCACGAGGGCAACAAAGGGAAAAAGGCGAAGCGTAAAGGAGGCGTTTGTGTGTATGTGGGTGCTGCATACACACACATACGCCTCTCCTCATGCTGCAGCGGCTTCCCCCATCCCGCTCGTCCAAGGCACGTCGTCTTCAGTATCTACCCCTCTCCCCCCTGCCCACACCTTCGCACTTTTCTGAGCTTGTCGGGCCGGTCGCGTCATCGCCGCGGTGGTCGGTTGTGCGCTTCCTCCCCCTTGCCGATTTATCTGTGTTCCCTTTGCTTTTCTGTGAGAGTCACATCAACGTCGGTTACTGTCAACGAGCTCCCCACCTGTCCAGCTCAGAGAGTACTGTCATGGTGGTTTGGTGGGGTGGCGCTGCCACGAGTGAGCAGTAGAGGAGACGAGGGACATAAACAGCAGAGGAGCCGTCCTCAGAGAAGGTCGACCAGGGAAGGAGGAGAAGGGGTTCGGGTACGTCAGTTTATGAGCTAAGCACTTTCCCAGACTTCGCGCACTCTTCCCTCGCCCATTCCCGCTCCCTGTTGCGAATTCGCTGGCGCCG
1-24471d,LinJ.01,,1001,660,278268,,,,,56313,57313,,,plus,AGCCCGGGTGAAGCGCGGAGATGAGGCTGCCCACCACCACCACTTCCTTGCTCACGTGCGCTGAGAGTTAGAGAGAGACACACACAAGAGCGAAAAGCTGCACCGTCGTGTACGCTGTGGCGTACGTGAGTCGCTTCTCCTATCGCCGCGTACGCACCGCACCCCGCACCCTTTTCCGTCCTCGGCGCGCATTTCTGTGCGTGCGTGCACAATCGAGAGTGTGGTGGAGAAGAAGTAGGTGGCGATGCGGCGCTGGCCGTGTGTGTGTGTGTGTGTCCCTGTGCGTCCTTTCCTTCCCAGCTGCCTTCCATGAGTTGTGCGCCTTCTTGAGGTGCAGAGAACTCAGAGACGCAGTGAGACAAAGACCCCTCGGACTAGCAGAGCGAGAGCGAGAGAGAGGGGGAGCACGACGCCCGAGGCGGAAGGAAGCGTCGCCGTTGTCGCTGTCGGCGGACAGACAGGCACAGACAGTGAGATGATGTCCGTGGTAGGGAGGGAGGAGGTGGGGCACCGCGGTGTTGCAAGTTGAGGTGTGTCTAGTAGTACATCGGGGCATCAACGGAAACAAATCAAAGAAGACGTTGAGAACGAGAGAAGAGAGCCCGTGAGGGGGCGCAGGAGGGGCCGGTGGCGAGCCGCACGCGGTTCGGATGGAGGCAGCACACACAGGACAAGAGAAGAAACTTACCGACGCGGTGACAAGCGCCTGCCATCACGCACATGCAAGGCAGCGACGACCCACGGTTCCGCACACACACAAACATATATAAGCGTTCGCCTACTGCCCTCCCTATCTCTCGCCCACTGCCCTCCCTATCTCTCGCCCACTCTACCCACCCATCTCCACCCCGCACACCTGTGCGTGCAAGCGAGCGCCGCCACGGGCTCTCCACCCCTTGTGGGAGGTGCTGCCGCTTCCATACTGATCGCTGTTGTGCCGTCCCACGCCCGCCTGCCATTCGTTCGGCCTTGAGCAGGCCCGACTCTCTCTCGGATCGGCA
1-24471d,LinJ.01,,1001,660,278268,,,,,71574,70574,,,minus,AGAAGCGGTTGGTGAGCGAAATACAGATGCGCATACTGGCTGTATGGATGCCTATGCATCTCTTGTTGGCGCCGCTGCTGTTGTGTTTGCCTTCCACCCACCCTTTCTCGCAGGCTTCGTTGATGTGCACACTGTGCGGATTTCGACGCACCATCTCATCATAACACGTGCTATTTCAGGATGGAGGATGGAGAGAGACGGTCTCTTGGTCATCGCCATCTCTCTCCCGACCTCCCGACCGTCCTGTCACATGCCCACTACTACACGAGCACACATGTGCAAACCCCGAACGCACAGACGTGTATGCGCAGCCACTTCGCTTCTCTAGTTCCACCGCACAGTCTAGCCCACACTCTCAACGCGCGCGCGCGCACCATTCCTCCCCCTCCTGTGTCCTCCTCTTTCGCTTCCTCCACACACACGGACAGACAGACGCGTATCCGTCCTCCTTCCCTTTCCCAAAAGACGGACGAGGAAAGCCGCCGTCGCCACTCTCTCTCTGTGTACGTGTGCTGAACCTCTTACTCTATGCGAACGAGAGACGCACTGGCGATGAAAATGCCTCAAAATGCGGCGCAGCTGAACCGGATGCAGATTCGTGAGCAGGAGGCGCTCAACCGGCAGCGCCGCATGCAGGACGACGCGGTGGCACGGCGCGAGGAGGAGGAACTGCGGCGGACAAAGGCCCAATACGACCACGTCAGCTCGCACGGCTACGGACGAGCTGGCAGTGGTGCCGCTGCGCCGAGTGGCAGCCGTGGCGCATCCGACGAGGTGCAGATTCGCGTGTACGTGCGGGAGTGCGACGAGGAGGCGAGCCGGTCCTTCAGCTACCGAGAGGATACCGCTGCTAACTCCACCTCCCACATAGGTCCGCGTTCCGGTGCGTCTGCATCCACGTCGGCCGCTTCGCATGTCGCCAGACGTGGTGTCAACGGCGCGCTGCCACCGATTGGCTCGTCGGGGCGTCTTGGGCCACCGCGCGCGCCAGGGGCCCGTGC
1-24471d,LinJ.01,,1001,660,278268,,,,,87569,88569,,,plus,ACAGGGAAAGGGTGTATCACTCCTGCATGCGACGTGATGCCGTAGAGGTGATATCGAAGTCGTTGGTGCGTGCGCGCTTGCTTTCGTTTTATCGTGGTAGAGCGTTCAATTTTTATTTTATTGTCTCTCATAGAGCGCCGACCGCTCGAGCGCAAACCCTATCGCGTACACCCACCGTACGTACACGGGCACACAGACACACGCCTGTTCCCCCCCCCCACACACACACATATATATATATATACAGACGTACATAGACGTACCTCCCTCATCCCCTCCTTCTTGCAGCGAGTCTTCCCGGCCAACGCGTGCACGCACGCACGAACTACAGACGGCAACGAAATACATAAGGAAAAGACAGCAACCACACGATAGCAACGGTTTTCTGTCAAGGGTGGGGCGCTCTCCCTCCACCGCTCTCTGGTGTGTGTCCTGCGACGGGGGCAAAATAGGCGAGAGAAGCGCGCACGTACCGCTGCGGATACGCAACGGCCCGTGCTGCGACGACGGCCACCACCACCGCTGTGCGCTTTCTCGCATCTTTTTTGTGTGCGTGTGTCTCGGTGCCCGCCATGTCCTCGCTGGAGGCACTCTTGAGCTCGCCGACGGACGTCATCGCCGAGTGTCCTGTCATTGGCCCCGGCGATGTGCGGCTGGTGGCCGCCAATCTTGAGGCCATCTTGAACAAGTGTCTCTACTGCGTCCGCCGGACGCTGCCCGGTCCGTTGGAGGTGCTGCTCACCGTTATGGGTGACGCCAGCGACCTTCAGGCAAATAAAGTGTGTGCGGGTCTGCTGCAGCCCGCCGAGGAGGGCACCTGCGCGGACGTCTTTTGCGACTTGGCGGAGCAGCTGCTGGCGCGCCGAGCCGCGGTCATTCGCCTGCAGTTCGATGTGGAGGTGTTCTTCAAGGTGACGCAGGTGTTTTGCTGTGCCGCGCCGCTCAAGGATCGACTCGGCGCACGCCTTGGTGAGGTGCTGTTGGGCTTCTTGAGGGACGTT
1-24471d,LinJ.01,,1001,660,278268,,,,,123038,124038,,,plus,TGTGTATCGGCTTCGTCTTCCTAGCTTCCTTTTCTCGTACGCCTTCGCATGTGTCGGTCACACGTAAATCCTTCCCCCTCTCCCTCCCCCTCATCAGGGCTTCGTCCGTCTCCTCGTTTTTCTGGTCTTCTCCTTCCTTCAAGTGTGCTTGGCGGTGTTCATCATGGTCGTCATCGTCGTCTTGTCGTCTTCTGCTGTGTTTAACTGAGGGATCTGCCTGTGTGTGCCTGTCTGTCTGTTCTGAAGCTGATCTGCGGATGTGGAATCACGTTCTCGGCCCCTCCGTATGCCTGTCTCTGTCTGTGTCTGTCTGTGTGTTGTTCCTAATCGGTGCGTGCGTGCGTGCGTGCGTGTGTGTGCGCGCGCTTCCTTTTATGTCTCCCCTTCCTCCCATACCCCCTCCCCTCCCCTCCCCTCCCCCTCTCCTCGGCCACCCCTCCATATTGTTTACGTTTTTCATGTGTGTGTATGTGTGTGTTCGCTGATGTACATTGATGTGTGTGTATGTATGTGTGCATACGTATTCCATCGGCAACGCCTCACATGATTCACCCGTCTCTCCTCGTCCCTCCTCGTCTCTAGTTAAACGCTTGTTGTTGCGATGTCTTTCTCCCTTTCTCCCTTCCCCCCTCTCTCCCTCTCTCTCTCTCTGTGCCTGTGTGTGCGTGTGTGCGCGTGTGCGTGTGTGTGTGTGTGTGTGTGCGTGCCTTTCCGTACTCTCGCTATCCCTGCGTGTCTCTCTTTCTCTCTCTCATGTCCCCGCATCCATGCCGCCTCTCAGGGCATAAAACAGAAAGCAGACACGCATCACAGAGAAAGGGGCTGGGAACGCAATCTGCGGCAGGCACGTGTGCACACACAAACACACCGAGAGTTCTGTCTGTCTGTCTCTCTCTCTCTCATCATCTCCCTTCTTGTCCTTCTCTTCTCCGTCGCGTAGGCCGTCTTGTCTCACTCATAAGGCTGATCCCCAAATCAGCCGCCGCCGCTGTGACTCAAGT
1-36305r,LinJ.01,,1001,621,278268,,,,,36124,35124,,,minus,GCTGCGTGTGTCGGTCTGTCTTGACAGTTCGCCCCGCCCCACCCCCCTCTGCTCCCTCCCCTGGCTCCTCTCGAGACCGACGGCGGCGCTGACGGATGTGGTTGCTGCCATCACATAGCAGCTGTGGGCGACTGATGCATACACACCTGAGCGTTGTGCAATCAGCTGAGCATACCGCCTCCTCCGTGACGGCGGGGGAGGCGGGGGGCACGCACCTCCATGCGTGGCATCCCAGGGTCCAGCGCCCCCCCCCCTCCACCCCCGCTCTCTCTGTGTACGGAAGCCCGGCAGCCCCCTCACCCTCTATCCCTGCCAACGCCGAACCACTTCTGGTGCTGACAGGGCTGGGCCCTTACGGCGTTGGGCGAGGTCGGCGCGACGTAGCGCCACGGATGCCGGCGGCCATGTCGTGCATGGCGCTGCGTCCGAGCCACCCGCGACAGTGAGCACAGGCTTGCACGGTCCATGCGATGGGCGGAGCGTGTCAGCGCGGCTCGAGCGTGTCGCAGCCGGCCCCTCACACTGGCCCACGGCGAGGGGTGCGGGGGCCTGAGTGTCACCGCGACGGGGAGACGCACCCATGGAGGAGGTGGGGGGAGTGGGGACCGGCATGATGGAGGGGCGGCTGTGTGGCGATGTGTGTGTATGTGGGTGTCGTCGCGTTTGAGGCAGGAGCCGTGCTGCGATGACCGAGCCGGCGCACTGCTGCAGCGCGCGTGTGTCTTGCGCTGCTTCGCACCAGGCGATGGGAGTGGGGTGGGGTGCCTGCAGCACTCGGCGGCGGGGGGGGCAGAGCGGCCTCCACCTCTCCCCACCACTCTCATGTTCTATAGAAGAATGGCCACATCGGGTGAAACCTGCAGACGGCGCAATACGATGGAAGAGGAAATGCTTCGCACGGGCCGGTGCGTGTGTGTGCCGTGGGGGGCGGCCTCCGCGCAGGCGACGCGCGCTCTGACGCACTTCGACACCTGCTGCGTGTGGCTGTTGCTTTTCTTGTG
1-36305r,LinJ.01,,1000,621,278268,,,,,23909,24908,,,plus,AGCGAAAGCCAAAGAACGCGAGCAGCTACAGGCGATGCTGTGAGGAGCATGGAATTGGGAAGCACCGTCACGTCGTCCTCGCATAACGAGAAAGACAACGTGGACACACACGCACAGGGCACAACCGCGGCGTAGTGTTCCTCCTCACATGGTTACCTCTCGCCCTTTCACCTCCCCGTGATGGCGGGGGAGGCGGGGGAGGCGGGGGGCACGCACCTCCATGCGTGGCATCCCAGGGTCCAGCGCCCCCCCCCTCCACCCCCGCTCTCTCTGTGTACGGAAGCCCGGCAGCCCCCTCACCCTCTATCCCTGCCAACGCCGAACCACTTCTGGTGCTGACAGGGCTGGGCCCTTACGGCGTTGGGCGAGGTCGGCGCGACGTAGCGCCACGGATGCCGGCGGCCATGTCGTGCATGGCGCTGCGTCCGAGCCACCCGCGACAGTGAGCACAGGCTTGCACGGTCCATGCGATGGGCGGAGCGTGTCAGCGCGGCTCGAGCGTGTCGCAGCCGGCCCCTCACACTGGCCCACGGCGAGGGGTGCGGGGGCCTGAGTGTCACCGCGACGGGGAGACGCACCCAGGGAGGAGGTGGGGGGAGTGGGGACCGGCATGATGGAGGGGCGGCTGTGTGGCGATGTGTGTGTATGTGGGTGTCGTCGCGTTTGAGGCAGGAGCCGTGCTGCGACGACCGAGCCGGCGCACTGCTGCAGCGCGCGTGTGTCTTGCGCTGCTTCGCACCAGGCGATGAGAGTGGGGTGGGGTGCCTGCAGCACTCGGCGGCGGGGGGGTGCAGAGCGGCCTCCACCTCGCAGTGTGCGGCAGCGAAAACGGACACGCGGAAGAGCAAACACCAAGCCCGCACCCCTCTCCTCAGCCTCAGGAACGGGCTCCTAAAACGGCTCGATGCTATCGAGCTCCGCCTGCGCAAAGGGCGCGGCACCATGCGCCACACCGCTCTCAGACAGGAGTCGCAAGATGGAGTTCACAGCAACGCGATAC
1-36305r,LinJ.01,,1000,621,278268,,,,,55728,54729,,,minus,GTGAGGACTGCCTCGGACGCGCCGACTGCATGGATGTCCTGCGCGTTCACGTCTACTGCCCGCAGGCTCTGAGCACGGACTTCAGCTGCTGATGTGCGTGCTCGCTCCGTCGTGACACCCCACTACATTCAAATTTCGTTCACGGAGCCGCTGCCGTTTTATATGCTCAACGCGACAGTTCCGACCCGCGATGACGGAAGGCACGCACCTCCATGCGTGGCATCCCAGGGTCCAGCGCCCCCCCCCTCCACCCCCGCTCTCTCTGTGTACGGAAGCCCGGCAGCCCCCTCACCCTCTATCCCTGCCAACGCCGAACCACTTCTGGTGCTGACAGGGCTGGGCCCTTACGGCGTTGGGCGAGGTCGGCGCGACGTAGCGCCACGGATGCCGGCGGCCATGTCGTGCATGGCGCTGCGTCCGAGCCACCCGCGACAGTGAGCACAGGCTTGCACGGTCCATGCGATGGGCGGAGCGTGTCAGCGCGGCTCGAGCGTGTCGCAGCCGGCCCCTCACACTGGCCCACGGCGAGGGGTGCGGGGGCCTGAGTGTCACCGCGACGGGGAGACGCACCCAGGGAGGAGGTGGGGGGAGTGGGGACCGGCATGATGGAGGGGCGGCTGTGTGGCGATGTGTGTGTATGTGGGTGTCGTCGCGTTTGAGGCAGGAGCCGTGCTGCTATGACCGAGCCGGCGCACTGCTGCAGCGCGCGTGTGTCTTGCGCTGCTTCGCACCAGGCGATGAGAGTGGGGTGGGGTGCCTGCAGCACTCGGCGGCGGGGGGGTGCAGAGCGGCCTCCACCTCGCAGTGTGCGGCAGCGAAAACGGACACGCGGAAGACCAAACAATCTGGGACGCCCCCAAGAGGGGCGCTTCTCCCTGGGCTGCGCTTGTGCCCGACGGCTGCCTGCCGCTTGTGGGCGAGGTGCCTGCGCTGACGGCTGTGCTGAACGAGCTTGTGGAGTGGCTGTGGCTGGTGGGCGACATGCCGAAGGGAAGTTGTG
1-36305r,LinJ.01,,1000,621,278268,,,,,75646,76645,,,plus,TCAAAGTGGGAGGAGAGCGCCGCTGAGCAGGCAAGCGAGGCAACCTACGAAAACATGGCAGTGAGGAGGCGGCAGATACAGCGAGGAGGAGGAGGAGGCATAACATTTGAGCGCTGGCGTGTCGGACATCGAAACAAGGACACGTCACCTACCGCGAGGAGCCGTGGCGTGAAGGGACCACGCTGCTCCAAGATACTGCACCGCAGTCATACGAGGCACATCCAAACCACCCATTGCTGGATGGTCTAAGTGTTGGCGCGCACCCAGTGACGGGATAAACCTCAGCGTGGCATCCCAGGGTCCAGCGCCCCCCCTCCACCCCCGCTCTCTCTGTGTGCGGAAGCCCGGCAGCCCCCTCACCCTCTATCCCTGCCAACGCCGAACCACTTCTGGTGCTGACAGGGCTGGGCCCTTACGGCGTTGGGCGAGGTCGGCGCGACGTAGCGCCACGGATGCCGGCGGCCATGTCGTGCATGGCGCTGCGTCCGAGCCACCCGCGACAGTGAGCACAGGCTTGCACGGTCCATGCGATGGGCGGAGCGTGTCAGCGCGGCTCGAGCGTGTCGCAGCCGGCCCCTCACACTGGCCCACGGCGAGGGGTGCGGGGGCCTGAGTGTCACCGCGACGGGGAGACGCACCCAGGGAGGAGGTGGGGGGAGTGGGGACCGGCATGATGGAGGGGCGGCTGTGTGGCGATGTGTGTGTATGTGGGTGTGCGCGCGCGAAAGTTTATGAGGATTCTTTTTTCGGTTGTTTGCATGTTTTCATCGCTCCCTCGCTTTCTTTCCCTGTCGGTGATGGCGTACCCTCATTGGGGCGCCAAGGGTGCTGCATGCACGTGGCAGAGCGGTGACGATCAGAGCAGGGAGAAAACGAAAAGCTGACGGAGCGCTGCATCCGGCATGCTCACTTGCGTGGTTCGCCGCCACCGCAGGCGAAGGAAAAAGCGTGGTCCTGAGAAGCACAGCTGCGACAAGACAAAACAAGGGGGGTCCTACTT
1-36305r,LinJ.01,,1001,621,278268,,,,,137265,138265,,,plus,AGACGAAGTCGCTTTTCTTCTCCCTCACGGTCCGCCCTTCGTGCGATACATCATCCGCGCGGCCGACTGCGCGCCCGGATCCCCGTGCCTGCGAGGCGGGGCAGTGGTGCCGCGGTGTGCATGATGCACCACGTCGAAGGCACGTGGGCATGACATACCCTTTTTTGCGTTCTTTCCCTTCCTCTTTTCGCCCTTGACGACGGGGTGGGGCGGCGGCGCACAGACACACACACACACACACACACACACGCACACACCTCCGTGCGTGGGGGGGGGGGTACCTCAGGCTGCAGGGCGCCCACCCACCCACCCACCCACCCCCCACTCCTCCCTCCGCCGTCCCGGCCCATGCCAGAACCACCTGTGGTGGCGACCAGGGCCGAGCATCTGTGACGTCAGGGAGTGCCCCGGCAGAGCGCGAGTTAGGGCTACGGACGTCAGCGGCCATGTCGTGCATGGCGTTGCGTCGGGGCCACCCGCGACAGTGAGCGCAGGTTTGCACCGTCCATATGATGGGCAGAGCGTGTCAGCGCGGCTCGAGCGCATCGCGGCCGGCCCCTCACACTGGCCTACCCGGGGGTGGGGGAGGGGCCTGTGGAAGGGTTATTGAGGGCTGGCGTAGAGTCGGCGTTGGCGTGATGGGATGACCTCACGCCTCACGGGTGCGCAATGGGCACCCAGCGAAGACAAGATTTACGAGCTTATCCATCCGTATACTAACCAACACATGTTTCTACGTGTATATGTACTCTATGAGGGGAGGGTGGAGGGTGGAAAGAGAGAGAGACAAGGGCCGGAGCGGTGATGTACAGTGCCTCAGCCCCCTTCACCCTCCTCTTCTTTTTATCCGAGGCCAGCTGCCTCTCTCCTTTCCTCTGTTGCGGACCTCTGTGTGTGTGTGTGTGTGTGTTTCTATCTTCTCTCGGACCGCTTATGCGGTGTTCATCGACTTTCTTGCGTTATCGCTGGCGGAACGCCAGCGCCCACATTTTTTTTGTTCT
1-36305r,LinJ.01,,1001,621,278268,,,,,205336,206336,,,plus,CGGTTGGGGGGGGAGGACCGCCGGCCACCAACACGGACCACAGGCACACACACGCATATATATATTTACATGCGTGTGTGTGCATGTGTGTGTACGGGCCTCTTAAGCCAGTGATGCGGTGCCTCCGTGAGTCGATGGCGCCTCCATCCCCCTACTCGCTCTCGGTTTGGGGTCACTGCATCGAAGTTCGTTGCTCTTCTTCAGCCGTCTCGCTACGGCACAGATGACGGGGTGGGGCGGCGGCGCACACACACACACGCACACACCTCCGTGCGTGGGGGGGGGGGTACCTCAGGCTGCAGGGCGCCCACCCACCCCCCCCCACTCCTCCCTCCGCCGTCCCGGCCCATGCCAGAACCACCTGTGGTGGCGACCAGGGCCGAGCATCTGTGACGTCAGGGAGTGCCCCGGCAGAGCGCGAGTTAGGGCTACGGACGTCAGCGGCCATGTCGTGCATGGCGTTGCGTCGGGGCCACCCGCGACAGTGAGCGCAGGTTTGCACCGTCCATATGATGGGCAGAGCGTGTCAGCGCGGCTCGAGCGCATCGCGGCCGGCCCCTCACACTGGCCTACCCGGGGGTGGGGGAGGGGCCTGTGGAAGGGTTATTGAGGGCTGGCGTAGAGTCGGCGTTGGCGTGATGGGATGACTTCGCGTTGCGAGGAAGAGGAAGAGGAGACGAGACGAGACGTTGTCTGGTCGACTTTGCGGGCGCGCGCGCAGGCACAAGTATGCATATCCCTATGCATCTAGCTATCTATCTCACTGAACTCCCAGTGCGCGCGAGAGAGAGGGGGTGGGACGGGCTCGTGATGCCGTTGCGTGCGTCTCTCTGCTTCTCTACCTCTGCGGTCACGGAGGCCCACACACACACACACACACACGCACGCGCACTTTATTCATCGCCGTCGTCCAATTCTGCTCTCTGCACCTTGTGCAAGGGCGCATGTGTCTGCCGGCATCTGCGTCGCGCGGGTCTGCAGCACAGGCGGACAGCGACTCG
1-36305r,LinJ.01,,1001,621,278268,,,,,130786,129786,,,minus,ATCATCACGAGACTCGGCGGTCATGCGTGCTGCGGAAGGCCCCCTTCCGCCTCGGGCCGCCTTCCGCGACAGAACCGACGAGGGAGGGAGGTAGGAAAAGGGCCGAAGGCGAGAAGAGAACAACGGCTTCGTCGGCGCTTGACTTGCCGTGGCTGTCGATCGTCTTGATTCTTTGGTTAGCTGCTGACTCCAGCCGCCGCCTCCTCGCTGATGACGGGGCGGCGGCGCACAGACACACACACACACACACACACGCACACACCTCCGTGCGTGGGGGGGGGGTACCTCAGGCTGCAGGGCGCCCACCCACCCACCCACCCCCCACTCCTCCCTCCGCCGTCCCGGCCCATGCCAGAACCACCTGTGGTGGCGACCAGGGCCGAGCATCTGTGACGTCAGGGAGTGCCCCGGCAGAGCGCGAGTTAGGGCTACGGACGTCAGCGGCCATGTCGTGCATGGCGTTGCGTCGGGGCCACCCGCGACAGTGAGCGCAGGTTTGCACCGTCCATATGATGGGCAGAGCGTGCCAGCGCGGCTCGAGCGCATCGCGGCCGGCCCCTCACACTGGCCTACCCGGGGGTGGGGGAGGGGCCTGTGAAAGGGTTATTGAGGGCTGGCGTAGAGTCGGCGTTGGCGTGATGGGATGACTTCGCGCTGCGCGGCAGAGGGATTAGTTTGCGTTTGAGAAAAAACAGGATATCAGCGAGATACCCGAACAGCACCCGTGCATGAGCAAGTGTGTGTGTGTGCGCGCGTCAGGTGGATGGATGGTGGGATGCACACAACGGGGAGGGGAGGGGAGGGTGGAGGGGGGGGGTGGCGCATCGCTTCCGAGCGCTGTGAGCCGTTTTGTTATGCGCAAGAAGAAGAGAGTTTTCCGTGATTAGGCCGTTGACGCGACGAGGCGCTTCAGCAGCTCCACAAAACGGTGGCACTCCTTCTCCTCCGTCGCCCACGACGTGCAGAGTCGCATGATGCACGTGTTGTCCTTCAAGGACTCG
1-36305r,LinJ.01,,1001,621,278268,,,,,114285,113285,,,minus,AGGCAAACACGGGAAGGCCGGTACGGAGGAGAGGCGGTGGGTAGGTGGGCGGCAGAGGCGGTGATCGTGGCAGTGCGTGCCGGCGCAGGAGCCCTGTGTGGTTAGAATGTGATGAGGCTCAGACACGTAGATAGAGGGACTGAGGGAAGGGGAGGGGGCAGGGCGGCAACAAAATTTGAGGCCGGTTGGAAGGAGAAGAAGGGGACGAAGGCATCTGTGCGCGTGCGTGTATGTATTTTCTGCTCAATCACGCACGTGTATCGTTGTGGGGTGAGGCGGCGGCGCACAGACACACACACACACACACACACGCACACACCTCCGTGCGTGGGGGGGGGGTACCTCAGGCTGCAGGGCGCCCACCCACCCACCCACCCACCCCCCACTCCTCCCTCCGCCGTCCCGGCCCATGCCAGAACCACCTGTGGTGGCGACCAGGGCCGAGCATCTGTGACGTCAGGGAGTGCCCCGGCAGAGCGCGAGTTAGGGCTACGGACGTCAGCGGCCATGTCGTGCATGGCGCTGTGCCAAGGAGATGTGTGATGCGGATCAAGTTTGTACGCCCCCCTCAGAACGAATCGAGTCCGCTGCACTGACACGCTTCCCGACAACACCAAAAAAAAAACAATGAGCCGTGGCCCAGTGCTACGCGCATAATCAGGCCTCTACTCTCCGCCAGCTCTTGTGTCGCGATCAGGGACTACAACCACGACACAGATGCCCGAGGCTCTACATAGGCCGAGTGCTTCGCTGTGGAAGCACTCACCGTTAGACAGCAGGTCCGGAACCCTTGCTGGCGGCGGGCCCCTCCACCGCTCTCCGGCCTCGCGCTGGGGCCGCCGCGGTTCTCAAGGCGTCATCCTGCGCCTCTGTTCGGGCCGTCCACTGAGCTACGACCGTGTGCACCCCTCCTCCCCAACCACCCACCACACACACACACACCATCGCATAGCCTCGCGCGGCTTCGCCGTCATTCTGTGTTGTGACCCGCTCCTGCGCTC
1-36305r,LinJ.01,,1000,621,278268,,,,,123006,124005,,,plus,CGTTGTTTTGGTTATGTTTGTGTGTGTGTGTGTGTGTATCGGCTTCGTCTTCCTAGCTTCCTTTTCTCGTACGCCTTCGCATGTGTCGGTCACACGTAAATCCTTCCCCCTCTCCCTCCCCCTCATCAGGGCTTCGTCCGTCTCCTCGTTTTTCTGGTCTTCTCCTTCCTTCAAGTGTGCTTGGCGGTGTTCATCATGGTCGTCATCGTCGTCTTGTCGTCTTCTGCTGTGTTTAACTGAGGGATCTGCCTGTGTGTGCCTGTCTGTCTGTTCTGAAGCTGATCTGCGGATGTGGAATCACGTTCTCGGCCCCTCCGTATGCCTGTCTCTGTCTGTGTCTGTCTGTGTGTTGTTCCTAATCGGTGCGTGCGTGCGTGCGTGCGTGTGTGTGCGCGCGCTTCCTTTTATGTCTCCCCTTCCTCCCATACCCCCTCCCCTCCCCTCCCCTCCCCCTCTCCTCGGCCACCCCTCCATATTGTTTACGTTTTTCATGTGTGTGTATGTGTGTGTTCGCTGATGTACATTGATGTGTGTGTATGTATGTGTGCATACGTATTCCATCGGCAACGCCTCACATGATTCACCCGTCTCTCCTCGTCCCTCCTCGTCTCTAGTTAAACGCTTGTTGTTGCGATGTCTTTCTCCCTTTCTCCCTTCCCCCCTCTCTCCCTCTCTCTCTCTCTGTGCCTGTGTGTGCGTGTGTGCGCGTGTGCGTGTGTGTGTGTGTGTGTGTGCGTGCCTTTCCGTACTCTCGCTATCCCTGCGTGTCTCTCTTTCTCTCTCTCATGTCCCCGCATCCATGCCGCCTCTCAGGGCATAAAACAGAAAGCAGACACGCATCACAGAGAAAGGGGCTGGGAACGCAATCTGCGGCAGGCACGTGTGCACACACAAACACACCGAGAGTTCTGTCTGTCTGTCTCTCTCTCTCTCATCATCTCCCTTCTTGTCCTTCTCTTCTCCGTCGCGTAGGCCGTCTTGTCTCACTCATAAGGCTGAT
1-36305r,LinJ.01,,1000,621,278268,,,,,16952,17951,,,plus,GCATGGCTTGTTGGGAATCGGTTCTGTTTGTGGGTAAGATGAATGGGTGTGGGGAGGTCGAGCAGAGGTGCAACGCCACACAGACGGTGAAACTAAAGGGCGCAGCGTTTTTGAGGGGGTTGAGGGGAGAGACGAGCACAGGCAGAGCTGGGACACGGCGGCTGTGAAGACGAGAAAAATGTGGGAAAACCGGGGGGAGGAAGACGGAGTCGAGGATGTGAGTGAGGGAGTGAGCGGGAGGGAGGGAAGGAGGGAGGAGAATAGGGAAGGTAAAAGTAGTGCACACCTTCAAAACAAAATGCGCATGAGAACTGCAGCGCTCGTTTCCGTTCTTGTTGGGAGGTGAGCGAGAGTCTTTGGGGGAGGGGGGAGCAACGCGTGCTGATAGTGAATGTCGTGGCCCAGGGGCGGGGTGTCGGTCGGAGGCGGACGAGTGGTGTGTGGGATGCGCACGAGGGCAACAAAGGGAAAAAGGCGAAGCGTAAAGGAGGCGTTTGTGTGTATGTGGGTGCTGCATACACACACATACGCCTCTCCTCATGCTGCAGCGGCTTCCCCCATCCCGCTCGTCCAAGGCACGTCGTCTTCAGTATCTACCCCTCTCCCCCCTGCCCACACCTTCGCACTTTTCTGAGCTTGTCGGGCCGGTCGCGTCATCGCCGCGGTGGTCGGTTGTGCGCTTCCTCCCCCTTGCCGATTTATCTGTGTTCCCTTTGCTTTTCTGTGAGAGTCACATCAACGTCGGTTACTGTCAACGAGCTCCCCACCTGTCCAGCTCAGAGAGTACTGTCATGGTGGTTTGGTGGGGTGGCGCTGCCACGAGTGAGCAGTAGAGGAGACGAGGGACATAAACAGCAGAGGAGCCGTCCTCAGAGAAGGTCGACCAGGGAAGGAGGAGAAGGGGTTCGGGTACGTCAGTTTATGAGCTAAGCACTTTCCCAGACTTCGCGCACTCTTCCCTCGCCCATTCCCGCTCCCTGTTGCGAATTCGCTGGCGCCG
1-36305r,LinJ.01,,1000,621,278268,,,,,212127,211128,,,minus,ATGCACGGAACCACACGGGCCAACAGAGGCAGGCAGGCACGCAGAGAGATGGAGGATCATCATGGACACCATGATGATCGTTGCCTGCCGTATCAACAGAAGACGATGACGACAACAACACGGAAACAAGAACAAGGACAGCAGCACGCGCGGAAGAGAAGGAGGATCGGTTGATGGAGGGAGATGGGATGGGTACATCGATGAGCGTCTGCTTCGGACAACGCAGAGTTAGAGACAGGAGCGTCTGCCACCCACCCACCCACCAATAAGTGTATAGATGTTTATACGCATATATATATATATGTAGGCAGATAGGCAGATACCAAGCGCTGACAGAGAGGAGAGAGAGAGAGCAAGGTCGATAGGAGCACCCACACCGAGCGAGAGAGCTGGAGCGCCTCCCCCCGCCCCACACGAGGGATGTGGGGTGTGTGGAGTGGGGGGGGCCTCACGAGCGCAGGACTCACGCATCACAACCGCTGTGGTGGAGTAGGGAGTGGGGTGGGGTAGGGACTAGGCATCGTGTGGACGCGCGGTGAGAAAGACACACACACACACACACACACACACACACACAAACGAGAGCCGCACCGGCACGCCGACGCGCACGCGTCGGCACACATTGTGAAAGAGGTTACGCCATGTTCGTCAGCGTTACACCACCCGCGCCGACGCCAGCGACGGTTATGACCGGTGGCTCAACGGGTATCATCGGCATCACCGTCCCGCCCAGCTGCGGATGTTGGTGCTGCAGCCCATGCGGGAGGTAGTGCTGCCCGCGGGCGGTGAAGTCGCCTCGACTCACAATGGCGTTGCCGGGCCAGTCGCCGCGTATAGACAACTCGCGATGGTGCTGTGCCACCGCGCACGGCACACAGAAGCAGGAGACGAGCACATCCAAAAAGATACTTTCCCACTCCTCGCTCAGCTTCAGCTTCGAATACCATGGGGCACACGGCGTGGCGTGTGTCGCCATCACGTCCGATTCTCCTGTGCGTGG
1-36305r,LinJ.01,,1001,621,278268,,,,,71574,70574,,,minus,AGAAGCGGTTGGTGAGCGAAATACAGATGCGCATACTGGCTGTATGGATGCCTATGCATCTCTTGTTGGCGCCGCTGCTGTTGTGTTTGCCTTCCACCCACCCTTTCTCGCAGGCTTCGTTGATGTGCACACTGTGCGGATTTCGACGCACCATCTCATCATAACACGTGCTATTTCAGGATGGAGGATGGAGAGAGACGGTCTCTTGGTCATCGCCATCTCTCTCCCGACCTCCCGACCGTCCTGTCACATGCCCACTACTACACGAGCACACATGTGCAAACCCCGAACGCACAGACGTGTATGCGCAGCCACTTCGCTTCTCTAGTTCCACCGCACAGTCTAGCCCACACTCTCAACGCGCGCGCGCGCACCATTCCTCCCCCTCCTGTGTCCTCCTCTTTCGCTTCCTCCACACACACGGACAGACAGACGCGTATCCGTCCTCCTTCCCTTTCCCAAAAGACGGACGAGGAAAGCCGCCGTCGCCACTCTCTCTCTGTGTACGTGTGCTGAACCTCTTACTCTATGCGAACGAGAGACGCACTGGCGATGAAAATGCCTCAAAATGCGGCGCAGCTGAACCGGATGCAGATTCGTGAGCAGGAGGCGCTCAACCGGCAGCGCCGCATGCAGGACGACGCGGTGGCACGGCGCGAGGAGGAGGAACTGCGGCGGACAAAGGCCCAATACGACCACGTCAGCTCGCACGGCTACGGACGAGCTGGCAGTGGTGCCGCTGCGCCGAGTGGCAGCCGTGGCGCATCCGACGAGGTGCAGATTCGCGTGTACGTGCGGGAGTGCGACGAGGAGGCGAGCCGGTCCTTCAGCTACCGAGAGGATACCGCTGCTAACTCCACCTCCCACATAGGTCCGCGTTCCGGTGCGTCTGCATCCACGTCGGCCGCTTCGCATGTCGCCAGACGTGGTGTCAACGGCGCGCTGCCACCGATTGGCTCGTCGGGGCGTCTTGGGCCACCGCGCGCGCCAGGGGCCCGTGC
1-36305r,LinJ.01,,1001,621,278268,,,,,77290,76290,,,minus,TCAAGGGTGTTCTCGACGTGGCAGCTTTCCCTCGAAACCATCTTTAGCTGCTTACACACGCAGCCGCGCCCATCTCAGCACCGAAAAATTCACGACGTCCCCACATAACGCGGCCTGATTTTAGTCTCTAACATGTCCACATACGACAAATCAGATCAGATCGGCTATGATGAGACGGATAATACGTTGAATGCCGAGCTGGAAGAAATGATGGCGCGCACCCCACCGGAGGTGCAGCGCCACCTGCAGCACCGCATTCATGATGGCATCCTGCAGCGCATGAAAGAGGAGACGACACGCAAGTGCATTACGTTCATCCAAAAGTATGAGCAGTGTGTGAACAGCCAAAAGCCGTACAACATGAAGCTATGCTATCCCCACCGGGATGCTATGAATGGGTGCGCGCAGGAGGTTAACCGGGAGGAAAACTACCAACGTTACCGCATCATGTACCTCCGTGGCGAGCTGCTTAGGTACCATGAGAAACGTATTGCCGGCAAGATGGAGGCATTCAAGGTGAAGGCTCCCGACGCGATCCGTGGGTGGAAGCACGACTACGCACCCAAGTATATGCACATGATGGAGGATTTGGGGGCGGCGCCTCTCGGCAATGCCGTGGGGACGGCGGAGGAAACCACAAACTCGAAGTAGGACCCCCCTTGTTTTGTCTTGTCGCAGCTGTGCTTCTCAGGACCACGCTTTTTCCTTCGCCTGCGGTGGCGGCGAACCACGCAAGTGAGCATGCCGGATGCAGCGCTCCGTCAGCTTTTCGTTTTCTCCCTGCTCTGATCGTCACCGCTCTGCCACGTGCATGCAGCACCCTTGGCGCCCCAATGAGGGTACGCCATCACCGACAGGGAAAGAAAGCGAGGGAGCGATGAAAACATGCAAACAACCGAAAAAAGAATCCTCATAAACTTTCGCGCGCGCACACCCACATACACACACATCGCCACACAGCCGCCCCTCCATCATGCCGGTCCCCACTCCCCCCACCTCCT
1-36305r,LinJ.01,,1001,621,278268,,,,,123038,124038,,,plus,TGTGTATCGGCTTCGTCTTCCTAGCTTCCTTTTCTCGTACGCCTTCGCATGTGTCGGTCACACGTAAATCCTTCCCCCTCTCCCTCCCCCTCATCAGGGCTTCGTCCGTCTCCTCGTTTTTCTGGTCTTCTCCTTCCTTCAAGTGTGCTTGGCGGTGTTCATCATGGTCGTCATCGTCGTCTTGTCGTCTTCTGCTGTGTTTAACTGAGGGATCTGCCTGTGTGTGCCTGTCTGTCTGTTCTGAAGCTGATCTGCGGATGTGGAATCACGTTCTCGGCCCCTCCGTATGCCTGTCTCTGTCTGTGTCTGTCTGTGTGTTGTTCCTAATCGGTGCGTGCGTGCGTGCGTGCGTGTGTGTGCGCGCGCTTCCTTTTATGTCTCCCCTTCCTCCCATACCCCCTCCCCTCCCCTCCCCTCCCCCTCTCCTCGGCCACCCCTCCATATTGTTTACGTTTTTCATGTGTGTGTATGTGTGTGTTCGCTGATGTACATTGATGTGTGTGTATGTATGTGTGCATACGTATTCCATCGGCAACGCCTCACATGATTCACCCGTCTCTCCTCGTCCCTCCTCGTCTCTAGTTAAACGCTTGTTGTTGCGATGTCTTTCTCCCTTTCTCCCTTCCCCCCTCTCTCCCTCTCTCTCTCTCTGTGCCTGTGTGTGCGTGTGTGCGCGTGTGCGTGTGTGTGTGTGTGTGTGTGCGTGCCTTTCCGTACTCTCGCTATCCCTGCGTGTCTCTCTTTCTCTCTCTCATGTCCCCGCATCCATGCCGCCTCTCAGGGCATAAAACAGAAAGCAGACACGCATCACAGAGAAAGGGGCTGGGAACGCAATCTGCGGCAGGCACGTGTGCACACACAAACACACCGAGAGTTCTGTCTGTCTGTCTCTCTCTCTCTCATCATCTCCCTTCTTGTCCTTCTCTTCTCCGTCGCGTAGGCCGTCTTGTCTCACTCATAAGGCTGATCCCCAAATCAGCCGCCGCCGCTGTGACTCAAGT
1-36305r,LinJ.01,,1001,621,278268,,,,,224532,223532,,,minus,TCCAGTCGCAGCTGAAGCTGGTCCATGTCGCTAGTACGCTGTGACTGCCGCTGCAGCTGGAGCACCTGCTCCTGGTAGAAGAAGCGGTTCTTGAGGGAAGGGAGCAGGTTCAGCTGCAGGAGGCGATACTGCTCGTAGTACTGCAGCAGCAGTGAGGTGAGGTACTCTTCCGGGCTGAAGGCCACGAGGTTGTGCTGCGCCGTTGCCGCGGACAGCGCGAACAGCAGGGCCGCTGCGGTGCTGTGCAGGCTGCCGTTGCGGCGTTGCTGCTGAAGCAGCAGGGCGTCGTGAGCGTCGGCGGCTGTGCCGTCGCCGCTGGCGTTTGTGTCGCGAGGCAAGAACGCGTTCGAGGAGGAGCCCAACAAAAGGCTCGACAGCGGATCCTCGGAGCTGGATAGCACGCTGGAACGGCGTCCACCACCGCCACCGCCACCATCAGTACCCACCGCTGCCGCCGCGCTGTCTCCTACCCCGAGATGGGCACCAAGGGCGCTTGCGCCACGGATGCTCTCCAGGGAAGGCTGGAAACGAACGTAGTCGACGTGCACCGAGTACGACTTGCGCGTGTCCCCTCCGACGGCAGCAGCAACACCGCCACCGCCACCGCCACCGCTGCGCCACTGTTGCTGGTGGTGTGCGGCGTAGACGAGGCTTGCCCCTGGCGTCGAGGACGCGGCCCTGCTGACGCGCTGCACCGACTGCAGCGCGGTGAAGTCGTAAACGGGCCGCATGTCTGTCATGGTGACGTAGTCCGCGTGGATGAGCGGTGTCTGCCGCCGCCGCAGAGCCTCACTGAGCCGGGGCCCGCGATTCGGCAACGCGCTCCAGGACGTCGCAAAGACGTCGCTCAGCATCGTGTTCGTGATGGTCGTGCGGATCGCCCGCTCTAGCGCCGGTGGGTATGTGCTCTGCACTGTGCCATCCACCCCTGCCGAGTCAGGAGCGCCGACAAGGTCCAACAACACACCTTGCGCTGGGTCGCTGAGCTGCGCCTCGAAGGC
1-55910r,LinJ.01,,1001,650,278268,,,,,55710,54710,,,minus,GCGCCGACTGCATGGATGTCCTGCGCGTTCACGTCTACTGCCCGCAGGCTCTGAGCACGGACTTCAGCTGCTGATGTGCGTGCTCGCTCCGTCGTGACACCCCACTACATTCAAATTTCGTTCACGGAGCCGCTGCCGTTTTATATGCTCAACGCGACAGTTCCGACCCGCGATGACGGAAGGCACGCACCTCCATGCGTGGCATCCCAGGGTCCAGCGCCCCCCCCCTCCACCCCCGCTCTCTCTGTGTACGGAAGCCCGGCAGCCCCCTCACCCTCTATCCCTGCCAACGCCGAACCACTTCTGGTGCTGACAGGGCTGGGCCCTTACGGCGTTGGGCGAGGTCGGCGCGACGTAGCGCCACGGATGCCGGCGGCCATGTCGTGCATGGCGCTGCGTCCGAGCCACCCGCGACAGTGAGCACAGGCTTGCACGGTCCATGCGATGGGCGGAGCGTGTCAGCGCGGCTCGAGCGTGTCGCAGCCGGCCCCTCACACTGGCCCACGGCGAGGGGTGCGGGGGCCTGAGTGTCACCGCGACGGGGAGACGCACCCAGGGAGGAGGTGGGGGGAGTGGGGACCGGCATGATGGAGGGGCGGCTGTGTGGCGATGTGTGTGTATGTGGGTGTCGTCGCGTTTGAGGCAGGAGCCGTGCTGCTATGACCGAGCCGGCGCACTGCTGCAGCGCGCGTGTGTCTTGCGCTGCTTCGCACCAGGCGATGAGAGTGGGGTGGGGTGCCTGCAGCACTCGGCGGCGGGGGGGTGCAGAGCGGCCTCCACCTCGCAGTGTGCGGCAGCGAAAACGGACACGCGGAAGACCAAACAATCTGGGACGCCCCCAAGAGGGGCGCTTCTCCCTGGGCTGCGCTTGTGCCCGACGGCTGCCTGCCGCTTGTGGGCGAGGTGCCTGCGCTGACGGCTGTGCTGAACGAGCTTGTGGAGTGGCTGTGGCTGGTGGGCGACATGCCGAAGGGAAGTTGTGGTGTTGATGTTGCTGGTGT
1-55910r,LinJ.01,,1000,650,278268,,,,,23938,24937,,,plus,AGGCGATGCTGTGAGGAGCATGGAATTGGGAAGCACCGTCACGTCGTCCTCGCATAACGAGAAAGACAACGTGGACACACACGCACAGGGCACAACCGCGGCGTAGTGTTCCTCCTCACATGGTTACCTCTCGCCCTTTCACCTCCCCGTGATGGCGGGGGAGGCGGGGGAGGCGGGGGGCACGCACCTCCATGCGTGGCATCCCAGGGTCCAGCGCCCCCCCCCTCCACCCCCGCTCTCTCTGTGTACGGAAGCCCGGCAGCCCCCTCACCCTCTATCCCTGCCAACGCCGAACCACTTCTGGTGCTGACAGGGCTGGGCCCTTACGGCGTTGGGCGAGGTCGGCGCGACGTAGCGCCACGGATGCCGGCGGCCATGTCGTGCATGGCGCTGCGTCCGAGCCACCCGCGACAGTGAGCACAGGCTTGCACGGTCCATGCGATGGGCGGAGCGTGTCAGCGCGGCTCGAGCGTGTCGCAGCCGGCCCCTCACACTGGCCCACGGCGAGGGGTGCGGGGGCCTGAGTGTCACCGCGACGGGGAGACGCACCCAGGGAGGAGGTGGGGGGAGTGGGGACCGGCATGATGGAGGGGCGGCTGTGTGGCGATGTGTGTGTATGTGGGTGTCGTCGCGTTTGAGGCAGGAGCCGTGCTGCGACGACCGAGCCGGCGCACTGCTGCAGCGCGCGTGTGTCTTGCGCTGCTTCGCACCAGGCGATGAGAGTGGGGTGGGGTGCCTGCAGCACTCGGCGGCGGGGGGGTGCAGAGCGGCCTCCACCTCGCAGTGTGCGGCAGCGAAAACGGACACGCGGAAGAGCAAACACCAAGCCCGCACCCCTCTCCTCAGCCTCAGGAACGGGCTCCTAAAACGGCTCGATGCTATCGAGCTCCGCCTGCGCAAAGGGCGCGGCACCATGCGCCACACCGCTCTCAGACAGGAGTCGCAAGATGGAGTTCACAGCAACGCGATACGACGGCGCGGCTACCTCTGTCAGCATATT
1-55910r,LinJ.01,,1000,650,278268,,,,,36117,35118,,,minus,GTGTCGGTCTGTCTTGACAGTTCGCCCCGCCCCACCCCCCTCTGCTCCCTCCCCTGGCTCCTCTCGAGACCGACGGCGGCGCTGACGGATGTGGTTGCTGCCATCACATAGCAGCTGTGGGCGACTGATGCATACACACCTGAGCGTTGTGCAATCAGCTGAGCATACCGCCTCCTCCGTGACGGCGGGGGAGGCGGGGGGCACGCACCTCCATGCGTGGCATCCCAGGGTCCAGCGCCCCCCCCCCTCCACCCCCGCTCTCTCTGTGTACGGAAGCCCGGCAGCCCCCTCACCCTCTATCCCTGCCAACGCCGAACCACTTCTGGTGCTGACAGGGCTGGGCCCTTACGGCGTTGGGCGAGGTCGGCGCGACGTAGCGCCACGGATGCCGGCGGCCATGTCGTGCATGGCGCTGCGTCCGAGCCACCCGCGACAGTGAGCACAGGCTTGCACGGTCCATGCGATGGGCGGAGCGTGTCAGCGCGGCTCGAGCGTGTCGCAGCCGGCCCCTCACACTGGCCCACGGCGAGGGGTGCGGGGGCCTGAGTGTCACCGCGACGGGGAGACGCACCCATGGAGGAGGTGGGGGGAGTGGGGACCGGCATGATGGAGGGGCGGCTGTGTGGCGATGTGTGTGTATGTGGGTGTCGTCGCGTTTGAGGCAGGAGCCGTGCTGCGATGACCGAGCCGGCGCACTGCTGCAGCGCGCGTGTGTCTTGCGCTGCTTCGCACCAGGCGATGGGAGTGGGGTGGGGTGCCTGCAGCACTCGGCGGCGGGGGGGGCAGAGCGGCCTCCACCTCTCCCCACCACTCTCATGTTCTATAGAAGAATGGCCACATCGGGTGAAACCTGCAGACGGCGCAATACGATGGAAGAGGAAATGCTTCGCACGGGCCGGTGCGTGTGTGTGCCGTGGGGGGCGGCCTCCGCGCAGGCGACGCGCGCTCTGACGCACTTCGACACCTGCTGCGTGTGGCTGTTGCTTTTCTTGTGGCGCGG
1-55910r,LinJ.01,,1000,650,278268,,,,,75646,76645,,,plus,TCAAAGTGGGAGGAGAGCGCCGCTGAGCAGGCAAGCGAGGCAACCTACGAAAACATGGCAGTGAGGAGGCGGCAGATACAGCGAGGAGGAGGAGGAGGCATAACATTTGAGCGCTGGCGTGTCGGACATCGAAACAAGGACACGTCACCTACCGCGAGGAGCCGTGGCGTGAAGGGACCACGCTGCTCCAAGATACTGCACCGCAGTCATACGAGGCACATCCAAACCACCCATTGCTGGATGGTCTAAGTGTTGGCGCGCACCCAGTGACGGGATAAACCTCAGCGTGGCATCCCAGGGTCCAGCGCCCCCCCTCCACCCCCGCTCTCTCTGTGTGCGGAAGCCCGGCAGCCCCCTCACCCTCTATCCCTGCCAACGCCGAACCACTTCTGGTGCTGACAGGGCTGGGCCCTTACGGCGTTGGGCGAGGTCGGCGCGACGTAGCGCCACGGATGCCGGCGGCCATGTCGTGCATGGCGCTGCGTCCGAGCCACCCGCGACAGTGAGCACAGGCTTGCACGGTCCATGCGATGGGCGGAGCGTGTCAGCGCGGCTCGAGCGTGTCGCAGCCGGCCCCTCACACTGGCCCACGGCGAGGGGTGCGGGGGCCTGAGTGTCACCGCGACGGGGAGACGCACCCAGGGAGGAGGTGGGGGGAGTGGGGACCGGCATGATGGAGGGGCGGCTGTGTGGCGATGTGTGTGTATGTGGGTGTGCGCGCGCGAAAGTTTATGAGGATTCTTTTTTCGGTTGTTTGCATGTTTTCATCGCTCCCTCGCTTTCTTTCCCTGTCGGTGATGGCGTACCCTCATTGGGGCGCCAAGGGTGCTGCATGCACGTGGCAGAGCGGTGACGATCAGAGCAGGGAGAAAACGAAAAGCTGACGGAGCGCTGCATCCGGCATGCTCACTTGCGTGGTTCGCCGCCACCGCAGGCGAAGGAAAAAGCGTGGTCCTGAGAAGCACAGCTGCGACAAGACAAAACAAGGGGGGTCCTACTT
1-55910r,LinJ.01,,1001,650,278268,,,,,137265,138265,,,plus,AGACGAAGTCGCTTTTCTTCTCCCTCACGGTCCGCCCTTCGTGCGATACATCATCCGCGCGGCCGACTGCGCGCCCGGATCCCCGTGCCTGCGAGGCGGGGCAGTGGTGCCGCGGTGTGCATGATGCACCACGTCGAAGGCACGTGGGCATGACATACCCTTTTTTGCGTTCTTTCCCTTCCTCTTTTCGCCCTTGACGACGGGGTGGGGCGGCGGCGCACAGACACACACACACACACACACACACACGCACACACCTCCGTGCGTGGGGGGGGGGGTACCTCAGGCTGCAGGGCGCCCACCCACCCACCCACCCACCCCCCACTCCTCCCTCCGCCGTCCCGGCCCATGCCAGAACCACCTGTGGTGGCGACCAGGGCCGAGCATCTGTGACGTCAGGGAGTGCCCCGGCAGAGCGCGAGTTAGGGCTACGGACGTCAGCGGCCATGTCGTGCATGGCGTTGCGTCGGGGCCACCCGCGACAGTGAGCGCAGGTTTGCACCGTCCATATGATGGGCAGAGCGTGTCAGCGCGGCTCGAGCGCATCGCGGCCGGCCCCTCACACTGGCCTACCCGGGGGTGGGGGAGGGGCCTGTGGAAGGGTTATTGAGGGCTGGCGTAGAGTCGGCGTTGGCGTGATGGGATGACCTCACGCCTCACGGGTGCGCAATGGGCACCCAGCGAAGACAAGATTTACGAGCTTATCCATCCGTATACTAACCAACACATGTTTCTACGTGTATATGTACTCTATGAGGGGAGGGTGGAGGGTGGAAAGAGAGAGAGACAAGGGCCGGAGCGGTGATGTACAGTGCCTCAGCCCCCTTCACCCTCCTCTTCTTTTTATCCGAGGCCAGCTGCCTCTCTCCTTTCCTCTGTTGCGGACCTCTGTGTGTGTGTGTGTGTGTGTTTCTATCTTCTCTCGGACCGCTTATGCGGTGTTCATCGACTTTCTTGCGTTATCGCTGGCGGAACGCCAGCGCCCACATTTTTTTTGTTCT
1-55910r,LinJ.01,,1001,650,278268,,,,,205336,206336,,,plus,CGGTTGGGGGGGGAGGACCGCCGGCCACCAACACGGACCACAGGCACACACACGCATATATATATTTACATGCGTGTGTGTGCATGTGTGTGTACGGGCCTCTTAAGCCAGTGATGCGGTGCCTCCGTGAGTCGATGGCGCCTCCATCCCCCTACTCGCTCTCGGTTTGGGGTCACTGCATCGAAGTTCGTTGCTCTTCTTCAGCCGTCTCGCTACGGCACAGATGACGGGGTGGGGCGGCGGCGCACACACACACACGCACACACCTCCGTGCGTGGGGGGGGGGGTACCTCAGGCTGCAGGGCGCCCACCCACCCCCCCCCACTCCTCCCTCCGCCGTCCCGGCCCATGCCAGAACCACCTGTGGTGGCGACCAGGGCCGAGCATCTGTGACGTCAGGGAGTGCCCCGGCAGAGCGCGAGTTAGGGCTACGGACGTCAGCGGCCATGTCGTGCATGGCGTTGCGTCGGGGCCACCCGCGACAGTGAGCGCAGGTTTGCACCGTCCATATGATGGGCAGAGCGTGTCAGCGCGGCTCGAGCGCATCGCGGCCGGCCCCTCACACTGGCCTACCCGGGGGTGGGGGAGGGGCCTGTGGAAGGGTTATTGAGGGCTGGCGTAGAGTCGGCGTTGGCGTGATGGGATGACTTCGCGTTGCGAGGAAGAGGAAGAGGAGACGAGACGAGACGTTGTCTGGTCGACTTTGCGGGCGCGCGCGCAGGCACAAGTATGCATATCCCTATGCATCTAGCTATCTATCTCACTGAACTCCCAGTGCGCGCGAGAGAGAGGGGGTGGGACGGGCTCGTGATGCCGTTGCGTGCGTCTCTCTGCTTCTCTACCTCTGCGGTCACGGAGGCCCACACACACACACACACACACGCACGCGCACTTTATTCATCGCCGTCGTCCAATTCTGCTCTCTGCACCTTGTGCAAGGGCGCATGTGTCTGCCGGCATCTGCGTCGCGCGGGTCTGCAGCACAGGCGGACAGCGACTCG
1-55910r,LinJ.01,,1001,650,278268,,,,,130786,129786,,,minus,ATCATCACGAGACTCGGCGGTCATGCGTGCTGCGGAAGGCCCCCTTCCGCCTCGGGCCGCCTTCCGCGACAGAACCGACGAGGGAGGGAGGTAGGAAAAGGGCCGAAGGCGAGAAGAGAACAACGGCTTCGTCGGCGCTTGACTTGCCGTGGCTGTCGATCGTCTTGATTCTTTGGTTAGCTGCTGACTCCAGCCGCCGCCTCCTCGCTGATGACGGGGCGGCGGCGCACAGACACACACACACACACACACACGCACACACCTCCGTGCGTGGGGGGGGGGTACCTCAGGCTGCAGGGCGCCCACCCACCCACCCACCCCCCACTCCTCCCTCCGCCGTCCCGGCCCATGCCAGAACCACCTGTGGTGGCGACCAGGGCCGAGCATCTGTGACGTCAGGGAGTGCCCCGGCAGAGCGCGAGTTAGGGCTACGGACGTCAGCGGCCATGTCGTGCATGGCGTTGCGTCGGGGCCACCCGCGACAGTGAGCGCAGGTTTGCACCGTCCATATGATGGGCAGAGCGTGCCAGCGCGGCTCGAGCGCATCGCGGCCGGCCCCTCACACTGGCCTACCCGGGGGTGGGGGAGGGGCCTGTGAAAGGGTTATTGAGGGCTGGCGTAGAGTCGGCGTTGGCGTGATGGGATGACTTCGCGCTGCGCGGCAGAGGGATTAGTTTGCGTTTGAGAAAAAACAGGATATCAGCGAGATACCCGAACAGCACCCGTGCATGAGCAAGTGTGTGTGTGTGCGCGCGTCAGGTGGATGGATGGTGGGATGCACACAACGGGGAGGGGAGGGGAGGGTGGAGGGGGGGGGTGGCGCATCGCTTCCGAGCGCTGTGAGCCGTTTTGTTATGCGCAAGAAGAAGAGAGTTTTCCGTGATTAGGCCGTTGACGCGACGAGGCGCTTCAGCAGCTCCACAAAACGGTGGCACTCCTTCTCCTCCGTCGCCCACGACGTGCAGAGTCGCATGATGCACGTGTTGTCCTTCAAGGACTCG
1-55910r,LinJ.01,,1001,650,278268,,,,,114285,113285,,,minus,AGGCAAACACGGGAAGGCCGGTACGGAGGAGAGGCGGTGGGTAGGTGGGCGGCAGAGGCGGTGATCGTGGCAGTGCGTGCCGGCGCAGGAGCCCTGTGTGGTTAGAATGTGATGAGGCTCAGACACGTAGATAGAGGGACTGAGGGAAGGGGAGGGGGCAGGGCGGCAACAAAATTTGAGGCCGGTTGGAAGGAGAAGAAGGGGACGAAGGCATCTGTGCGCGTGCGTGTATGTATTTTCTGCTCAATCACGCACGTGTATCGTTGTGGGGTGAGGCGGCGGCGCACAGACACACACACACACACACACACGCACACACCTCCGTGCGTGGGGGGGGGGTACCTCAGGCTGCAGGGCGCCCACCCACCCACCCACCCACCCCCCACTCCTCCCTCCGCCGTCCCGGCCCATGCCAGAACCACCTGTGGTGGCGACCAGGGCCGAGCATCTGTGACGTCAGGGAGTGCCCCGGCAGAGCGCGAGTTAGGGCTACGGACGTCAGCGGCCATGTCGTGCATGGCGCTGTGCCAAGGAGATGTGTGATGCGGATCAAGTTTGTACGCCCCCCTCAGAACGAATCGAGTCCGCTGCACTGACACGCTTCCCGACAACACCAAAAAAAAAACAATGAGCCGTGGCCCAGTGCTACGCGCATAATCAGGCCTCTACTCTCCGCCAGCTCTTGTGTCGCGATCAGGGACTACAACCACGACACAGATGCCCGAGGCTCTACATAGGCCGAGTGCTTCGCTGTGGAAGCACTCACCGTTAGACAGCAGGTCCGGAACCCTTGCTGGCGGCGGGCCCCTCCACCGCTCTCCGGCCTCGCGCTGGGGCCGCCGCGGTTCTCAAGGCGTCATCCTGCGCCTCTGTTCGGGCCGTCCACTGAGCTACGACCGTGTGCACCCCTCCTCCCCAACCACCCACCACACACACACACACCATCGCATAGCCTCGCGCGGCTTCGCCGTCATTCTGTGTTGTGACCCGCTCCTGCGCTC
1-55910r,LinJ.01,,1000,650,278268,,,,,123006,124005,,,plus,CGTTGTTTTGGTTATGTTTGTGTGTGTGTGTGTGTGTATCGGCTTCGTCTTCCTAGCTTCCTTTTCTCGTACGCCTTCGCATGTGTCGGTCACACGTAAATCCTTCCCCCTCTCCCTCCCCCTCATCAGGGCTTCGTCCGTCTCCTCGTTTTTCTGGTCTTCTCCTTCCTTCAAGTGTGCTTGGCGGTGTTCATCATGGTCGTCATCGTCGTCTTGTCGTCTTCTGCTGTGTTTAACTGAGGGATCTGCCTGTGTGTGCCTGTCTGTCTGTTCTGAAGCTGATCTGCGGATGTGGAATCACGTTCTCGGCCCCTCCGTATGCCTGTCTCTGTCTGTGTCTGTCTGTGTGTTGTTCCTAATCGGTGCGTGCGTGCGTGCGTGCGTGTGTGTGCGCGCGCTTCCTTTTATGTCTCCCCTTCCTCCCATACCCCCTCCCCTCCCCTCCCCTCCCCCTCTCCTCGGCCACCCCTCCATATTGTTTACGTTTTTCATGTGTGTGTATGTGTGTGTTCGCTGATGTACATTGATGTGTGTGTATGTATGTGTGCATACGTATTCCATCGGCAACGCCTCACATGATTCACCCGTCTCTCCTCGTCCCTCCTCGTCTCTAGTTAAACGCTTGTTGTTGCGATGTCTTTCTCCCTTTCTCCCTTCCCCCCTCTCTCCCTCTCTCTCTCTCTGTGCCTGTGTGTGCGTGTGTGCGCGTGTGCGTGTGTGTGTGTGTGTGTGTGCGTGCCTTTCCGTACTCTCGCTATCCCTGCGTGTCTCTCTTTCTCTCTCTCATGTCCCCGCATCCATGCCGCCTCTCAGGGCATAAAACAGAAAGCAGACACGCATCACAGAGAAAGGGGCTGGGAACGCAATCTGCGGCAGGCACGTGTGCACACACAAACACACCGAGAGTTCTGTCTGTCTGTCTCTCTCTCTCTCATCATCTCCCTTCTTGTCCTTCTCTTCTCCGTCGCGTAGGCCGTCTTGTCTCACTCATAAGGCTGAT
1-55910r,LinJ.01,,1000,650,278268,,,,,6834,7833,,,plus,ACTGGACTGGTAGAGCGTGCCGTAGCCGAGGTAACGCACGTATCGCCACAACTCGGTGTTGAAAAAGGTCCGCTTCACCTCGTTCAAGCAGGCGATATCGGGGTCGTAGCACCGCAGCAGCTCCACAATGTGCTTGCGACGGTGCTCCGGCGTGAGGAAGGGTGGGAGCTCCTTGTCGATGGAGGGGTCGTAGTCGCAGAAGGCGTTGGGGTCGTCGCATTCCGGGTTGCGCGTAAACTCGGGCACGCGCACCCGCACCGCCTCGACGGGGGTGGTGTGGCTGGGCCCCCAGGCGTCCGTCATCATGTTGAAGCTCATCAGGCGGAACCAGTCACGCCGTGAGAGGCTCGTCGACAGCTGAGAGACGGGCGCCTTCACCCACTTGCGCTTCAGCGGAGGCTCGCGCTCCGCCTCCATCTTCTCCGCTTGCATCTCACGCGCCAGCAGGCTCGACATCTTCGCCTCCAGCGCGCTCTGCGTGATCTGCGCGTCCATGATGGAGGGGCGGATCGTTGTGCGCGTGCCGGTGTCCCGCATCAGACCCAGGACCGGGCCACCGCTCACCAGTGGCGGATCATTCAGCAGCGCTGAGCAGCGTCTCAACATCTACAGAAGGGGAGGGAGGTGAAGGAAATCACTGCATGAGGCAAGCGACGCTCGAAGATGGCGAAGCACGGTCCGCTCTGGGCGTCTGTGCGTAGGTGGGTCGGTGTGAGCGATGCGTTTGCAGAGGGAATACTTCACAGTCCAGAGCAGACGAATAAGCGGAGGGAGGAAGGGGGGGGGGGGGGGGGCACTGATGCAGCGGCACACGTCGCCCACAGAAATACGCGAGAAGACGGGGGAGAGAGGAAGAGCAGGATAGACGGTCGTGAAGGATGAGAGGAAAAGGGCACAAGACGGCAAGACACGTTCGTGTGTGACTTTCAGAGGCACACAGAGGTATGTGCAAGCACACGTAGTACAGTGTGCAATCAGCAGCCCGCGCGCCTTTCTCTCT
1-55910r,LinJ.01,,1000,650,278268,,,,,16952,17951,,,plus,GCATGGCTTGTTGGGAATCGGTTCTGTTTGTGGGTAAGATGAATGGGTGTGGGGAGGTCGAGCAGAGGTGCAACGCCACACAGACGGTGAAACTAAAGGGCGCAGCGTTTTTGAGGGGGTTGAGGGGAGAGACGAGCACAGGCAGAGCTGGGACACGGCGGCTGTGAAGACGAGAAAAATGTGGGAAAACCGGGGGGAGGAAGACGGAGTCGAGGATGTGAGTGAGGGAGTGAGCGGGAGGGAGGGAAGGAGGGAGGAGAATAGGGAAGGTAAAAGTAGTGCACACCTTCAAAACAAAATGCGCATGAGAACTGCAGCGCTCGTTTCCGTTCTTGTTGGGAGGTGAGCGAGAGTCTTTGGGGGAGGGGGGAGCAACGCGTGCTGATAGTGAATGTCGTGGCCCAGGGGCGGGGTGTCGGTCGGAGGCGGACGAGTGGTGTGTGGGATGCGCACGAGGGCAACAAAGGGAAAAAGGCGAAGCGTAAAGGAGGCGTTTGTGTGTATGTGGGTGCTGCATACACACACATACGCCTCTCCTCATGCTGCAGCGGCTTCCCCCATCCCGCTCGTCCAAGGCACGTCGTCTTCAGTATCTACCCCTCTCCCCCCTGCCCACACCTTCGCACTTTTCTGAGCTTGTCGGGCCGGTCGCGTCATCGCCGCGGTGGTCGGTTGTGCGCTTCCTCCCCCTTGCCGATTTATCTGTGTTCCCTTTGCTTTTCTGTGAGAGTCACATCAACGTCGGTTACTGTCAACGAGCTCCCCACCTGTCCAGCTCAGAGAGTACTGTCATGGTGGTTTGGTGGGGTGGCGCTGCCACGAGTGAGCAGTAGAGGAGACGAGGGACATAAACAGCAGAGGAGCCGTCCTCAGAGAAGGTCGACCAGGGAAGGAGGAGAAGGGGTTCGGGTACGTCAGTTTATGAGCTAAGCACTTTCCCAGACTTCGCGCACTCTTCCCTCGCCCATTCCCGCTCCCTGTTGCGAATTCGCTGGCGCCG
1-55910r,LinJ.01,,1001,650,278268,,,,,56313,57313,,,plus,AGCCCGGGTGAAGCGCGGAGATGAGGCTGCCCACCACCACCACTTCCTTGCTCACGTGCGCTGAGAGTTAGAGAGAGACACACACAAGAGCGAAAAGCTGCACCGTCGTGTACGCTGTGGCGTACGTGAGTCGCTTCTCCTATCGCCGCGTACGCACCGCACCCCGCACCCTTTTCCGTCCTCGGCGCGCATTTCTGTGCGTGCGTGCACAATCGAGAGTGTGGTGGAGAAGAAGTAGGTGGCGATGCGGCGCTGGCCGTGTGTGTGTGTGTGTGTCCCTGTGCGTCCTTTCCTTCCCAGCTGCCTTCCATGAGTTGTGCGCCTTCTTGAGGTGCAGAGAACTCAGAGACGCAGTGAGACAAAGACCCCTCGGACTAGCAGAGCGAGAGCGAGAGAGAGGGGGAGCACGACGCCCGAGGCGGAAGGAAGCGTCGCCGTTGTCGCTGTCGGCGGACAGACAGGCACAGACAGTGAGATGATGTCCGTGGTAGGGAGGGAGGAGGTGGGGCACCGCGGTGTTGCAAGTTGAGGTGTGTCTAGTAGTACATCGGGGCATCAACGGAAACAAATCAAAGAAGACGTTGAGAACGAGAGAAGAGAGCCCGTGAGGGGGCGCAGGAGGGGCCGGTGGCGAGCCGCACGCGGTTCGGATGGAGGCAGCACACACAGGACAAGAGAAGAAACTTACCGACGCGGTGACAAGCGCCTGCCATCACGCACATGCAAGGCAGCGACGACCCACGGTTCCGCACACACACAAACATATATAAGCGTTCGCCTACTGCCCTCCCTATCTCTCGCCCACTGCCCTCCCTATCTCTCGCCCACTCTACCCACCCATCTCCACCCCGCACACCTGTGCGTGCAAGCGAGCGCCGCCACGGGCTCTCCACCCCTTGTGGGAGGTGCTGCCGCTTCCATACTGATCGCTGTTGTGCCGTCCCACGCCCGCCTGCCATTCGTTCGGCCTTGAGCAGGCCCGACTCTCTCTCGGATCGGCA
1-55910r,LinJ.01,,1001,650,278268,,,,,71574,70574,,,minus,AGAAGCGGTTGGTGAGCGAAATACAGATGCGCATACTGGCTGTATGGATGCCTATGCATCTCTTGTTGGCGCCGCTGCTGTTGTGTTTGCCTTCCACCCACCCTTTCTCGCAGGCTTCGTTGATGTGCACACTGTGCGGATTTCGACGCACCATCTCATCATAACACGTGCTATTTCAGGATGGAGGATGGAGAGAGACGGTCTCTTGGTCATCGCCATCTCTCTCCCGACCTCCCGACCGTCCTGTCACATGCCCACTACTACACGAGCACACATGTGCAAACCCCGAACGCACAGACGTGTATGCGCAGCCACTTCGCTTCTCTAGTTCCACCGCACAGTCTAGCCCACACTCTCAACGCGCGCGCGCGCACCATTCCTCCCCCTCCTGTGTCCTCCTCTTTCGCTTCCTCCACACACACGGACAGACAGACGCGTATCCGTCCTCCTTCCCTTTCCCAAAAGACGGACGAGGAAAGCCGCCGTCGCCACTCTCTCTCTGTGTACGTGTGCTGAACCTCTTACTCTATGCGAACGAGAGACGCACTGGCGATGAAAATGCCTCAAAATGCGGCGCAGCTGAACCGGATGCAGATTCGTGAGCAGGAGGCGCTCAACCGGCAGCGCCGCATGCAGGACGACGCGGTGGCACGGCGCGAGGAGGAGGAACTGCGGCGGACAAAGGCCCAATACGACCACGTCAGCTCGCACGGCTACGGACGAGCTGGCAGTGGTGCCGCTGCGCCGAGTGGCAGCCGTGGCGCATCCGACGAGGTGCAGATTCGCGTGTACGTGCGGGAGTGCGACGAGGAGGCGAGCCGGTCCTTCAGCTACCGAGAGGATACCGCTGCTAACTCCACCTCCCACATAGGTCCGCGTTCCGGTGCGTCTGCATCCACGTCGGCCGCTTCGCATGTCGCCAGACGTGGTGTCAACGGCGCGCTGCCACCGATTGGCTCGTCGGGGCGTCTTGGGCCACCGCGCGCGCCAGGGGCCCGTGC
1-55910r,LinJ.01,,1001,650,278268,,,,,123038,124038,,,plus,TGTGTATCGGCTTCGTCTTCCTAGCTTCCTTTTCTCGTACGCCTTCGCATGTGTCGGTCACACGTAAATCCTTCCCCCTCTCCCTCCCCCTCATCAGGGCTTCGTCCGTCTCCTCGTTTTTCTGGTCTTCTCCTTCCTTCAAGTGTGCTTGGCGGTGTTCATCATGGTCGTCATCGTCGTCTTGTCGTCTTCTGCTGTGTTTAACTGAGGGATCTGCCTGTGTGTGCCTGTCTGTCTGTTCTGAAGCTGATCTGCGGATGTGGAATCACGTTCTCGGCCCCTCCGTATGCCTGTCTCTGTCTGTGTCTGTCTGTGTGTTGTTCCTAATCGGTGCGTGCGTGCGTGCGTGCGTGTGTGTGCGCGCGCTTCCTTTTATGTCTCCCCTTCCTCCCATACCCCCTCCCCTCCCCTCCCCTCCCCCTCTCCTCGGCCACCCCTCCATATTGTTTACGTTTTTCATGTGTGTGTATGTGTGTGTTCGCTGATGTACATTGATGTGTGTGTATGTATGTGTGCATACGTATTCCATCGGCAACGCCTCACATGATTCACCCGTCTCTCCTCGTCCCTCCTCGTCTCTAGTTAAACGCTTGTTGTTGCGATGTCTTTCTCCCTTTCTCCCTTCCCCCCTCTCTCCCTCTCTCTCTCTCTGTGCCTGTGTGTGCGTGTGTGCGCGTGTGCGTGTGTGTGTGTGTGTGTGTGCGTGCCTTTCCGTACTCTCGCTATCCCTGCGTGTCTCTCTTTCTCTCTCTCATGTCCCCGCATCCATGCCGCCTCTCAGGGCATAAAACAGAAAGCAGACACGCATCACAGAGAAAGGGGCTGGGAACGCAATCTGCGGCAGGCACGTGTGCACACACAAACACACCGAGAGTTCTGTCTGTCTGTCTCTCTCTCTCTCATCATCTCCCTTCTTGTCCTTCTCTTCTCCGTCGCGTAGGCCGTCTTGTCTCACTCATAAGGCTGATCCCCAAATCAGCCGCCGCCGCTGTGACTCAAGT
1-112979r,LinJ.01,,1000,259,278268,,,,,114389,113390,,,minus,GGAATCCGGAAAAGAGAGACGGGTGTGGAGCCGTCGGACAGCAGTGCACTGTTTCGTGTTGCGGTGCGGCTATCGACGGCGGTGAACGAGCCGGTGAGTCTTCAAGGCAAACACGGGAAGGCCGGTACGGAGGAGAGGCGGTGGGTAGGTGGGCGGCAGAGGCGGTGATCGTGGCAGTGCGTGCCGGCGCAGGAGCCCTGTGTGGTTAGAATGTGATGAGGCTCAGACACGTAGATAGAGGGACTGAGGGAAGGGGAGGGGGCAGGGCGGCAACAAAATTTGAGGCCGGTTGGAAGGAGAAGAAGGGGACGAAGGCATCTGTGCGCGTGCGTGTATGTATTTTCTGCTCAATCACGCACGTGTATCGTTGTGGGGTGAGGCGGCGGCGCACAGACACACACACACACACACACACGCACACACCTCCGTGCGTGGGGGGGGGGTACCTCAGGCTGCAGGGCGCCCACCCACCCACCCACCCACCCCCCACTCCTCCCTCCGCCGTCCCGGCCCATGCCAGAACCACCTGTGGTGGCGACCAGGGCCGAGCATCTGTGACGTCAGGGAGTGCCCCGGCAGAGCGCGAGTTAGGGCTACGGACGTCAGCGGCCATGTCGTGCATGGCGCTGTGCCAAGGAGATGTGTGATGCGGATCAAGTTTGTACGCCCCCCTCAGAACGAATCGAGTCCGCTGCACTGACACGCTTCCCGACAACACCAAAAAAAAAACAATGAGCCGTGGCCCAGTGCTACGCGCATAATCAGGCCTCTACTCTCCGCCAGCTCTTGTGTCGCGATCAGGGACTACAACCACGACACAGATGCCCGAGGCTCTACATAGGCCGAGTGCTTCGCTGTGGAAGCACTCACCGTTAGACAGCAGGTCCGGAACCCTTGCTGGCGGCGGGCCCCTCCACCGCTCTCCGGCCTCGCGCTGGGGCCGCCGCGGTTCTCAAGGCGTCATCCTGCGCCTCTGTTCGGGCCGTCCACTGAGCTACGA
1-112979r,LinJ.01,,1000,259,278268,,,,,137096,138095,,,plus,GTCCACGCGTCGGGGGCGGGGGGGAGGGGGGGCATCTGCGGATACCGACACACACACACACACACACACACACAGGTACAGCGCCGCACCGTGCCGCTCTGCATATGCTTTTCGTTGTTGTTTATTTTGGTTTGTTTTCTCGGCGCTGGGCTCGGAGACGCGTTCCACCAGACGAAGTCGCTTTTCTTCTCCCTCACGGTCCGCCCTTCGTGCGATACATCATCCGCGCGGCCGACTGCGCGCCCGGATCCCCGTGCCTGCGAGGCGGGGCAGTGGTGCCGCGGTGTGCATGATGCACCACGTCGAAGGCACGTGGGCATGACATACCCTTTTTTGCGTTCTTTCCCTTCCTCTTTTCGCCCTTGACGACGGGGTGGGGCGGCGGCGCACAGACACACACACACACACACACACACACGCACACACCTCCGTGCGTGGGGGGGGGGGTACCTCAGGCTGCAGGGCGCCCACCCACCCACCCACCCACCCCCCACTCCTCCCTCCGCCGTCCCGGCCCATGCCAGAACCACCTGTGGTGGCGACCAGGGCCGAGCATCTGTGACGTCAGGGAGTGCCCCGGCAGAGCGCGAGTTAGGGCTACGGACGTCAGCGGCCATGTCGTGCATGGCGTTGCGTCGGGGCCACCCGCGACAGTGAGCGCAGGTTTGCACCGTCCATATGATGGGCAGAGCGTGTCAGCGCGGCTCGAGCGCATCGCGGCCGGCCCCTCACACTGGCCTACCCGGGGGTGGGGGAGGGGCCTGTGGAAGGGTTATTGAGGGCTGGCGTAGAGTCGGCGTTGGCGTGATGGGATGACCTCACGCCTCACGGGTGCGCAATGGGCACCCAGCGAAGACAAGATTTACGAGCTTATCCATCCGTATACTAACCAACACATGTTTCTACGTGTATATGTACTCTATGAGGGGAGGGTGGAGGGTGGAAAGAGAGAGAGACAAGGGCCGGAGCGGTGATGTACAGTGCCTCAGCCCCCTTCACC
1-112979r,LinJ.01,,1001,259,278268,,,,,130946,129946,,,minus,AACCTTGTCTTAGCGCGAGAGGTGTGTGATGACAGAGAACCAGTGCGTGCTGGTGGCCTGCTGAGGTGGTGGCCCCCCCTCCTCTTCCTCCCTCCCTCCGTGAGGGCACAGAGAGAGAGAGAGAGCAAAGCCGTCTGGCAGGATGTGAAAGAGGGCAGGGATCATCACGAGACTCGGCGGTCATGCGTGCTGCGGAAGGCCCCCTTCCGCCTCGGGCCGCCTTCCGCGACAGAACCGACGAGGGAGGGAGGTAGGAAAAGGGCCGAAGGCGAGAAGAGAACAACGGCTTCGTCGGCGCTTGACTTGCCGTGGCTGTCGATCGTCTTGATTCTTTGGTTAGCTGCTGACTCCAGCCGCCGCCTCCTCGCTGATGACGGGGCGGCGGCGCACAGACACACACACACACACACACACGCACACACCTCCGTGCGTGGGGGGGGGGTACCTCAGGCTGCAGGGCGCCCACCCACCCACCCACCCCCCACTCCTCCCTCCGCCGTCCCGGCCCATGCCAGAACCACCTGTGGTGGCGACCAGGGCCGAGCATCTGTGACGTCAGGGAGTGCCCCGGCAGAGCGCGAGTTAGGGCTACGGACGTCAGCGGCCATGTCGTGCATGGCGTTGCGTCGGGGCCACCCGCGACAGTGAGCGCAGGTTTGCACCGTCCATATGATGGGCAGAGCGTGCCAGCGCGGCTCGAGCGCATCGCGGCCGGCCCCTCACACTGGCCTACCCGGGGGTGGGGGAGGGGCCTGTGAAAGGGTTATTGAGGGCTGGCGTAGAGTCGGCGTTGGCGTGATGGGATGACTTCGCGCTGCGCGGCAGAGGGATTAGTTTGCGTTTGAGAAAAAACAGGATATCAGCGAGATACCCGAACAGCACCCGTGCATGAGCAAGTGTGTGTGTGTGCGCGCGTCAGGTGGATGGATGGTGGGATGCACACAACGGGGAGGGGAGGGGAGGGTGGAGGGGGGGGGTGGCGCATCGCTTCCGAGCGCTGT
1-112979r,LinJ.01,,1000,259,278268,,,,,205189,206188,,,plus,CTTGCTCGGCGCACACACACCTCACACCCCCTCCACCCCCGGCAACAGCCATCGGACACGCGCTCACGCAGGGCAGACGCGCGCGCCCCCCCTCATCCTCCTCTTTTCTCTGTCGACGGTCAGAACGGGCACCGGCGAAACGATGCGCGGTTGGGGGGGGAGGACCGCCGGCCACCAACACGGACCACAGGCACACACACGCATATATATATTTACATGCGTGTGTGTGCATGTGTGTGTACGGGCCTCTTAAGCCAGTGATGCGGTGCCTCCGTGAGTCGATGGCGCCTCCATCCCCCTACTCGCTCTCGGTTTGGGGTCACTGCATCGAAGTTCGTTGCTCTTCTTCAGCCGTCTCGCTACGGCACAGATGACGGGGTGGGGCGGCGGCGCACACACACACACGCACACACCTCCGTGCGTGGGGGGGGGGGTACCTCAGGCTGCAGGGCGCCCACCCACCCCCCCCCACTCCTCCCTCCGCCGTCCCGGCCCATGCCAGAACCACCTGTGGTGGCGACCAGGGCCGAGCATCTGTGACGTCAGGGAGTGCCCCGGCAGAGCGCGAGTTAGGGCTACGGACGTCAGCGGCCATGTCGTGCATGGCGTTGCGTCGGGGCCACCCGCGACAGTGAGCGCAGGTTTGCACCGTCCATATGATGGGCAGAGCGTGTCAGCGCGGCTCGAGCGCATCGCGGCCGGCCCCTCACACTGGCCTACCCGGGGGTGGGGGAGGGGCCTGTGGAAGGGTTATTGAGGGCTGGCGTAGAGTCGGCGTTGGCGTGATGGGATGACTTCGCGTTGCGAGGAAGAGGAAGAGGAGACGAGACGAGACGTTGTCTGGTCGACTTTGCGGGCGCGCGCGCAGGCACAAGTATGCATATCCCTATGCATCTAGCTATCTATCTCACTGAACTCCCAGTGCGCGCGAGAGAGAGGGGGTGGGACGGGCTCGTGATGCCGTTGCGTGCGTCTCTCTGCTTCTCTACCTCTGCGGTCA
1-112979r,LinJ.01,,1001,259,278268,,,,,23806,24806,,,plus,AGACGCGGGGAGGGGGCGGCCGATAAAGGAGGGGTCAAAGTCCGCCTTGCTGCTTGCACAGCAGCAGGTGCCGGCAGGGGCGTCGTCCGATCCGCCGAGGGAGAGCGAAAGCCAAAGAACGCGAGCAGCTACAGGCGATGCTGTGAGGAGCATGGAATTGGGAAGCACCGTCACGTCGTCCTCGCATAACGAGAAAGACAACGTGGACACACACGCACAGGGCACAACCGCGGCGTAGTGTTCCTCCTCACATGGTTACCTCTCGCCCTTTCACCTCCCCGTGATGGCGGGGGAGGCGGGGGAGGCGGGGGGCACGCACCTCCATGCGTGGCATCCCAGGGTCCAGCGCCCCCCCCCTCCACCCCCGCTCTCTCTGTGTACGGAAGCCCGGCAGCCCCCTCACCCTCTATCCCTGCCAACGCCGAACCACTTCTGGTGCTGACAGGGCTGGGCCCTTACGGCGTTGGGCGAGGTCGGCGCGACGTAGCGCCACGGATGCCGGCGGCCATGTCGTGCATGGCGCTGCGTCCGAGCCACCCGCGACAGTGAGCACAGGCTTGCACGGTCCATGCGATGGGCGGAGCGTGTCAGCGCGGCTCGAGCGTGTCGCAGCCGGCCCCTCACACTGGCCCACGGCGAGGGGTGCGGGGGCCTGAGTGTCACCGCGACGGGGAGACGCACCCAGGGAGGAGGTGGGGGGAGTGGGGACCGGCATGATGGAGGGGCGGCTGTGTGGCGATGTGTGTGTATGTGGGTGTCGTCGCGTTTGAGGCAGGAGCCGTGCTGCGACGACCGAGCCGGCGCACTGCTGCAGCGCGCGTGTGTCTTGCGCTGCTTCGCACCAGGCGATGAGAGTGGGGTGGGGTGCCTGCAGCACTCGGCGGCGGGGGGGTGCAGAGCGGCCTCCACCTCGCAGTGTGCGGCAGCGAAAACGGACACGCGGAAGAGCAAACACCAAGCCCGCACCCCTCTCCTCAGCCTCAGGAACGGGCTCCTAAAAC
1-112979r,LinJ.01,,1001,259,278268,,,,,36227,35227,,,minus,TCGCCGTCATGGTGCTGCTGGTGTATGTCTGTGTCTGTCTCTGTGCGTGGGGGTGTGTGCCACTCAGTTTTCTCTGCACTGCCCTCGGCGGCGGCATCACACGGCTGCGTGTGTCGGTCTGTCTTGACAGTTCGCCCCGCCCCACCCCCCTCTGCTCCCTCCCCTGGCTCCTCTCGAGACCGACGGCGGCGCTGACGGATGTGGTTGCTGCCATCACATAGCAGCTGTGGGCGACTGATGCATACACACCTGAGCGTTGTGCAATCAGCTGAGCATACCGCCTCCTCCGTGACGGCGGGGGAGGCGGGGGGCACGCACCTCCATGCGTGGCATCCCAGGGTCCAGCGCCCCCCCCCCTCCACCCCCGCTCTCTCTGTGTACGGAAGCCCGGCAGCCCCCTCACCCTCTATCCCTGCCAACGCCGAACCACTTCTGGTGCTGACAGGGCTGGGCCCTTACGGCGTTGGGCGAGGTCGGCGCGACGTAGCGCCACGGATGCCGGCGGCCATGTCGTGCATGGCGCTGCGTCCGAGCCACCCGCGACAGTGAGCACAGGCTTGCACGGTCCATGCGATGGGCGGAGCGTGTCAGCGCGGCTCGAGCGTGTCGCAGCCGGCCCCTCACACTGGCCCACGGCGAGGGGTGCGGGGGCCTGAGTGTCACCGCGACGGGGAGACGCACCCATGGAGGAGGTGGGGGGAGTGGGGACCGGCATGATGGAGGGGCGGCTGTGTGGCGATGTGTGTGTATGTGGGTGTCGTCGCGTTTGAGGCAGGAGCCGTGCTGCGATGACCGAGCCGGCGCACTGCTGCAGCGCGCGTGTGTCTTGCGCTGCTTCGCACCAGGCGATGGGAGTGGGGTGGGGTGCCTGCAGCACTCGGCGGCGGGGGGGGCAGAGCGGCCTCCACCTCTCCCCACCACTCTCATGTTCTATAGAAGAATGGCCACATCGGGTGAAACCTGCAGACGGCGCAATACGATGGAAGAGGAAATGCTTCGCA
1-112979r,LinJ.01,,1001,259,278268,,,,,55839,54839,,,minus,CCTATGTCCAGCGCGGCGTCCACTGCATCGATGCAGGTGCGGGAACCGAGGCACTTGGTGAGCGTATGGTGATCGCCGTCGATCTGTCGCACACGAGCACGTGCCATGACTGTGAGGACTGCCTCGGACGCGCCGACTGCATGGATGTCCTGCGCGTTCACGTCTACTGCCCGCAGGCTCTGAGCACGGACTTCAGCTGCTGATGTGCGTGCTCGCTCCGTCGTGACACCCCACTACATTCAAATTTCGTTCACGGAGCCGCTGCCGTTTTATATGCTCAACGCGACAGTTCCGACCCGCGATGACGGAAGGCACGCACCTCCATGCGTGGCATCCCAGGGTCCAGCGCCCCCCCCCTCCACCCCCGCTCTCTCTGTGTACGGAAGCCCGGCAGCCCCCTCACCCTCTATCCCTGCCAACGCCGAACCACTTCTGGTGCTGACAGGGCTGGGCCCTTACGGCGTTGGGCGAGGTCGGCGCGACGTAGCGCCACGGATGCCGGCGGCCATGTCGTGCATGGCGCTGCGTCCGAGCCACCCGCGACAGTGAGCACAGGCTTGCACGGTCCATGCGATGGGCGGAGCGTGTCAGCGCGGCTCGAGCGTGTCGCAGCCGGCCCCTCACACTGGCCCACGGCGAGGGGTGCGGGGGCCTGAGTGTCACCGCGACGGGGAGACGCACCCAGGGAGGAGGTGGGGGGAGTGGGGACCGGCATGATGGAGGGGCGGCTGTGTGGCGATGTGTGTGTATGTGGGTGTCGTCGCGTTTGAGGCAGGAGCCGTGCTGCTATGACCGAGCCGGCGCACTGCTGCAGCGCGCGTGTGTCTTGCGCTGCTTCGCACCAGGCGATGAGAGTGGGGTGGGGTGCCTGCAGCACTCGGCGGCGGGGGGGTGCAGAGCGGCCTCCACCTCGCAGTGTGCGGCAGCGAAAACGGACACGCGGAAGACCAAACAATCTGGGACGCCCCCAAGAGGGGCGCTTCTCCCTGGGCTGCGCTTGT
1-112979r,LinJ.01,,1001,259,278268,,,,,75603,76603,,,plus,AGAAACACGTCCGCGAAACCAGCGGCTGCGTCTGTCAGTCCCCTCAAAGTGGGAGGAGAGCGCCGCTGAGCAGGCAAGCGAGGCAACCTACGAAAACATGGCAGTGAGGAGGCGGCAGATACAGCGAGGAGGAGGAGGAGGCATAACATTTGAGCGCTGGCGTGTCGGACATCGAAACAAGGACACGTCACCTACCGCGAGGAGCCGTGGCGTGAAGGGACCACGCTGCTCCAAGATACTGCACCGCAGTCATACGAGGCACATCCAAACCACCCATTGCTGGATGGTCTAAGTGTTGGCGCGCACCCAGTGACGGGATAAACCTCAGCGTGGCATCCCAGGGTCCAGCGCCCCCCCTCCACCCCCGCTCTCTCTGTGTGCGGAAGCCCGGCAGCCCCCTCACCCTCTATCCCTGCCAACGCCGAACCACTTCTGGTGCTGACAGGGCTGGGCCCTTACGGCGTTGGGCGAGGTCGGCGCGACGTAGCGCCACGGATGCCGGCGGCCATGTCGTGCATGGCGCTGCGTCCGAGCCACCCGCGACAGTGAGCACAGGCTTGCACGGTCCATGCGATGGGCGGAGCGTGTCAGCGCGGCTCGAGCGTGTCGCAGCCGGCCCCTCACACTGGCCCACGGCGAGGGGTGCGGGGGCCTGAGTGTCACCGCGACGGGGAGACGCACCCAGGGAGGAGGTGGGGGGAGTGGGGACCGGCATGATGGAGGGGCGGCTGTGTGGCGATGTGTGTGTATGTGGGTGTGCGCGCGCGAAAGTTTATGAGGATTCTTTTTTCGGTTGTTTGCATGTTTTCATCGCTCCCTCGCTTTCTTTCCCTGTCGGTGATGGCGTACCCTCATTGGGGCGCCAAGGGTGCTGCATGCACGTGGCAGAGCGGTGACGATCAGAGCAGGGAGAAAACGAAAAGCTGACGGAGCGCTGCATCCGGCATGCTCACTTGCGTGGTTCGCCGCCACCGCAGGCGAAGGAAAAAGCGTGGTCCTGA
1-112979r,LinJ.01,,1001,259,278268,,,,,58778,57778,,,minus,GTCTGGCCCCACAGAGCTTCCTCAGCGTCTCCAGCGCCACAGTAGCGCCTAAACAGGGGGTGGAGGCGAAGCCAAGTTGGGGTGCGGCCCTTCCGTCCAGACCTCTTCGGCGTCGTGCGGCTCGGTGTTTCGCGGCACGGTTACACACGCCTCTCCGTATTTTGGATTGCCGGTCCATGCGTGTGTGTCGTTGGTGGCGCGGTCCCTCCCTCGCTCCTCCACACCTTGACCCTCTTCTCTCCCTCTCGCTCTCTCTCTCTCGCGCGCACTGGCAAAGGAACGGGTACCAGTCTTCACGCCAGTGGTTGACACACTCGTGCCCACTCCGCAAGCCTTCTCTCGCTTTCACGGCCATCACAGCCGCCCCAGCGCCTCTTTCTGCGTGCTCTCGTGTGTATCTGGGCAGCTATCATCGTCACGAACCACCATGAAGGGCGTCACCTCGTTCACCGTCTACGGACTGGTCACGGCGGCGGACTTCCAGCGTTGTGCAGAGGCGGCGGCGCACGTGAACGACAAGTACCCGGAATCCTATGCCGTCGTAGTGAAACTAGAGCTTCCACGAGACTTTGCCGAGCGGCGGGCTGCGTGGGCGTCGGCGGGGCAGCTGCCGTCCCAGCAGCAGCCGACAGACACCTCGTTCTGTGAGAGCGGTGGGCCAGCTACCACGGCGTCCGCGGCTGCTGCCGAACCGGCCTCGGTACTGGTGGAGCAGCACGGCAGCGATAGCGAGCCACAGCGCCTTCTTACTGCAGAGACCTTCTTGCACAACATCGCTACTCACACGGACTATAAGCCCGACGCCACGGAGGACTACTACACCGCGCAAGGCAAGAGCGCGTGGCGTGCCTTCCTCGCATCGCGTGGCCGACAGTACTGCTGGATGGACGTGTCAGTGGACGGCGTGGCGGTGGGGAGGGTTTGGTTTGAGCTGTACGCGACTGTGGCTCCGCTGACGTGCAAGAACTTCTGCGAGCTGTGCCGCGGCACCACGGTTGCCA
1-129494r,LinJ.01,,1001,447,278268,,,,,130855,129855,,,minus,CTCCCTCCGTGAGGGCACAGAGAGAGAGAGAGAGCAAAGCCGTCTGGCAGGATGTGAAAGAGGGCAGGGATCATCACGAGACTCGGCGGTCATGCGTGCTGCGGAAGGCCCCCTTCCGCCTCGGGCCGCCTTCCGCGACAGAACCGACGAGGGAGGGAGGTAGGAAAAGGGCCGAAGGCGAGAAGAGAACAACGGCTTCGTCGGCGCTTGACTTGCCGTGGCTGTCGATCGTCTTGATTCTTTGGTTAGCTGCTGACTCCAGCCGCCGCCTCCTCGCTGATGACGGGGCGGCGGCGCACAGACACACACACACACACACACACGCACACACCTCCGTGCGTGGGGGGGGGGTACCTCAGGCTGCAGGGCGCCCACCCACCCACCCACCCCCCACTCCTCCCTCCGCCGTCCCGGCCCATGCCAGAACCACCTGTGGTGGCGACCAGGGCCGAGCATCTGTGACGTCAGGGAGTGCCCCGGCAGAGCGCGAGTTAGGGCTACGGACGTCAGCGGCCATGTCGTGCATGGCGTTGCGTCGGGGCCACCCGCGACAGTGAGCGCAGGTTTGCACCGTCCATATGATGGGCAGAGCGTGCCAGCGCGGCTCGAGCGCATCGCGGCCGGCCCCTCACACTGGCCTACCCGGGGGTGGGGGAGGGGCCTGTGAAAGGGTTATTGAGGGCTGGCGTAGAGTCGGCGTTGGCGTGATGGGATGACTTCGCGCTGCGCGGCAGAGGGATTAGTTTGCGTTTGAGAAAAAACAGGATATCAGCGAGATACCCGAACAGCACCCGTGCATGAGCAAGTGTGTGTGTGTGCGCGCGTCAGGTGGATGGATGGTGGGATGCACACAACGGGGAGGGGAGGGGAGGGTGGAGGGGGGGGGTGGCGCATCGCTTCCGAGCGCTGTGAGCCGTTTTGTTATGCGCAAGAAGAAGAGAGTTTTCCGTGATTAGGCCGTTGACGCGACGAGGCGCTTCAGCAGCTCCACAAAACGGTGG
1-129494r,LinJ.01,,1001,447,278268,,,,,137195,138195,,,plus,TGCATATGCTTTTCGTTGTTGTTTATTTTGGTTTGTTTTCTCGGCGCTGGGCTCGGAGACGCGTTCCACCAGACGAAGTCGCTTTTCTTCTCCCTCACGGTCCGCCCTTCGTGCGATACATCATCCGCGCGGCCGACTGCGCGCCCGGATCCCCGTGCCTGCGAGGCGGGGCAGTGGTGCCGCGGTGTGCATGATGCACCACGTCGAAGGCACGTGGGCATGACATACCCTTTTTTGCGTTCTTTCCCTTCCTCTTTTCGCCCTTGACGACGGGGTGGGGCGGCGGCGCACAGACACACACACACACACACACACACACGCACACACCTCCGTGCGTGGGGGGGGGGGTACCTCAGGCTGCAGGGCGCCCACCCACCCACCCACCCACCCCCCACTCCTCCCTCCGCCGTCCCGGCCCATGCCAGAACCACCTGTGGTGGCGACCAGGGCCGAGCATCTGTGACGTCAGGGAGTGCCCCGGCAGAGCGCGAGTTAGGGCTACGGACGTCAGCGGCCATGTCGTGCATGGCGTTGCGTCGGGGCCACCCGCGACAGTGAGCGCAGGTTTGCACCGTCCATATGATGGGCAGAGCGTGTCAGCGCGGCTCGAGCGCATCGCGGCCGGCCCCTCACACTGGCCTACCCGGGGGTGGGGGAGGGGCCTGTGGAAGGGTTATTGAGGGCTGGCGTAGAGTCGGCGTTGGCGTGATGGGATGACCTCACGCCTCACGGGTGCGCAATGGGCACCCAGCGAAGACAAGATTTACGAGCTTATCCATCCGTATACTAACCAACACATGTTTCTACGTGTATATGTACTCTATGAGGGGAGGGTGGAGGGTGGAAAGAGAGAGAGACAAGGGCCGGAGCGGTGATGTACAGTGCCTCAGCCCCCTTCACCCTCCTCTTCTTTTTATCCGAGGCCAGCTGCCTCTCTCCTTTCCTCTGTTGCGGACCTCTGTGTGTGTGTGTGTGTGTGTTTCTATCTTCTCTCGGACCGC
1-129494r,LinJ.01,,1001,447,278268,,,,,205285,206285,,,plus,CCTCCTCTTTTCTCTGTCGACGGTCAGAACGGGCACCGGCGAAACGATGCGCGGTTGGGGGGGGAGGACCGCCGGCCACCAACACGGACCACAGGCACACACACGCATATATATATTTACATGCGTGTGTGTGCATGTGTGTGTACGGGCCTCTTAAGCCAGTGATGCGGTGCCTCCGTGAGTCGATGGCGCCTCCATCCCCCTACTCGCTCTCGGTTTGGGGTCACTGCATCGAAGTTCGTTGCTCTTCTTCAGCCGTCTCGCTACGGCACAGATGACGGGGTGGGGCGGCGGCGCACACACACACACGCACACACCTCCGTGCGTGGGGGGGGGGGTACCTCAGGCTGCAGGGCGCCCACCCACCCCCCCCCACTCCTCCCTCCGCCGTCCCGGCCCATGCCAGAACCACCTGTGGTGGCGACCAGGGCCGAGCATCTGTGACGTCAGGGAGTGCCCCGGCAGAGCGCGAGTTAGGGCTACGGACGTCAGCGGCCATGTCGTGCATGGCGTTGCGTCGGGGCCACCCGCGACAGTGAGCGCAGGTTTGCACCGTCCATATGATGGGCAGAGCGTGTCAGCGCGGCTCGAGCGCATCGCGGCCGGCCCCTCACACTGGCCTACCCGGGGGTGGGGGAGGGGCCTGTGGAAGGGTTATTGAGGGCTGGCGTAGAGTCGGCGTTGGCGTGATGGGATGACTTCGCGTTGCGAGGAAGAGGAAGAGGAGACGAGACGAGACGTTGTCTGGTCGACTTTGCGGGCGCGCGCGCAGGCACAAGTATGCATATCCCTATGCATCTAGCTATCTATCTCACTGAACTCCCAGTGCGCGCGAGAGAGAGGGGGTGGGACGGGCTCGTGATGCCGTTGCGTGCGTCTCTCTGCTTCTCTACCTCTGCGGTCACGGAGGCCCACACACACACACACACACACGCACGCGCACTTTATTCATCGCCGTCGTCCAATTCTGCTCTCTGCACCTTGTGCAAGGGCGCATGTGT
1-129494r,LinJ.01,,1001,447,278268,,,,,114386,113386,,,minus,ATCCGGAAAAGAGAGACGGGTGTGGAGCCGTCGGACAGCAGTGCACTGTTTCGTGTTGCGGTGCGGCTATCGACGGCGGTGAACGAGCCGGTGAGTCTTCAAGGCAAACACGGGAAGGCCGGTACGGAGGAGAGGCGGTGGGTAGGTGGGCGGCAGAGGCGGTGATCGTGGCAGTGCGTGCCGGCGCAGGAGCCCTGTGTGGTTAGAATGTGATGAGGCTCAGACACGTAGATAGAGGGACTGAGGGAAGGGGAGGGGGCAGGGCGGCAACAAAATTTGAGGCCGGTTGGAAGGAGAAGAAGGGGACGAAGGCATCTGTGCGCGTGCGTGTATGTATTTTCTGCTCAATCACGCACGTGTATCGTTGTGGGGTGAGGCGGCGGCGCACAGACACACACACACACACACACACGCACACACCTCCGTGCGTGGGGGGGGGGTACCTCAGGCTGCAGGGCGCCCACCCACCCACCCACCCACCCCCCACTCCTCCCTCCGCCGTCCCGGCCCATGCCAGAACCACCTGTGGTGGCGACCAGGGCCGAGCATCTGTGACGTCAGGGAGTGCCCCGGCAGAGCGCGAGTTAGGGCTACGGACGTCAGCGGCCATGTCGTGCATGGCGCTGTGCCAAGGAGATGTGTGATGCGGATCAAGTTTGTACGCCCCCCTCAGAACGAATCGAGTCCGCTGCACTGACACGCTTCCCGACAACACCAAAAAAAAAACAATGAGCCGTGGCCCAGTGCTACGCGCATAATCAGGCCTCTACTCTCCGCCAGCTCTTGTGTCGCGATCAGGGACTACAACCACGACACAGATGCCCGAGGCTCTACATAGGCCGAGTGCTTCGCTGTGGAAGCACTCACCGTTAGACAGCAGGTCCGGAACCCTTGCTGGCGGCGGGCCCCTCCACCGCTCTCCGGCCTCGCGCTGGGGCCGCCGCGGTTCTCAAGGCGTCATCCTGCGCCTCTGTTCGGGCCGTCCACTGAGCTACGACCGT
1-129494r,LinJ.01,,1000,447,278268,,,,,23869,24868,,,plus,GCAGGTGCCGGCAGGGGCGTCGTCCGATCCGCCGAGGGAGAGCGAAAGCCAAAGAACGCGAGCAGCTACAGGCGATGCTGTGAGGAGCATGGAATTGGGAAGCACCGTCACGTCGTCCTCGCATAACGAGAAAGACAACGTGGACACACACGCACAGGGCACAACCGCGGCGTAGTGTTCCTCCTCACATGGTTACCTCTCGCCCTTTCACCTCCCCGTGATGGCGGGGGAGGCGGGGGAGGCGGGGGGCACGCACCTCCATGCGTGGCATCCCAGGGTCCAGCGCCCCCCCCCTCCACCCCCGCTCTCTCTGTGTACGGAAGCCCGGCAGCCCCCTCACCCTCTATCCCTGCCAACGCCGAACCACTTCTGGTGCTGACAGGGCTGGGCCCTTACGGCGTTGGGCGAGGTCGGCGCGACGTAGCGCCACGGATGCCGGCGGCCATGTCGTGCATGGCGCTGCGTCCGAGCCACCCGCGACAGTGAGCACAGGCTTGCACGGTCCATGCGATGGGCGGAGCGTGTCAGCGCGGCTCGAGCGTGTCGCAGCCGGCCCCTCACACTGGCCCACGGCGAGGGGTGCGGGGGCCTGAGTGTCACCGCGACGGGGAGACGCACCCAGGGAGGAGGTGGGGGGAGTGGGGACCGGCATGATGGAGGGGCGGCTGTGTGGCGATGTGTGTGTATGTGGGTGTCGTCGCGTTTGAGGCAGGAGCCGTGCTGCGACGACCGAGCCGGCGCACTGCTGCAGCGCGCGTGTGTCTTGCGCTGCTTCGCACCAGGCGATGAGAGTGGGGTGGGGTGCCTGCAGCACTCGGCGGCGGGGGGGTGCAGAGCGGCCTCCACCTCGCAGTGTGCGGCAGCGAAAACGGACACGCGGAAGAGCAAACACCAAGCCCGCACCCCTCTCCTCAGCCTCAGGAACGGGCTCCTAAAACGGCTCGATGCTATCGAGCTCCGCCTGCGCAAAGGGCGCGGCACCATGCGCCACACCGCTCTC
1-129494r,LinJ.01,,1000,447,278268,,,,,36164,35165,,,minus,TCAGTTTTCTCTGCACTGCCCTCGGCGGCGGCATCACACGGCTGCGTGTGTCGGTCTGTCTTGACAGTTCGCCCCGCCCCACCCCCCTCTGCTCCCTCCCCTGGCTCCTCTCGAGACCGACGGCGGCGCTGACGGATGTGGTTGCTGCCATCACATAGCAGCTGTGGGCGACTGATGCATACACACCTGAGCGTTGTGCAATCAGCTGAGCATACCGCCTCCTCCGTGACGGCGGGGGAGGCGGGGGGCACGCACCTCCATGCGTGGCATCCCAGGGTCCAGCGCCCCCCCCCCTCCACCCCCGCTCTCTCTGTGTACGGAAGCCCGGCAGCCCCCTCACCCTCTATCCCTGCCAACGCCGAACCACTTCTGGTGCTGACAGGGCTGGGCCCTTACGGCGTTGGGCGAGGTCGGCGCGACGTAGCGCCACGGATGCCGGCGGCCATGTCGTGCATGGCGCTGCGTCCGAGCCACCCGCGACAGTGAGCACAGGCTTGCACGGTCCATGCGATGGGCGGAGCGTGTCAGCGCGGCTCGAGCGTGTCGCAGCCGGCCCCTCACACTGGCCCACGGCGAGGGGTGCGGGGGCCTGAGTGTCACCGCGACGGGGAGACGCACCCATGGAGGAGGTGGGGGGAGTGGGGACCGGCATGATGGAGGGGCGGCTGTGTGGCGATGTGTGTGTATGTGGGTGTCGTCGCGTTTGAGGCAGGAGCCGTGCTGCGATGACCGAGCCGGCGCACTGCTGCAGCGCGCGTGTGTCTTGCGCTGCTTCGCACCAGGCGATGGGAGTGGGGTGGGGTGCCTGCAGCACTCGGCGGCGGGGGGGGCAGAGCGGCCTCCACCTCTCCCCACCACTCTCATGTTCTATAGAAGAATGGCCACATCGGGTGAAACCTGCAGACGGCGCAATACGATGGAAGAGGAAATGCTTCGCACGGGCCGGTGCGTGTGTGTGCCGTGGGGGGCGGCCTCCGCGCAGGCGACGCGCGCTCTGACG
1-129494r,LinJ.01,,1000,447,278268,,,,,55776,54777,,,minus,GTATGGTGATCGCCGTCGATCTGTCGCACACGAGCACGTGCCATGACTGTGAGGACTGCCTCGGACGCGCCGACTGCATGGATGTCCTGCGCGTTCACGTCTACTGCCCGCAGGCTCTGAGCACGGACTTCAGCTGCTGATGTGCGTGCTCGCTCCGTCGTGACACCCCACTACATTCAAATTTCGTTCACGGAGCCGCTGCCGTTTTATATGCTCAACGCGACAGTTCCGACCCGCGATGACGGAAGGCACGCACCTCCATGCGTGGCATCCCAGGGTCCAGCGCCCCCCCCCTCCACCCCCGCTCTCTCTGTGTACGGAAGCCCGGCAGCCCCCTCACCCTCTATCCCTGCCAACGCCGAACCACTTCTGGTGCTGACAGGGCTGGGCCCTTACGGCGTTGGGCGAGGTCGGCGCGACGTAGCGCCACGGATGCCGGCGGCCATGTCGTGCATGGCGCTGCGTCCGAGCCACCCGCGACAGTGAGCACAGGCTTGCACGGTCCATGCGATGGGCGGAGCGTGTCAGCGCGGCTCGAGCGTGTCGCAGCCGGCCCCTCACACTGGCCCACGGCGAGGGGTGCGGGGGCCTGAGTGTCACCGCGACGGGGAGACGCACCCAGGGAGGAGGTGGGGGGAGTGGGGACCGGCATGATGGAGGGGCGGCTGTGTGGCGATGTGTGTGTATGTGGGTGTCGTCGCGTTTGAGGCAGGAGCCGTGCTGCTATGACCGAGCCGGCGCACTGCTGCAGCGCGCGTGTGTCTTGCGCTGCTTCGCACCAGGCGATGAGAGTGGGGTGGGGTGCCTGCAGCACTCGGCGGCGGGGGGGTGCAGAGCGGCCTCCACCTCGCAGTGTGCGGCAGCGAAAACGGACACGCGGAAGACCAAACAATCTGGGACGCCCCCAAGAGGGGCGCTTCTCCCTGGGCTGCGCTTGTGCCCGACGGCTGCCTGCCGCTTGTGGGCGAGGTGCCTGCGCTGACGGCTGTGCTGAACGAGC
1-129494r,LinJ.01,,1000,447,278268,,,,,75666,76665,,,plus,CGCTGAGCAGGCAAGCGAGGCAACCTACGAAAACATGGCAGTGAGGAGGCGGCAGATACAGCGAGGAGGAGGAGGAGGCATAACATTTGAGCGCTGGCGTGTCGGACATCGAAACAAGGACACGTCACCTACCGCGAGGAGCCGTGGCGTGAAGGGACCACGCTGCTCCAAGATACTGCACCGCAGTCATACGAGGCACATCCAAACCACCCATTGCTGGATGGTCTAAGTGTTGGCGCGCACCCAGTGACGGGATAAACCTCAGCGTGGCATCCCAGGGTCCAGCGCCCCCCCTCCACCCCCGCTCTCTCTGTGTGCGGAAGCCCGGCAGCCCCCTCACCCTCTATCCCTGCCAACGCCGAACCACTTCTGGTGCTGACAGGGCTGGGCCCTTACGGCGTTGGGCGAGGTCGGCGCGACGTAGCGCCACGGATGCCGGCGGCCATGTCGTGCATGGCGCTGCGTCCGAGCCACCCGCGACAGTGAGCACAGGCTTGCACGGTCCATGCGATGGGCGGAGCGTGTCAGCGCGGCTCGAGCGTGTCGCAGCCGGCCCCTCACACTGGCCCACGGCGAGGGGTGCGGGGGCCTGAGTGTCACCGCGACGGGGAGACGCACCCAGGGAGGAGGTGGGGGGAGTGGGGACCGGCATGATGGAGGGGCGGCTGTGTGGCGATGTGTGTGTATGTGGGTGTGCGCGCGCGAAAGTTTATGAGGATTCTTTTTTCGGTTGTTTGCATGTTTTCATCGCTCCCTCGCTTTCTTTCCCTGTCGGTGATGGCGTACCCTCATTGGGGCGCCAAGGGTGCTGCATGCACGTGGCAGAGCGGTGACGATCAGAGCAGGGAGAAAACGAAAAGCTGACGGAGCGCTGCATCCGGCATGCTCACTTGCGTGGTTCGCCGCCACCGCAGGCGAAGGAAAAAGCGTGGTCCTGAGAAGCACAGCTGCGACAAGACAAAACAAGGGGGGTCCTACTTCGAGTTTGTGGTTTCCTCCG
1-129494r,LinJ.01,,1000,447,278268,,,,,205077,206076,,,plus,CACGCGCGGATGGGGAGTGAGGGGAGGGGGCCGTGCCACCCACACCACCTCACCACGCCGCGGCGAACAGCGTCGCCCTTCGATGCATATTATAATACGCGTTTGCCACTCCCTTGCTCGGCGCACACACACCTCACACCCCCTCCACCCCCGGCAACAGCCATCGGACACGCGCTCACGCAGGGCAGACGCGCGCGCCCCCCCTCATCCTCCTCTTTTCTCTGTCGACGGTCAGAACGGGCACCGGCGAAACGATGCGCGGTTGGGGGGGGAGGACCGCCGGCCACCAACACGGACCACAGGCACACACACGCATATATATATTTACATGCGTGTGTGTGCATGTGTGTGTACGGGCCTCTTAAGCCAGTGATGCGGTGCCTCCGTGAGTCGATGGCGCCTCCATCCCCCTACTCGCTCTCGGTTTGGGGTCACTGCATCGAAGTTCGTTGCTCTTCTTCAGCCGTCTCGCTACGGCACAGATGACGGGGTGGGGCGGCGGCGCACACACACACACGCACACACCTCCGTGCGTGGGGGGGGGGGTACCTCAGGCTGCAGGGCGCCCACCCACCCCCCCCCACTCCTCCCTCCGCCGTCCCGGCCCATGCCAGAACCACCTGTGGTGGCGACCAGGGCCGAGCATCTGTGACGTCAGGGAGTGCCCCGGCAGAGCGCGAGTTAGGGCTACGGACGTCAGCGGCCATGTCGTGCATGGCGTTGCGTCGGGGCCACCCGCGACAGTGAGCGCAGGTTTGCACCGTCCATATGATGGGCAGAGCGTGTCAGCGCGGCTCGAGCGCATCGCGGCCGGCCCCTCACACTGGCCTACCCGGGGGTGGGGGAGGGGCCTGTGGAAGGGTTATTGAGGGCTGGCGTAGAGTCGGCGTTGGCGTGATGGGATGACTTCGCGTTGCGAGGAAGAGGAAGAGGAGACGAGACGAGACGTTGTCTGGTCGACTTTGCGGGCGCGCGCGCAGGCACAAGTATGCATATCCCT
1-129494r,LinJ.01,,1001,447,278268,,,,,218658,217658,,,minus,GCCAGTCGCGGTTGCCACAAGCGCCACCGTCGGCCTAGCAGATGCACTGGCGGCAATGGTCACAACAGCGTTTTTGCTGCGGCTGCTGCCCTCCGCAGCCGCGGGCGTCTCGGTGGCCATCGAGCCTCCATCGGTGTGCGCGCTGCCCTCCTCTTCGGGGACCATCAGCTCCAGCCCCAACAGCACCTGCGACGCCACCGCGGTGTCCGTCATCGCAGCCGGCGAGTGCAGAAGGCGCCGCAGCAGTACACGATGCAGCGGATGATCAGGGATGAGCGAGTTGCGGTGCAGCAGCGCGTGCAGCGTGCGCCGTGCCGCAGCCAGAGGAAGCAAGCCCTCCAGCTCTTCATCTCCCGGCTGTGACTGGGCTAAGGCGGCACGGGAAGCTGCCGTGGAGGCGAGTGCGGCGAGAACGGCGCTGGCGAGAATCTCGTAAGTCTCGGCCCAGTGCGGACTGCTCACACGCAACAACAAACACAGCAGCGCCAGCAGCTGCGTCGGGGCCACCGTCGCCACGTCGCTGGTGGCGGCAGGACTCTGCAGATGGTTGCACACGCGGCACACCCGCGCGCACACAACGTCCATTAATGGGTAGTAGTCTTCATCCGTCACCTTTAGCAGCTGCTTCCGCTGCTGCGGGGCGTTCAATCCACCGTGGCCGCCATCGACACGGATGTTGCGCGCTTGCCGCCGCTGCGTGCGGTTGGACGCGGATGGCACGCTTGACAGAGCTCGCAGCAACGCCGTACAGTCCGCCAAGGCGGCCGCGGCGTCGTCCGCGCACGGGCGACGCGCAAAGTACGCCATCCAGAGCGTCGTCAGGTGCGTGACAGCGTGCCCAGAGACGGCGTAGTGGCGTAGGGCCGCGGTCAAGTCCAGCAGCACGGCCGCGCCAGGCAGCGCCTCGACAGCCTCACCCGTGGCTTCGTCAGCGACGTTCTGAGCGGCCCGCTCTGCCGCGCGCGCTAGTGCTAGGGTGACCTCAGGTAGCAACGCAAGGT
1-136422d,LinJ.01,,1001,461,278268,,,,,137189,138189,,,plus,CCGCTCTGCATATGCTTTTCGTTGTTGTTTATTTTGGTTTGTTTTCTCGGCGCTGGGCTCGGAGACGCGTTCCACCAGACGAAGTCGCTTTTCTTCTCCCTCACGGTCCGCCCTTCGTGCGATACATCATCCGCGCGGCCGACTGCGCGCCCGGATCCCCGTGCCTGCGAGGCGGGGCAGTGGTGCCGCGGTGTGCATGATGCACCACGTCGAAGGCACGTGGGCATGACATACCCTTTTTTGCGTTCTTTCCCTTCCTCTTTTCGCCCTTGACGACGGGGTGGGGCGGCGGCGCACAGACACACACACACACACACACACACACGCACACACCTCCGTGCGTGGGGGGGGGGGTACCTCAGGCTGCAGGGCGCCCACCCACCCACCCACCCACCCCCCACTCCTCCCTCCGCCGTCCCGGCCCATGCCAGAACCACCTGTGGTGGCGACCAGGGCCGAGCATCTGTGACGTCAGGGAGTGCCCCGGCAGAGCGCGAGTTAGGGCTACGGACGTCAGCGGCCATGTCGTGCATGGCGTTGCGTCGGGGCCACCCGCGACAGTGAGCGCAGGTTTGCACCGTCCATATGATGGGCAGAGCGTGTCAGCGCGGCTCGAGCGCATCGCGGCCGGCCCCTCACACTGGCCTACCCGGGGGTGGGGGAGGGGCCTGTGGAAGGGTTATTGAGGGCTGGCGTAGAGTCGGCGTTGGCGTGATGGGATGACCTCACGCCTCACGGGTGCGCAATGGGCACCCAGCGAAGACAAGATTTACGAGCTTATCCATCCGTATACTAACCAACACATGTTTCTACGTGTATATGTACTCTATGAGGGGAGGGTGGAGGGTGGAAAGAGAGAGAGACAAGGGCCGGAGCGGTGATGTACAGTGCCTCAGCCCCCTTCACCCTCCTCTTCTTTTTATCCGAGGCCAGCTGCCTCTCTCCTTTCCTCTGTTGCGGACCTCTGTGTGTGTGTGTGTGTGTGTTTCTATCTTCTCTCG
1-136422d,LinJ.01,,1000,461,278268,,,,,130851,129852,,,minus,CTCCGTGAGGGCACAGAGAGAGAGAGAGAGCAAAGCCGTCTGGCAGGATGTGAAAGAGGGCAGGGATCATCACGAGACTCGGCGGTCATGCGTGCTGCGGAAGGCCCCCTTCCGCCTCGGGCCGCCTTCCGCGACAGAACCGACGAGGGAGGGAGGTAGGAAAAGGGCCGAAGGCGAGAAGAGAACAACGGCTTCGTCGGCGCTTGACTTGCCGTGGCTGTCGATCGTCTTGATTCTTTGGTTAGCTGCTGACTCCAGCCGCCGCCTCCTCGCTGATGACGGGGCGGCGGCGCACAGACACACACACACACACACACACGCACACACCTCCGTGCGTGGGGGGGGGGTACCTCAGGCTGCAGGGCGCCCACCCACCCACCCACCCCCCACTCCTCCCTCCGCCGTCCCGGCCCATGCCAGAACCACCTGTGGTGGCGACCAGGGCCGAGCATCTGTGACGTCAGGGAGTGCCCCGGCAGAGCGCGAGTTAGGGCTACGGACGTCAGCGGCCATGTCGTGCATGGCGTTGCGTCGGGGCCACCCGCGACAGTGAGCGCAGGTTTGCACCGTCCATATGATGGGCAGAGCGTGCCAGCGCGGCTCGAGCGCATCGCGGCCGGCCCCTCACACTGGCCTACCCGGGGGTGGGGGAGGGGCCTGTGAAAGGGTTATTGAGGGCTGGCGTAGAGTCGGCGTTGGCGTGATGGGATGACTTCGCGCTGCGCGGCAGAGGGATTAGTTTGCGTTTGAGAAAAAACAGGATATCAGCGAGATACCCGAACAGCACCCGTGCATGAGCAAGTGTGTGTGTGTGCGCGCGTCAGGTGGATGGATGGTGGGATGCACACAACGGGGAGGGGAGGGGAGGGTGGAGGGGGGGGGTGGCGCATCGCTTCCGAGCGCTGTGAGCCGTTTTGTTATGCGCAAGAAGAAGAGAGTTTTCCGTGATTAGGCCGTTGACGCGACGAGGCGCTTCAGCAGCTCCACAAAACGGTGGCAC
1-136422d,LinJ.01,,1001,461,278268,,,,,205282,206282,,,plus,CATCCTCCTCTTTTCTCTGTCGACGGTCAGAACGGGCACCGGCGAAACGATGCGCGGTTGGGGGGGGAGGACCGCCGGCCACCAACACGGACCACAGGCACACACACGCATATATATATTTACATGCGTGTGTGTGCATGTGTGTGTACGGGCCTCTTAAGCCAGTGATGCGGTGCCTCCGTGAGTCGATGGCGCCTCCATCCCCCTACTCGCTCTCGGTTTGGGGTCACTGCATCGAAGTTCGTTGCTCTTCTTCAGCCGTCTCGCTACGGCACAGATGACGGGGTGGGGCGGCGGCGCACACACACACACGCACACACCTCCGTGCGTGGGGGGGGGGGTACCTCAGGCTGCAGGGCGCCCACCCACCCCCCCCCACTCCTCCCTCCGCCGTCCCGGCCCATGCCAGAACCACCTGTGGTGGCGACCAGGGCCGAGCATCTGTGACGTCAGGGAGTGCCCCGGCAGAGCGCGAGTTAGGGCTACGGACGTCAGCGGCCATGTCGTGCATGGCGTTGCGTCGGGGCCACCCGCGACAGTGAGCGCAGGTTTGCACCGTCCATATGATGGGCAGAGCGTGTCAGCGCGGCTCGAGCGCATCGCGGCCGGCCCCTCACACTGGCCTACCCGGGGGTGGGGGAGGGGCCTGTGGAAGGGTTATTGAGGGCTGGCGTAGAGTCGGCGTTGGCGTGATGGGATGACTTCGCGTTGCGAGGAAGAGGAAGAGGAGACGAGACGAGACGTTGTCTGGTCGACTTTGCGGGCGCGCGCGCAGGCACAAGTATGCATATCCCTATGCATCTAGCTATCTATCTCACTGAACTCCCAGTGCGCGCGAGAGAGAGGGGGTGGGACGGGCTCGTGATGCCGTTGCGTGCGTCTCTCTGCTTCTCTACCTCTGCGGTCACGGAGGCCCACACACACACACACACACACGCACGCGCACTTTATTCATCGCCGTCGTCCAATTCTGCTCTCTGCACCTTGTGCAAGGGCGCATG
1-136422d,LinJ.01,,1000,461,278268,,,,,114389,113390,,,minus,GGAATCCGGAAAAGAGAGACGGGTGTGGAGCCGTCGGACAGCAGTGCACTGTTTCGTGTTGCGGTGCGGCTATCGACGGCGGTGAACGAGCCGGTGAGTCTTCAAGGCAAACACGGGAAGGCCGGTACGGAGGAGAGGCGGTGGGTAGGTGGGCGGCAGAGGCGGTGATCGTGGCAGTGCGTGCCGGCGCAGGAGCCCTGTGTGGTTAGAATGTGATGAGGCTCAGACACGTAGATAGAGGGACTGAGGGAAGGGGAGGGGGCAGGGCGGCAACAAAATTTGAGGCCGGTTGGAAGGAGAAGAAGGGGACGAAGGCATCTGTGCGCGTGCGTGTATGTATTTTCTGCTCAATCACGCACGTGTATCGTTGTGGGGTGAGGCGGCGGCGCACAGACACACACACACACACACACACGCACACACCTCCGTGCGTGGGGGGGGGGTACCTCAGGCTGCAGGGCGCCCACCCACCCACCCACCCACCCCCCACTCCTCCCTCCGCCGTCCCGGCCCATGCCAGAACCACCTGTGGTGGCGACCAGGGCCGAGCATCTGTGACGTCAGGGAGTGCCCCGGCAGAGCGCGAGTTAGGGCTACGGACGTCAGCGGCCATGTCGTGCATGGCGCTGTGCCAAGGAGATGTGTGATGCGGATCAAGTTTGTACGCCCCCCTCAGAACGAATCGAGTCCGCTGCACTGACACGCTTCCCGACAACACCAAAAAAAAAACAATGAGCCGTGGCCCAGTGCTACGCGCATAATCAGGCCTCTACTCTCCGCCAGCTCTTGTGTCGCGATCAGGGACTACAACCACGACACAGATGCCCGAGGCTCTACATAGGCCGAGTGCTTCGCTGTGGAAGCACTCACCGTTAGACAGCAGGTCCGGAACCCTTGCTGGCGGCGGGCCCCTCCACCGCTCTCCGGCCTCGCGCTGGGGCCGCCGCGGTTCTCAAGGCGTCATCCTGCGCCTCTGTTCGGGCCGTCCACTGAGCTACGA
1-136422d,LinJ.01,,1000,461,278268,,,,,23869,24868,,,plus,GCAGGTGCCGGCAGGGGCGTCGTCCGATCCGCCGAGGGAGAGCGAAAGCCAAAGAACGCGAGCAGCTACAGGCGATGCTGTGAGGAGCATGGAATTGGGAAGCACCGTCACGTCGTCCTCGCATAACGAGAAAGACAACGTGGACACACACGCACAGGGCACAACCGCGGCGTAGTGTTCCTCCTCACATGGTTACCTCTCGCCCTTTCACCTCCCCGTGATGGCGGGGGAGGCGGGGGAGGCGGGGGGCACGCACCTCCATGCGTGGCATCCCAGGGTCCAGCGCCCCCCCCCTCCACCCCCGCTCTCTCTGTGTACGGAAGCCCGGCAGCCCCCTCACCCTCTATCCCTGCCAACGCCGAACCACTTCTGGTGCTGACAGGGCTGGGCCCTTACGGCGTTGGGCGAGGTCGGCGCGACGTAGCGCCACGGATGCCGGCGGCCATGTCGTGCATGGCGCTGCGTCCGAGCCACCCGCGACAGTGAGCACAGGCTTGCACGGTCCATGCGATGGGCGGAGCGTGTCAGCGCGGCTCGAGCGTGTCGCAGCCGGCCCCTCACACTGGCCCACGGCGAGGGGTGCGGGGGCCTGAGTGTCACCGCGACGGGGAGACGCACCCAGGGAGGAGGTGGGGGGAGTGGGGACCGGCATGATGGAGGGGCGGCTGTGTGGCGATGTGTGTGTATGTGGGTGTCGTCGCGTTTGAGGCAGGAGCCGTGCTGCGACGACCGAGCCGGCGCACTGCTGCAGCGCGCGTGTGTCTTGCGCTGCTTCGCACCAGGCGATGAGAGTGGGGTGGGGTGCCTGCAGCACTCGGCGGCGGGGGGGTGCAGAGCGGCCTCCACCTCGCAGTGTGCGGCAGCGAAAACGGACACGCGGAAGAGCAAACACCAAGCCCGCACCCCTCTCCTCAGCCTCAGGAACGGGCTCCTAAAACGGCTCGATGCTATCGAGCTCCGCCTGCGCAAAGGGCGCGGCACCATGCGCCACACCGCTCTC
1-136422d,LinJ.01,,1000,461,278268,,,,,36164,35165,,,minus,TCAGTTTTCTCTGCACTGCCCTCGGCGGCGGCATCACACGGCTGCGTGTGTCGGTCTGTCTTGACAGTTCGCCCCGCCCCACCCCCCTCTGCTCCCTCCCCTGGCTCCTCTCGAGACCGACGGCGGCGCTGACGGATGTGGTTGCTGCCATCACATAGCAGCTGTGGGCGACTGATGCATACACACCTGAGCGTTGTGCAATCAGCTGAGCATACCGCCTCCTCCGTGACGGCGGGGGAGGCGGGGGGCACGCACCTCCATGCGTGGCATCCCAGGGTCCAGCGCCCCCCCCCCTCCACCCCCGCTCTCTCTGTGTACGGAAGCCCGGCAGCCCCCTCACCCTCTATCCCTGCCAACGCCGAACCACTTCTGGTGCTGACAGGGCTGGGCCCTTACGGCGTTGGGCGAGGTCGGCGCGACGTAGCGCCACGGATGCCGGCGGCCATGTCGTGCATGGCGCTGCGTCCGAGCCACCCGCGACAGTGAGCACAGGCTTGCACGGTCCATGCGATGGGCGGAGCGTGTCAGCGCGGCTCGAGCGTGTCGCAGCCGGCCCCTCACACTGGCCCACGGCGAGGGGTGCGGGGGCCTGAGTGTCACCGCGACGGGGAGACGCACCCATGGAGGAGGTGGGGGGAGTGGGGACCGGCATGATGGAGGGGCGGCTGTGTGGCGATGTGTGTGTATGTGGGTGTCGTCGCGTTTGAGGCAGGAGCCGTGCTGCGATGACCGAGCCGGCGCACTGCTGCAGCGCGCGTGTGTCTTGCGCTGCTTCGCACCAGGCGATGGGAGTGGGGTGGGGTGCCTGCAGCACTCGGCGGCGGGGGGGGCAGAGCGGCCTCCACCTCTCCCCACCACTCTCATGTTCTATAGAAGAATGGCCACATCGGGTGAAACCTGCAGACGGCGCAATACGATGGAAGAGGAAATGCTTCGCACGGGCCGGTGCGTGTGTGTGCCGTGGGGGGCGGCCTCCGCGCAGGCGACGCGCGCTCTGACG
1-136422d,LinJ.01,,1000,461,278268,,,,,55776,54777,,,minus,GTATGGTGATCGCCGTCGATCTGTCGCACACGAGCACGTGCCATGACTGTGAGGACTGCCTCGGACGCGCCGACTGCATGGATGTCCTGCGCGTTCACGTCTACTGCCCGCAGGCTCTGAGCACGGACTTCAGCTGCTGATGTGCGTGCTCGCTCCGTCGTGACACCCCACTACATTCAAATTTCGTTCACGGAGCCGCTGCCGTTTTATATGCTCAACGCGACAGTTCCGACCCGCGATGACGGAAGGCACGCACCTCCATGCGTGGCATCCCAGGGTCCAGCGCCCCCCCCCTCCACCCCCGCTCTCTCTGTGTACGGAAGCCCGGCAGCCCCCTCACCCTCTATCCCTGCCAACGCCGAACCACTTCTGGTGCTGACAGGGCTGGGCCCTTACGGCGTTGGGCGAGGTCGGCGCGACGTAGCGCCACGGATGCCGGCGGCCATGTCGTGCATGGCGCTGCGTCCGAGCCACCCGCGACAGTGAGCACAGGCTTGCACGGTCCATGCGATGGGCGGAGCGTGTCAGCGCGGCTCGAGCGTGTCGCAGCCGGCCCCTCACACTGGCCCACGGCGAGGGGTGCGGGGGCCTGAGTGTCACCGCGACGGGGAGACGCACCCAGGGAGGAGGTGGGGGGAGTGGGGACCGGCATGATGGAGGGGCGGCTGTGTGGCGATGTGTGTGTATGTGGGTGTCGTCGCGTTTGAGGCAGGAGCCGTGCTGCTATGACCGAGCCGGCGCACTGCTGCAGCGCGCGTGTGTCTTGCGCTGCTTCGCACCAGGCGATGAGAGTGGGGTGGGGTGCCTGCAGCACTCGGCGGCGGGGGGGTGCAGAGCGGCCTCCACCTCGCAGTGTGCGGCAGCGAAAACGGACACGCGGAAGACCAAACAATCTGGGACGCCCCCAAGAGGGGCGCTTCTCCCTGGGCTGCGCTTGTGCCCGACGGCTGCCTGCCGCTTGTGGGCGAGGTGCCTGCGCTGACGGCTGTGCTGAACGAGC
1-136422d,LinJ.01,,1000,461,278268,,,,,75666,76665,,,plus,CGCTGAGCAGGCAAGCGAGGCAACCTACGAAAACATGGCAGTGAGGAGGCGGCAGATACAGCGAGGAGGAGGAGGAGGCATAACATTTGAGCGCTGGCGTGTCGGACATCGAAACAAGGACACGTCACCTACCGCGAGGAGCCGTGGCGTGAAGGGACCACGCTGCTCCAAGATACTGCACCGCAGTCATACGAGGCACATCCAAACCACCCATTGCTGGATGGTCTAAGTGTTGGCGCGCACCCAGTGACGGGATAAACCTCAGCGTGGCATCCCAGGGTCCAGCGCCCCCCCTCCACCCCCGCTCTCTCTGTGTGCGGAAGCCCGGCAGCCCCCTCACCCTCTATCCCTGCCAACGCCGAACCACTTCTGGTGCTGACAGGGCTGGGCCCTTACGGCGTTGGGCGAGGTCGGCGCGACGTAGCGCCACGGATGCCGGCGGCCATGTCGTGCATGGCGCTGCGTCCGAGCCACCCGCGACAGTGAGCACAGGCTTGCACGGTCCATGCGATGGGCGGAGCGTGTCAGCGCGGCTCGAGCGTGTCGCAGCCGGCCCCTCACACTGGCCCACGGCGAGGGGTGCGGGGGCCTGAGTGTCACCGCGACGGGGAGACGCACCCAGGGAGGAGGTGGGGGGAGTGGGGACCGGCATGATGGAGGGGCGGCTGTGTGGCGATGTGTGTGTATGTGGGTGTGCGCGCGCGAAAGTTTATGAGGATTCTTTTTTCGGTTGTTTGCATGTTTTCATCGCTCCCTCGCTTTCTTTCCCTGTCGGTGATGGCGTACCCTCATTGGGGCGCCAAGGGTGCTGCATGCACGTGGCAGAGCGGTGACGATCAGAGCAGGGAGAAAACGAAAAGCTGACGGAGCGCTGCATCCGGCATGCTCACTTGCGTGGTTCGCCGCCACCGCAGGCGAAGGAAAAAGCGTGGTCCTGAGAAGCACAGCTGCGACAAGACAAAACAAGGGGGGTCCTACTTCGAGTTTGTGGTTTCCTCCG
1-136422d,LinJ.01,,1001,461,278268,,,,,205071,206071,,,plus,CAGTCGCACGCGCGGATGGGGAGTGAGGGGAGGGGGCCGTGCCACCCACACCACCTCACCACGCCGCGGCGAACAGCGTCGCCCTTCGATGCATATTATAATACGCGTTTGCCACTCCCTTGCTCGGCGCACACACACCTCACACCCCCTCCACCCCCGGCAACAGCCATCGGACACGCGCTCACGCAGGGCAGACGCGCGCGCCCCCCCTCATCCTCCTCTTTTCTCTGTCGACGGTCAGAACGGGCACCGGCGAAACGATGCGCGGTTGGGGGGGGAGGACCGCCGGCCACCAACACGGACCACAGGCACACACACGCATATATATATTTACATGCGTGTGTGTGCATGTGTGTGTACGGGCCTCTTAAGCCAGTGATGCGGTGCCTCCGTGAGTCGATGGCGCCTCCATCCCCCTACTCGCTCTCGGTTTGGGGTCACTGCATCGAAGTTCGTTGCTCTTCTTCAGCCGTCTCGCTACGGCACAGATGACGGGGTGGGGCGGCGGCGCACACACACACACGCACACACCTCCGTGCGTGGGGGGGGGGGTACCTCAGGCTGCAGGGCGCCCACCCACCCCCCCCCACTCCTCCCTCCGCCGTCCCGGCCCATGCCAGAACCACCTGTGGTGGCGACCAGGGCCGAGCATCTGTGACGTCAGGGAGTGCCCCGGCAGAGCGCGAGTTAGGGCTACGGACGTCAGCGGCCATGTCGTGCATGGCGTTGCGTCGGGGCCACCCGCGACAGTGAGCGCAGGTTTGCACCGTCCATATGATGGGCAGAGCGTGTCAGCGCGGCTCGAGCGCATCGCGGCCGGCCCCTCACACTGGCCTACCCGGGGGTGGGGGAGGGGCCTGTGGAAGGGTTATTGAGGGCTGGCGTAGAGTCGGCGTTGGCGTGATGGGATGACTTCGCGTTGCGAGGAAGAGGAAGAGGAGACGAGACGAGACGTTGTCTGGTCGACTTTGCGGGCGCGCGCGCAGGCACAAGTATGCATA
1-136422d,LinJ.01,,1000,461,278268,,,,,221391,220392,,,minus,TTCGATCGAACGCGCAGGGTCGACGCCCCCCCCCCCTTATCCGTCCATGCCTCTCGCTCATTGGCGGACATGGACGCACAGACACGGCAGCAAAGCCAGTTGAGATCCTCCCGGGCACAGGAGGGGGTGGTGGTGCGTGCGTGTGCGTGTATGTGTGTGCGCGCCATCTCCGGCACTGGCACCAACACACACACACACGCACACACACGCACGCACGCACATTCGTGCAATGAGAGATGGAGAAGCCACACACCACAACCACAATAGCAGCCATCACCATAGCTTACCCTTTATCGGGGCCTCGCCCCTCCTCAGCTGTGAACTGACTGGCGCGGTTACCGCAGTCGCGGTGTTTGCCGGCCACTGCCGCTGCATAGGTGGGAGGAGAGCCTTTCCTGCATGGCAGAGTGCAACAGACGCGTTTTTTTTTTGTGTGCGTGTGTGGGGTGGGGTGGGGGGAGGCGTTGACTCGCACGCGGCTGCGATACCGTTGGTGGGGCGGCGGCGCCTGCGCATACATTACGTTGTGCTGAAGAGGTCTTTTGGGTCCAGCCGAGGGAGGGGTTTCGGTCTCTGCTGCTGTGGTGGGGACGCGGCGCTAGCGCCGTCACTGCCGCCGTTCGCCGCCTCGGTCGCGCTGGCGGAGCCCGCCGCTGCGGCTGCCGGCCCCTTCTGCTGCCTCTGAGAGAGTAGCAGCGCCCTCTGCGCCTCCAGTCGCTCTACGAAGTCGGCGTCGACCTTGTCGGCGCCGTACGTGTCGCGCAGGCAGCGAAGTAGCGCGCCGATCTGCGCGCGTGTGAGCTCGTCGCTGCGCTTCCACAGCGCGGAGAGTACCGTGGCCATGGCAGTGCGGAGAATATCACCAGGTGCGGGCAGCGACGGGGAGGAGGGCTCGCCCTGACGCGTCGCCGGTGGCGTGGCGGGAGCCTGCGCATCATCGTCGCTCCTGTGTGCAGCGGCACTGGCGCCCTTGGTGGCTGTGCGGAGACCCGTTGAGGTG
1-136422d,LinJ.01,,1001,461,278268,,,,,218658,217658,,,minus,GCCAGTCGCGGTTGCCACAAGCGCCACCGTCGGCCTAGCAGATGCACTGGCGGCAATGGTCACAACAGCGTTTTTGCTGCGGCTGCTGCCCTCCGCAGCCGCGGGCGTCTCGGTGGCCATCGAGCCTCCATCGGTGTGCGCGCTGCCCTCCTCTTCGGGGACCATCAGCTCCAGCCCCAACAGCACCTGCGACGCCACCGCGGTGTCCGTCATCGCAGCCGGCGAGTGCAGAAGGCGCCGCAGCAGTACACGATGCAGCGGATGATCAGGGATGAGCGAGTTGCGGTGCAGCAGCGCGTGCAGCGTGCGCCGTGCCGCAGCCAGAGGAAGCAAGCCCTCCAGCTCTTCATCTCCCGGCTGTGACTGGGCTAAGGCGGCACGGGAAGCTGCCGTGGAGGCGAGTGCGGCGAGAACGGCGCTGGCGAGAATCTCGTAAGTCTCGGCCCAGTGCGGACTGCTCACACGCAACAACAAACACAGCAGCGCCAGCAGCTGCGTCGGGGCCACCGTCGCCACGTCGCTGGTGGCGGCAGGACTCTGCAGATGGTTGCACACGCGGCACACCCGCGCGCACACAACGTCCATTAATGGGTAGTAGTCTTCATCCGTCACCTTTAGCAGCTGCTTCCGCTGCTGCGGGGCGTTCAATCCACCGTGGCCGCCATCGACACGGATGTTGCGCGCTTGCCGCCGCTGCGTGCGGTTGGACGCGGATGGCACGCTTGACAGAGCTCGCAGCAACGCCGTACAGTCCGCCAAGGCGGCCGCGGCGTCGTCCGCGCACGGGCGACGCGCAAAGTACGCCATCCAGAGCGTCGTCAGGTGCGTGACAGCGTGCCCAGAGACGGCGTAGTGGCGTAGGGCCGCGGTCAAGTCCAGCAGCACGGCCGCGCCAGGCAGCGCCTCGACAGCCTCACCCGTGGCTTCGTCAGCGACGTTCTGAGCGGCCCGCTCTGCCGCGCGCGCTAGTGCTAGGGTGACCTCAGGTAGCAACGCAAGGT
1-204526d,LinJ.01,,1000,432,278268,,,,,205274,206273,,,plus,CCCCCCCTCATCCTCCTCTTTTCTCTGTCGACGGTCAGAACGGGCACCGGCGAAACGATGCGCGGTTGGGGGGGGAGGACCGCCGGCCACCAACACGGACCACAGGCACACACACGCATATATATATTTACATGCGTGTGTGTGCATGTGTGTGTACGGGCCTCTTAAGCCAGTGATGCGGTGCCTCCGTGAGTCGATGGCGCCTCCATCCCCCTACTCGCTCTCGGTTTGGGGTCACTGCATCGAAGTTCGTTGCTCTTCTTCAGCCGTCTCGCTACGGCACAGATGACGGGGTGGGGCGGCGGCGCACACACACACACGCACACACCTCCGTGCGTGGGGGGGGGGGTACCTCAGGCTGCAGGGCGCCCACCCACCCCCCCCCACTCCTCCCTCCGCCGTCCCGGCCCATGCCAGAACCACCTGTGGTGGCGACCAGGGCCGAGCATCTGTGACGTCAGGGAGTGCCCCGGCAGAGCGCGAGTTAGGGCTACGGACGTCAGCGGCCATGTCGTGCATGGCGTTGCGTCGGGGCCACCCGCGACAGTGAGCGCAGGTTTGCACCGTCCATATGATGGGCAGAGCGTGTCAGCGCGGCTCGAGCGCATCGCGGCCGGCCCCTCACACTGGCCTACCCGGGGGTGGGGGAGGGGCCTGTGGAAGGGTTATTGAGGGCTGGCGTAGAGTCGGCGTTGGCGTGATGGGATGACTTCGCGTTGCGAGGAAGAGGAAGAGGAGACGAGACGAGACGTTGTCTGGTCGACTTTGCGGGCGCGCGCGCAGGCACAAGTATGCATATCCCTATGCATCTAGCTATCTATCTCACTGAACTCCCAGTGCGCGCGAGAGAGAGGGGGTGGGACGGGCTCGTGATGCCGTTGCGTGCGTCTCTCTGCTTCTCTACCTCTGCGGTCACGGAGGCCCACACACACACACACACACACGCACGCGCACTTTATTCATCGCCGTCGTCCAATTCTGCTCTCTGCACCTTGTGCAA
1-204526d,LinJ.01,,1001,432,278268,,,,,130839,129839,,,minus,ACAGAGAGAGAGAGAGAGCAAAGCCGTCTGGCAGGATGTGAAAGAGGGCAGGGATCATCACGAGACTCGGCGGTCATGCGTGCTGCGGAAGGCCCCCTTCCGCCTCGGGCCGCCTTCCGCGACAGAACCGACGAGGGAGGGAGGTAGGAAAAGGGCCGAAGGCGAGAAGAGAACAACGGCTTCGTCGGCGCTTGACTTGCCGTGGCTGTCGATCGTCTTGATTCTTTGGTTAGCTGCTGACTCCAGCCGCCGCCTCCTCGCTGATGACGGGGCGGCGGCGCACAGACACACACACACACACACACACGCACACACCTCCGTGCGTGGGGGGGGGGTACCTCAGGCTGCAGGGCGCCCACCCACCCACCCACCCCCCACTCCTCCCTCCGCCGTCCCGGCCCATGCCAGAACCACCTGTGGTGGCGACCAGGGCCGAGCATCTGTGACGTCAGGGAGTGCCCCGGCAGAGCGCGAGTTAGGGCTACGGACGTCAGCGGCCATGTCGTGCATGGCGTTGCGTCGGGGCCACCCGCGACAGTGAGCGCAGGTTTGCACCGTCCATATGATGGGCAGAGCGTGCCAGCGCGGCTCGAGCGCATCGCGGCCGGCCCCTCACACTGGCCTACCCGGGGGTGGGGGAGGGGCCTGTGAAAGGGTTATTGAGGGCTGGCGTAGAGTCGGCGTTGGCGTGATGGGATGACTTCGCGCTGCGCGGCAGAGGGATTAGTTTGCGTTTGAGAAAAAACAGGATATCAGCGAGATACCCGAACAGCACCCGTGCATGAGCAAGTGTGTGTGTGTGCGCGCGTCAGGTGGATGGATGGTGGGATGCACACAACGGGGAGGGGAGGGGAGGGTGGAGGGGGGGGGTGGCGCATCGCTTCCGAGCGCTGTGAGCCGTTTTGTTATGCGCAAGAAGAAGAGAGTTTTCCGTGATTAGGCCGTTGACGCGACGAGGCGCTTCAGCAGCTCCACAAAACGGTGGCACTCCTTCTCCTCCG
1-204526d,LinJ.01,,1000,432,278268,,,,,137207,138206,,,plus,TCGTTGTTGTTTATTTTGGTTTGTTTTCTCGGCGCTGGGCTCGGAGACGCGTTCCACCAGACGAAGTCGCTTTTCTTCTCCCTCACGGTCCGCCCTTCGTGCGATACATCATCCGCGCGGCCGACTGCGCGCCCGGATCCCCGTGCCTGCGAGGCGGGGCAGTGGTGCCGCGGTGTGCATGATGCACCACGTCGAAGGCACGTGGGCATGACATACCCTTTTTTGCGTTCTTTCCCTTCCTCTTTTCGCCCTTGACGACGGGGTGGGGCGGCGGCGCACAGACACACACACACACACACACACACACGCACACACCTCCGTGCGTGGGGGGGGGGGTACCTCAGGCTGCAGGGCGCCCACCCACCCACCCACCCACCCCCCACTCCTCCCTCCGCCGTCCCGGCCCATGCCAGAACCACCTGTGGTGGCGACCAGGGCCGAGCATCTGTGACGTCAGGGAGTGCCCCGGCAGAGCGCGAGTTAGGGCTACGGACGTCAGCGGCCATGTCGTGCATGGCGTTGCGTCGGGGCCACCCGCGACAGTGAGCGCAGGTTTGCACCGTCCATATGATGGGCAGAGCGTGTCAGCGCGGCTCGAGCGCATCGCGGCCGGCCCCTCACACTGGCCTACCCGGGGGTGGGGGAGGGGCCTGTGGAAGGGTTATTGAGGGCTGGCGTAGAGTCGGCGTTGGCGTGATGGGATGACCTCACGCCTCACGGGTGCGCAATGGGCACCCAGCGAAGACAAGATTTACGAGCTTATCCATCCGTATACTAACCAACACATGTTTCTACGTGTATATGTACTCTATGAGGGGAGGGTGGAGGGTGGAAAGAGAGAGAGACAAGGGCCGGAGCGGTGATGTACAGTGCCTCAGCCCCCTTCACCCTCCTCTTCTTTTTATCCGAGGCCAGCTGCCTCTCTCCTTTCCTCTGTTGCGGACCTCTGTGTGTGTGTGTGTGTGTGTTTCTATCTTCTCTCGGACCGCTTATGCGGTGT
1-204526d,LinJ.01,,1001,432,278268,,,,,114374,113374,,,minus,GAGACGGGTGTGGAGCCGTCGGACAGCAGTGCACTGTTTCGTGTTGCGGTGCGGCTATCGACGGCGGTGAACGAGCCGGTGAGTCTTCAAGGCAAACACGGGAAGGCCGGTACGGAGGAGAGGCGGTGGGTAGGTGGGCGGCAGAGGCGGTGATCGTGGCAGTGCGTGCCGGCGCAGGAGCCCTGTGTGGTTAGAATGTGATGAGGCTCAGACACGTAGATAGAGGGACTGAGGGAAGGGGAGGGGGCAGGGCGGCAACAAAATTTGAGGCCGGTTGGAAGGAGAAGAAGGGGACGAAGGCATCTGTGCGCGTGCGTGTATGTATTTTCTGCTCAATCACGCACGTGTATCGTTGTGGGGTGAGGCGGCGGCGCACAGACACACACACACACACACACACGCACACACCTCCGTGCGTGGGGGGGGGGTACCTCAGGCTGCAGGGCGCCCACCCACCCACCCACCCACCCCCCACTCCTCCCTCCGCCGTCCCGGCCCATGCCAGAACCACCTGTGGTGGCGACCAGGGCCGAGCATCTGTGACGTCAGGGAGTGCCCCGGCAGAGCGCGAGTTAGGGCTACGGACGTCAGCGGCCATGTCGTGCATGGCGCTGTGCCAAGGAGATGTGTGATGCGGATCAAGTTTGTACGCCCCCCTCAGAACGAATCGAGTCCGCTGCACTGACACGCTTCCCGACAACACCAAAAAAAAAACAATGAGCCGTGGCCCAGTGCTACGCGCATAATCAGGCCTCTACTCTCCGCCAGCTCTTGTGTCGCGATCAGGGACTACAACCACGACACAGATGCCCGAGGCTCTACATAGGCCGAGTGCTTCGCTGTGGAAGCACTCACCGTTAGACAGCAGGTCCGGAACCCTTGCTGGCGGCGGGCCCCTCCACCGCTCTCCGGCCTCGCGCTGGGGCCGCCGCGGTTCTCAAGGCGTCATCCTGCGCCTCTGTTCGGGCCGTCCACTGAGCTACGACCGTGTGCACCCCTCC
1-204526d,LinJ.01,,1000,432,278268,,,,,23869,24868,,,plus,GCAGGTGCCGGCAGGGGCGTCGTCCGATCCGCCGAGGGAGAGCGAAAGCCAAAGAACGCGAGCAGCTACAGGCGATGCTGTGAGGAGCATGGAATTGGGAAGCACCGTCACGTCGTCCTCGCATAACGAGAAAGACAACGTGGACACACACGCACAGGGCACAACCGCGGCGTAGTGTTCCTCCTCACATGGTTACCTCTCGCCCTTTCACCTCCCCGTGATGGCGGGGGAGGCGGGGGAGGCGGGGGGCACGCACCTCCATGCGTGGCATCCCAGGGTCCAGCGCCCCCCCCCTCCACCCCCGCTCTCTCTGTGTACGGAAGCCCGGCAGCCCCCTCACCCTCTATCCCTGCCAACGCCGAACCACTTCTGGTGCTGACAGGGCTGGGCCCTTACGGCGTTGGGCGAGGTCGGCGCGACGTAGCGCCACGGATGCCGGCGGCCATGTCGTGCATGGCGCTGCGTCCGAGCCACCCGCGACAGTGAGCACAGGCTTGCACGGTCCATGCGATGGGCGGAGCGTGTCAGCGCGGCTCGAGCGTGTCGCAGCCGGCCCCTCACACTGGCCCACGGCGAGGGGTGCGGGGGCCTGAGTGTCACCGCGACGGGGAGACGCACCCAGGGAGGAGGTGGGGGGAGTGGGGACCGGCATGATGGAGGGGCGGCTGTGTGGCGATGTGTGTGTATGTGGGTGTCGTCGCGTTTGAGGCAGGAGCCGTGCTGCGACGACCGAGCCGGCGCACTGCTGCAGCGCGCGTGTGTCTTGCGCTGCTTCGCACCAGGCGATGAGAGTGGGGTGGGGTGCCTGCAGCACTCGGCGGCGGGGGGGTGCAGAGCGGCCTCCACCTCGCAGTGTGCGGCAGCGAAAACGGACACGCGGAAGAGCAAACACCAAGCCCGCACCCCTCTCCTCAGCCTCAGGAACGGGCTCCTAAAACGGCTCGATGCTATCGAGCTCCGCCTGCGCAAAGGGCGCGGCACCATGCGCCACACCGCTCTC
1-204526d,LinJ.01,,1000,432,278268,,,,,36164,35165,,,minus,TCAGTTTTCTCTGCACTGCCCTCGGCGGCGGCATCACACGGCTGCGTGTGTCGGTCTGTCTTGACAGTTCGCCCCGCCCCACCCCCCTCTGCTCCCTCCCCTGGCTCCTCTCGAGACCGACGGCGGCGCTGACGGATGTGGTTGCTGCCATCACATAGCAGCTGTGGGCGACTGATGCATACACACCTGAGCGTTGTGCAATCAGCTGAGCATACCGCCTCCTCCGTGACGGCGGGGGAGGCGGGGGGCACGCACCTCCATGCGTGGCATCCCAGGGTCCAGCGCCCCCCCCCCTCCACCCCCGCTCTCTCTGTGTACGGAAGCCCGGCAGCCCCCTCACCCTCTATCCCTGCCAACGCCGAACCACTTCTGGTGCTGACAGGGCTGGGCCCTTACGGCGTTGGGCGAGGTCGGCGCGACGTAGCGCCACGGATGCCGGCGGCCATGTCGTGCATGGCGCTGCGTCCGAGCCACCCGCGACAGTGAGCACAGGCTTGCACGGTCCATGCGATGGGCGGAGCGTGTCAGCGCGGCTCGAGCGTGTCGCAGCCGGCCCCTCACACTGGCCCACGGCGAGGGGTGCGGGGGCCTGAGTGTCACCGCGACGGGGAGACGCACCCATGGAGGAGGTGGGGGGAGTGGGGACCGGCATGATGGAGGGGCGGCTGTGTGGCGATGTGTGTGTATGTGGGTGTCGTCGCGTTTGAGGCAGGAGCCGTGCTGCGATGACCGAGCCGGCGCACTGCTGCAGCGCGCGTGTGTCTTGCGCTGCTTCGCACCAGGCGATGGGAGTGGGGTGGGGTGCCTGCAGCACTCGGCGGCGGGGGGGGCAGAGCGGCCTCCACCTCTCCCCACCACTCTCATGTTCTATAGAAGAATGGCCACATCGGGTGAAACCTGCAGACGGCGCAATACGATGGAAGAGGAAATGCTTCGCACGGGCCGGTGCGTGTGTGTGCCGTGGGGGGCGGCCTCCGCGCAGGCGACGCGCGCTCTGACG
1-204526d,LinJ.01,,1000,432,278268,,,,,55776,54777,,,minus,GTATGGTGATCGCCGTCGATCTGTCGCACACGAGCACGTGCCATGACTGTGAGGACTGCCTCGGACGCGCCGACTGCATGGATGTCCTGCGCGTTCACGTCTACTGCCCGCAGGCTCTGAGCACGGACTTCAGCTGCTGATGTGCGTGCTCGCTCCGTCGTGACACCCCACTACATTCAAATTTCGTTCACGGAGCCGCTGCCGTTTTATATGCTCAACGCGACAGTTCCGACCCGCGATGACGGAAGGCACGCACCTCCATGCGTGGCATCCCAGGGTCCAGCGCCCCCCCCCTCCACCCCCGCTCTCTCTGTGTACGGAAGCCCGGCAGCCCCCTCACCCTCTATCCCTGCCAACGCCGAACCACTTCTGGTGCTGACAGGGCTGGGCCCTTACGGCGTTGGGCGAGGTCGGCGCGACGTAGCGCCACGGATGCCGGCGGCCATGTCGTGCATGGCGCTGCGTCCGAGCCACCCGCGACAGTGAGCACAGGCTTGCACGGTCCATGCGATGGGCGGAGCGTGTCAGCGCGGCTCGAGCGTGTCGCAGCCGGCCCCTCACACTGGCCCACGGCGAGGGGTGCGGGGGCCTGAGTGTCACCGCGACGGGGAGACGCACCCAGGGAGGAGGTGGGGGGAGTGGGGACCGGCATGATGGAGGGGCGGCTGTGTGGCGATGTGTGTGTATGTGGGTGTCGTCGCGTTTGAGGCAGGAGCCGTGCTGCTATGACCGAGCCGGCGCACTGCTGCAGCGCGCGTGTGTCTTGCGCTGCTTCGCACCAGGCGATGAGAGTGGGGTGGGGTGCCTGCAGCACTCGGCGGCGGGGGGGTGCAGAGCGGCCTCCACCTCGCAGTGTGCGGCAGCGAAAACGGACACGCGGAAGACCAAACAATCTGGGACGCCCCCAAGAGGGGCGCTTCTCCCTGGGCTGCGCTTGTGCCCGACGGCTGCCTGCCGCTTGTGGGCGAGGTGCCTGCGCTGACGGCTGTGCTGAACGAGC
1-204526d,LinJ.01,,1000,432,278268,,,,,75666,76665,,,plus,CGCTGAGCAGGCAAGCGAGGCAACCTACGAAAACATGGCAGTGAGGAGGCGGCAGATACAGCGAGGAGGAGGAGGAGGCATAACATTTGAGCGCTGGCGTGTCGGACATCGAAACAAGGACACGTCACCTACCGCGAGGAGCCGTGGCGTGAAGGGACCACGCTGCTCCAAGATACTGCACCGCAGTCATACGAGGCACATCCAAACCACCCATTGCTGGATGGTCTAAGTGTTGGCGCGCACCCAGTGACGGGATAAACCTCAGCGTGGCATCCCAGGGTCCAGCGCCCCCCCTCCACCCCCGCTCTCTCTGTGTGCGGAAGCCCGGCAGCCCCCTCACCCTCTATCCCTGCCAACGCCGAACCACTTCTGGTGCTGACAGGGCTGGGCCCTTACGGCGTTGGGCGAGGTCGGCGCGACGTAGCGCCACGGATGCCGGCGGCCATGTCGTGCATGGCGCTGCGTCCGAGCCACCCGCGACAGTGAGCACAGGCTTGCACGGTCCATGCGATGGGCGGAGCGTGTCAGCGCGGCTCGAGCGTGTCGCAGCCGGCCCCTCACACTGGCCCACGGCGAGGGGTGCGGGGGCCTGAGTGTCACCGCGACGGGGAGACGCACCCAGGGAGGAGGTGGGGGGAGTGGGGACCGGCATGATGGAGGGGCGGCTGTGTGGCGATGTGTGTGTATGTGGGTGTGCGCGCGCGAAAGTTTATGAGGATTCTTTTTTCGGTTGTTTGCATGTTTTCATCGCTCCCTCGCTTTCTTTCCCTGTCGGTGATGGCGTACCCTCATTGGGGCGCCAAGGGTGCTGCATGCACGTGGCAGAGCGGTGACGATCAGAGCAGGGAGAAAACGAAAAGCTGACGGAGCGCTGCATCCGGCATGCTCACTTGCGTGGTTCGCCGCCACCGCAGGCGAAGGAAAAAGCGTGGTCCTGAGAAGCACAGCTGCGACAAGACAAAACAAGGGGGGTCCTACTTCGAGTTTGTGGTTTCCTCCG
1-204526d,LinJ.01,,1001,432,278268,,,,,136973,137973,,,plus,CTAGCGGAAGCACGAGCCACGCAGCAGCGTCCCCCCCCCTCCCCTCTGCAGCTCGCTTGGGGTGCCCTCCTCATCTCTTCCGTGTTGTGTGCTCTGCGCCGCTCCCACCCGCGTTCTCCTCGTGTCCACGCGTCGGGGGCGGGGGGGAGGGGGGGCATCTGCGGATACCGACACACACACACACACACACACACACAGGTACAGCGCCGCACCGTGCCGCTCTGCATATGCTTTTCGTTGTTGTTTATTTTGGTTTGTTTTCTCGGCGCTGGGCTCGGAGACGCGTTCCACCAGACGAAGTCGCTTTTCTTCTCCCTCACGGTCCGCCCTTCGTGCGATACATCATCCGCGCGGCCGACTGCGCGCCCGGATCCCCGTGCCTGCGAGGCGGGGCAGTGGTGCCGCGGTGTGCATGATGCACCACGTCGAAGGCACGTGGGCATGACATACCCTTTTTTGCGTTCTTTCCCTTCCTCTTTTCGCCCTTGACGACGGGGTGGGGCGGCGGCGCACAGACACACACACACACACACACACACACGCACACACCTCCGTGCGTGGGGGGGGGGGTACCTCAGGCTGCAGGGCGCCCACCCACCCACCCACCCACCCCCCACTCCTCCCTCCGCCGTCCCGGCCCATGCCAGAACCACCTGTGGTGGCGACCAGGGCCGAGCATCTGTGACGTCAGGGAGTGCCCCGGCAGAGCGCGAGTTAGGGCTACGGACGTCAGCGGCCATGTCGTGCATGGCGTTGCGTCGGGGCCACCCGCGACAGTGAGCGCAGGTTTGCACCGTCCATATGATGGGCAGAGCGTGTCAGCGCGGCTCGAGCGCATCGCGGCCGGCCCCTCACACTGGCCTACCCGGGGGTGGGGGAGGGGCCTGTGGAAGGGTTATTGAGGGCTGGCGTAGAGTCGGCGTTGGCGTGATGGGATGACCTCACGCCTCACGGGTGCGCAATGGGCACCCAGCGAAGACAAGATTTACGAGCTTATCCAT
1-204526d,LinJ.01,,1000,432,278268,,,,,221391,220392,,,minus,TTCGATCGAACGCGCAGGGTCGACGCCCCCCCCCCCTTATCCGTCCATGCCTCTCGCTCATTGGCGGACATGGACGCACAGACACGGCAGCAAAGCCAGTTGAGATCCTCCCGGGCACAGGAGGGGGTGGTGGTGCGTGCGTGTGCGTGTATGTGTGTGCGCGCCATCTCCGGCACTGGCACCAACACACACACACACGCACACACACGCACGCACGCACATTCGTGCAATGAGAGATGGAGAAGCCACACACCACAACCACAATAGCAGCCATCACCATAGCTTACCCTTTATCGGGGCCTCGCCCCTCCTCAGCTGTGAACTGACTGGCGCGGTTACCGCAGTCGCGGTGTTTGCCGGCCACTGCCGCTGCATAGGTGGGAGGAGAGCCTTTCCTGCATGGCAGAGTGCAACAGACGCGTTTTTTTTTTGTGTGCGTGTGTGGGGTGGGGTGGGGGGAGGCGTTGACTCGCACGCGGCTGCGATACCGTTGGTGGGGCGGCGGCGCCTGCGCATACATTACGTTGTGCTGAAGAGGTCTTTTGGGTCCAGCCGAGGGAGGGGTTTCGGTCTCTGCTGCTGTGGTGGGGACGCGGCGCTAGCGCCGTCACTGCCGCCGTTCGCCGCCTCGGTCGCGCTGGCGGAGCCCGCCGCTGCGGCTGCCGGCCCCTTCTGCTGCCTCTGAGAGAGTAGCAGCGCCCTCTGCGCCTCCAGTCGCTCTACGAAGTCGGCGTCGACCTTGTCGGCGCCGTACGTGTCGCGCAGGCAGCGAAGTAGCGCGCCGATCTGCGCGCGTGTGAGCTCGTCGCTGCGCTTCCACAGCGCGGAGAGTACCGTGGCCATGGCAGTGCGGAGAATATCACCAGGTGCGGGCAGCGACGGGGAGGAGGGCTCGCCCTGACGCGTCGCCGGTGGCGTGGCGGGAGCCTGCGCATCATCGTCGCTCCTGTGTGCAGCGGCACTGGCGCCCTTGGTGGCTGTGCGGAGACCCGTTGAGGTG
1-204526d,LinJ.01,,1001,432,278268,,,,,211672,212672,,,plus,GCTCGTGAGGCCCCCCCCACTCCACACACCCCACATCCCTCGTGTGGGGCGGGGGGAGGCGCTCCAGCTCTCTCGCTCGGTGTGGGTGCTCCTATCGACCTTGCTCTCTCTCTCTCCTCTCTGTCAGCGCTTGGTATCTGCCTATCTGCCTACATATATATATATATGCGTATAAACATCTATACACTTATTGGTGGGTGGGTGGGTGGCAGACGCTCCTGTCTCTAACTCTGCGTTGTCCGAAGCAGACGCTCATCGATGTACCCATCCCATCTCCCTCCATCAACCGATCCTCCTTCTCTTCCGCGCGTGCTGCTGTCCTTGTTCTTGTTTCCGTGTTGTTGTCGTCATCGTCTTCTGTTGATACGGCAGGCAACGATCATCATGGTGTCCATGATGATCCTCCATCTCTCTGCGTGCCTGCCTGCCTCTGTTGGCCCGTGTGGTTCCGTGCATGTGTTTCTCTACCGACAGTACTCGCCGGCGCCATCCCCTCCTCCTCCCTCCGCCGCCGTCCCCCGCTCACTGTCATGTGAGCTTGAGCATCTCATGTCTCCGGCTCTCTTTGCGGCGTGTGACGTCGCTTTTTCGTGTCGTCGAGTCTCCTCGTGCTCCCACCTCCCCCCCCTCCCTCCCTCCCTCCCTCCCTCCCTCTCCTTGCGTCTGCATCCGTCGGTGTCCGTGTGCGGGTCTGCCGCCGCGCTGTGCGCACGAGAGTATTGGCTGCCACCAGTGAGCATGTCTCTGCTTGAACCTCCATATACGCCTGACCGCGCACACACACGGGGCGCACCGCGAGAGACGCACCAAGCGCCTGTGTATGTGTGTGTGTGTGTGTACCAGACGGAGACGGAGACGTACAAGACTCGTCGTTCTGCGTGGTGACGCCAACGGATTCGCTTGCGACCAGCTCATGGTGGTTTGCGGTAGATGCTAAGAAAGGAGTGCGGAGGGAGAAAAGACGCCGCACCCACGCGCACACGCGCGTGGGTGTCTTTCTG
1-204526d,LinJ.01,,1001,432,278268,,,,,218658,217658,,,minus,GCCAGTCGCGGTTGCCACAAGCGCCACCGTCGGCCTAGCAGATGCACTGGCGGCAATGGTCACAACAGCGTTTTTGCTGCGGCTGCTGCCCTCCGCAGCCGCGGGCGTCTCGGTGGCCATCGAGCCTCCATCGGTGTGCGCGCTGCCCTCCTCTTCGGGGACCATCAGCTCCAGCCCCAACAGCACCTGCGACGCCACCGCGGTGTCCGTCATCGCAGCCGGCGAGTGCAGAAGGCGCCGCAGCAGTACACGATGCAGCGGATGATCAGGGATGAGCGAGTTGCGGTGCAGCAGCGCGTGCAGCGTGCGCCGTGCCGCAGCCAGAGGAAGCAAGCCCTCCAGCTCTTCATCTCCCGGCTGTGACTGGGCTAAGGCGGCACGGGAAGCTGCCGTGGAGGCGAGTGCGGCGAGAACGGCGCTGGCGAGAATCTCGTAAGTCTCGGCCCAGTGCGGACTGCTCACACGCAACAACAAACACAGCAGCGCCAGCAGCTGCGTCGGGGCCACCGTCGCCACGTCGCTGGTGGCGGCAGGACTCTGCAGATGGTTGCACACGCGGCACACCCGCGCGCACACAACGTCCATTAATGGGTAGTAGTCTTCATCCGTCACCTTTAGCAGCTGCTTCCGCTGCTGCGGGGCGTTCAATCCACCGTGGCCGCCATCGACACGGATGTTGCGCGCTTGCCGCCGCTGCGTGCGGTTGGACGCGGATGGCACGCTTGACAGAGCTCGCAGCAACGCCGTACAGTCCGCCAAGGCGGCCGCGGCGTCGTCCGCGCACGGGCGACGCGCAAAGTACGCCATCCAGAGCGTCGTCAGGTGCGTGACAGCGTGCCCAGAGACGGCGTAGTGGCGTAGGGCCGCGGTCAAGTCCAGCAGCACGGCCGCGCCAGGCAGCGCCTCGACAGCCTCACCCGTGGCTTCGTCAGCGACGTTCTGAGCGGCCCGCTCTGCCGCGCGCGCTAGTGCTAGGGTGACCTCAGGTAGCAACGCAAGGT
