Seq_1_LinJ.01_plus,LinJ.01,,992,660,278268,,,,,23938,24929,,,plus,AGGCGATGCTGTGAGGAGCATGGAATTGGGAAGCACCGTCACGTCGTCCTCGCATAACGAGAAAGACAACGTGGACACACACGCACAGGGCACAACCGCGGCGTAGTGTTCCTCCTCACATGGTTACCTCTCGCCCTTTCACCTCCCCGTGATGGCGGGGGAGGCGGGGGAGGCGGGGGGCACGCACCTCCATGCGTGGCATCCCAGGGTCCAGCGCCCCCCCCCTCCACCCCCGCTCTCTCTGTGTACGGAAGCCCGGCAGCCCCCTCACCCTCTATCCCTGCCAACGCCGAACCACTTCTGGTGCTGACAGGGCTGGGCCCTTACGGCGTTGGGCGAGGTCGGCGCGACGTAGCGCCACGGATGCCGGCGGCCATGTCGTGCATGGCGCTGCGTCCGAGCCACCCGCGACAGTGAGCACAGGCTTGCACGGTCCATGCGATGGGCGGAGCGTGTCAGCGCGGCTCGAGCGTGTCGCAGCCGGCCCCTCACACTGGCCCACGGCGAGGGGTGCGGGGGCCTGAGTGTCACCGCGACGGGGAGACGCACCCAGGGAGGAGGTGGGGGGAGTGGGGACCGGCATGATGGAGGGGCGGCTGTGTGGCGATGTGTGTGTATGTGGGTGTCGTCGCGTTTGAGGCAGGAGCCGTGCTGCGACGACCGAGCCGGCGCACTGCTGCAGCGCGCGTGTGTCTTGCGCTGCTTCGCACCAGGCGATGAGAGTGGGGTGGGGTGCCTGCAGCACTCGGCGGCGGGGGGGTGCAGAGCGGCCTCCACCTCGCAGTGTGCGGCAGCGAAAACGGACACGCGGAAGAGCAAACACCAAGCCCGCACCCCTCTCCTCAGCCTCAGGAACGGGCTCCTAAAACGGCTCGATGCTATCGAGCTCCGCCTGCGCAAAGGGCGCGGCACCATGCGCCACACCGCTCTCAGACAGGAGTCGCAAGATGGAGTTCACAGCAACGCGATACGACGGCGCGGCTACCTCTGTC
Seq_2_LinJ.01_minus,LinJ.01,,998,660,278268,,,,,55707,54710,,,minus,CCGACTGCATGGATGTCCTGCGCGTTCACGTCTACTGCCCGCAGGCTCTGAGCACGGACTTCAGCTGCTGATGTGCGTGCTCGCTCCGTCGTGACACCCCACTACATTCAAATTTCGTTCACGGAGCCGCTGCCGTTTTATATGCTCAACGCGACAGTTCCGACCCGCGATGACGGAAGGCACGCACCTCCATGCGTGGCATCCCAGGGTCCAGCGCCCCCCCCCTCCACCCCCGCTCTCTCTGTGTACGGAAGCCCGGCAGCCCCCTCACCCTCTATCCCTGCCAACGCCGAACCACTTCTGGTGCTGACAGGGCTGGGCCCTTACGGCGTTGGGCGAGGTCGGCGCGACGTAGCGCCACGGATGCCGGCGGCCATGTCGTGCATGGCGCTGCGTCCGAGCCACCCGCGACAGTGAGCACAGGCTTGCACGGTCCATGCGATGGGCGGAGCGTGTCAGCGCGGCTCGAGCGTGTCGCAGCCGGCCCCTCACACTGGCCCACGGCGAGGGGTGCGGGGGCCTGAGTGTCACCGCGACGGGGAGACGCACCCAGGGAGGAGGTGGGGGGAGTGGGGACCGGCATGATGGAGGGGCGGCTGTGTGGCGATGTGTGTGTATGTGGGTGTCGTCGCGTTTGAGGCAGGAGCCGTGCTGCTATGACCGAGCCGGCGCACTGCTGCAGCGCGCGTGTGTCTTGCGCTGCTTCGCACCAGGCGATGAGAGTGGGGTGGGGTGCCTGCAGCACTCGGCGGCGGGGGGGTGCAGAGCGGCCTCCACCTCGCAGTGTGCGGCAGCGAAAACGGACACGCGGAAGACCAAACAATCTGGGACGCCCCCAAGAGGGGCGCTTCTCCCTGGGCTGCGCTTGTGCCCGACGGCTGCCTGCCGCTTGTGGGCGAGGTGCCTGCGCTGACGGCTGTGCTGAACGAGCTTGTGGAGTGGCTGTGGCTGGTGGGCGACATGCCGAAGGGAAGTTGTGGTGTTGATGTTGCTGGTGT
Seq_3_LinJ.01_minus,LinJ.01,,999,660,278268,,,,,36124,35126,,,minus,GCTGCGTGTGTCGGTCTGTCTTGACAGTTCGCCCCGCCCCACCCCCCTCTGCTCCCTCCCCTGGCTCCTCTCGAGACCGACGGCGGCGCTGACGGATGTGGTTGCTGCCATCACATAGCAGCTGTGGGCGACTGATGCATACACACCTGAGCGTTGTGCAATCAGCTGAGCATACCGCCTCCTCCGTGACGGCGGGGGAGGCGGGGGGCACGCACCTCCATGCGTGGCATCCCAGGGTCCAGCGCCCCCCCCCCTCCACCCCCGCTCTCTCTGTGTACGGAAGCCCGGCAGCCCCCTCACCCTCTATCCCTGCCAACGCCGAACCACTTCTGGTGCTGACAGGGCTGGGCCCTTACGGCGTTGGGCGAGGTCGGCGCGACGTAGCGCCACGGATGCCGGCGGCCATGTCGTGCATGGCGCTGCGTCCGAGCCACCCGCGACAGTGAGCACAGGCTTGCACGGTCCATGCGATGGGCGGAGCGTGTCAGCGCGGCTCGAGCGTGTCGCAGCCGGCCCCTCACACTGGCCCACGGCGAGGGGTGCGGGGGCCTGAGTGTCACCGCGACGGGGAGACGCACCCATGGAGGAGGTGGGGGGAGTGGGGACCGGCATGATGGAGGGGCGGCTGTGTGGCGATGTGTGTGTATGTGGGTGTCGTCGCGTTTGAGGCAGGAGCCGTGCTGCGATGACCGAGCCGGCGCACTGCTGCAGCGCGCGTGTGTCTTGCGCTGCTTCGCACCAGGCGATGGGAGTGGGGTGGGGTGCCTGCAGCACTCGGCGGCGGGGGGGGCAGAGCGGCCTCCACCTCTCCCCACCACTCTCATGTTCTATAGAAGAATGGCCACATCGGGTGAAACCTGCAGACGGCGCAATACGATGGAAGAGGAAATGCTTCGCACGGGCCGGTGCGTGTGTGTGCCGTGGGGGGCGGCCTCCGCGCAGGCGACGCGCGCTCTGACGCACTTCGACACCTGCTGCGTGTGGCTGTTGCTTTTCTTG
Seq_4_LinJ.01_plus,LinJ.01,,1000,660,278268,,,,,75646,76645,,,plus,TCAAAGTGGGAGGAGAGCGCCGCTGAGCAGGCAAGCGAGGCAACCTACGAAAACATGGCAGTGAGGAGGCGGCAGATACAGCGAGGAGGAGGAGGAGGCATAACATTTGAGCGCTGGCGTGTCGGACATCGAAACAAGGACACGTCACCTACCGCGAGGAGCCGTGGCGTGAAGGGACCACGCTGCTCCAAGATACTGCACCGCAGTCATACGAGGCACATCCAAACCACCCATTGCTGGATGGTCTAAGTGTTGGCGCGCACCCAGTGACGGGATAAACCTCAGCGTGGCATCCCAGGGTCCAGCGCCCCCCCTCCACCCCCGCTCTCTCTGTGTGCGGAAGCCCGGCAGCCCCCTCACCCTCTATCCCTGCCAACGCCGAACCACTTCTGGTGCTGACAGGGCTGGGCCCTTACGGCGTTGGGCGAGGTCGGCGCGACGTAGCGCCACGGATGCCGGCGGCCATGTCGTGCATGGCGCTGCGTCCGAGCCACCCGCGACAGTGAGCACAGGCTTGCACGGTCCATGCGATGGGCGGAGCGTGTCAGCGCGGCTCGAGCGTGTCGCAGCCGGCCCCTCACACTGGCCCACGGCGAGGGGTGCGGGGGCCTGAGTGTCACCGCGACGGGGAGACGCACCCAGGGAGGAGGTGGGGGGAGTGGGGACCGGCATGATGGAGGGGCGGCTGTGTGGCGATGTGTGTGTATGTGGGTGTGCGCGCGCGAAAGTTTATGAGGATTCTTTTTTCGGTTGTTTGCATGTTTTCATCGCTCCCTCGCTTTCTTTCCCTGTCGGTGATGGCGTACCCTCATTGGGGCGCCAAGGGTGCTGCATGCACGTGGCAGAGCGGTGACGATCAGAGCAGGGAGAAAACGAAAAGCTGACGGAGCGCTGCATCCGGCATGCTCACTTGCGTGGTTCGCCGCCACCGCAGGCGAAGGAAAAAGCGTGGTCCTGAGAAGCACAGCTGCGACAAGACAAAACAAGGGGGGTCCTACTT
Seq_5_LinJ.01_plus,LinJ.01,,943,660,278268,,,,,137265,138207,,,plus,AGACGAAGTCGCTTTTCTTCTCCCTCACGGTCCGCCCTTCGTGCGATACATCATCCGCGCGGCCGACTGCGCGCCCGGATCCCCGTGCCTGCGAGGCGGGGCAGTGGTGCCGCGGTGTGCATGATGCACCACGTCGAAGGCACGTGGGCATGACATACCCTTTTTTGCGTTCTTTCCCTTCCTCTTTTCGCCCTTGACGACGGGGTGGGGCGGCGGCGCACAGACACACACACACACACACACACACACGCACACACCTCCGTGCGTGGGGGGGGGGGTACCTCAGGCTGCAGGGCGCCCACCCACCCACCCACCCACCCCCCACTCCTCCCTCCGCCGTCCCGGCCCATGCCAGAACCACCTGTGGTGGCGACCAGGGCCGAGCATCTGTGACGTCAGGGAGTGCCCCGGCAGAGCGCGAGTTAGGGCTACGGACGTCAGCGGCCATGTCGTGCATGGCGTTGCGTCGGGGCCACCCGCGACAGTGAGCGCAGGTTTGCACCGTCCATATGATGGGCAGAGCGTGTCAGCGCGGCTCGAGCGCATCGCGGCCGGCCCCTCACACTGGCCTACCCGGGGGTGGGGGAGGGGCCTGTGGAAGGGTTATTGAGGGCTGGCGTAGAGTCGGCGTTGGCGTGATGGGATGACCTCACGCCTCACGGGTGCGCAATGGGCACCCAGCGAAGACAAGATTTACGAGCTTATCCATCCGTATACTAACCAACACATGTTTCTACGTGTATATGTACTCTATGAGGGGAGGGTGGAGGGTGGAAAGAGAGAGAGACAAGGGCCGGAGCGGTGATGTACAGTGCCTCAGCCCCCTTCACCCTCCTCTTCTTTTTATCCGAGGCCAGCTGCCTCTCTCCTTTCCTCTGTTGCGGACCTCTGTGTGTGTGTGTGTGTGTGTTTCTATCTTCTCTCGGACCGCTTATGCGGTGTT
Seq_6_LinJ.01_plus,LinJ.01,,951,660,278268,,,,,205336,206286,,,plus,CGGTTGGGGGGGGAGGACCGCCGGCCACCAACACGGACCACAGGCACACACACGCATATATATATTTACATGCGTGTGTGTGCATGTGTGTGTACGGGCCTCTTAAGCCAGTGATGCGGTGCCTCCGTGAGTCGATGGCGCCTCCATCCCCCTACTCGCTCTCGGTTTGGGGTCACTGCATCGAAGTTCGTTGCTCTTCTTCAGCCGTCTCGCTACGGCACAGATGACGGGGTGGGGCGGCGGCGCACACACACACACGCACACACCTCCGTGCGTGGGGGGGGGGGTACCTCAGGCTGCAGGGCGCCCACCCACCCCCCCCCACTCCTCCCTCCGCCGTCCCGGCCCATGCCAGAACCACCTGTGGTGGCGACCAGGGCCGAGCATCTGTGACGTCAGGGAGTGCCCCGGCAGAGCGCGAGTTAGGGCTACGGACGTCAGCGGCCATGTCGTGCATGGCGTTGCGTCGGGGCCACCCGCGACAGTGAGCGCAGGTTTGCACCGTCCATATGATGGGCAGAGCGTGTCAGCGCGGCTCGAGCGCATCGCGGCCGGCCCCTCACACTGGCCTACCCGGGGGTGGGGGAGGGGCCTGTGGAAGGGTTATTGAGGGCTGGCGTAGAGTCGGCGTTGGCGTGATGGGATGACTTCGCGTTGCGAGGAAGAGGAAGAGGAGACGAGACGAGACGTTGTCTGGTCGACTTTGCGGGCGCGCGCGCAGGCACAAGTATGCATATCCCTATGCATCTAGCTATCTATCTCACTGAACTCCCAGTGCGCGCGAGAGAGAGGGGGTGGGACGGGCTCGTGATGCCGTTGCGTGCGTCTCTCTGCTTCTCTACCTCTGCGGTCACGGAGGCCCACACACACACACACACACACGCACGCGCACTTTATTCATCGCCGTCGTCCAATTCTGCTCTCTGCACCTTGTGCAAGGGCGCATGTGTC
Seq_7_LinJ.01_minus,LinJ.01,,949,660,278268,,,,,130786,129838,,,minus,ATCATCACGAGACTCGGCGGTCATGCGTGCTGCGGAAGGCCCCCTTCCGCCTCGGGCCGCCTTCCGCGACAGAACCGACGAGGGAGGGAGGTAGGAAAAGGGCCGAAGGCGAGAAGAGAACAACGGCTTCGTCGGCGCTTGACTTGCCGTGGCTGTCGATCGTCTTGATTCTTTGGTTAGCTGCTGACTCCAGCCGCCGCCTCCTCGCTGATGACGGGGCGGCGGCGCACAGACACACACACACACACACACACGCACACACCTCCGTGCGTGGGGGGGGGGTACCTCAGGCTGCAGGGCGCCCACCCACCCACCCACCCCCCACTCCTCCCTCCGCCGTCCCGGCCCATGCCAGAACCACCTGTGGTGGCGACCAGGGCCGAGCATCTGTGACGTCAGGGAGTGCCCCGGCAGAGCGCGAGTTAGGGCTACGGACGTCAGCGGCCATGTCGTGCATGGCGTTGCGTCGGGGCCACCCGCGACAGTGAGCGCAGGTTTGCACCGTCCATATGATGGGCAGAGCGTGCCAGCGCGGCTCGAGCGCATCGCGGCCGGCCCCTCACACTGGCCTACCCGGGGGTGGGGGAGGGGCCTGTGAAAGGGTTATTGAGGGCTGGCGTAGAGTCGGCGTTGGCGTGATGGGATGACTTCGCGCTGCGCGGCAGAGGGATTAGTTTGCGTTTGAGAAAAAACAGGATATCAGCGAGATACCCGAACAGCACCCGTGCATGAGCAAGTGTGTGTGTGTGCGCGCGTCAGGTGGATGGATGGTGGGATGCACACAACGGGGAGGGGAGGGGAGGGTGGAGGGGGGGGGTGGCGCATCGCTTCCGAGCGCTGTGAGCCGTTTTGTTATGCGCAAGAAGAAGAGAGTTTTCCGTGATTAGGCCGTTGACGCGACGAGGCGCTTCAGCAGCTCCACAAAACGGTGGCACTCCTTCTCCTCCGT
Seq_8_LinJ.01_minus,LinJ.01,,913,660,278268,,,,,114285,113373,,,minus,AGGCAAACACGGGAAGGCCGGTACGGAGGAGAGGCGGTGGGTAGGTGGGCGGCAGAGGCGGTGATCGTGGCAGTGCGTGCCGGCGCAGGAGCCCTGTGTGGTTAGAATGTGATGAGGCTCAGACACGTAGATAGAGGGACTGAGGGAAGGGGAGGGGGCAGGGCGGCAACAAAATTTGAGGCCGGTTGGAAGGAGAAGAAGGGGACGAAGGCATCTGTGCGCGTGCGTGTATGTATTTTCTGCTCAATCACGCACGTGTATCGTTGTGGGGTGAGGCGGCGGCGCACAGACACACACACACACACACACACGCACACACCTCCGTGCGTGGGGGGGGGGTACCTCAGGCTGCAGGGCGCCCACCCACCCACCCACCCACCCCCCACTCCTCCCTCCGCCGTCCCGGCCCATGCCAGAACCACCTGTGGTGGCGACCAGGGCCGAGCATCTGTGACGTCAGGGAGTGCCCCGGCAGAGCGCGAGTTAGGGCTACGGACGTCAGCGGCCATGTCGTGCATGGCGCTGTGCCAAGGAGATGTGTGATGCGGATCAAGTTTGTACGCCCCCCTCAGAACGAATCGAGTCCGCTGCACTGACACGCTTCCCGACAACACCAAAAAAAAAACAATGAGCCGTGGCCCAGTGCTACGCGCATAATCAGGCCTCTACTCTCCGCCAGCTCTTGTGTCGCGATCAGGGACTACAACCACGACACAGATGCCCGAGGCTCTACATAGGCCGAGTGCTTCGCTGTGGAAGCACTCACCGTTAGACAGCAGGTCCGGAACCCTTGCTGGCGGCGGGCCCCTCCACCGCTCTCCGGCCTCGCGCTGGGGCCGCCGCGGTTCTCAAGGCGTCATCCTGCGCCTCTGTTCGGGCCGTCCACTGAGCTACGACCGTGTGCACCCCTCCT
Seq_9_LinJ.01_plus,LinJ.01,,1000,660,278268,,,,,123006,124005,,,plus,CGTTGTTTTGGTTATGTTTGTGTGTGTGTGTGTGTGTATCGGCTTCGTCTTCCTAGCTTCCTTTTCTCGTACGCCTTCGCATGTGTCGGTCACACGTAAATCCTTCCCCCTCTCCCTCCCCCTCATCAGGGCTTCGTCCGTCTCCTCGTTTTTCTGGTCTTCTCCTTCCTTCAAGTGTGCTTGGCGGTGTTCATCATGGTCGTCATCGTCGTCTTGTCGTCTTCTGCTGTGTTTAACTGAGGGATCTGCCTGTGTGTGCCTGTCTGTCTGTTCTGAAGCTGATCTGCGGATGTGGAATCACGTTCTCGGCCCCTCCGTATGCCTGTCTCTGTCTGTGTCTGTCTGTGTGTTGTTCCTAATCGGTGCGTGCGTGCGTGCGTGCGTGTGTGTGCGCGCGCTTCCTTTTATGTCTCCCCTTCCTCCCATACCCCCTCCCCTCCCCTCCCCTCCCCCTCTCCTCGGCCACCCCTCCATATTGTTTACGTTTTTCATGTGTGTGTATGTGTGTGTTCGCTGATGTACATTGATGTGTGTGTATGTATGTGTGCATACGTATTCCATCGGCAACGCCTCACATGATTCACCCGTCTCTCCTCGTCCCTCCTCGTCTCTAGTTAAACGCTTGTTGTTGCGATGTCTTTCTCCCTTTCTCCCTTCCCCCCTCTCTCCCTCTCTCTCTCTCTGTGCCTGTGTGTGCGTGTGTGCGCGTGTGCGTGTGTGTGTGTGTGTGTGTGCGTGCCTTTCCGTACTCTCGCTATCCCTGCGTGTCTCTCTTTCTCTCTCTCATGTCCCCGCATCCATGCCGCCTCTCAGGGCATAAAACAGAAAGCAGACACGCATCACAGAGAAAGGGGCTGGGAACGCAATCTGCGGCAGGCACGTGTGCACACACAAACACACCGAGAGTTCTGTCTGTCTGTCTCTCTCTCTCTCATCATCTCCCTTCTTGTCCTTCTCTTCTCCGTCGCGTAGGCCGTCTTGTCTCACTCATAAGGCTGAT
Seq_10_LinJ.01_plus,LinJ.01,,1000,660,278268,,,,,6834,7833,,,plus,ACTGGACTGGTAGAGCGTGCCGTAGCCGAGGTAACGCACGTATCGCCACAACTCGGTGTTGAAAAAGGTCCGCTTCACCTCGTTCAAGCAGGCGATATCGGGGTCGTAGCACCGCAGCAGCTCCACAATGTGCTTGCGACGGTGCTCCGGCGTGAGGAAGGGTGGGAGCTCCTTGTCGATGGAGGGGTCGTAGTCGCAGAAGGCGTTGGGGTCGTCGCATTCCGGGTTGCGCGTAAACTCGGGCACGCGCACCCGCACCGCCTCGACGGGGGTGGTGTGGCTGGGCCCCCAGGCGTCCGTCATCATGTTGAAGCTCATCAGGCGGAACCAGTCACGCCGTGAGAGGCTCGTCGACAGCTGAGAGACGGGCGCCTTCACCCACTTGCGCTTCAGCGGAGGCTCGCGCTCCGCCTCCATCTTCTCCGCTTGCATCTCACGCGCCAGCAGGCTCGACATCTTCGCCTCCAGCGCGCTCTGCGTGATCTGCGCGTCCATGATGGAGGGGCGGATCGTTGTGCGCGTGCCGGTGTCCCGCATCAGACCCAGGACCGGGCCACCGCTCACCAGTGGCGGATCATTCAGCAGCGCTGAGCAGCGTCTCAACATCTACAGAAGGGGAGGGAGGTGAAGGAAATCACTGCATGAGGCAAGCGACGCTCGAAGATGGCGAAGCACGGTCCGCTCTGGGCGTCTGTGCGTAGGTGGGTCGGTGTGAGCGATGCGTTTGCAGAGGGAATACTTCACAGTCCAGAGCAGACGAATAAGCGGAGGGAGGAAGGGGGGGGGGGGGGGGGCACTGATGCAGCGGCACACGTCGCCCACAGAAATACGCGAGAAGACGGGGGAGAGAGGAAGAGCAGGATAGACGGTCGTGAAGGATGAGAGGAAAAGGGCACAAGACGGCAAGACACGTTCGTGTGTGACTTTCAGAGGCACACAGAGGTATGTGCAAGCACACGTAGTACAGTGTGCAATCAGCAGCCCGCGCGCCTTTCTCTCT
Seq_11_LinJ.01_plus,LinJ.01,,1000,660,278268,,,,,16952,17951,,,plus,GCATGGCTTGTTGGGAATCGGTTCTGTTTGTGGGTAAGATGAATGGGTGTGGGGAGGTCGAGCAGAGGTGCAACGCCACACAGACGGTGAAACTAAAGGGCGCAGCGTTTTTGAGGGGGTTGAGGGGAGAGACGAGCACAGGCAGAGCTGGGACACGGCGGCTGTGAAGACGAGAAAAATGTGGGAAAACCGGGGGGAGGAAGACGGAGTCGAGGATGTGAGTGAGGGAGTGAGCGGGAGGGAGGGAAGGAGGGAGGAGAATAGGGAAGGTAAAAGTAGTGCACACCTTCAAAACAAAATGCGCATGAGAACTGCAGCGCTCGTTTCCGTTCTTGTTGGGAGGTGAGCGAGAGTCTTTGGGGGAGGGGGGAGCAACGCGTGCTGATAGTGAATGTCGTGGCCCAGGGGCGGGGTGTCGGTCGGAGGCGGACGAGTGGTGTGTGGGATGCGCACGAGGGCAACAAAGGGAAAAAGGCGAAGCGTAAAGGAGGCGTTTGTGTGTATGTGGGTGCTGCATACACACACATACGCCTCTCCTCATGCTGCAGCGGCTTCCCCCATCCCGCTCGTCCAAGGCACGTCGTCTTCAGTATCTACCCCTCTCCCCCCTGCCCACACCTTCGCACTTTTCTGAGCTTGTCGGGCCGGTCGCGTCATCGCCGCGGTGGTCGGTTGTGCGCTTCCTCCCCCTTGCCGATTTATCTGTGTTCCCTTTGCTTTTCTGTGAGAGTCACATCAACGTCGGTTACTGTCAACGAGCTCCCCACCTGTCCAGCTCAGAGAGTACTGTCATGGTGGTTTGGTGGGGTGGCGCTGCCACGAGTGAGCAGTAGAGGAGACGAGGGACATAAACAGCAGAGGAGCCGTCCTCAGAGAAGGTCGACCAGGGAAGGAGGAGAAGGGGTTCGGGTACGTCAGTTTATGAGCTAAGCACTTTCCCAGACTTCGCGCACTCTTCCCTCGCCCATTCCCGCTCCCTGTTGCGAATTCGCTGGCGCCG
Seq_15_LinJ.01_plus,LinJ.01,,969,660,278268,,,,,123038,124006,,,plus,TGTGTATCGGCTTCGTCTTCCTAGCTTCCTTTTCTCGTACGCCTTCGCATGTGTCGGTCACACGTAAATCCTTCCCCCTCTCCCTCCCCCTCATCAGGGCTTCGTCCGTCTCCTCGTTTTTCTGGTCTTCTCCTTCCTTCAAGTGTGCTTGGCGGTGTTCATCATGGTCGTCATCGTCGTCTTGTCGTCTTCTGCTGTGTTTAACTGAGGGATCTGCCTGTGTGTGCCTGTCTGTCTGTTCTGAAGCTGATCTGCGGATGTGGAATCACGTTCTCGGCCCCTCCGTATGCCTGTCTCTGTCTGTGTCTGTCTGTGTGTTGTTCCTAATCGGTGCGTGCGTGCGTGCGTGCGTGTGTGTGCGCGCGCTTCCTTTTATGTCTCCCCTTCCTCCCATACCCCCTCCCCTCCCCTCCCCTCCCCCTCTCCTCGGCCACCCCTCCATATTGTTTACGTTTTTCATGTGTGTGTATGTGTGTGTTCGCTGATGTACATTGATGTGTGTGTATGTATGTGTGCATACGTATTCCATCGGCAACGCCTCACATGATTCACCCGTCTCTCCTCGTCCCTCCTCGTCTCTAGTTAAACGCTTGTTGTTGCGATGTCTTTCTCCCTTTCTCCCTTCCCCCCTCTCTCCCTCTCTCTCTCTCTGTGCCTGTGTGTGCGTGTGTGCGCGTGTGCGTGTGTGTGTGTGTGTGTGTGCGTGCCTTTCCGTACTCTCGCTATCCCTGCGTGTCTCTCTTTCTCTCTCTCATGTCCCCGCATCCATGCCGCCTCTCAGGGCATAAAACAGAAAGCAGACACGCATCACAGAGAAAGGGGCTGGGAACGCAATCTGCGGCAGGCACGTGTGCACACACAAACACACCGAGAGTTCTGTCTGTCTGTCTCTCTCTCTCTCATCATCTCCCTTCTTGTCCTTCTCTTCTCCGTCGCGTAGGCCGTCTTGTCTCACTCATAAGGCTGATC
Seq_16_LinJ.01_minus,LinJ.01,,1000,621,278268,,,,,36124,35125,,,minus,GCTGCGTGTGTCGGTCTGTCTTGACAGTTCGCCCCGCCCCACCCCCCTCTGCTCCCTCCCCTGGCTCCTCTCGAGACCGACGGCGGCGCTGACGGATGTGGTTGCTGCCATCACATAGCAGCTGTGGGCGACTGATGCATACACACCTGAGCGTTGTGCAATCAGCTGAGCATACCGCCTCCTCCGTGACGGCGGGGGAGGCGGGGGGCACGCACCTCCATGCGTGGCATCCCAGGGTCCAGCGCCCCCCCCCCTCCACCCCCGCTCTCTCTGTGTACGGAAGCCCGGCAGCCCCCTCACCCTCTATCCCTGCCAACGCCGAACCACTTCTGGTGCTGACAGGGCTGGGCCCTTACGGCGTTGGGCGAGGTCGGCGCGACGTAGCGCCACGGATGCCGGCGGCCATGTCGTGCATGGCGCTGCGTCCGAGCCACCCGCGACAGTGAGCACAGGCTTGCACGGTCCATGCGATGGGCGGAGCGTGTCAGCGCGGCTCGAGCGTGTCGCAGCCGGCCCCTCACACTGGCCCACGGCGAGGGGTGCGGGGGCCTGAGTGTCACCGCGACGGGGAGACGCACCCATGGAGGAGGTGGGGGGAGTGGGGACCGGCATGATGGAGGGGCGGCTGTGTGGCGATGTGTGTGTATGTGGGTGTCGTCGCGTTTGAGGCAGGAGCCGTGCTGCGATGACCGAGCCGGCGCACTGCTGCAGCGCGCGTGTGTCTTGCGCTGCTTCGCACCAGGCGATGGGAGTGGGGTGGGGTGCCTGCAGCACTCGGCGGCGGGGGGGGCAGAGCGGCCTCCACCTCTCCCCACCACTCTCATGTTCTATAGAAGAATGGCCACATCGGGTGAAACCTGCAGACGGCGCAATACGATGGAAGAGGAAATGCTTCGCACGGGCCGGTGCGTGTGTGTGCCGTGGGGGGCGGCCTCCGCGCAGGCGACGCGCGCTCTGACGCACTTCGACACCTGCTGCGTGTGGCTGTTGCTTTTCTTGT
Seq_17_LinJ.01_plus,LinJ.01,,979,621,278268,,,,,23930,24908,,,plus,GCAGCTACAGGCGATGCTGTGAGGAGCATGGAATTGGGAAGCACCGTCACGTCGTCCTCGCATAACGAGAAAGACAACGTGGACACACACGCACAGGGCACAACCGCGGCGTAGTGTTCCTCCTCACATGGTTACCTCTCGCCCTTTCACCTCCCCGTGATGGCGGGGGAGGCGGGGGAGGCGGGGGGCACGCACCTCCATGCGTGGCATCCCAGGGTCCAGCGCCCCCCCCCTCCACCCCCGCTCTCTCTGTGTACGGAAGCCCGGCAGCCCCCTCACCCTCTATCCCTGCCAACGCCGAACCACTTCTGGTGCTGACAGGGCTGGGCCCTTACGGCGTTGGGCGAGGTCGGCGCGACGTAGCGCCACGGATGCCGGCGGCCATGTCGTGCATGGCGCTGCGTCCGAGCCACCCGCGACAGTGAGCACAGGCTTGCACGGTCCATGCGATGGGCGGAGCGTGTCAGCGCGGCTCGAGCGTGTCGCAGCCGGCCCCTCACACTGGCCCACGGCGAGGGGTGCGGGGGCCTGAGTGTCACCGCGACGGGGAGACGCACCCAGGGAGGAGGTGGGGGGAGTGGGGACCGGCATGATGGAGGGGCGGCTGTGTGGCGATGTGTGTGTATGTGGGTGTCGTCGCGTTTGAGGCAGGAGCCGTGCTGCGACGACCGAGCCGGCGCACTGCTGCAGCGCGCGTGTGTCTTGCGCTGCTTCGCACCAGGCGATGAGAGTGGGGTGGGGTGCCTGCAGCACTCGGCGGCGGGGGGGTGCAGAGCGGCCTCCACCTCGCAGTGTGCGGCAGCGAAAACGGACACGCGGAAGAGCAAACACCAAGCCCGCACCCCTCTCCTCAGCCTCAGGAACGGGCTCCTAAAACGGCTCGATGCTATCGAGCTCCGCCTGCGCAAAGGGCGCGGCACCATGCGCCACACCGCTCTCAGACAGGAGTCGCAAGATGGAGTTCACAGCAACGCGATAC
Seq_18_LinJ.01_minus,LinJ.01,,982,621,278268,,,,,55710,54729,,,minus,GCGCCGACTGCATGGATGTCCTGCGCGTTCACGTCTACTGCCCGCAGGCTCTGAGCACGGACTTCAGCTGCTGATGTGCGTGCTCGCTCCGTCGTGACACCCCACTACATTCAAATTTCGTTCACGGAGCCGCTGCCGTTTTATATGCTCAACGCGACAGTTCCGACCCGCGATGACGGAAGGCACGCACCTCCATGCGTGGCATCCCAGGGTCCAGCGCCCCCCCCCTCCACCCCCGCTCTCTCTGTGTACGGAAGCCCGGCAGCCCCCTCACCCTCTATCCCTGCCAACGCCGAACCACTTCTGGTGCTGACAGGGCTGGGCCCTTACGGCGTTGGGCGAGGTCGGCGCGACGTAGCGCCACGGATGCCGGCGGCCATGTCGTGCATGGCGCTGCGTCCGAGCCACCCGCGACAGTGAGCACAGGCTTGCACGGTCCATGCGATGGGCGGAGCGTGTCAGCGCGGCTCGAGCGTGTCGCAGCCGGCCCCTCACACTGGCCCACGGCGAGGGGTGCGGGGGCCTGAGTGTCACCGCGACGGGGAGACGCACCCAGGGAGGAGGTGGGGGGAGTGGGGACCGGCATGATGGAGGGGCGGCTGTGTGGCGATGTGTGTGTATGTGGGTGTCGTCGCGTTTGAGGCAGGAGCCGTGCTGCTATGACCGAGCCGGCGCACTGCTGCAGCGCGCGTGTGTCTTGCGCTGCTTCGCACCAGGCGATGAGAGTGGGGTGGGGTGCCTGCAGCACTCGGCGGCGGGGGGGTGCAGAGCGGCCTCCACCTCGCAGTGTGCGGCAGCGAAAACGGACACGCGGAAGACCAAACAATCTGGGACGCCCCCAAGAGGGGCGCTTCTCCCTGGGCTGCGCTTGTGCCCGACGGCTGCCTGCCGCTTGTGGGCGAGGTGCCTGCGCTGACGGCTGTGCTGAACGAGCTTGTGGAGTGGCTGTGGCTGGTGGGCGACATGCCGAAGGGAAGTTGTG
Seq_19_LinJ.01_plus,LinJ.01,,1000,621,278268,,,,,75646,76645,,,plus,TCAAAGTGGGAGGAGAGCGCCGCTGAGCAGGCAAGCGAGGCAACCTACGAAAACATGGCAGTGAGGAGGCGGCAGATACAGCGAGGAGGAGGAGGAGGCATAACATTTGAGCGCTGGCGTGTCGGACATCGAAACAAGGACACGTCACCTACCGCGAGGAGCCGTGGCGTGAAGGGACCACGCTGCTCCAAGATACTGCACCGCAGTCATACGAGGCACATCCAAACCACCCATTGCTGGATGGTCTAAGTGTTGGCGCGCACCCAGTGACGGGATAAACCTCAGCGTGGCATCCCAGGGTCCAGCGCCCCCCCTCCACCCCCGCTCTCTCTGTGTGCGGAAGCCCGGCAGCCCCCTCACCCTCTATCCCTGCCAACGCCGAACCACTTCTGGTGCTGACAGGGCTGGGCCCTTACGGCGTTGGGCGAGGTCGGCGCGACGTAGCGCCACGGATGCCGGCGGCCATGTCGTGCATGGCGCTGCGTCCGAGCCACCCGCGACAGTGAGCACAGGCTTGCACGGTCCATGCGATGGGCGGAGCGTGTCAGCGCGGCTCGAGCGTGTCGCAGCCGGCCCCTCACACTGGCCCACGGCGAGGGGTGCGGGGGCCTGAGTGTCACCGCGACGGGGAGACGCACCCAGGGAGGAGGTGGGGGGAGTGGGGACCGGCATGATGGAGGGGCGGCTGTGTGGCGATGTGTGTGTATGTGGGTGTGCGCGCGCGAAAGTTTATGAGGATTCTTTTTTCGGTTGTTTGCATGTTTTCATCGCTCCCTCGCTTTCTTTCCCTGTCGGTGATGGCGTACCCTCATTGGGGCGCCAAGGGTGCTGCATGCACGTGGCAGAGCGGTGACGATCAGAGCAGGGAGAAAACGAAAAGCTGACGGAGCGCTGCATCCGGCATGCTCACTTGCGTGGTTCGCCGCCACCGCAGGCGAAGGAAAAAGCGTGGTCCTGAGAAGCACAGCTGCGACAAGACAAAACAAGGGGGGTCCTACTT
Seq_20_LinJ.01_plus,LinJ.01,,943,621,278268,,,,,137265,138207,,,plus,AGACGAAGTCGCTTTTCTTCTCCCTCACGGTCCGCCCTTCGTGCGATACATCATCCGCGCGGCCGACTGCGCGCCCGGATCCCCGTGCCTGCGAGGCGGGGCAGTGGTGCCGCGGTGTGCATGATGCACCACGTCGAAGGCACGTGGGCATGACATACCCTTTTTTGCGTTCTTTCCCTTCCTCTTTTCGCCCTTGACGACGGGGTGGGGCGGCGGCGCACAGACACACACACACACACACACACACACGCACACACCTCCGTGCGTGGGGGGGGGGGTACCTCAGGCTGCAGGGCGCCCACCCACCCACCCACCCACCCCCCACTCCTCCCTCCGCCGTCCCGGCCCATGCCAGAACCACCTGTGGTGGCGACCAGGGCCGAGCATCTGTGACGTCAGGGAGTGCCCCGGCAGAGCGCGAGTTAGGGCTACGGACGTCAGCGGCCATGTCGTGCATGGCGTTGCGTCGGGGCCACCCGCGACAGTGAGCGCAGGTTTGCACCGTCCATATGATGGGCAGAGCGTGTCAGCGCGGCTCGAGCGCATCGCGGCCGGCCCCTCACACTGGCCTACCCGGGGGTGGGGGAGGGGCCTGTGGAAGGGTTATTGAGGGCTGGCGTAGAGTCGGCGTTGGCGTGATGGGATGACCTCACGCCTCACGGGTGCGCAATGGGCACCCAGCGAAGACAAGATTTACGAGCTTATCCATCCGTATACTAACCAACACATGTTTCTACGTGTATATGTACTCTATGAGGGGAGGGTGGAGGGTGGAAAGAGAGAGAGACAAGGGCCGGAGCGGTGATGTACAGTGCCTCAGCCCCCTTCACCCTCCTCTTCTTTTTATCCGAGGCCAGCTGCCTCTCTCCTTTCCTCTGTTGCGGACCTCTGTGTGTGTGTGTGTGTGTGTTTCTATCTTCTCTCGGACCGCTTATGCGGTGTT
Seq_21_LinJ.01_plus,LinJ.01,,951,621,278268,,,,,205336,206286,,,plus,CGGTTGGGGGGGGAGGACCGCCGGCCACCAACACGGACCACAGGCACACACACGCATATATATATTTACATGCGTGTGTGTGCATGTGTGTGTACGGGCCTCTTAAGCCAGTGATGCGGTGCCTCCGTGAGTCGATGGCGCCTCCATCCCCCTACTCGCTCTCGGTTTGGGGTCACTGCATCGAAGTTCGTTGCTCTTCTTCAGCCGTCTCGCTACGGCACAGATGACGGGGTGGGGCGGCGGCGCACACACACACACGCACACACCTCCGTGCGTGGGGGGGGGGGTACCTCAGGCTGCAGGGCGCCCACCCACCCCCCCCCACTCCTCCCTCCGCCGTCCCGGCCCATGCCAGAACCACCTGTGGTGGCGACCAGGGCCGAGCATCTGTGACGTCAGGGAGTGCCCCGGCAGAGCGCGAGTTAGGGCTACGGACGTCAGCGGCCATGTCGTGCATGGCGTTGCGTCGGGGCCACCCGCGACAGTGAGCGCAGGTTTGCACCGTCCATATGATGGGCAGAGCGTGTCAGCGCGGCTCGAGCGCATCGCGGCCGGCCCCTCACACTGGCCTACCCGGGGGTGGGGGAGGGGCCTGTGGAAGGGTTATTGAGGGCTGGCGTAGAGTCGGCGTTGGCGTGATGGGATGACTTCGCGTTGCGAGGAAGAGGAAGAGGAGACGAGACGAGACGTTGTCTGGTCGACTTTGCGGGCGCGCGCGCAGGCACAAGTATGCATATCCCTATGCATCTAGCTATCTATCTCACTGAACTCCCAGTGCGCGCGAGAGAGAGGGGGTGGGACGGGCTCGTGATGCCGTTGCGTGCGTCTCTCTGCTTCTCTACCTCTGCGGTCACGGAGGCCCACACACACACACACACACACGCACGCGCACTTTATTCATCGCCGTCGTCCAATTCTGCTCTCTGCACCTTGTGCAAGGGCGCATGTGTC
Seq_22_LinJ.01_minus,LinJ.01,,949,621,278268,,,,,130786,129838,,,minus,ATCATCACGAGACTCGGCGGTCATGCGTGCTGCGGAAGGCCCCCTTCCGCCTCGGGCCGCCTTCCGCGACAGAACCGACGAGGGAGGGAGGTAGGAAAAGGGCCGAAGGCGAGAAGAGAACAACGGCTTCGTCGGCGCTTGACTTGCCGTGGCTGTCGATCGTCTTGATTCTTTGGTTAGCTGCTGACTCCAGCCGCCGCCTCCTCGCTGATGACGGGGCGGCGGCGCACAGACACACACACACACACACACACGCACACACCTCCGTGCGTGGGGGGGGGGTACCTCAGGCTGCAGGGCGCCCACCCACCCACCCACCCCCCACTCCTCCCTCCGCCGTCCCGGCCCATGCCAGAACCACCTGTGGTGGCGACCAGGGCCGAGCATCTGTGACGTCAGGGAGTGCCCCGGCAGAGCGCGAGTTAGGGCTACGGACGTCAGCGGCCATGTCGTGCATGGCGTTGCGTCGGGGCCACCCGCGACAGTGAGCGCAGGTTTGCACCGTCCATATGATGGGCAGAGCGTGCCAGCGCGGCTCGAGCGCATCGCGGCCGGCCCCTCACACTGGCCTACCCGGGGGTGGGGGAGGGGCCTGTGAAAGGGTTATTGAGGGCTGGCGTAGAGTCGGCGTTGGCGTGATGGGATGACTTCGCGCTGCGCGGCAGAGGGATTAGTTTGCGTTTGAGAAAAAACAGGATATCAGCGAGATACCCGAACAGCACCCGTGCATGAGCAAGTGTGTGTGTGTGCGCGCGTCAGGTGGATGGATGGTGGGATGCACACAACGGGGAGGGGAGGGGAGGGTGGAGGGGGGGGGTGGCGCATCGCTTCCGAGCGCTGTGAGCCGTTTTGTTATGCGCAAGAAGAAGAGAGTTTTCCGTGATTAGGCCGTTGACGCGACGAGGCGCTTCAGCAGCTCCACAAAACGGTGGCACTCCTTCTCCTCCGT
Seq_23_LinJ.01_minus,LinJ.01,,913,621,278268,,,,,114285,113373,,,minus,AGGCAAACACGGGAAGGCCGGTACGGAGGAGAGGCGGTGGGTAGGTGGGCGGCAGAGGCGGTGATCGTGGCAGTGCGTGCCGGCGCAGGAGCCCTGTGTGGTTAGAATGTGATGAGGCTCAGACACGTAGATAGAGGGACTGAGGGAAGGGGAGGGGGCAGGGCGGCAACAAAATTTGAGGCCGGTTGGAAGGAGAAGAAGGGGACGAAGGCATCTGTGCGCGTGCGTGTATGTATTTTCTGCTCAATCACGCACGTGTATCGTTGTGGGGTGAGGCGGCGGCGCACAGACACACACACACACACACACACGCACACACCTCCGTGCGTGGGGGGGGGGTACCTCAGGCTGCAGGGCGCCCACCCACCCACCCACCCACCCCCCACTCCTCCCTCCGCCGTCCCGGCCCATGCCAGAACCACCTGTGGTGGCGACCAGGGCCGAGCATCTGTGACGTCAGGGAGTGCCCCGGCAGAGCGCGAGTTAGGGCTACGGACGTCAGCGGCCATGTCGTGCATGGCGCTGTGCCAAGGAGATGTGTGATGCGGATCAAGTTTGTACGCCCCCCTCAGAACGAATCGAGTCCGCTGCACTGACACGCTTCCCGACAACACCAAAAAAAAAACAATGAGCCGTGGCCCAGTGCTACGCGCATAATCAGGCCTCTACTCTCCGCCAGCTCTTGTGTCGCGATCAGGGACTACAACCACGACACAGATGCCCGAGGCTCTACATAGGCCGAGTGCTTCGCTGTGGAAGCACTCACCGTTAGACAGCAGGTCCGGAACCCTTGCTGGCGGCGGGCCCCTCCACCGCTCTCCGGCCTCGCGCTGGGGCCGCCGCGGTTCTCAAGGCGTCATCCTGCGCCTCTGTTCGGGCCGTCCACTGAGCTACGACCGTGTGCACCCCTCCT
Seq_24_LinJ.01_plus,LinJ.01,,1000,621,278268,,,,,123006,124005,,,plus,CGTTGTTTTGGTTATGTTTGTGTGTGTGTGTGTGTGTATCGGCTTCGTCTTCCTAGCTTCCTTTTCTCGTACGCCTTCGCATGTGTCGGTCACACGTAAATCCTTCCCCCTCTCCCTCCCCCTCATCAGGGCTTCGTCCGTCTCCTCGTTTTTCTGGTCTTCTCCTTCCTTCAAGTGTGCTTGGCGGTGTTCATCATGGTCGTCATCGTCGTCTTGTCGTCTTCTGCTGTGTTTAACTGAGGGATCTGCCTGTGTGTGCCTGTCTGTCTGTTCTGAAGCTGATCTGCGGATGTGGAATCACGTTCTCGGCCCCTCCGTATGCCTGTCTCTGTCTGTGTCTGTCTGTGTGTTGTTCCTAATCGGTGCGTGCGTGCGTGCGTGCGTGTGTGTGCGCGCGCTTCCTTTTATGTCTCCCCTTCCTCCCATACCCCCTCCCCTCCCCTCCCCTCCCCCTCTCCTCGGCCACCCCTCCATATTGTTTACGTTTTTCATGTGTGTGTATGTGTGTGTTCGCTGATGTACATTGATGTGTGTGTATGTATGTGTGCATACGTATTCCATCGGCAACGCCTCACATGATTCACCCGTCTCTCCTCGTCCCTCCTCGTCTCTAGTTAAACGCTTGTTGTTGCGATGTCTTTCTCCCTTTCTCCCTTCCCCCCTCTCTCCCTCTCTCTCTCTCTGTGCCTGTGTGTGCGTGTGTGCGCGTGTGCGTGTGTGTGTGTGTGTGTGTGCGTGCCTTTCCGTACTCTCGCTATCCCTGCGTGTCTCTCTTTCTCTCTCTCATGTCCCCGCATCCATGCCGCCTCTCAGGGCATAAAACAGAAAGCAGACACGCATCACAGAGAAAGGGGCTGGGAACGCAATCTGCGGCAGGCACGTGTGCACACACAAACACACCGAGAGTTCTGTCTGTCTGTCTCTCTCTCTCTCATCATCTCCCTTCTTGTCCTTCTCTTCTCCGTCGCGTAGGCCGTCTTGTCTCACTCATAAGGCTGAT
Seq_25_LinJ.01_plus,LinJ.01,,1000,621,278268,,,,,16952,17951,,,plus,GCATGGCTTGTTGGGAATCGGTTCTGTTTGTGGGTAAGATGAATGGGTGTGGGGAGGTCGAGCAGAGGTGCAACGCCACACAGACGGTGAAACTAAAGGGCGCAGCGTTTTTGAGGGGGTTGAGGGGAGAGACGAGCACAGGCAGAGCTGGGACACGGCGGCTGTGAAGACGAGAAAAATGTGGGAAAACCGGGGGGAGGAAGACGGAGTCGAGGATGTGAGTGAGGGAGTGAGCGGGAGGGAGGGAAGGAGGGAGGAGAATAGGGAAGGTAAAAGTAGTGCACACCTTCAAAACAAAATGCGCATGAGAACTGCAGCGCTCGTTTCCGTTCTTGTTGGGAGGTGAGCGAGAGTCTTTGGGGGAGGGGGGAGCAACGCGTGCTGATAGTGAATGTCGTGGCCCAGGGGCGGGGTGTCGGTCGGAGGCGGACGAGTGGTGTGTGGGATGCGCACGAGGGCAACAAAGGGAAAAAGGCGAAGCGTAAAGGAGGCGTTTGTGTGTATGTGGGTGCTGCATACACACACATACGCCTCTCCTCATGCTGCAGCGGCTTCCCCCATCCCGCTCGTCCAAGGCACGTCGTCTTCAGTATCTACCCCTCTCCCCCCTGCCCACACCTTCGCACTTTTCTGAGCTTGTCGGGCCGGTCGCGTCATCGCCGCGGTGGTCGGTTGTGCGCTTCCTCCCCCTTGCCGATTTATCTGTGTTCCCTTTGCTTTTCTGTGAGAGTCACATCAACGTCGGTTACTGTCAACGAGCTCCCCACCTGTCCAGCTCAGAGAGTACTGTCATGGTGGTTTGGTGGGGTGGCGCTGCCACGAGTGAGCAGTAGAGGAGACGAGGGACATAAACAGCAGAGGAGCCGTCCTCAGAGAAGGTCGACCAGGGAAGGAGGAGAAGGGGTTCGGGTACGTCAGTTTATGAGCTAAGCACTTTCCCAGACTTCGCGCACTCTTCCCTCGCCCATTCCCGCTCCCTGTTGCGAATTCGCTGGCGCCG
Seq_29_LinJ.01_plus,LinJ.01,,969,621,278268,,,,,123038,124006,,,plus,TGTGTATCGGCTTCGTCTTCCTAGCTTCCTTTTCTCGTACGCCTTCGCATGTGTCGGTCACACGTAAATCCTTCCCCCTCTCCCTCCCCCTCATCAGGGCTTCGTCCGTCTCCTCGTTTTTCTGGTCTTCTCCTTCCTTCAAGTGTGCTTGGCGGTGTTCATCATGGTCGTCATCGTCGTCTTGTCGTCTTCTGCTGTGTTTAACTGAGGGATCTGCCTGTGTGTGCCTGTCTGTCTGTTCTGAAGCTGATCTGCGGATGTGGAATCACGTTCTCGGCCCCTCCGTATGCCTGTCTCTGTCTGTGTCTGTCTGTGTGTTGTTCCTAATCGGTGCGTGCGTGCGTGCGTGCGTGTGTGTGCGCGCGCTTCCTTTTATGTCTCCCCTTCCTCCCATACCCCCTCCCCTCCCCTCCCCTCCCCCTCTCCTCGGCCACCCCTCCATATTGTTTACGTTTTTCATGTGTGTGTATGTGTGTGTTCGCTGATGTACATTGATGTGTGTGTATGTATGTGTGCATACGTATTCCATCGGCAACGCCTCACATGATTCACCCGTCTCTCCTCGTCCCTCCTCGTCTCTAGTTAAACGCTTGTTGTTGCGATGTCTTTCTCCCTTTCTCCCTTCCCCCCTCTCTCCCTCTCTCTCTCTCTGTGCCTGTGTGTGCGTGTGTGCGCGTGTGCGTGTGTGTGTGTGTGTGTGTGCGTGCCTTTCCGTACTCTCGCTATCCCTGCGTGTCTCTCTTTCTCTCTCTCATGTCCCCGCATCCATGCCGCCTCTCAGGGCATAAAACAGAAAGCAGACACGCATCACAGAGAAAGGGGCTGGGAACGCAATCTGCGGCAGGCACGTGTGCACACACAAACACACCGAGAGTTCTGTCTGTCTGTCTCTCTCTCTCTCATCATCTCCCTTCTTGTCCTTCTCTTCTCCGTCGCGTAGGCCGTCTTGTCTCACTCATAAGGCTGATC
Seq_31_LinJ.01_minus,LinJ.01,,999,650,278268,,,,,55707,54709,,,minus,CCGACTGCATGGATGTCCTGCGCGTTCACGTCTACTGCCCGCAGGCTCTGAGCACGGACTTCAGCTGCTGATGTGCGTGCTCGCTCCGTCGTGACACCCCACTACATTCAAATTTCGTTCACGGAGCCGCTGCCGTTTTATATGCTCAACGCGACAGTTCCGACCCGCGATGACGGAAGGCACGCACCTCCATGCGTGGCATCCCAGGGTCCAGCGCCCCCCCCCTCCACCCCCGCTCTCTCTGTGTACGGAAGCCCGGCAGCCCCCTCACCCTCTATCCCTGCCAACGCCGAACCACTTCTGGTGCTGACAGGGCTGGGCCCTTACGGCGTTGGGCGAGGTCGGCGCGACGTAGCGCCACGGATGCCGGCGGCCATGTCGTGCATGGCGCTGCGTCCGAGCCACCCGCGACAGTGAGCACAGGCTTGCACGGTCCATGCGATGGGCGGAGCGTGTCAGCGCGGCTCGAGCGTGTCGCAGCCGGCCCCTCACACTGGCCCACGGCGAGGGGTGCGGGGGCCTGAGTGTCACCGCGACGGGGAGACGCACCCAGGGAGGAGGTGGGGGGAGTGGGGACCGGCATGATGGAGGGGCGGCTGTGTGGCGATGTGTGTGTATGTGGGTGTCGTCGCGTTTGAGGCAGGAGCCGTGCTGCTATGACCGAGCCGGCGCACTGCTGCAGCGCGCGTGTGTCTTGCGCTGCTTCGCACCAGGCGATGAGAGTGGGGTGGGGTGCCTGCAGCACTCGGCGGCGGGGGGGTGCAGAGCGGCCTCCACCTCGCAGTGTGCGGCAGCGAAAACGGACACGCGGAAGACCAAACAATCTGGGACGCCCCCAAGAGGGGCGCTTCTCCCTGGGCTGCGCTTGTGCCCGACGGCTGCCTGCCGCTTGTGGGCGAGGTGCCTGCGCTGACGGCTGTGCTGAACGAGCTTGTGGAGTGGCTGTGGCTGGTGGGCGACATGCCGAAGGGAAGTTGTGGTGTTGATGTTGCTGGTGTT
Seq_32_LinJ.01_plus,LinJ.01,,992,650,278268,,,,,23938,24929,,,plus,AGGCGATGCTGTGAGGAGCATGGAATTGGGAAGCACCGTCACGTCGTCCTCGCATAACGAGAAAGACAACGTGGACACACACGCACAGGGCACAACCGCGGCGTAGTGTTCCTCCTCACATGGTTACCTCTCGCCCTTTCACCTCCCCGTGATGGCGGGGGAGGCGGGGGAGGCGGGGGGCACGCACCTCCATGCGTGGCATCCCAGGGTCCAGCGCCCCCCCCCTCCACCCCCGCTCTCTCTGTGTACGGAAGCCCGGCAGCCCCCTCACCCTCTATCCCTGCCAACGCCGAACCACTTCTGGTGCTGACAGGGCTGGGCCCTTACGGCGTTGGGCGAGGTCGGCGCGACGTAGCGCCACGGATGCCGGCGGCCATGTCGTGCATGGCGCTGCGTCCGAGCCACCCGCGACAGTGAGCACAGGCTTGCACGGTCCATGCGATGGGCGGAGCGTGTCAGCGCGGCTCGAGCGTGTCGCAGCCGGCCCCTCACACTGGCCCACGGCGAGGGGTGCGGGGGCCTGAGTGTCACCGCGACGGGGAGACGCACCCAGGGAGGAGGTGGGGGGAGTGGGGACCGGCATGATGGAGGGGCGGCTGTGTGGCGATGTGTGTGTATGTGGGTGTCGTCGCGTTTGAGGCAGGAGCCGTGCTGCGACGACCGAGCCGGCGCACTGCTGCAGCGCGCGTGTGTCTTGCGCTGCTTCGCACCAGGCGATGAGAGTGGGGTGGGGTGCCTGCAGCACTCGGCGGCGGGGGGGTGCAGAGCGGCCTCCACCTCGCAGTGTGCGGCAGCGAAAACGGACACGCGGAAGAGCAAACACCAAGCCCGCACCCCTCTCCTCAGCCTCAGGAACGGGCTCCTAAAACGGCTCGATGCTATCGAGCTCCGCCTGCGCAAAGGGCGCGGCACCATGCGCCACACCGCTCTCAGACAGGAGTCGCAAGATGGAGTTCACAGCAACGCGATACGACGGCGCGGCTACCTCTGTC
Seq_33_LinJ.01_minus,LinJ.01,,994,650,278268,,,,,36117,35124,,,minus,GTGTCGGTCTGTCTTGACAGTTCGCCCCGCCCCACCCCCCTCTGCTCCCTCCCCTGGCTCCTCTCGAGACCGACGGCGGCGCTGACGGATGTGGTTGCTGCCATCACATAGCAGCTGTGGGCGACTGATGCATACACACCTGAGCGTTGTGCAATCAGCTGAGCATACCGCCTCCTCCGTGACGGCGGGGGAGGCGGGGGGCACGCACCTCCATGCGTGGCATCCCAGGGTCCAGCGCCCCCCCCCCTCCACCCCCGCTCTCTCTGTGTACGGAAGCCCGGCAGCCCCCTCACCCTCTATCCCTGCCAACGCCGAACCACTTCTGGTGCTGACAGGGCTGGGCCCTTACGGCGTTGGGCGAGGTCGGCGCGACGTAGCGCCACGGATGCCGGCGGCCATGTCGTGCATGGCGCTGCGTCCGAGCCACCCGCGACAGTGAGCACAGGCTTGCACGGTCCATGCGATGGGCGGAGCGTGTCAGCGCGGCTCGAGCGTGTCGCAGCCGGCCCCTCACACTGGCCCACGGCGAGGGGTGCGGGGGCCTGAGTGTCACCGCGACGGGGAGACGCACCCATGGAGGAGGTGGGGGGAGTGGGGACCGGCATGATGGAGGGGCGGCTGTGTGGCGATGTGTGTGTATGTGGGTGTCGTCGCGTTTGAGGCAGGAGCCGTGCTGCGATGACCGAGCCGGCGCACTGCTGCAGCGCGCGTGTGTCTTGCGCTGCTTCGCACCAGGCGATGGGAGTGGGGTGGGGTGCCTGCAGCACTCGGCGGCGGGGGGGGCAGAGCGGCCTCCACCTCTCCCCACCACTCTCATGTTCTATAGAAGAATGGCCACATCGGGTGAAACCTGCAGACGGCGCAATACGATGGAAGAGGAAATGCTTCGCACGGGCCGGTGCGTGTGTGTGCCGTGGGGGGCGGCCTCCGCGCAGGCGACGCGCGCTCTGACGCACTTCGACACCTGCTGCGTGTGGCTGTTGCTTTTCTTGTG
Seq_34_LinJ.01_plus,LinJ.01,,1000,650,278268,,,,,75646,76645,,,plus,TCAAAGTGGGAGGAGAGCGCCGCTGAGCAGGCAAGCGAGGCAACCTACGAAAACATGGCAGTGAGGAGGCGGCAGATACAGCGAGGAGGAGGAGGAGGCATAACATTTGAGCGCTGGCGTGTCGGACATCGAAACAAGGACACGTCACCTACCGCGAGGAGCCGTGGCGTGAAGGGACCACGCTGCTCCAAGATACTGCACCGCAGTCATACGAGGCACATCCAAACCACCCATTGCTGGATGGTCTAAGTGTTGGCGCGCACCCAGTGACGGGATAAACCTCAGCGTGGCATCCCAGGGTCCAGCGCCCCCCCTCCACCCCCGCTCTCTCTGTGTGCGGAAGCCCGGCAGCCCCCTCACCCTCTATCCCTGCCAACGCCGAACCACTTCTGGTGCTGACAGGGCTGGGCCCTTACGGCGTTGGGCGAGGTCGGCGCGACGTAGCGCCACGGATGCCGGCGGCCATGTCGTGCATGGCGCTGCGTCCGAGCCACCCGCGACAGTGAGCACAGGCTTGCACGGTCCATGCGATGGGCGGAGCGTGTCAGCGCGGCTCGAGCGTGTCGCAGCCGGCCCCTCACACTGGCCCACGGCGAGGGGTGCGGGGGCCTGAGTGTCACCGCGACGGGGAGACGCACCCAGGGAGGAGGTGGGGGGAGTGGGGACCGGCATGATGGAGGGGCGGCTGTGTGGCGATGTGTGTGTATGTGGGTGTGCGCGCGCGAAAGTTTATGAGGATTCTTTTTTCGGTTGTTTGCATGTTTTCATCGCTCCCTCGCTTTCTTTCCCTGTCGGTGATGGCGTACCCTCATTGGGGCGCCAAGGGTGCTGCATGCACGTGGCAGAGCGGTGACGATCAGAGCAGGGAGAAAACGAAAAGCTGACGGAGCGCTGCATCCGGCATGCTCACTTGCGTGGTTCGCCGCCACCGCAGGCGAAGGAAAAAGCGTGGTCCTGAGAAGCACAGCTGCGACAAGACAAAACAAGGGGGGTCCTACTT
Seq_35_LinJ.01_plus,LinJ.01,,943,650,278268,,,,,137265,138207,,,plus,AGACGAAGTCGCTTTTCTTCTCCCTCACGGTCCGCCCTTCGTGCGATACATCATCCGCGCGGCCGACTGCGCGCCCGGATCCCCGTGCCTGCGAGGCGGGGCAGTGGTGCCGCGGTGTGCATGATGCACCACGTCGAAGGCACGTGGGCATGACATACCCTTTTTTGCGTTCTTTCCCTTCCTCTTTTCGCCCTTGACGACGGGGTGGGGCGGCGGCGCACAGACACACACACACACACACACACACACGCACACACCTCCGTGCGTGGGGGGGGGGGTACCTCAGGCTGCAGGGCGCCCACCCACCCACCCACCCACCCCCCACTCCTCCCTCCGCCGTCCCGGCCCATGCCAGAACCACCTGTGGTGGCGACCAGGGCCGAGCATCTGTGACGTCAGGGAGTGCCCCGGCAGAGCGCGAGTTAGGGCTACGGACGTCAGCGGCCATGTCGTGCATGGCGTTGCGTCGGGGCCACCCGCGACAGTGAGCGCAGGTTTGCACCGTCCATATGATGGGCAGAGCGTGTCAGCGCGGCTCGAGCGCATCGCGGCCGGCCCCTCACACTGGCCTACCCGGGGGTGGGGGAGGGGCCTGTGGAAGGGTTATTGAGGGCTGGCGTAGAGTCGGCGTTGGCGTGATGGGATGACCTCACGCCTCACGGGTGCGCAATGGGCACCCAGCGAAGACAAGATTTACGAGCTTATCCATCCGTATACTAACCAACACATGTTTCTACGTGTATATGTACTCTATGAGGGGAGGGTGGAGGGTGGAAAGAGAGAGAGACAAGGGCCGGAGCGGTGATGTACAGTGCCTCAGCCCCCTTCACCCTCCTCTTCTTTTTATCCGAGGCCAGCTGCCTCTCTCCTTTCCTCTGTTGCGGACCTCTGTGTGTGTGTGTGTGTGTGTTTCTATCTTCTCTCGGACCGCTTATGCGGTGTT
Seq_36_LinJ.01_plus,LinJ.01,,951,650,278268,,,,,205336,206286,,,plus,CGGTTGGGGGGGGAGGACCGCCGGCCACCAACACGGACCACAGGCACACACACGCATATATATATTTACATGCGTGTGTGTGCATGTGTGTGTACGGGCCTCTTAAGCCAGTGATGCGGTGCCTCCGTGAGTCGATGGCGCCTCCATCCCCCTACTCGCTCTCGGTTTGGGGTCACTGCATCGAAGTTCGTTGCTCTTCTTCAGCCGTCTCGCTACGGCACAGATGACGGGGTGGGGCGGCGGCGCACACACACACACGCACACACCTCCGTGCGTGGGGGGGGGGGTACCTCAGGCTGCAGGGCGCCCACCCACCCCCCCCCACTCCTCCCTCCGCCGTCCCGGCCCATGCCAGAACCACCTGTGGTGGCGACCAGGGCCGAGCATCTGTGACGTCAGGGAGTGCCCCGGCAGAGCGCGAGTTAGGGCTACGGACGTCAGCGGCCATGTCGTGCATGGCGTTGCGTCGGGGCCACCCGCGACAGTGAGCGCAGGTTTGCACCGTCCATATGATGGGCAGAGCGTGTCAGCGCGGCTCGAGCGCATCGCGGCCGGCCCCTCACACTGGCCTACCCGGGGGTGGGGGAGGGGCCTGTGGAAGGGTTATTGAGGGCTGGCGTAGAGTCGGCGTTGGCGTGATGGGATGACTTCGCGTTGCGAGGAAGAGGAAGAGGAGACGAGACGAGACGTTGTCTGGTCGACTTTGCGGGCGCGCGCGCAGGCACAAGTATGCATATCCCTATGCATCTAGCTATCTATCTCACTGAACTCCCAGTGCGCGCGAGAGAGAGGGGGTGGGACGGGCTCGTGATGCCGTTGCGTGCGTCTCTCTGCTTCTCTACCTCTGCGGTCACGGAGGCCCACACACACACACACACACACGCACGCGCACTTTATTCATCGCCGTCGTCCAATTCTGCTCTCTGCACCTTGTGCAAGGGCGCATGTGTC
Seq_37_LinJ.01_minus,LinJ.01,,949,650,278268,,,,,130786,129838,,,minus,ATCATCACGAGACTCGGCGGTCATGCGTGCTGCGGAAGGCCCCCTTCCGCCTCGGGCCGCCTTCCGCGACAGAACCGACGAGGGAGGGAGGTAGGAAAAGGGCCGAAGGCGAGAAGAGAACAACGGCTTCGTCGGCGCTTGACTTGCCGTGGCTGTCGATCGTCTTGATTCTTTGGTTAGCTGCTGACTCCAGCCGCCGCCTCCTCGCTGATGACGGGGCGGCGGCGCACAGACACACACACACACACACACACGCACACACCTCCGTGCGTGGGGGGGGGGTACCTCAGGCTGCAGGGCGCCCACCCACCCACCCACCCCCCACTCCTCCCTCCGCCGTCCCGGCCCATGCCAGAACCACCTGTGGTGGCGACCAGGGCCGAGCATCTGTGACGTCAGGGAGTGCCCCGGCAGAGCGCGAGTTAGGGCTACGGACGTCAGCGGCCATGTCGTGCATGGCGTTGCGTCGGGGCCACCCGCGACAGTGAGCGCAGGTTTGCACCGTCCATATGATGGGCAGAGCGTGCCAGCGCGGCTCGAGCGCATCGCGGCCGGCCCCTCACACTGGCCTACCCGGGGGTGGGGGAGGGGCCTGTGAAAGGGTTATTGAGGGCTGGCGTAGAGTCGGCGTTGGCGTGATGGGATGACTTCGCGCTGCGCGGCAGAGGGATTAGTTTGCGTTTGAGAAAAAACAGGATATCAGCGAGATACCCGAACAGCACCCGTGCATGAGCAAGTGTGTGTGTGTGCGCGCGTCAGGTGGATGGATGGTGGGATGCACACAACGGGGAGGGGAGGGGAGGGTGGAGGGGGGGGGTGGCGCATCGCTTCCGAGCGCTGTGAGCCGTTTTGTTATGCGCAAGAAGAAGAGAGTTTTCCGTGATTAGGCCGTTGACGCGACGAGGCGCTTCAGCAGCTCCACAAAACGGTGGCACTCCTTCTCCTCCGT
Seq_38_LinJ.01_minus,LinJ.01,,913,650,278268,,,,,114285,113373,,,minus,AGGCAAACACGGGAAGGCCGGTACGGAGGAGAGGCGGTGGGTAGGTGGGCGGCAGAGGCGGTGATCGTGGCAGTGCGTGCCGGCGCAGGAGCCCTGTGTGGTTAGAATGTGATGAGGCTCAGACACGTAGATAGAGGGACTGAGGGAAGGGGAGGGGGCAGGGCGGCAACAAAATTTGAGGCCGGTTGGAAGGAGAAGAAGGGGACGAAGGCATCTGTGCGCGTGCGTGTATGTATTTTCTGCTCAATCACGCACGTGTATCGTTGTGGGGTGAGGCGGCGGCGCACAGACACACACACACACACACACACGCACACACCTCCGTGCGTGGGGGGGGGGTACCTCAGGCTGCAGGGCGCCCACCCACCCACCCACCCACCCCCCACTCCTCCCTCCGCCGTCCCGGCCCATGCCAGAACCACCTGTGGTGGCGACCAGGGCCGAGCATCTGTGACGTCAGGGAGTGCCCCGGCAGAGCGCGAGTTAGGGCTACGGACGTCAGCGGCCATGTCGTGCATGGCGCTGTGCCAAGGAGATGTGTGATGCGGATCAAGTTTGTACGCCCCCCTCAGAACGAATCGAGTCCGCTGCACTGACACGCTTCCCGACAACACCAAAAAAAAAACAATGAGCCGTGGCCCAGTGCTACGCGCATAATCAGGCCTCTACTCTCCGCCAGCTCTTGTGTCGCGATCAGGGACTACAACCACGACACAGATGCCCGAGGCTCTACATAGGCCGAGTGCTTCGCTGTGGAAGCACTCACCGTTAGACAGCAGGTCCGGAACCCTTGCTGGCGGCGGGCCCCTCCACCGCTCTCCGGCCTCGCGCTGGGGCCGCCGCGGTTCTCAAGGCGTCATCCTGCGCCTCTGTTCGGGCCGTCCACTGAGCTACGACCGTGTGCACCCCTCCT
Seq_39_LinJ.01_plus,LinJ.01,,1000,650,278268,,,,,123006,124005,,,plus,CGTTGTTTTGGTTATGTTTGTGTGTGTGTGTGTGTGTATCGGCTTCGTCTTCCTAGCTTCCTTTTCTCGTACGCCTTCGCATGTGTCGGTCACACGTAAATCCTTCCCCCTCTCCCTCCCCCTCATCAGGGCTTCGTCCGTCTCCTCGTTTTTCTGGTCTTCTCCTTCCTTCAAGTGTGCTTGGCGGTGTTCATCATGGTCGTCATCGTCGTCTTGTCGTCTTCTGCTGTGTTTAACTGAGGGATCTGCCTGTGTGTGCCTGTCTGTCTGTTCTGAAGCTGATCTGCGGATGTGGAATCACGTTCTCGGCCCCTCCGTATGCCTGTCTCTGTCTGTGTCTGTCTGTGTGTTGTTCCTAATCGGTGCGTGCGTGCGTGCGTGCGTGTGTGTGCGCGCGCTTCCTTTTATGTCTCCCCTTCCTCCCATACCCCCTCCCCTCCCCTCCCCTCCCCCTCTCCTCGGCCACCCCTCCATATTGTTTACGTTTTTCATGTGTGTGTATGTGTGTGTTCGCTGATGTACATTGATGTGTGTGTATGTATGTGTGCATACGTATTCCATCGGCAACGCCTCACATGATTCACCCGTCTCTCCTCGTCCCTCCTCGTCTCTAGTTAAACGCTTGTTGTTGCGATGTCTTTCTCCCTTTCTCCCTTCCCCCCTCTCTCCCTCTCTCTCTCTCTGTGCCTGTGTGTGCGTGTGTGCGCGTGTGCGTGTGTGTGTGTGTGTGTGTGCGTGCCTTTCCGTACTCTCGCTATCCCTGCGTGTCTCTCTTTCTCTCTCTCATGTCCCCGCATCCATGCCGCCTCTCAGGGCATAAAACAGAAAGCAGACACGCATCACAGAGAAAGGGGCTGGGAACGCAATCTGCGGCAGGCACGTGTGCACACACAAACACACCGAGAGTTCTGTCTGTCTGTCTCTCTCTCTCTCATCATCTCCCTTCTTGTCCTTCTCTTCTCCGTCGCGTAGGCCGTCTTGTCTCACTCATAAGGCTGAT
Seq_40_LinJ.01_plus,LinJ.01,,1000,650,278268,,,,,6834,7833,,,plus,ACTGGACTGGTAGAGCGTGCCGTAGCCGAGGTAACGCACGTATCGCCACAACTCGGTGTTGAAAAAGGTCCGCTTCACCTCGTTCAAGCAGGCGATATCGGGGTCGTAGCACCGCAGCAGCTCCACAATGTGCTTGCGACGGTGCTCCGGCGTGAGGAAGGGTGGGAGCTCCTTGTCGATGGAGGGGTCGTAGTCGCAGAAGGCGTTGGGGTCGTCGCATTCCGGGTTGCGCGTAAACTCGGGCACGCGCACCCGCACCGCCTCGACGGGGGTGGTGTGGCTGGGCCCCCAGGCGTCCGTCATCATGTTGAAGCTCATCAGGCGGAACCAGTCACGCCGTGAGAGGCTCGTCGACAGCTGAGAGACGGGCGCCTTCACCCACTTGCGCTTCAGCGGAGGCTCGCGCTCCGCCTCCATCTTCTCCGCTTGCATCTCACGCGCCAGCAGGCTCGACATCTTCGCCTCCAGCGCGCTCTGCGTGATCTGCGCGTCCATGATGGAGGGGCGGATCGTTGTGCGCGTGCCGGTGTCCCGCATCAGACCCAGGACCGGGCCACCGCTCACCAGTGGCGGATCATTCAGCAGCGCTGAGCAGCGTCTCAACATCTACAGAAGGGGAGGGAGGTGAAGGAAATCACTGCATGAGGCAAGCGACGCTCGAAGATGGCGAAGCACGGTCCGCTCTGGGCGTCTGTGCGTAGGTGGGTCGGTGTGAGCGATGCGTTTGCAGAGGGAATACTTCACAGTCCAGAGCAGACGAATAAGCGGAGGGAGGAAGGGGGGGGGGGGGGGGGCACTGATGCAGCGGCACACGTCGCCCACAGAAATACGCGAGAAGACGGGGGAGAGAGGAAGAGCAGGATAGACGGTCGTGAAGGATGAGAGGAAAAGGGCACAAGACGGCAAGACACGTTCGTGTGTGACTTTCAGAGGCACACAGAGGTATGTGCAAGCACACGTAGTACAGTGTGCAATCAGCAGCCCGCGCGCCTTTCTCTCT
Seq_41_LinJ.01_plus,LinJ.01,,1000,650,278268,,,,,16952,17951,,,plus,GCATGGCTTGTTGGGAATCGGTTCTGTTTGTGGGTAAGATGAATGGGTGTGGGGAGGTCGAGCAGAGGTGCAACGCCACACAGACGGTGAAACTAAAGGGCGCAGCGTTTTTGAGGGGGTTGAGGGGAGAGACGAGCACAGGCAGAGCTGGGACACGGCGGCTGTGAAGACGAGAAAAATGTGGGAAAACCGGGGGGAGGAAGACGGAGTCGAGGATGTGAGTGAGGGAGTGAGCGGGAGGGAGGGAAGGAGGGAGGAGAATAGGGAAGGTAAAAGTAGTGCACACCTTCAAAACAAAATGCGCATGAGAACTGCAGCGCTCGTTTCCGTTCTTGTTGGGAGGTGAGCGAGAGTCTTTGGGGGAGGGGGGAGCAACGCGTGCTGATAGTGAATGTCGTGGCCCAGGGGCGGGGTGTCGGTCGGAGGCGGACGAGTGGTGTGTGGGATGCGCACGAGGGCAACAAAGGGAAAAAGGCGAAGCGTAAAGGAGGCGTTTGTGTGTATGTGGGTGCTGCATACACACACATACGCCTCTCCTCATGCTGCAGCGGCTTCCCCCATCCCGCTCGTCCAAGGCACGTCGTCTTCAGTATCTACCCCTCTCCCCCCTGCCCACACCTTCGCACTTTTCTGAGCTTGTCGGGCCGGTCGCGTCATCGCCGCGGTGGTCGGTTGTGCGCTTCCTCCCCCTTGCCGATTTATCTGTGTTCCCTTTGCTTTTCTGTGAGAGTCACATCAACGTCGGTTACTGTCAACGAGCTCCCCACCTGTCCAGCTCAGAGAGTACTGTCATGGTGGTTTGGTGGGGTGGCGCTGCCACGAGTGAGCAGTAGAGGAGACGAGGGACATAAACAGCAGAGGAGCCGTCCTCAGAGAAGGTCGACCAGGGAAGGAGGAGAAGGGGTTCGGGTACGTCAGTTTATGAGCTAAGCACTTTCCCAGACTTCGCGCACTCTTCCCTCGCCCATTCCCGCTCCCTGTTGCGAATTCGCTGGCGCCG
Seq_44_LinJ.01_plus,LinJ.01,,969,650,278268,,,,,123038,124006,,,plus,TGTGTATCGGCTTCGTCTTCCTAGCTTCCTTTTCTCGTACGCCTTCGCATGTGTCGGTCACACGTAAATCCTTCCCCCTCTCCCTCCCCCTCATCAGGGCTTCGTCCGTCTCCTCGTTTTTCTGGTCTTCTCCTTCCTTCAAGTGTGCTTGGCGGTGTTCATCATGGTCGTCATCGTCGTCTTGTCGTCTTCTGCTGTGTTTAACTGAGGGATCTGCCTGTGTGTGCCTGTCTGTCTGTTCTGAAGCTGATCTGCGGATGTGGAATCACGTTCTCGGCCCCTCCGTATGCCTGTCTCTGTCTGTGTCTGTCTGTGTGTTGTTCCTAATCGGTGCGTGCGTGCGTGCGTGCGTGTGTGTGCGCGCGCTTCCTTTTATGTCTCCCCTTCCTCCCATACCCCCTCCCCTCCCCTCCCCTCCCCCTCTCCTCGGCCACCCCTCCATATTGTTTACGTTTTTCATGTGTGTGTATGTGTGTGTTCGCTGATGTACATTGATGTGTGTGTATGTATGTGTGCATACGTATTCCATCGGCAACGCCTCACATGATTCACCCGTCTCTCCTCGTCCCTCCTCGTCTCTAGTTAAACGCTTGTTGTTGCGATGTCTTTCTCCCTTTCTCCCTTCCCCCCTCTCTCCCTCTCTCTCTCTCTGTGCCTGTGTGTGCGTGTGTGCGCGTGTGCGTGTGTGTGTGTGTGTGTGTGCGTGCCTTTCCGTACTCTCGCTATCCCTGCGTGTCTCTCTTTCTCTCTCTCATGTCCCCGCATCCATGCCGCCTCTCAGGGCATAAAACAGAAAGCAGACACGCATCACAGAGAAAGGGGCTGGGAACGCAATCTGCGGCAGGCACGTGTGCACACACAAACACACCGAGAGTTCTGTCTGTCTGTCTCTCTCTCTCTCATCATCTCCCTTCTTGTCCTTCTCTTCTCCGTCGCGTAGGCCGTCTTGTCTCACTCATAAGGCTGATC
Seq_45_LinJ.01_minus,LinJ.01,,1000,259,278268,,,,,114389,113390,,,minus,GGAATCCGGAAAAGAGAGACGGGTGTGGAGCCGTCGGACAGCAGTGCACTGTTTCGTGTTGCGGTGCGGCTATCGACGGCGGTGAACGAGCCGGTGAGTCTTCAAGGCAAACACGGGAAGGCCGGTACGGAGGAGAGGCGGTGGGTAGGTGGGCGGCAGAGGCGGTGATCGTGGCAGTGCGTGCCGGCGCAGGAGCCCTGTGTGGTTAGAATGTGATGAGGCTCAGACACGTAGATAGAGGGACTGAGGGAAGGGGAGGGGGCAGGGCGGCAACAAAATTTGAGGCCGGTTGGAAGGAGAAGAAGGGGACGAAGGCATCTGTGCGCGTGCGTGTATGTATTTTCTGCTCAATCACGCACGTGTATCGTTGTGGGGTGAGGCGGCGGCGCACAGACACACACACACACACACACACGCACACACCTCCGTGCGTGGGGGGGGGGTACCTCAGGCTGCAGGGCGCCCACCCACCCACCCACCCACCCCCCACTCCTCCCTCCGCCGTCCCGGCCCATGCCAGAACCACCTGTGGTGGCGACCAGGGCCGAGCATCTGTGACGTCAGGGAGTGCCCCGGCAGAGCGCGAGTTAGGGCTACGGACGTCAGCGGCCATGTCGTGCATGGCGCTGTGCCAAGGAGATGTGTGATGCGGATCAAGTTTGTACGCCCCCCTCAGAACGAATCGAGTCCGCTGCACTGACACGCTTCCCGACAACACCAAAAAAAAAACAATGAGCCGTGGCCCAGTGCTACGCGCATAATCAGGCCTCTACTCTCCGCCAGCTCTTGTGTCGCGATCAGGGACTACAACCACGACACAGATGCCCGAGGCTCTACATAGGCCGAGTGCTTCGCTGTGGAAGCACTCACCGTTAGACAGCAGGTCCGGAACCCTTGCTGGCGGCGGGCCCCTCCACCGCTCTCCGGCCTCGCGCTGGGGCCGCCGCGGTTCTCAAGGCGTCATCCTGCGCCTCTGTTCGGGCCGTCCACTGAGCTACGA
Seq_46_LinJ.01_plus,LinJ.01,,907,259,278268,,,,,137189,138095,,,plus,CCGCTCTGCATATGCTTTTCGTTGTTGTTTATTTTGGTTTGTTTTCTCGGCGCTGGGCTCGGAGACGCGTTCCACCAGACGAAGTCGCTTTTCTTCTCCCTCACGGTCCGCCCTTCGTGCGATACATCATCCGCGCGGCCGACTGCGCGCCCGGATCCCCGTGCCTGCGAGGCGGGGCAGTGGTGCCGCGGTGTGCATGATGCACCACGTCGAAGGCACGTGGGCATGACATACCCTTTTTTGCGTTCTTTCCCTTCCTCTTTTCGCCCTTGACGACGGGGTGGGGCGGCGGCGCACAGACACACACACACACACACACACACACGCACACACCTCCGTGCGTGGGGGGGGGGGTACCTCAGGCTGCAGGGCGCCCACCCACCCACCCACCCACCCCCCACTCCTCCCTCCGCCGTCCCGGCCCATGCCAGAACCACCTGTGGTGGCGACCAGGGCCGAGCATCTGTGACGTCAGGGAGTGCCCCGGCAGAGCGCGAGTTAGGGCTACGGACGTCAGCGGCCATGTCGTGCATGGCGTTGCGTCGGGGCCACCCGCGACAGTGAGCGCAGGTTTGCACCGTCCATATGATGGGCAGAGCGTGTCAGCGCGGCTCGAGCGCATCGCGGCCGGCCCCTCACACTGGCCTACCCGGGGGTGGGGGAGGGGCCTGTGGAAGGGTTATTGAGGGCTGGCGTAGAGTCGGCGTTGGCGTGATGGGATGACCTCACGCCTCACGGGTGCGCAATGGGCACCCAGCGAAGACAAGATTTACGAGCTTATCCATCCGTATACTAACCAACACATGTTTCTACGTGTATATGTACTCTATGAGGGGAGGGTGGAGGGTGGAAAGAGAGAGAGACAAGGGCCGGAGCGGTGATGTACAGTGCCTCAGCCCCCTTCACC
Seq_47_LinJ.01_minus,LinJ.01,,911,259,278268,,,,,130855,129945,,,minus,CTCCCTCCGTGAGGGCACAGAGAGAGAGAGAGAGCAAAGCCGTCTGGCAGGATGTGAAAGAGGGCAGGGATCATCACGAGACTCGGCGGTCATGCGTGCTGCGGAAGGCCCCCTTCCGCCTCGGGCCGCCTTCCGCGACAGAACCGACGAGGGAGGGAGGTAGGAAAAGGGCCGAAGGCGAGAAGAGAACAACGGCTTCGTCGGCGCTTGACTTGCCGTGGCTGTCGATCGTCTTGATTCTTTGGTTAGCTGCTGACTCCAGCCGCCGCCTCCTCGCTGATGACGGGGCGGCGGCGCACAGACACACACACACACACACACACGCACACACCTCCGTGCGTGGGGGGGGGGTACCTCAGGCTGCAGGGCGCCCACCCACCCACCCACCCCCCACTCCTCCCTCCGCCGTCCCGGCCCATGCCAGAACCACCTGTGGTGGCGACCAGGGCCGAGCATCTGTGACGTCAGGGAGTGCCCCGGCAGAGCGCGAGTTAGGGCTACGGACGTCAGCGGCCATGTCGTGCATGGCGTTGCGTCGGGGCCACCCGCGACAGTGAGCGCAGGTTTGCACCGTCCATATGATGGGCAGAGCGTGCCAGCGCGGCTCGAGCGCATCGCGGCCGGCCCCTCACACTGGCCTACCCGGGGGTGGGGGAGGGGCCTGTGAAAGGGTTATTGAGGGCTGGCGTAGAGTCGGCGTTGGCGTGATGGGATGACTTCGCGCTGCGCGGCAGAGGGATTAGTTTGCGTTTGAGAAAAAACAGGATATCAGCGAGATACCCGAACAGCACCCGTGCATGAGCAAGTGTGTGTGTGTGCGCGCGTCAGGTGGATGGATGGTGGGATGCACACAACGGGGAGGGGAGGGGAGGGTGGAGGGGGGGGGTGGCGCATCGCTTCCGAGCGCTGTG
Seq_48_LinJ.01_plus,LinJ.01,,915,259,278268,,,,,205274,206188,,,plus,CCCCCCCTCATCCTCCTCTTTTCTCTGTCGACGGTCAGAACGGGCACCGGCGAAACGATGCGCGGTTGGGGGGGGAGGACCGCCGGCCACCAACACGGACCACAGGCACACACACGCATATATATATTTACATGCGTGTGTGTGCATGTGTGTGTACGGGCCTCTTAAGCCAGTGATGCGGTGCCTCCGTGAGTCGATGGCGCCTCCATCCCCCTACTCGCTCTCGGTTTGGGGTCACTGCATCGAAGTTCGTTGCTCTTCTTCAGCCGTCTCGCTACGGCACAGATGACGGGGTGGGGCGGCGGCGCACACACACACACGCACACACCTCCGTGCGTGGGGGGGGGGGTACCTCAGGCTGCAGGGCGCCCACCCACCCCCCCCCACTCCTCCCTCCGCCGTCCCGGCCCATGCCAGAACCACCTGTGGTGGCGACCAGGGCCGAGCATCTGTGACGTCAGGGAGTGCCCCGGCAGAGCGCGAGTTAGGGCTACGGACGTCAGCGGCCATGTCGTGCATGGCGTTGCGTCGGGGCCACCCGCGACAGTGAGCGCAGGTTTGCACCGTCCATATGATGGGCAGAGCGTGTCAGCGCGGCTCGAGCGCATCGCGGCCGGCCCCTCACACTGGCCTACCCGGGGGTGGGGGAGGGGCCTGTGGAAGGGTTATTGAGGGCTGGCGTAGAGTCGGCGTTGGCGTGATGGGATGACTTCGCGTTGCGAGGAAGAGGAAGAGGAGACGAGACGAGACGTTGTCTGGTCGACTTTGCGGGCGCGCGCGCAGGCACAAGTATGCATATCCCTATGCATCTAGCTATCTATCTCACTGAACTCCCAGTGCGCGCGAGAGAGAGGGGGTGGGACGGGCTCGTGATGCCGTTGCGTGCGTCTCTCTGCTTCTCTACCTCTGCGGTCA
Seq_49_LinJ.01_plus,LinJ.01,,939,259,278268,,,,,23869,24807,,,plus,GCAGGTGCCGGCAGGGGCGTCGTCCGATCCGCCGAGGGAGAGCGAAAGCCAAAGAACGCGAGCAGCTACAGGCGATGCTGTGAGGAGCATGGAATTGGGAAGCACCGTCACGTCGTCCTCGCATAACGAGAAAGACAACGTGGACACACACGCACAGGGCACAACCGCGGCGTAGTGTTCCTCCTCACATGGTTACCTCTCGCCCTTTCACCTCCCCGTGATGGCGGGGGAGGCGGGGGAGGCGGGGGGCACGCACCTCCATGCGTGGCATCCCAGGGTCCAGCGCCCCCCCCCTCCACCCCCGCTCTCTCTGTGTACGGAAGCCCGGCAGCCCCCTCACCCTCTATCCCTGCCAACGCCGAACCACTTCTGGTGCTGACAGGGCTGGGCCCTTACGGCGTTGGGCGAGGTCGGCGCGACGTAGCGCCACGGATGCCGGCGGCCATGTCGTGCATGGCGCTGCGTCCGAGCCACCCGCGACAGTGAGCACAGGCTTGCACGGTCCATGCGATGGGCGGAGCGTGTCAGCGCGGCTCGAGCGTGTCGCAGCCGGCCCCTCACACTGGCCCACGGCGAGGGGTGCGGGGGCCTGAGTGTCACCGCGACGGGGAGACGCACCCAGGGAGGAGGTGGGGGGAGTGGGGACCGGCATGATGGAGGGGCGGCTGTGTGGCGATGTGTGTGTATGTGGGTGTCGTCGCGTTTGAGGCAGGAGCCGTGCTGCGACGACCGAGCCGGCGCACTGCTGCAGCGCGCGTGTGTCTTGCGCTGCTTCGCACCAGGCGATGAGAGTGGGGTGGGGTGCCTGCAGCACTCGGCGGCGGGGGGGTGCAGAGCGGCCTCCACCTCGCAGTGTGCGGCAGCGAAAACGGACACGCGGAAGAGCAAACACCAAGCCCGCACCCCTCTCCTCAGCCTCAGGAACGGGCTCCTAAAACG
Seq_50_LinJ.01_minus,LinJ.01,,939,259,278268,,,,,36164,35226,,,minus,TCAGTTTTCTCTGCACTGCCCTCGGCGGCGGCATCACACGGCTGCGTGTGTCGGTCTGTCTTGACAGTTCGCCCCGCCCCACCCCCCTCTGCTCCCTCCCCTGGCTCCTCTCGAGACCGACGGCGGCGCTGACGGATGTGGTTGCTGCCATCACATAGCAGCTGTGGGCGACTGATGCATACACACCTGAGCGTTGTGCAATCAGCTGAGCATACCGCCTCCTCCGTGACGGCGGGGGAGGCGGGGGGCACGCACCTCCATGCGTGGCATCCCAGGGTCCAGCGCCCCCCCCCCTCCACCCCCGCTCTCTCTGTGTACGGAAGCCCGGCAGCCCCCTCACCCTCTATCCCTGCCAACGCCGAACCACTTCTGGTGCTGACAGGGCTGGGCCCTTACGGCGTTGGGCGAGGTCGGCGCGACGTAGCGCCACGGATGCCGGCGGCCATGTCGTGCATGGCGCTGCGTCCGAGCCACCCGCGACAGTGAGCACAGGCTTGCACGGTCCATGCGATGGGCGGAGCGTGTCAGCGCGGCTCGAGCGTGTCGCAGCCGGCCCCTCACACTGGCCCACGGCGAGGGGTGCGGGGGCCTGAGTGTCACCGCGACGGGGAGACGCACCCATGGAGGAGGTGGGGGGAGTGGGGACCGGCATGATGGAGGGGCGGCTGTGTGGCGATGTGTGTGTATGTGGGTGTCGTCGCGTTTGAGGCAGGAGCCGTGCTGCGATGACCGAGCCGGCGCACTGCTGCAGCGCGCGTGTGTCTTGCGCTGCTTCGCACCAGGCGATGGGAGTGGGGTGGGGTGCCTGCAGCACTCGGCGGCGGGGGGGGCAGAGCGGCCTCCACCTCTCCCCACCACTCTCATGTTCTATAGAAGAATGGCCACATCGGGTGAAACCTGCAGACGGCGCAATACGATGGAAGAGGAAATGCTTCGCAC
Seq_51_LinJ.01_minus,LinJ.01,,939,259,278268,,,,,55776,54838,,,minus,GTATGGTGATCGCCGTCGATCTGTCGCACACGAGCACGTGCCATGACTGTGAGGACTGCCTCGGACGCGCCGACTGCATGGATGTCCTGCGCGTTCACGTCTACTGCCCGCAGGCTCTGAGCACGGACTTCAGCTGCTGATGTGCGTGCTCGCTCCGTCGTGACACCCCACTACATTCAAATTTCGTTCACGGAGCCGCTGCCGTTTTATATGCTCAACGCGACAGTTCCGACCCGCGATGACGGAAGGCACGCACCTCCATGCGTGGCATCCCAGGGTCCAGCGCCCCCCCCCTCCACCCCCGCTCTCTCTGTGTACGGAAGCCCGGCAGCCCCCTCACCCTCTATCCCTGCCAACGCCGAACCACTTCTGGTGCTGACAGGGCTGGGCCCTTACGGCGTTGGGCGAGGTCGGCGCGACGTAGCGCCACGGATGCCGGCGGCCATGTCGTGCATGGCGCTGCGTCCGAGCCACCCGCGACAGTGAGCACAGGCTTGCACGGTCCATGCGATGGGCGGAGCGTGTCAGCGCGGCTCGAGCGTGTCGCAGCCGGCCCCTCACACTGGCCCACGGCGAGGGGTGCGGGGGCCTGAGTGTCACCGCGACGGGGAGACGCACCCAGGGAGGAGGTGGGGGGAGTGGGGACCGGCATGATGGAGGGGCGGCTGTGTGGCGATGTGTGTGTATGTGGGTGTCGTCGCGTTTGAGGCAGGAGCCGTGCTGCTATGACCGAGCCGGCGCACTGCTGCAGCGCGCGTGTGTCTTGCGCTGCTTCGCACCAGGCGATGAGAGTGGGGTGGGGTGCCTGCAGCACTCGGCGGCGGGGGGGTGCAGAGCGGCCTCCACCTCGCAGTGTGCGGCAGCGAAAACGGACACGCGGAAGACCAAACAATCTGGGACGCCCCCAAGAGGGGCGCTTCTCCCTGGGCTGCGCTTGTG
Seq_52_LinJ.01_plus,LinJ.01,,959,259,278268,,,,,75646,76604,,,plus,TCAAAGTGGGAGGAGAGCGCCGCTGAGCAGGCAAGCGAGGCAACCTACGAAAACATGGCAGTGAGGAGGCGGCAGATACAGCGAGGAGGAGGAGGAGGCATAACATTTGAGCGCTGGCGTGTCGGACATCGAAACAAGGACACGTCACCTACCGCGAGGAGCCGTGGCGTGAAGGGACCACGCTGCTCCAAGATACTGCACCGCAGTCATACGAGGCACATCCAAACCACCCATTGCTGGATGGTCTAAGTGTTGGCGCGCACCCAGTGACGGGATAAACCTCAGCGTGGCATCCCAGGGTCCAGCGCCCCCCCTCCACCCCCGCTCTCTCTGTGTGCGGAAGCCCGGCAGCCCCCTCACCCTCTATCCCTGCCAACGCCGAACCACTTCTGGTGCTGACAGGGCTGGGCCCTTACGGCGTTGGGCGAGGTCGGCGCGACGTAGCGCCACGGATGCCGGCGGCCATGTCGTGCATGGCGCTGCGTCCGAGCCACCCGCGACAGTGAGCACAGGCTTGCACGGTCCATGCGATGGGCGGAGCGTGTCAGCGCGGCTCGAGCGTGTCGCAGCCGGCCCCTCACACTGGCCCACGGCGAGGGGTGCGGGGGCCTGAGTGTCACCGCGACGGGGAGACGCACCCAGGGAGGAGGTGGGGGGAGTGGGGACCGGCATGATGGAGGGGCGGCTGTGTGGCGATGTGTGTGTATGTGGGTGTGCGCGCGCGAAAGTTTATGAGGATTCTTTTTTCGGTTGTTTGCATGTTTTCATCGCTCCCTCGCTTTCTTTCCCTGTCGGTGATGGCGTACCCTCATTGGGGCGCCAAGGGTGCTGCATGCACGTGGCAGAGCGGTGACGATCAGAGCAGGGAGAAAACGAAAAGCTGACGGAGCGCTGCATCCGGCATGCTCACTTGCGTGGTTCGCCGCCACCGCAGGCGAAGGAAAAAGCGTGGTCCTGAG
Seq_54_LinJ.01_minus,LinJ.01,,998,447,278268,,,,,130851,129854,,,minus,CTCCGTGAGGGCACAGAGAGAGAGAGAGAGCAAAGCCGTCTGGCAGGATGTGAAAGAGGGCAGGGATCATCACGAGACTCGGCGGTCATGCGTGCTGCGGAAGGCCCCCTTCCGCCTCGGGCCGCCTTCCGCGACAGAACCGACGAGGGAGGGAGGTAGGAAAAGGGCCGAAGGCGAGAAGAGAACAACGGCTTCGTCGGCGCTTGACTTGCCGTGGCTGTCGATCGTCTTGATTCTTTGGTTAGCTGCTGACTCCAGCCGCCGCCTCCTCGCTGATGACGGGGCGGCGGCGCACAGACACACACACACACACACACACGCACACACCTCCGTGCGTGGGGGGGGGGTACCTCAGGCTGCAGGGCGCCCACCCACCCACCCACCCCCCACTCCTCCCTCCGCCGTCCCGGCCCATGCCAGAACCACCTGTGGTGGCGACCAGGGCCGAGCATCTGTGACGTCAGGGAGTGCCCCGGCAGAGCGCGAGTTAGGGCTACGGACGTCAGCGGCCATGTCGTGCATGGCGTTGCGTCGGGGCCACCCGCGACAGTGAGCGCAGGTTTGCACCGTCCATATGATGGGCAGAGCGTGCCAGCGCGGCTCGAGCGCATCGCGGCCGGCCCCTCACACTGGCCTACCCGGGGGTGGGGGAGGGGCCTGTGAAAGGGTTATTGAGGGCTGGCGTAGAGTCGGCGTTGGCGTGATGGGATGACTTCGCGCTGCGCGGCAGAGGGATTAGTTTGCGTTTGAGAAAAAACAGGATATCAGCGAGATACCCGAACAGCACCCGTGCATGAGCAAGTGTGTGTGTGTGCGCGCGTCAGGTGGATGGATGGTGGGATGCACACAACGGGGAGGGGAGGGGAGGGTGGAGGGGGGGGGTGGCGCATCGCTTCCGAGCGCTGTGAGCCGTTTTGTTATGCGCAAGAAGAAGAGAGTTTTCCGTGATTAGGCCGTTGACGCGACGAGGCGCTTCAGCAGCTCCACAAAACGGTGGC
Seq_55_LinJ.01_plus,LinJ.01,,996,447,278268,,,,,137195,138190,,,plus,TGCATATGCTTTTCGTTGTTGTTTATTTTGGTTTGTTTTCTCGGCGCTGGGCTCGGAGACGCGTTCCACCAGACGAAGTCGCTTTTCTTCTCCCTCACGGTCCGCCCTTCGTGCGATACATCATCCGCGCGGCCGACTGCGCGCCCGGATCCCCGTGCCTGCGAGGCGGGGCAGTGGTGCCGCGGTGTGCATGATGCACCACGTCGAAGGCACGTGGGCATGACATACCCTTTTTTGCGTTCTTTCCCTTCCTCTTTTCGCCCTTGACGACGGGGTGGGGCGGCGGCGCACAGACACACACACACACACACACACACACGCACACACCTCCGTGCGTGGGGGGGGGGGTACCTCAGGCTGCAGGGCGCCCACCCACCCACCCACCCACCCCCCACTCCTCCCTCCGCCGTCCCGGCCCATGCCAGAACCACCTGTGGTGGCGACCAGGGCCGAGCATCTGTGACGTCAGGGAGTGCCCCGGCAGAGCGCGAGTTAGGGCTACGGACGTCAGCGGCCATGTCGTGCATGGCGTTGCGTCGGGGCCACCCGCGACAGTGAGCGCAGGTTTGCACCGTCCATATGATGGGCAGAGCGTGTCAGCGCGGCTCGAGCGCATCGCGGCCGGCCCCTCACACTGGCCTACCCGGGGGTGGGGGAGGGGCCTGTGGAAGGGTTATTGAGGGCTGGCGTAGAGTCGGCGTTGGCGTGATGGGATGACCTCACGCCTCACGGGTGCGCAATGGGCACCCAGCGAAGACAAGATTTACGAGCTTATCCATCCGTATACTAACCAACACATGTTTCTACGTGTATATGTACTCTATGAGGGGAGGGTGGAGGGTGGAAAGAGAGAGAGACAAGGGCCGGAGCGGTGATGTACAGTGCCTCAGCCCCCTTCACCCTCCTCTTCTTTTTATCCGAGGCCAGCTGCCTCTCTCCTTTCCTCTGTTGCGGACCTCTGTGTGTGTGTGTGTGTGTGTTTCTATCTTCTCTCGG
Seq_56_LinJ.01_plus,LinJ.01,,999,447,278268,,,,,205285,206283,,,plus,CCTCCTCTTTTCTCTGTCGACGGTCAGAACGGGCACCGGCGAAACGATGCGCGGTTGGGGGGGGAGGACCGCCGGCCACCAACACGGACCACAGGCACACACACGCATATATATATTTACATGCGTGTGTGTGCATGTGTGTGTACGGGCCTCTTAAGCCAGTGATGCGGTGCCTCCGTGAGTCGATGGCGCCTCCATCCCCCTACTCGCTCTCGGTTTGGGGTCACTGCATCGAAGTTCGTTGCTCTTCTTCAGCCGTCTCGCTACGGCACAGATGACGGGGTGGGGCGGCGGCGCACACACACACACGCACACACCTCCGTGCGTGGGGGGGGGGGTACCTCAGGCTGCAGGGCGCCCACCCACCCCCCCCCACTCCTCCCTCCGCCGTCCCGGCCCATGCCAGAACCACCTGTGGTGGCGACCAGGGCCGAGCATCTGTGACGTCAGGGAGTGCCCCGGCAGAGCGCGAGTTAGGGCTACGGACGTCAGCGGCCATGTCGTGCATGGCGTTGCGTCGGGGCCACCCGCGACAGTGAGCGCAGGTTTGCACCGTCCATATGATGGGCAGAGCGTGTCAGCGCGGCTCGAGCGCATCGCGGCCGGCCCCTCACACTGGCCTACCCGGGGGTGGGGGAGGGGCCTGTGGAAGGGTTATTGAGGGCTGGCGTAGAGTCGGCGTTGGCGTGATGGGATGACTTCGCGTTGCGAGGAAGAGGAAGAGGAGACGAGACGAGACGTTGTCTGGTCGACTTTGCGGGCGCGCGCGCAGGCACAAGTATGCATATCCCTATGCATCTAGCTATCTATCTCACTGAACTCCCAGTGCGCGCGAGAGAGAGGGGGTGGGACGGGCTCGTGATGCCGTTGCGTGCGTCTCTCTGCTTCTCTACCTCTGCGGTCACGGAGGCCCACACACACACACACACACACGCACGCGCACTTTATTCATCGCCGTCGTCCAATTCTGCTCTCTGCACCTTGTGCAAGGGCGCATGT
Seq_57_LinJ.01_minus,LinJ.01,,998,447,278268,,,,,114386,113389,,,minus,ATCCGGAAAAGAGAGACGGGTGTGGAGCCGTCGGACAGCAGTGCACTGTTTCGTGTTGCGGTGCGGCTATCGACGGCGGTGAACGAGCCGGTGAGTCTTCAAGGCAAACACGGGAAGGCCGGTACGGAGGAGAGGCGGTGGGTAGGTGGGCGGCAGAGGCGGTGATCGTGGCAGTGCGTGCCGGCGCAGGAGCCCTGTGTGGTTAGAATGTGATGAGGCTCAGACACGTAGATAGAGGGACTGAGGGAAGGGGAGGGGGCAGGGCGGCAACAAAATTTGAGGCCGGTTGGAAGGAGAAGAAGGGGACGAAGGCATCTGTGCGCGTGCGTGTATGTATTTTCTGCTCAATCACGCACGTGTATCGTTGTGGGGTGAGGCGGCGGCGCACAGACACACACACACACACACACACGCACACACCTCCGTGCGTGGGGGGGGGGTACCTCAGGCTGCAGGGCGCCCACCCACCCACCCACCCACCCCCCACTCCTCCCTCCGCCGTCCCGGCCCATGCCAGAACCACCTGTGGTGGCGACCAGGGCCGAGCATCTGTGACGTCAGGGAGTGCCCCGGCAGAGCGCGAGTTAGGGCTACGGACGTCAGCGGCCATGTCGTGCATGGCGCTGTGCCAAGGAGATGTGTGATGCGGATCAAGTTTGTACGCCCCCCTCAGAACGAATCGAGTCCGCTGCACTGACACGCTTCCCGACAACACCAAAAAAAAAACAATGAGCCGTGGCCCAGTGCTACGCGCATAATCAGGCCTCTACTCTCCGCCAGCTCTTGTGTCGCGATCAGGGACTACAACCACGACACAGATGCCCGAGGCTCTACATAGGCCGAGTGCTTCGCTGTGGAAGCACTCACCGTTAGACAGCAGGTCCGGAACCCTTGCTGGCGGCGGGCCCCTCCACCGCTCTCCGGCCTCGCGCTGGGGCCGCCGCGGTTCTCAAGGCGTCATCCTGCGCCTCTGTTCGGGCCGTCCACTGAGCTACGAC
Seq_58_LinJ.01_plus,LinJ.01,,1000,447,278268,,,,,23869,24868,,,plus,GCAGGTGCCGGCAGGGGCGTCGTCCGATCCGCCGAGGGAGAGCGAAAGCCAAAGAACGCGAGCAGCTACAGGCGATGCTGTGAGGAGCATGGAATTGGGAAGCACCGTCACGTCGTCCTCGCATAACGAGAAAGACAACGTGGACACACACGCACAGGGCACAACCGCGGCGTAGTGTTCCTCCTCACATGGTTACCTCTCGCCCTTTCACCTCCCCGTGATGGCGGGGGAGGCGGGGGAGGCGGGGGGCACGCACCTCCATGCGTGGCATCCCAGGGTCCAGCGCCCCCCCCCTCCACCCCCGCTCTCTCTGTGTACGGAAGCCCGGCAGCCCCCTCACCCTCTATCCCTGCCAACGCCGAACCACTTCTGGTGCTGACAGGGCTGGGCCCTTACGGCGTTGGGCGAGGTCGGCGCGACGTAGCGCCACGGATGCCGGCGGCCATGTCGTGCATGGCGCTGCGTCCGAGCCACCCGCGACAGTGAGCACAGGCTTGCACGGTCCATGCGATGGGCGGAGCGTGTCAGCGCGGCTCGAGCGTGTCGCAGCCGGCCCCTCACACTGGCCCACGGCGAGGGGTGCGGGGGCCTGAGTGTCACCGCGACGGGGAGACGCACCCAGGGAGGAGGTGGGGGGAGTGGGGACCGGCATGATGGAGGGGCGGCTGTGTGGCGATGTGTGTGTATGTGGGTGTCGTCGCGTTTGAGGCAGGAGCCGTGCTGCGACGACCGAGCCGGCGCACTGCTGCAGCGCGCGTGTGTCTTGCGCTGCTTCGCACCAGGCGATGAGAGTGGGGTGGGGTGCCTGCAGCACTCGGCGGCGGGGGGGTGCAGAGCGGCCTCCACCTCGCAGTGTGCGGCAGCGAAAACGGACACGCGGAAGAGCAAACACCAAGCCCGCACCCCTCTCCTCAGCCTCAGGAACGGGCTCCTAAAACGGCTCGATGCTATCGAGCTCCGCCTGCGCAAAGGGCGCGGCACCATGCGCCACACCGCTCTC
Seq_59_LinJ.01_minus,LinJ.01,,1000,447,278268,,,,,36164,35165,,,minus,TCAGTTTTCTCTGCACTGCCCTCGGCGGCGGCATCACACGGCTGCGTGTGTCGGTCTGTCTTGACAGTTCGCCCCGCCCCACCCCCCTCTGCTCCCTCCCCTGGCTCCTCTCGAGACCGACGGCGGCGCTGACGGATGTGGTTGCTGCCATCACATAGCAGCTGTGGGCGACTGATGCATACACACCTGAGCGTTGTGCAATCAGCTGAGCATACCGCCTCCTCCGTGACGGCGGGGGAGGCGGGGGGCACGCACCTCCATGCGTGGCATCCCAGGGTCCAGCGCCCCCCCCCCTCCACCCCCGCTCTCTCTGTGTACGGAAGCCCGGCAGCCCCCTCACCCTCTATCCCTGCCAACGCCGAACCACTTCTGGTGCTGACAGGGCTGGGCCCTTACGGCGTTGGGCGAGGTCGGCGCGACGTAGCGCCACGGATGCCGGCGGCCATGTCGTGCATGGCGCTGCGTCCGAGCCACCCGCGACAGTGAGCACAGGCTTGCACGGTCCATGCGATGGGCGGAGCGTGTCAGCGCGGCTCGAGCGTGTCGCAGCCGGCCCCTCACACTGGCCCACGGCGAGGGGTGCGGGGGCCTGAGTGTCACCGCGACGGGGAGACGCACCCATGGAGGAGGTGGGGGGAGTGGGGACCGGCATGATGGAGGGGCGGCTGTGTGGCGATGTGTGTGTATGTGGGTGTCGTCGCGTTTGAGGCAGGAGCCGTGCTGCGATGACCGAGCCGGCGCACTGCTGCAGCGCGCGTGTGTCTTGCGCTGCTTCGCACCAGGCGATGGGAGTGGGGTGGGGTGCCTGCAGCACTCGGCGGCGGGGGGGGCAGAGCGGCCTCCACCTCTCCCCACCACTCTCATGTTCTATAGAAGAATGGCCACATCGGGTGAAACCTGCAGACGGCGCAATACGATGGAAGAGGAAATGCTTCGCACGGGCCGGTGCGTGTGTGTGCCGTGGGGGGCGGCCTCCGCGCAGGCGACGCGCGCTCTGACG
Seq_60_LinJ.01_minus,LinJ.01,,1000,447,278268,,,,,55776,54777,,,minus,GTATGGTGATCGCCGTCGATCTGTCGCACACGAGCACGTGCCATGACTGTGAGGACTGCCTCGGACGCGCCGACTGCATGGATGTCCTGCGCGTTCACGTCTACTGCCCGCAGGCTCTGAGCACGGACTTCAGCTGCTGATGTGCGTGCTCGCTCCGTCGTGACACCCCACTACATTCAAATTTCGTTCACGGAGCCGCTGCCGTTTTATATGCTCAACGCGACAGTTCCGACCCGCGATGACGGAAGGCACGCACCTCCATGCGTGGCATCCCAGGGTCCAGCGCCCCCCCCCTCCACCCCCGCTCTCTCTGTGTACGGAAGCCCGGCAGCCCCCTCACCCTCTATCCCTGCCAACGCCGAACCACTTCTGGTGCTGACAGGGCTGGGCCCTTACGGCGTTGGGCGAGGTCGGCGCGACGTAGCGCCACGGATGCCGGCGGCCATGTCGTGCATGGCGCTGCGTCCGAGCCACCCGCGACAGTGAGCACAGGCTTGCACGGTCCATGCGATGGGCGGAGCGTGTCAGCGCGGCTCGAGCGTGTCGCAGCCGGCCCCTCACACTGGCCCACGGCGAGGGGTGCGGGGGCCTGAGTGTCACCGCGACGGGGAGACGCACCCAGGGAGGAGGTGGGGGGAGTGGGGACCGGCATGATGGAGGGGCGGCTGTGTGGCGATGTGTGTGTATGTGGGTGTCGTCGCGTTTGAGGCAGGAGCCGTGCTGCTATGACCGAGCCGGCGCACTGCTGCAGCGCGCGTGTGTCTTGCGCTGCTTCGCACCAGGCGATGAGAGTGGGGTGGGGTGCCTGCAGCACTCGGCGGCGGGGGGGTGCAGAGCGGCCTCCACCTCGCAGTGTGCGGCAGCGAAAACGGACACGCGGAAGACCAAACAATCTGGGACGCCCCCAAGAGGGGCGCTTCTCCCTGGGCTGCGCTTGTGCCCGACGGCTGCCTGCCGCTTGTGGGCGAGGTGCCTGCGCTGACGGCTGTGCTGAACGAGC
Seq_61_LinJ.01_plus,LinJ.01,,1000,447,278268,,,,,75666,76665,,,plus,CGCTGAGCAGGCAAGCGAGGCAACCTACGAAAACATGGCAGTGAGGAGGCGGCAGATACAGCGAGGAGGAGGAGGAGGCATAACATTTGAGCGCTGGCGTGTCGGACATCGAAACAAGGACACGTCACCTACCGCGAGGAGCCGTGGCGTGAAGGGACCACGCTGCTCCAAGATACTGCACCGCAGTCATACGAGGCACATCCAAACCACCCATTGCTGGATGGTCTAAGTGTTGGCGCGCACCCAGTGACGGGATAAACCTCAGCGTGGCATCCCAGGGTCCAGCGCCCCCCCTCCACCCCCGCTCTCTCTGTGTGCGGAAGCCCGGCAGCCCCCTCACCCTCTATCCCTGCCAACGCCGAACCACTTCTGGTGCTGACAGGGCTGGGCCCTTACGGCGTTGGGCGAGGTCGGCGCGACGTAGCGCCACGGATGCCGGCGGCCATGTCGTGCATGGCGCTGCGTCCGAGCCACCCGCGACAGTGAGCACAGGCTTGCACGGTCCATGCGATGGGCGGAGCGTGTCAGCGCGGCTCGAGCGTGTCGCAGCCGGCCCCTCACACTGGCCCACGGCGAGGGGTGCGGGGGCCTGAGTGTCACCGCGACGGGGAGACGCACCCAGGGAGGAGGTGGGGGGAGTGGGGACCGGCATGATGGAGGGGCGGCTGTGTGGCGATGTGTGTGTATGTGGGTGTGCGCGCGCGAAAGTTTATGAGGATTCTTTTTTCGGTTGTTTGCATGTTTTCATCGCTCCCTCGCTTTCTTTCCCTGTCGGTGATGGCGTACCCTCATTGGGGCGCCAAGGGTGCTGCATGCACGTGGCAGAGCGGTGACGATCAGAGCAGGGAGAAAACGAAAAGCTGACGGAGCGCTGCATCCGGCATGCTCACTTGCGTGGTTCGCCGCCACCGCAGGCGAAGGAAAAAGCGTGGTCCTGAGAAGCACAGCTGCGACAAGACAAAACAAGGGGGGTCCTACTTCGAGTTTGTGGTTTCCTCCG
Seq_62_LinJ.01_plus,LinJ.01,,995,447,278268,,,,,205077,206071,,,plus,CACGCGCGGATGGGGAGTGAGGGGAGGGGGCCGTGCCACCCACACCACCTCACCACGCCGCGGCGAACAGCGTCGCCCTTCGATGCATATTATAATACGCGTTTGCCACTCCCTTGCTCGGCGCACACACACCTCACACCCCCTCCACCCCCGGCAACAGCCATCGGACACGCGCTCACGCAGGGCAGACGCGCGCGCCCCCCCTCATCCTCCTCTTTTCTCTGTCGACGGTCAGAACGGGCACCGGCGAAACGATGCGCGGTTGGGGGGGGAGGACCGCCGGCCACCAACACGGACCACAGGCACACACACGCATATATATATTTACATGCGTGTGTGTGCATGTGTGTGTACGGGCCTCTTAAGCCAGTGATGCGGTGCCTCCGTGAGTCGATGGCGCCTCCATCCCCCTACTCGCTCTCGGTTTGGGGTCACTGCATCGAAGTTCGTTGCTCTTCTTCAGCCGTCTCGCTACGGCACAGATGACGGGGTGGGGCGGCGGCGCACACACACACACGCACACACCTCCGTGCGTGGGGGGGGGGGTACCTCAGGCTGCAGGGCGCCCACCCACCCCCCCCCACTCCTCCCTCCGCCGTCCCGGCCCATGCCAGAACCACCTGTGGTGGCGACCAGGGCCGAGCATCTGTGACGTCAGGGAGTGCCCCGGCAGAGCGCGAGTTAGGGCTACGGACGTCAGCGGCCATGTCGTGCATGGCGTTGCGTCGGGGCCACCCGCGACAGTGAGCGCAGGTTTGCACCGTCCATATGATGGGCAGAGCGTGTCAGCGCGGCTCGAGCGCATCGCGGCCGGCCCCTCACACTGGCCTACCCGGGGGTGGGGGAGGGGCCTGTGGAAGGGTTATTGAGGGCTGGCGTAGAGTCGGCGTTGGCGTGATGGGATGACTTCGCGTTGCGAGGAAGAGGAAGAGGAGACGAGACGAGACGTTGTCTGGTCGACTTTGCGGGCGCGCGCGCAGGCACAAGTATGCATA
Seq_64_LinJ.01_plus,LinJ.01,,996,461,278268,,,,,137195,138190,,,plus,TGCATATGCTTTTCGTTGTTGTTTATTTTGGTTTGTTTTCTCGGCGCTGGGCTCGGAGACGCGTTCCACCAGACGAAGTCGCTTTTCTTCTCCCTCACGGTCCGCCCTTCGTGCGATACATCATCCGCGCGGCCGACTGCGCGCCCGGATCCCCGTGCCTGCGAGGCGGGGCAGTGGTGCCGCGGTGTGCATGATGCACCACGTCGAAGGCACGTGGGCATGACATACCCTTTTTTGCGTTCTTTCCCTTCCTCTTTTCGCCCTTGACGACGGGGTGGGGCGGCGGCGCACAGACACACACACACACACACACACACACGCACACACCTCCGTGCGTGGGGGGGGGGGTACCTCAGGCTGCAGGGCGCCCACCCACCCACCCACCCACCCCCCACTCCTCCCTCCGCCGTCCCGGCCCATGCCAGAACCACCTGTGGTGGCGACCAGGGCCGAGCATCTGTGACGTCAGGGAGTGCCCCGGCAGAGCGCGAGTTAGGGCTACGGACGTCAGCGGCCATGTCGTGCATGGCGTTGCGTCGGGGCCACCCGCGACAGTGAGCGCAGGTTTGCACCGTCCATATGATGGGCAGAGCGTGTCAGCGCGGCTCGAGCGCATCGCGGCCGGCCCCTCACACTGGCCTACCCGGGGGTGGGGGAGGGGCCTGTGGAAGGGTTATTGAGGGCTGGCGTAGAGTCGGCGTTGGCGTGATGGGATGACCTCACGCCTCACGGGTGCGCAATGGGCACCCAGCGAAGACAAGATTTACGAGCTTATCCATCCGTATACTAACCAACACATGTTTCTACGTGTATATGTACTCTATGAGGGGAGGGTGGAGGGTGGAAAGAGAGAGAGACAAGGGCCGGAGCGGTGATGTACAGTGCCTCAGCCCCCTTCACCCTCCTCTTCTTTTTATCCGAGGCCAGCTGCCTCTCTCCTTTCCTCTGTTGCGGACCTCTGTGTGTGTGTGTGTGTGTGTTTCTATCTTCTCTCGG
Seq_65_LinJ.01_minus,LinJ.01,,997,461,278268,,,,,130851,129855,,,minus,CTCCGTGAGGGCACAGAGAGAGAGAGAGAGCAAAGCCGTCTGGCAGGATGTGAAAGAGGGCAGGGATCATCACGAGACTCGGCGGTCATGCGTGCTGCGGAAGGCCCCCTTCCGCCTCGGGCCGCCTTCCGCGACAGAACCGACGAGGGAGGGAGGTAGGAAAAGGGCCGAAGGCGAGAAGAGAACAACGGCTTCGTCGGCGCTTGACTTGCCGTGGCTGTCGATCGTCTTGATTCTTTGGTTAGCTGCTGACTCCAGCCGCCGCCTCCTCGCTGATGACGGGGCGGCGGCGCACAGACACACACACACACACACACACGCACACACCTCCGTGCGTGGGGGGGGGGTACCTCAGGCTGCAGGGCGCCCACCCACCCACCCACCCCCCACTCCTCCCTCCGCCGTCCCGGCCCATGCCAGAACCACCTGTGGTGGCGACCAGGGCCGAGCATCTGTGACGTCAGGGAGTGCCCCGGCAGAGCGCGAGTTAGGGCTACGGACGTCAGCGGCCATGTCGTGCATGGCGTTGCGTCGGGGCCACCCGCGACAGTGAGCGCAGGTTTGCACCGTCCATATGATGGGCAGAGCGTGCCAGCGCGGCTCGAGCGCATCGCGGCCGGCCCCTCACACTGGCCTACCCGGGGGTGGGGGAGGGGCCTGTGAAAGGGTTATTGAGGGCTGGCGTAGAGTCGGCGTTGGCGTGATGGGATGACTTCGCGCTGCGCGGCAGAGGGATTAGTTTGCGTTTGAGAAAAAACAGGATATCAGCGAGATACCCGAACAGCACCCGTGCATGAGCAAGTGTGTGTGTGTGCGCGCGTCAGGTGGATGGATGGTGGGATGCACACAACGGGGAGGGGAGGGGAGGGTGGAGGGGGGGGGTGGCGCATCGCTTCCGAGCGCTGTGAGCCGTTTTGTTATGCGCAAGAAGAAGAGAGTTTTCCGTGATTAGGCCGTTGACGCGACGAGGCGCTTCAGCAGCTCCACAAAACGGTGG
Seq_66_LinJ.01_plus,LinJ.01,,999,461,278268,,,,,205285,206283,,,plus,CCTCCTCTTTTCTCTGTCGACGGTCAGAACGGGCACCGGCGAAACGATGCGCGGTTGGGGGGGGAGGACCGCCGGCCACCAACACGGACCACAGGCACACACACGCATATATATATTTACATGCGTGTGTGTGCATGTGTGTGTACGGGCCTCTTAAGCCAGTGATGCGGTGCCTCCGTGAGTCGATGGCGCCTCCATCCCCCTACTCGCTCTCGGTTTGGGGTCACTGCATCGAAGTTCGTTGCTCTTCTTCAGCCGTCTCGCTACGGCACAGATGACGGGGTGGGGCGGCGGCGCACACACACACACGCACACACCTCCGTGCGTGGGGGGGGGGGTACCTCAGGCTGCAGGGCGCCCACCCACCCCCCCCCACTCCTCCCTCCGCCGTCCCGGCCCATGCCAGAACCACCTGTGGTGGCGACCAGGGCCGAGCATCTGTGACGTCAGGGAGTGCCCCGGCAGAGCGCGAGTTAGGGCTACGGACGTCAGCGGCCATGTCGTGCATGGCGTTGCGTCGGGGCCACCCGCGACAGTGAGCGCAGGTTTGCACCGTCCATATGATGGGCAGAGCGTGTCAGCGCGGCTCGAGCGCATCGCGGCCGGCCCCTCACACTGGCCTACCCGGGGGTGGGGGAGGGGCCTGTGGAAGGGTTATTGAGGGCTGGCGTAGAGTCGGCGTTGGCGTGATGGGATGACTTCGCGTTGCGAGGAAGAGGAAGAGGAGACGAGACGAGACGTTGTCTGGTCGACTTTGCGGGCGCGCGCGCAGGCACAAGTATGCATATCCCTATGCATCTAGCTATCTATCTCACTGAACTCCCAGTGCGCGCGAGAGAGAGGGGGTGGGACGGGCTCGTGATGCCGTTGCGTGCGTCTCTCTGCTTCTCTACCTCTGCGGTCACGGAGGCCCACACACACACACACACACACGCACGCGCACTTTATTCATCGCCGTCGTCCAATTCTGCTCTCTGCACCTTGTGCAAGGGCGCATGT
Seq_67_LinJ.01_minus,LinJ.01,,1000,461,278268,,,,,114389,113390,,,minus,GGAATCCGGAAAAGAGAGACGGGTGTGGAGCCGTCGGACAGCAGTGCACTGTTTCGTGTTGCGGTGCGGCTATCGACGGCGGTGAACGAGCCGGTGAGTCTTCAAGGCAAACACGGGAAGGCCGGTACGGAGGAGAGGCGGTGGGTAGGTGGGCGGCAGAGGCGGTGATCGTGGCAGTGCGTGCCGGCGCAGGAGCCCTGTGTGGTTAGAATGTGATGAGGCTCAGACACGTAGATAGAGGGACTGAGGGAAGGGGAGGGGGCAGGGCGGCAACAAAATTTGAGGCCGGTTGGAAGGAGAAGAAGGGGACGAAGGCATCTGTGCGCGTGCGTGTATGTATTTTCTGCTCAATCACGCACGTGTATCGTTGTGGGGTGAGGCGGCGGCGCACAGACACACACACACACACACACACGCACACACCTCCGTGCGTGGGGGGGGGGTACCTCAGGCTGCAGGGCGCCCACCCACCCACCCACCCACCCCCCACTCCTCCCTCCGCCGTCCCGGCCCATGCCAGAACCACCTGTGGTGGCGACCAGGGCCGAGCATCTGTGACGTCAGGGAGTGCCCCGGCAGAGCGCGAGTTAGGGCTACGGACGTCAGCGGCCATGTCGTGCATGGCGCTGTGCCAAGGAGATGTGTGATGCGGATCAAGTTTGTACGCCCCCCTCAGAACGAATCGAGTCCGCTGCACTGACACGCTTCCCGACAACACCAAAAAAAAAACAATGAGCCGTGGCCCAGTGCTACGCGCATAATCAGGCCTCTACTCTCCGCCAGCTCTTGTGTCGCGATCAGGGACTACAACCACGACACAGATGCCCGAGGCTCTACATAGGCCGAGTGCTTCGCTGTGGAAGCACTCACCGTTAGACAGCAGGTCCGGAACCCTTGCTGGCGGCGGGCCCCTCCACCGCTCTCCGGCCTCGCGCTGGGGCCGCCGCGGTTCTCAAGGCGTCATCCTGCGCCTCTGTTCGGGCCGTCCACTGAGCTACGA
Seq_68_LinJ.01_plus,LinJ.01,,1000,461,278268,,,,,23869,24868,,,plus,GCAGGTGCCGGCAGGGGCGTCGTCCGATCCGCCGAGGGAGAGCGAAAGCCAAAGAACGCGAGCAGCTACAGGCGATGCTGTGAGGAGCATGGAATTGGGAAGCACCGTCACGTCGTCCTCGCATAACGAGAAAGACAACGTGGACACACACGCACAGGGCACAACCGCGGCGTAGTGTTCCTCCTCACATGGTTACCTCTCGCCCTTTCACCTCCCCGTGATGGCGGGGGAGGCGGGGGAGGCGGGGGGCACGCACCTCCATGCGTGGCATCCCAGGGTCCAGCGCCCCCCCCCTCCACCCCCGCTCTCTCTGTGTACGGAAGCCCGGCAGCCCCCTCACCCTCTATCCCTGCCAACGCCGAACCACTTCTGGTGCTGACAGGGCTGGGCCCTTACGGCGTTGGGCGAGGTCGGCGCGACGTAGCGCCACGGATGCCGGCGGCCATGTCGTGCATGGCGCTGCGTCCGAGCCACCCGCGACAGTGAGCACAGGCTTGCACGGTCCATGCGATGGGCGGAGCGTGTCAGCGCGGCTCGAGCGTGTCGCAGCCGGCCCCTCACACTGGCCCACGGCGAGGGGTGCGGGGGCCTGAGTGTCACCGCGACGGGGAGACGCACCCAGGGAGGAGGTGGGGGGAGTGGGGACCGGCATGATGGAGGGGCGGCTGTGTGGCGATGTGTGTGTATGTGGGTGTCGTCGCGTTTGAGGCAGGAGCCGTGCTGCGACGACCGAGCCGGCGCACTGCTGCAGCGCGCGTGTGTCTTGCGCTGCTTCGCACCAGGCGATGAGAGTGGGGTGGGGTGCCTGCAGCACTCGGCGGCGGGGGGGTGCAGAGCGGCCTCCACCTCGCAGTGTGCGGCAGCGAAAACGGACACGCGGAAGAGCAAACACCAAGCCCGCACCCCTCTCCTCAGCCTCAGGAACGGGCTCCTAAAACGGCTCGATGCTATCGAGCTCCGCCTGCGCAAAGGGCGCGGCACCATGCGCCACACCGCTCTC
Seq_69_LinJ.01_minus,LinJ.01,,1000,461,278268,,,,,36164,35165,,,minus,TCAGTTTTCTCTGCACTGCCCTCGGCGGCGGCATCACACGGCTGCGTGTGTCGGTCTGTCTTGACAGTTCGCCCCGCCCCACCCCCCTCTGCTCCCTCCCCTGGCTCCTCTCGAGACCGACGGCGGCGCTGACGGATGTGGTTGCTGCCATCACATAGCAGCTGTGGGCGACTGATGCATACACACCTGAGCGTTGTGCAATCAGCTGAGCATACCGCCTCCTCCGTGACGGCGGGGGAGGCGGGGGGCACGCACCTCCATGCGTGGCATCCCAGGGTCCAGCGCCCCCCCCCCTCCACCCCCGCTCTCTCTGTGTACGGAAGCCCGGCAGCCCCCTCACCCTCTATCCCTGCCAACGCCGAACCACTTCTGGTGCTGACAGGGCTGGGCCCTTACGGCGTTGGGCGAGGTCGGCGCGACGTAGCGCCACGGATGCCGGCGGCCATGTCGTGCATGGCGCTGCGTCCGAGCCACCCGCGACAGTGAGCACAGGCTTGCACGGTCCATGCGATGGGCGGAGCGTGTCAGCGCGGCTCGAGCGTGTCGCAGCCGGCCCCTCACACTGGCCCACGGCGAGGGGTGCGGGGGCCTGAGTGTCACCGCGACGGGGAGACGCACCCATGGAGGAGGTGGGGGGAGTGGGGACCGGCATGATGGAGGGGCGGCTGTGTGGCGATGTGTGTGTATGTGGGTGTCGTCGCGTTTGAGGCAGGAGCCGTGCTGCGATGACCGAGCCGGCGCACTGCTGCAGCGCGCGTGTGTCTTGCGCTGCTTCGCACCAGGCGATGGGAGTGGGGTGGGGTGCCTGCAGCACTCGGCGGCGGGGGGGGCAGAGCGGCCTCCACCTCTCCCCACCACTCTCATGTTCTATAGAAGAATGGCCACATCGGGTGAAACCTGCAGACGGCGCAATACGATGGAAGAGGAAATGCTTCGCACGGGCCGGTGCGTGTGTGTGCCGTGGGGGGCGGCCTCCGCGCAGGCGACGCGCGCTCTGACG
Seq_70_LinJ.01_minus,LinJ.01,,1000,461,278268,,,,,55776,54777,,,minus,GTATGGTGATCGCCGTCGATCTGTCGCACACGAGCACGTGCCATGACTGTGAGGACTGCCTCGGACGCGCCGACTGCATGGATGTCCTGCGCGTTCACGTCTACTGCCCGCAGGCTCTGAGCACGGACTTCAGCTGCTGATGTGCGTGCTCGCTCCGTCGTGACACCCCACTACATTCAAATTTCGTTCACGGAGCCGCTGCCGTTTTATATGCTCAACGCGACAGTTCCGACCCGCGATGACGGAAGGCACGCACCTCCATGCGTGGCATCCCAGGGTCCAGCGCCCCCCCCCTCCACCCCCGCTCTCTCTGTGTACGGAAGCCCGGCAGCCCCCTCACCCTCTATCCCTGCCAACGCCGAACCACTTCTGGTGCTGACAGGGCTGGGCCCTTACGGCGTTGGGCGAGGTCGGCGCGACGTAGCGCCACGGATGCCGGCGGCCATGTCGTGCATGGCGCTGCGTCCGAGCCACCCGCGACAGTGAGCACAGGCTTGCACGGTCCATGCGATGGGCGGAGCGTGTCAGCGCGGCTCGAGCGTGTCGCAGCCGGCCCCTCACACTGGCCCACGGCGAGGGGTGCGGGGGCCTGAGTGTCACCGCGACGGGGAGACGCACCCAGGGAGGAGGTGGGGGGAGTGGGGACCGGCATGATGGAGGGGCGGCTGTGTGGCGATGTGTGTGTATGTGGGTGTCGTCGCGTTTGAGGCAGGAGCCGTGCTGCTATGACCGAGCCGGCGCACTGCTGCAGCGCGCGTGTGTCTTGCGCTGCTTCGCACCAGGCGATGAGAGTGGGGTGGGGTGCCTGCAGCACTCGGCGGCGGGGGGGTGCAGAGCGGCCTCCACCTCGCAGTGTGCGGCAGCGAAAACGGACACGCGGAAGACCAAACAATCTGGGACGCCCCCAAGAGGGGCGCTTCTCCCTGGGCTGCGCTTGTGCCCGACGGCTGCCTGCCGCTTGTGGGCGAGGTGCCTGCGCTGACGGCTGTGCTGAACGAGC
Seq_71_LinJ.01_plus,LinJ.01,,1000,461,278268,,,,,75666,76665,,,plus,CGCTGAGCAGGCAAGCGAGGCAACCTACGAAAACATGGCAGTGAGGAGGCGGCAGATACAGCGAGGAGGAGGAGGAGGCATAACATTTGAGCGCTGGCGTGTCGGACATCGAAACAAGGACACGTCACCTACCGCGAGGAGCCGTGGCGTGAAGGGACCACGCTGCTCCAAGATACTGCACCGCAGTCATACGAGGCACATCCAAACCACCCATTGCTGGATGGTCTAAGTGTTGGCGCGCACCCAGTGACGGGATAAACCTCAGCGTGGCATCCCAGGGTCCAGCGCCCCCCCTCCACCCCCGCTCTCTCTGTGTGCGGAAGCCCGGCAGCCCCCTCACCCTCTATCCCTGCCAACGCCGAACCACTTCTGGTGCTGACAGGGCTGGGCCCTTACGGCGTTGGGCGAGGTCGGCGCGACGTAGCGCCACGGATGCCGGCGGCCATGTCGTGCATGGCGCTGCGTCCGAGCCACCCGCGACAGTGAGCACAGGCTTGCACGGTCCATGCGATGGGCGGAGCGTGTCAGCGCGGCTCGAGCGTGTCGCAGCCGGCCCCTCACACTGGCCCACGGCGAGGGGTGCGGGGGCCTGAGTGTCACCGCGACGGGGAGACGCACCCAGGGAGGAGGTGGGGGGAGTGGGGACCGGCATGATGGAGGGGCGGCTGTGTGGCGATGTGTGTGTATGTGGGTGTGCGCGCGCGAAAGTTTATGAGGATTCTTTTTTCGGTTGTTTGCATGTTTTCATCGCTCCCTCGCTTTCTTTCCCTGTCGGTGATGGCGTACCCTCATTGGGGCGCCAAGGGTGCTGCATGCACGTGGCAGAGCGGTGACGATCAGAGCAGGGAGAAAACGAAAAGCTGACGGAGCGCTGCATCCGGCATGCTCACTTGCGTGGTTCGCCGCCACCGCAGGCGAAGGAAAAAGCGTGGTCCTGAGAAGCACAGCTGCGACAAGACAAAACAAGGGGGGTCCTACTTCGAGTTTGTGGTTTCCTCCG
Seq_72_LinJ.01_plus,LinJ.01,,996,461,278268,,,,,205077,206072,,,plus,CACGCGCGGATGGGGAGTGAGGGGAGGGGGCCGTGCCACCCACACCACCTCACCACGCCGCGGCGAACAGCGTCGCCCTTCGATGCATATTATAATACGCGTTTGCCACTCCCTTGCTCGGCGCACACACACCTCACACCCCCTCCACCCCCGGCAACAGCCATCGGACACGCGCTCACGCAGGGCAGACGCGCGCGCCCCCCCTCATCCTCCTCTTTTCTCTGTCGACGGTCAGAACGGGCACCGGCGAAACGATGCGCGGTTGGGGGGGGAGGACCGCCGGCCACCAACACGGACCACAGGCACACACACGCATATATATATTTACATGCGTGTGTGTGCATGTGTGTGTACGGGCCTCTTAAGCCAGTGATGCGGTGCCTCCGTGAGTCGATGGCGCCTCCATCCCCCTACTCGCTCTCGGTTTGGGGTCACTGCATCGAAGTTCGTTGCTCTTCTTCAGCCGTCTCGCTACGGCACAGATGACGGGGTGGGGCGGCGGCGCACACACACACACGCACACACCTCCGTGCGTGGGGGGGGGGGTACCTCAGGCTGCAGGGCGCCCACCCACCCCCCCCCACTCCTCCCTCCGCCGTCCCGGCCCATGCCAGAACCACCTGTGGTGGCGACCAGGGCCGAGCATCTGTGACGTCAGGGAGTGCCCCGGCAGAGCGCGAGTTAGGGCTACGGACGTCAGCGGCCATGTCGTGCATGGCGTTGCGTCGGGGCCACCCGCGACAGTGAGCGCAGGTTTGCACCGTCCATATGATGGGCAGAGCGTGTCAGCGCGGCTCGAGCGCATCGCGGCCGGCCCCTCACACTGGCCTACCCGGGGGTGGGGGAGGGGCCTGTGGAAGGGTTATTGAGGGCTGGCGTAGAGTCGGCGTTGGCGTGATGGGATGACTTCGCGTTGCGAGGAAGAGGAAGAGGAGACGAGACGAGACGTTGTCTGGTCGACTTTGCGGGCGCGCGCGCAGGCACAAGTATGCATAT
Seq_73_LinJ.01_minus,LinJ.01,,1000,461,278268,,,,,221391,220392,,,minus,TTCGATCGAACGCGCAGGGTCGACGCCCCCCCCCCCTTATCCGTCCATGCCTCTCGCTCATTGGCGGACATGGACGCACAGACACGGCAGCAAAGCCAGTTGAGATCCTCCCGGGCACAGGAGGGGGTGGTGGTGCGTGCGTGTGCGTGTATGTGTGTGCGCGCCATCTCCGGCACTGGCACCAACACACACACACACGCACACACACGCACGCACGCACATTCGTGCAATGAGAGATGGAGAAGCCACACACCACAACCACAATAGCAGCCATCACCATAGCTTACCCTTTATCGGGGCCTCGCCCCTCCTCAGCTGTGAACTGACTGGCGCGGTTACCGCAGTCGCGGTGTTTGCCGGCCACTGCCGCTGCATAGGTGGGAGGAGAGCCTTTCCTGCATGGCAGAGTGCAACAGACGCGTTTTTTTTTTGTGTGCGTGTGTGGGGTGGGGTGGGGGGAGGCGTTGACTCGCACGCGGCTGCGATACCGTTGGTGGGGCGGCGGCGCCTGCGCATACATTACGTTGTGCTGAAGAGGTCTTTTGGGTCCAGCCGAGGGAGGGGTTTCGGTCTCTGCTGCTGTGGTGGGGACGCGGCGCTAGCGCCGTCACTGCCGCCGTTCGCCGCCTCGGTCGCGCTGGCGGAGCCCGCCGCTGCGGCTGCCGGCCCCTTCTGCTGCCTCTGAGAGAGTAGCAGCGCCCTCTGCGCCTCCAGTCGCTCTACGAAGTCGGCGTCGACCTTGTCGGCGCCGTACGTGTCGCGCAGGCAGCGAAGTAGCGCGCCGATCTGCGCGCGTGTGAGCTCGTCGCTGCGCTTCCACAGCGCGGAGAGTACCGTGGCCATGGCAGTGCGGAGAATATCACCAGGTGCGGGCAGCGACGGGGAGGAGGGCTCGCCCTGACGCGTCGCCGGTGGCGTGGCGGGAGCCTGCGCATCATCGTCGCTCCTGTGTGCAGCGGCACTGGCGCCCTTGGTGGCTGTGCGGAGACCCGTTGAGGTG
Seq_75_LinJ.01_plus,LinJ.01,,992,432,278268,,,,,205282,206273,,,plus,CATCCTCCTCTTTTCTCTGTCGACGGTCAGAACGGGCACCGGCGAAACGATGCGCGGTTGGGGGGGGAGGACCGCCGGCCACCAACACGGACCACAGGCACACACACGCATATATATATTTACATGCGTGTGTGTGCATGTGTGTGTACGGGCCTCTTAAGCCAGTGATGCGGTGCCTCCGTGAGTCGATGGCGCCTCCATCCCCCTACTCGCTCTCGGTTTGGGGTCACTGCATCGAAGTTCGTTGCTCTTCTTCAGCCGTCTCGCTACGGCACAGATGACGGGGTGGGGCGGCGGCGCACACACACACACGCACACACCTCCGTGCGTGGGGGGGGGGGTACCTCAGGCTGCAGGGCGCCCACCCACCCCCCCCCACTCCTCCCTCCGCCGTCCCGGCCCATGCCAGAACCACCTGTGGTGGCGACCAGGGCCGAGCATCTGTGACGTCAGGGAGTGCCCCGGCAGAGCGCGAGTTAGGGCTACGGACGTCAGCGGCCATGTCGTGCATGGCGTTGCGTCGGGGCCACCCGCGACAGTGAGCGCAGGTTTGCACCGTCCATATGATGGGCAGAGCGTGTCAGCGCGGCTCGAGCGCATCGCGGCCGGCCCCTCACACTGGCCTACCCGGGGGTGGGGGAGGGGCCTGTGGAAGGGTTATTGAGGGCTGGCGTAGAGTCGGCGTTGGCGTGATGGGATGACTTCGCGTTGCGAGGAAGAGGAAGAGGAGACGAGACGAGACGTTGTCTGGTCGACTTTGCGGGCGCGCGCGCAGGCACAAGTATGCATATCCCTATGCATCTAGCTATCTATCTCACTGAACTCCCAGTGCGCGCGAGAGAGAGGGGGTGGGACGGGCTCGTGATGCCGTTGCGTGCGTCTCTCTGCTTCTCTACCTCTGCGGTCACGGAGGCCCACACACACACACACACACACGCACGCGCACTTTATTCATCGCCGTCGTCCAATTCTGCTCTCTGCACCTTGTGCAA
Seq_76_LinJ.01_minus,LinJ.01,,989,432,278268,,,,,130839,129851,,,minus,ACAGAGAGAGAGAGAGAGCAAAGCCGTCTGGCAGGATGTGAAAGAGGGCAGGGATCATCACGAGACTCGGCGGTCATGCGTGCTGCGGAAGGCCCCCTTCCGCCTCGGGCCGCCTTCCGCGACAGAACCGACGAGGGAGGGAGGTAGGAAAAGGGCCGAAGGCGAGAAGAGAACAACGGCTTCGTCGGCGCTTGACTTGCCGTGGCTGTCGATCGTCTTGATTCTTTGGTTAGCTGCTGACTCCAGCCGCCGCCTCCTCGCTGATGACGGGGCGGCGGCGCACAGACACACACACACACACACACACGCACACACCTCCGTGCGTGGGGGGGGGGTACCTCAGGCTGCAGGGCGCCCACCCACCCACCCACCCCCCACTCCTCCCTCCGCCGTCCCGGCCCATGCCAGAACCACCTGTGGTGGCGACCAGGGCCGAGCATCTGTGACGTCAGGGAGTGCCCCGGCAGAGCGCGAGTTAGGGCTACGGACGTCAGCGGCCATGTCGTGCATGGCGTTGCGTCGGGGCCACCCGCGACAGTGAGCGCAGGTTTGCACCGTCCATATGATGGGCAGAGCGTGCCAGCGCGGCTCGAGCGCATCGCGGCCGGCCCCTCACACTGGCCTACCCGGGGGTGGGGGAGGGGCCTGTGAAAGGGTTATTGAGGGCTGGCGTAGAGTCGGCGTTGGCGTGATGGGATGACTTCGCGCTGCGCGGCAGAGGGATTAGTTTGCGTTTGAGAAAAAACAGGATATCAGCGAGATACCCGAACAGCACCCGTGCATGAGCAAGTGTGTGTGTGTGCGCGCGTCAGGTGGATGGATGGTGGGATGCACACAACGGGGAGGGGAGGGGAGGGTGGAGGGGGGGGGTGGCGCATCGCTTCCGAGCGCTGTGAGCCGTTTTGTTATGCGCAAGAAGAAGAGAGTTTTCCGTGATTAGGCCGTTGACGCGACGAGGCGCTTCAGCAGCTCCACAAAACGGTGGCACT
Seq_77_LinJ.01_plus,LinJ.01,,989,432,278268,,,,,137207,138195,,,plus,TCGTTGTTGTTTATTTTGGTTTGTTTTCTCGGCGCTGGGCTCGGAGACGCGTTCCACCAGACGAAGTCGCTTTTCTTCTCCCTCACGGTCCGCCCTTCGTGCGATACATCATCCGCGCGGCCGACTGCGCGCCCGGATCCCCGTGCCTGCGAGGCGGGGCAGTGGTGCCGCGGTGTGCATGATGCACCACGTCGAAGGCACGTGGGCATGACATACCCTTTTTTGCGTTCTTTCCCTTCCTCTTTTCGCCCTTGACGACGGGGTGGGGCGGCGGCGCACAGACACACACACACACACACACACACACGCACACACCTCCGTGCGTGGGGGGGGGGGTACCTCAGGCTGCAGGGCGCCCACCCACCCACCCACCCACCCCCCACTCCTCCCTCCGCCGTCCCGGCCCATGCCAGAACCACCTGTGGTGGCGACCAGGGCCGAGCATCTGTGACGTCAGGGAGTGCCCCGGCAGAGCGCGAGTTAGGGCTACGGACGTCAGCGGCCATGTCGTGCATGGCGTTGCGTCGGGGCCACCCGCGACAGTGAGCGCAGGTTTGCACCGTCCATATGATGGGCAGAGCGTGTCAGCGCGGCTCGAGCGCATCGCGGCCGGCCCCTCACACTGGCCTACCCGGGGGTGGGGGAGGGGCCTGTGGAAGGGTTATTGAGGGCTGGCGTAGAGTCGGCGTTGGCGTGATGGGATGACCTCACGCCTCACGGGTGCGCAATGGGCACCCAGCGAAGACAAGATTTACGAGCTTATCCATCCGTATACTAACCAACACATGTTTCTACGTGTATATGTACTCTATGAGGGGAGGGTGGAGGGTGGAAAGAGAGAGAGACAAGGGCCGGAGCGGTGATGTACAGTGCCTCAGCCCCCTTCACCCTCCTCTTCTTTTTATCCGAGGCCAGCTGCCTCTCTCCTTTCCTCTGTTGCGGACCTCTGTGTGTGTGTGTGTGTGTGTTTCTATCTTCTCTCGGACCGC
Seq_78_LinJ.01_minus,LinJ.01,,990,432,278268,,,,,114374,113385,,,minus,GAGACGGGTGTGGAGCCGTCGGACAGCAGTGCACTGTTTCGTGTTGCGGTGCGGCTATCGACGGCGGTGAACGAGCCGGTGAGTCTTCAAGGCAAACACGGGAAGGCCGGTACGGAGGAGAGGCGGTGGGTAGGTGGGCGGCAGAGGCGGTGATCGTGGCAGTGCGTGCCGGCGCAGGAGCCCTGTGTGGTTAGAATGTGATGAGGCTCAGACACGTAGATAGAGGGACTGAGGGAAGGGGAGGGGGCAGGGCGGCAACAAAATTTGAGGCCGGTTGGAAGGAGAAGAAGGGGACGAAGGCATCTGTGCGCGTGCGTGTATGTATTTTCTGCTCAATCACGCACGTGTATCGTTGTGGGGTGAGGCGGCGGCGCACAGACACACACACACACACACACACGCACACACCTCCGTGCGTGGGGGGGGGGTACCTCAGGCTGCAGGGCGCCCACCCACCCACCCACCCACCCCCCACTCCTCCCTCCGCCGTCCCGGCCCATGCCAGAACCACCTGTGGTGGCGACCAGGGCCGAGCATCTGTGACGTCAGGGAGTGCCCCGGCAGAGCGCGAGTTAGGGCTACGGACGTCAGCGGCCATGTCGTGCATGGCGCTGTGCCAAGGAGATGTGTGATGCGGATCAAGTTTGTACGCCCCCCTCAGAACGAATCGAGTCCGCTGCACTGACACGCTTCCCGACAACACCAAAAAAAAAACAATGAGCCGTGGCCCAGTGCTACGCGCATAATCAGGCCTCTACTCTCCGCCAGCTCTTGTGTCGCGATCAGGGACTACAACCACGACACAGATGCCCGAGGCTCTACATAGGCCGAGTGCTTCGCTGTGGAAGCACTCACCGTTAGACAGCAGGTCCGGAACCCTTGCTGGCGGCGGGCCCCTCCACCGCTCTCCGGCCTCGCGCTGGGGCCGCCGCGGTTCTCAAGGCGTCATCCTGCGCCTCTGTTCGGGCCGTCCACTGAGCTACGACCGTG
Seq_79_LinJ.01_plus,LinJ.01,,1000,432,278268,,,,,23869,24868,,,plus,GCAGGTGCCGGCAGGGGCGTCGTCCGATCCGCCGAGGGAGAGCGAAAGCCAAAGAACGCGAGCAGCTACAGGCGATGCTGTGAGGAGCATGGAATTGGGAAGCACCGTCACGTCGTCCTCGCATAACGAGAAAGACAACGTGGACACACACGCACAGGGCACAACCGCGGCGTAGTGTTCCTCCTCACATGGTTACCTCTCGCCCTTTCACCTCCCCGTGATGGCGGGGGAGGCGGGGGAGGCGGGGGGCACGCACCTCCATGCGTGGCATCCCAGGGTCCAGCGCCCCCCCCCTCCACCCCCGCTCTCTCTGTGTACGGAAGCCCGGCAGCCCCCTCACCCTCTATCCCTGCCAACGCCGAACCACTTCTGGTGCTGACAGGGCTGGGCCCTTACGGCGTTGGGCGAGGTCGGCGCGACGTAGCGCCACGGATGCCGGCGGCCATGTCGTGCATGGCGCTGCGTCCGAGCCACCCGCGACAGTGAGCACAGGCTTGCACGGTCCATGCGATGGGCGGAGCGTGTCAGCGCGGCTCGAGCGTGTCGCAGCCGGCCCCTCACACTGGCCCACGGCGAGGGGTGCGGGGGCCTGAGTGTCACCGCGACGGGGAGACGCACCCAGGGAGGAGGTGGGGGGAGTGGGGACCGGCATGATGGAGGGGCGGCTGTGTGGCGATGTGTGTGTATGTGGGTGTCGTCGCGTTTGAGGCAGGAGCCGTGCTGCGACGACCGAGCCGGCGCACTGCTGCAGCGCGCGTGTGTCTTGCGCTGCTTCGCACCAGGCGATGAGAGTGGGGTGGGGTGCCTGCAGCACTCGGCGGCGGGGGGGTGCAGAGCGGCCTCCACCTCGCAGTGTGCGGCAGCGAAAACGGACACGCGGAAGAGCAAACACCAAGCCCGCACCCCTCTCCTCAGCCTCAGGAACGGGCTCCTAAAACGGCTCGATGCTATCGAGCTCCGCCTGCGCAAAGGGCGCGGCACCATGCGCCACACCGCTCTC
Seq_80_LinJ.01_minus,LinJ.01,,1000,432,278268,,,,,36164,35165,,,minus,TCAGTTTTCTCTGCACTGCCCTCGGCGGCGGCATCACACGGCTGCGTGTGTCGGTCTGTCTTGACAGTTCGCCCCGCCCCACCCCCCTCTGCTCCCTCCCCTGGCTCCTCTCGAGACCGACGGCGGCGCTGACGGATGTGGTTGCTGCCATCACATAGCAGCTGTGGGCGACTGATGCATACACACCTGAGCGTTGTGCAATCAGCTGAGCATACCGCCTCCTCCGTGACGGCGGGGGAGGCGGGGGGCACGCACCTCCATGCGTGGCATCCCAGGGTCCAGCGCCCCCCCCCCTCCACCCCCGCTCTCTCTGTGTACGGAAGCCCGGCAGCCCCCTCACCCTCTATCCCTGCCAACGCCGAACCACTTCTGGTGCTGACAGGGCTGGGCCCTTACGGCGTTGGGCGAGGTCGGCGCGACGTAGCGCCACGGATGCCGGCGGCCATGTCGTGCATGGCGCTGCGTCCGAGCCACCCGCGACAGTGAGCACAGGCTTGCACGGTCCATGCGATGGGCGGAGCGTGTCAGCGCGGCTCGAGCGTGTCGCAGCCGGCCCCTCACACTGGCCCACGGCGAGGGGTGCGGGGGCCTGAGTGTCACCGCGACGGGGAGACGCACCCATGGAGGAGGTGGGGGGAGTGGGGACCGGCATGATGGAGGGGCGGCTGTGTGGCGATGTGTGTGTATGTGGGTGTCGTCGCGTTTGAGGCAGGAGCCGTGCTGCGATGACCGAGCCGGCGCACTGCTGCAGCGCGCGTGTGTCTTGCGCTGCTTCGCACCAGGCGATGGGAGTGGGGTGGGGTGCCTGCAGCACTCGGCGGCGGGGGGGGCAGAGCGGCCTCCACCTCTCCCCACCACTCTCATGTTCTATAGAAGAATGGCCACATCGGGTGAAACCTGCAGACGGCGCAATACGATGGAAGAGGAAATGCTTCGCACGGGCCGGTGCGTGTGTGTGCCGTGGGGGGCGGCCTCCGCGCAGGCGACGCGCGCTCTGACG
Seq_81_LinJ.01_minus,LinJ.01,,1000,432,278268,,,,,55776,54777,,,minus,GTATGGTGATCGCCGTCGATCTGTCGCACACGAGCACGTGCCATGACTGTGAGGACTGCCTCGGACGCGCCGACTGCATGGATGTCCTGCGCGTTCACGTCTACTGCCCGCAGGCTCTGAGCACGGACTTCAGCTGCTGATGTGCGTGCTCGCTCCGTCGTGACACCCCACTACATTCAAATTTCGTTCACGGAGCCGCTGCCGTTTTATATGCTCAACGCGACAGTTCCGACCCGCGATGACGGAAGGCACGCACCTCCATGCGTGGCATCCCAGGGTCCAGCGCCCCCCCCCTCCACCCCCGCTCTCTCTGTGTACGGAAGCCCGGCAGCCCCCTCACCCTCTATCCCTGCCAACGCCGAACCACTTCTGGTGCTGACAGGGCTGGGCCCTTACGGCGTTGGGCGAGGTCGGCGCGACGTAGCGCCACGGATGCCGGCGGCCATGTCGTGCATGGCGCTGCGTCCGAGCCACCCGCGACAGTGAGCACAGGCTTGCACGGTCCATGCGATGGGCGGAGCGTGTCAGCGCGGCTCGAGCGTGTCGCAGCCGGCCCCTCACACTGGCCCACGGCGAGGGGTGCGGGGGCCTGAGTGTCACCGCGACGGGGAGACGCACCCAGGGAGGAGGTGGGGGGAGTGGGGACCGGCATGATGGAGGGGCGGCTGTGTGGCGATGTGTGTGTATGTGGGTGTCGTCGCGTTTGAGGCAGGAGCCGTGCTGCTATGACCGAGCCGGCGCACTGCTGCAGCGCGCGTGTGTCTTGCGCTGCTTCGCACCAGGCGATGAGAGTGGGGTGGGGTGCCTGCAGCACTCGGCGGCGGGGGGGTGCAGAGCGGCCTCCACCTCGCAGTGTGCGGCAGCGAAAACGGACACGCGGAAGACCAAACAATCTGGGACGCCCCCAAGAGGGGCGCTTCTCCCTGGGCTGCGCTTGTGCCCGACGGCTGCCTGCCGCTTGTGGGCGAGGTGCCTGCGCTGACGGCTGTGCTGAACGAGC
Seq_82_LinJ.01_plus,LinJ.01,,1000,432,278268,,,,,75666,76665,,,plus,CGCTGAGCAGGCAAGCGAGGCAACCTACGAAAACATGGCAGTGAGGAGGCGGCAGATACAGCGAGGAGGAGGAGGAGGCATAACATTTGAGCGCTGGCGTGTCGGACATCGAAACAAGGACACGTCACCTACCGCGAGGAGCCGTGGCGTGAAGGGACCACGCTGCTCCAAGATACTGCACCGCAGTCATACGAGGCACATCCAAACCACCCATTGCTGGATGGTCTAAGTGTTGGCGCGCACCCAGTGACGGGATAAACCTCAGCGTGGCATCCCAGGGTCCAGCGCCCCCCCTCCACCCCCGCTCTCTCTGTGTGCGGAAGCCCGGCAGCCCCCTCACCCTCTATCCCTGCCAACGCCGAACCACTTCTGGTGCTGACAGGGCTGGGCCCTTACGGCGTTGGGCGAGGTCGGCGCGACGTAGCGCCACGGATGCCGGCGGCCATGTCGTGCATGGCGCTGCGTCCGAGCCACCCGCGACAGTGAGCACAGGCTTGCACGGTCCATGCGATGGGCGGAGCGTGTCAGCGCGGCTCGAGCGTGTCGCAGCCGGCCCCTCACACTGGCCCACGGCGAGGGGTGCGGGGGCCTGAGTGTCACCGCGACGGGGAGACGCACCCAGGGAGGAGGTGGGGGGAGTGGGGACCGGCATGATGGAGGGGCGGCTGTGTGGCGATGTGTGTGTATGTGGGTGTGCGCGCGCGAAAGTTTATGAGGATTCTTTTTTCGGTTGTTTGCATGTTTTCATCGCTCCCTCGCTTTCTTTCCCTGTCGGTGATGGCGTACCCTCATTGGGGCGCCAAGGGTGCTGCATGCACGTGGCAGAGCGGTGACGATCAGAGCAGGGAGAAAACGAAAAGCTGACGGAGCGCTGCATCCGGCATGCTCACTTGCGTGGTTCGCCGCCACCGCAGGCGAAGGAAAAAGCGTGGTCCTGAGAAGCACAGCTGCGACAAGACAAAACAAGGGGGGTCCTACTTCGAGTTTGTGGTTTCCTCCG
Seq_83_LinJ.01_plus,LinJ.01,,879,432,278268,,,,,137096,137974,,,plus,GTCCACGCGTCGGGGGCGGGGGGGAGGGGGGGCATCTGCGGATACCGACACACACACACACACACACACACACAGGTACAGCGCCGCACCGTGCCGCTCTGCATATGCTTTTCGTTGTTGTTTATTTTGGTTTGTTTTCTCGGCGCTGGGCTCGGAGACGCGTTCCACCAGACGAAGTCGCTTTTCTTCTCCCTCACGGTCCGCCCTTCGTGCGATACATCATCCGCGCGGCCGACTGCGCGCCCGGATCCCCGTGCCTGCGAGGCGGGGCAGTGGTGCCGCGGTGTGCATGATGCACCACGTCGAAGGCACGTGGGCATGACATACCCTTTTTTGCGTTCTTTCCCTTCCTCTTTTCGCCCTTGACGACGGGGTGGGGCGGCGGCGCACAGACACACACACACACACACACACACACGCACACACCTCCGTGCGTGGGGGGGGGGGTACCTCAGGCTGCAGGGCGCCCACCCACCCACCCACCCACCCCCCACTCCTCCCTCCGCCGTCCCGGCCCATGCCAGAACCACCTGTGGTGGCGACCAGGGCCGAGCATCTGTGACGTCAGGGAGTGCCCCGGCAGAGCGCGAGTTAGGGCTACGGACGTCAGCGGCCATGTCGTGCATGGCGTTGCGTCGGGGCCACCCGCGACAGTGAGCGCAGGTTTGCACCGTCCATATGATGGGCAGAGCGTGTCAGCGCGGCTCGAGCGCATCGCGGCCGGCCCCTCACACTGGCCTACCCGGGGGTGGGGGAGGGGCCTGTGGAAGGGTTATTGAGGGCTGGCGTAGAGTCGGCGTTGGCGTGATGGGATGACCTCACGCCTCACGGGTGCGCAATGGGCACCCAGCGAAGACAAGATTTACGAGCTTATCCATC
Seq_84_LinJ.01_minus,LinJ.01,,1000,432,278268,,,,,221391,220392,,,minus,TTCGATCGAACGCGCAGGGTCGACGCCCCCCCCCCCTTATCCGTCCATGCCTCTCGCTCATTGGCGGACATGGACGCACAGACACGGCAGCAAAGCCAGTTGAGATCCTCCCGGGCACAGGAGGGGGTGGTGGTGCGTGCGTGTGCGTGTATGTGTGTGCGCGCCATCTCCGGCACTGGCACCAACACACACACACACGCACACACACGCACGCACGCACATTCGTGCAATGAGAGATGGAGAAGCCACACACCACAACCACAATAGCAGCCATCACCATAGCTTACCCTTTATCGGGGCCTCGCCCCTCCTCAGCTGTGAACTGACTGGCGCGGTTACCGCAGTCGCGGTGTTTGCCGGCCACTGCCGCTGCATAGGTGGGAGGAGAGCCTTTCCTGCATGGCAGAGTGCAACAGACGCGTTTTTTTTTTGTGTGCGTGTGTGGGGTGGGGTGGGGGGAGGCGTTGACTCGCACGCGGCTGCGATACCGTTGGTGGGGCGGCGGCGCCTGCGCATACATTACGTTGTGCTGAAGAGGTCTTTTGGGTCCAGCCGAGGGAGGGGTTTCGGTCTCTGCTGCTGTGGTGGGGACGCGGCGCTAGCGCCGTCACTGCCGCCGTTCGCCGCCTCGGTCGCGCTGGCGGAGCCCGCCGCTGCGGCTGCCGGCCCCTTCTGCTGCCTCTGAGAGAGTAGCAGCGCCCTCTGCGCCTCCAGTCGCTCTACGAAGTCGGCGTCGACCTTGTCGGCGCCGTACGTGTCGCGCAGGCAGCGAAGTAGCGCGCCGATCTGCGCGCGTGTGAGCTCGTCGCTGCGCTTCCACAGCGCGGAGAGTACCGTGGCCATGGCAGTGCGGAGAATATCACCAGGTGCGGGCAGCGACGGGGAGGAGGGCTCGCCCTGACGCGTCGCCGGTGGCGTGGCGGGAGCCTGCGCATCATCGTCGCTCCTGTGTGCAGCGGCACTGGCGCCCTTGGTGGCTGTGCGGAGACCCGTTGAGGTG
