Seq_1_LinJ.01_plus,LinJ.01,98.441,449,644,278268,1,5,8,455,75924,76367,0.0,785,plus,ACCTCAGCGTGGCATCCCAGGGTCCAGCGCCCCCCCTCCACCCCCGCTCTCTCTGTGTGCGGAAGCCCGGCAGCCCCCTCACCCTCTATCCCTGCCAACGCCGAACCACTTCTGGTGCTGACAGGGCTGGGCCCTTACGGCGTTGGGCGAGGTCGGCGCGACGTAGCGCCACGGATGCCGGCGGCCATGTCGTGCATGGCGCTGCGTCCGAGCCACCCGCGACAGTGAGCACAGGCTTGCACGGTCCATGCGATGGGCGGAGCGTGTCAGCGCGGCTCGAGCGTGTCGCAGCCGGCCCCTCACACTGGCCCACGGCGAGGGGTGCGGGGGCCTGAGTGTCACCGCGACGGGGAGACGCACCCAGGGAGGAGGTGGGGGGAGTGGGGACCGGCATGATGGAGGGGCGGCTGTGTGGCGATGTGTGTGTATGTGGGTGTGCGCGCG
Seq_8_LinJ.01_plus,LinJ.01,100.000,423,423,278268,0,0,1,423,205581,206003,0.0,782,plus,CACACACACACACGCACACACCTCCGTGCGTGGGGGGGGGGGTACCTCAGGCTGCAGGGCGCCCACCCACCCCCCCCCACTCCTCCCTCCGCCGTCCCGGCCCATGCCAGAACCACCTGTGGTGGCGACCAGGGCCGAGCATCTGTGACGTCAGGGAGTGCCCCGGCAGAGCGCGAGTTAGGGCTACGGACGTCAGCGGCCATGTCGTGCATGGCGTTGCGTCGGGGCCACCCGCGACAGTGAGCGCAGGTTTGCACCGTCCATATGATGGGCAGAGCGTGTCAGCGCGGCTCGAGCGCATCGCGGCCGGCCCCTCACACTGGCCTACCCGGGGGTGGGGGAGGGGCCTGTGGAAGGGTTATTGAGGGCTGGCGTAGAGTCGGCGTTGGCGTGATGGGATGACTTCGCGTTGCGAGGAAGAGG
Seq_1_LinJ.01_plus,LinJ.01,99.534,644,644,278268,3,0,1,644,55529,54886,0.0,1173,minus,GGCACGCACCTCCATGCGTGGCATCCCAGGGTCCAGCGCCCCCCCCCTCCACCCCCGCTCTCTCTGTGTACGGAAGCCCGGCAGCCCCCTCACCCTCTATCCCTGCCAACGCCGAACCACTTCTGGTGCTGACAGGGCTGGGCCCTTACGGCGTTGGGCGAGGTCGGCGCGACGTAGCGCCACGGATGCCGGCGGCCATGTCGTGCATGGCGCTGCGTCCGAGCCACCCGCGACAGTGAGCACAGGCTTGCACGGTCCATGCGATGGGCGGAGCGTGTCAGCGCGGCTCGAGCGTGTCGCAGCCGGCCCCTCACACTGGCCCACGGCGAGGGGTGCGGGGGCCTGAGTGTCACCGCGACGGGGAGACGCACCCAGGGAGGAGGTGGGGGGAGTGGGGACCGGCATGATGGAGGGGCGGCTGTGTGGCGATGTGTGTGTATGTGGGTGTCGTCGCGTTTGAGGCAGGAGCCGTGCTGCTATGACCGAGCCGGCGCACTGCTGCAGCGCGCGTGTGTCTTGCGCTGCTTCGCACCAGGCGATGAGAGTGGGGTGGGGTGCCTGCAGCACTCGGCGGCGGGGGGGTGCAGAGCGGCCTCCACCTCGCAGTGTGCGGCAGCGAAAACGGACACGCGGAAGACCAAACA
Seq_3_LinJ.01_minus,LinJ.01,100.000,619,619,278268,0,0,1,619,35934,35316,0.0,1144,minus,GGCGGGGGAGGCGGGGGGCACGCACCTCCATGCGTGGCATCCCAGGGTCCAGCGCCCCCCCCCCTCCACCCCCGCTCTCTCTGTGTACGGAAGCCCGGCAGCCCCCTCACCCTCTATCCCTGCCAACGCCGAACCACTTCTGGTGCTGACAGGGCTGGGCCCTTACGGCGTTGGGCGAGGTCGGCGCGACGTAGCGCCACGGATGCCGGCGGCCATGTCGTGCATGGCGCTGCGTCCGAGCCACCCGCGACAGTGAGCACAGGCTTGCACGGTCCATGCGATGGGCGGAGCGTGTCAGCGCGGCTCGAGCGTGTCGCAGCCGGCCCCTCACACTGGCCCACGGCGAGGGGTGCGGGGGCCTGAGTGTCACCGCGACGGGGAGACGCACCCATGGAGGAGGTGGGGGGAGTGGGGACCGGCATGATGGAGGGGCGGCTGTGTGGCGATGTGTGTGTATGTGGGTGTCGTCGCGTTTGAGGCAGGAGCCGTGCTGCGATGACCGAGCCGGCGCACTGCTGCAGCGCGCGTGTGTCTTGCGCTGCTTCGCACCAGGCGATGGGAGTGGGGTGGGGTGCCTGCAGCACTCGGCGGCGGGGGGGGCAGAGCGGCCTCCACCTCT
Seq_7_LinJ.01_minus,LinJ.01,100.000,371,371,278268,0,0,1,371,125659,125289,0.0,686,minus,GGCGTGTGGGTGCCTGCGTGAAGGTGTGCTGTGCTCGCTGGTGCGAGATCGGAGAGAAGGAGAAAGAGACGGGGAGGGGAGTGTTGAGCCGATACGGCAGTCATGAAGTCGGGGCGTGTGTGGGCCACCCCCCCCCCCCGTACGCCAACCGGTGATGGGCGACGTCGCCTGTTAGGGGTGGGGAGGGGGCGGGGGGCGGCTGCATCGCGTGCTCACGGAACGGCTCTTCGTGATTGTATTCGATCGAACGCGCAGGGTCGACGCCCCCCCCCTTATCCGTCCATGCCTCTCGCTCATTGGCGGACATGGACGCACAGACACGGCAGCAAAGCCAGTTGAGATCCTCCCGGGCACAGGAGGGGGTGGTGGTG
Seq_1_LinJ.01_plus,LinJ.01,99.596,660,644,278268,,,,,24100,24759,0.00e+00,1152.0,plus,GGCGGGGGAGGCGGGGGGCACGCACCTCCATGCGTGGCATCCCAGGGTCCAGCGCCCCCCCCCTCCACCCCCGCTCTCTCTGTGTACGGAAGCCCGGCAGCCCCCTCACCCTCTATCCCTGCCAACGCCGAACCACTTCTGGTGCTGACAGGGCTGGGCCCTTACGGCGTTGGGCGAGGTCGGCGCGACGTAGCGCCACGGATGCCGGCGGCCATGTCGTGCATGGCGCTGCGTCCGAGCCACCCGCGACAGTGAGCACAGGCTTGCACGGTCCATGCGATGGGCGGAGCGTGTCAGCGCGGCTCGAGCGTGTCGCAGCCGGCCCCTCACACTGGCCCACGGCGAGGGGTGCGGGGGCCTGAGTGTCACCGCGACGGGGAGACGCACCCAGGGAGGAGGTGGGGGGAGTGGGGACCGGCATGATGGAGGGGCGGCTGTGTGGCGATGTGTGTGTATGTGGGTGTCGTCGCGTTTGAGGCAGGAGCCGTGCTGCGACGACCGAGCCGGCGCACTGCTGCAGCGCGCGTGTGTCTTGCGCTGCTTCGCACCAGGCGATGAGAGTGGGGTGGGGTGCCTGCAGCACTCGGCGGCGGGGGGGTGCAGAGCGGCCTCCACCTCGCAGTGTGCGGCAGCGAAAACGGACACGCGGAAGAGCAAACA
Seq_9_LinJ.01_plus,LinJ.01,98.846,454,449,278268,,,,,137466,137919,1.47e-125,636.0,plus,GGGGTGGGGCGGCGGCGCACAGACACACACACACACACACACACACACGCACACACCTCCGTGCGTGGGGGGGGGGGTACCTCAGGCTGCAGGGCGCCCACCCACCCACCCACCCACCCCCCACTCCTCCCTCCGCCGTCCCGGCCCATGCCAGAACCACCTGTGGTGGCGACCAGGGCCGAGCATCTGTGACGTCAGGGAGTGCCCCGGCAGAGCGCGAGTTAGGGCTACGGACGTCAGCGGCCATGTCGTGCATGGCGTTGCGTCGGGGCCACCCGCGACAGTGAGCGCAGGTTTGCACCGTCCATATGATGGGCAGAGCGTGTCAGCGCGGCTCGAGCGCATCGCGGCCGGCCCCTCACACTGGCCTACCCGGGGGTGGGGGAGGGGCCTGTGGAAGGGTTATTGAGGGCTGGCGTAGAGTCGGCGTTGGCGTGATGGGATGACCTCACGC
Seq_7_LinJ.01_minus,LinJ.01,99.589,798,371,278268,,,,,221620,220823,0.00e+00,852.5,minus,GGTGCCTGCGTGAAGGTGTGCTGTGCTCGCTGGTGCGAGATCGGAGAGAAGGAGAAAGAGACGGGGAGGGGAGTGTTGAGCCGATACGGCAGTCATGAAGTCGGGGCGTGTGTGGGCCACCCCCCCCCCCGTACGCCAACCGGTGATGGGCGACGTCGCCTGTTAGGGGTGGGGAGGGGGCGGGGGGCGGCTGCATCGCGTGCTCACGGAACGGCTCTTCGTGATTGTATTCGATCGAACGCGCAGGGTCGACGCCCCCCCCCCCTTATCCGTCCATGCCTCTCGCTCATTGGCGGACATGGACGCACAGACACGGCAGCAAAGCCAGTTGAGATCCTCCCGGGCACAGGAGGGGGTGGTGGTGCGTGCGTGTGCGTGTATGTGTGTGCGCGCCATCTCCGGCACTGGCACCAACACACACACACACGCACACACACGCACGCACGCACATTCGTGCAATGAGAGATGGAGAAGCCACACACCACAACCACAATAGCAGCCATCACCATAGCTTACCCTTTATCGGGGCCTCGCCCCTCCTCAGCTGTGAACTGACTGGCGCGGTTACCGCAGTCGCGGTGTTTGCCGGCCACTGCCGCTGCATAGGTGGGAGGAGAGCCTTTCCTGCATGGCAGAGTGCAACAGACGCGTTTTTTTTTTGTGTGCGTGTGTGGGGTGGGGTGGGGGGAGGCGTTGACTCGCACGCGGCTGCGATACCGTTGGTGGGGCGGCGGCGCCTGCGCATACATTACGTTGTGCTGAAGAGGTCTTTTGGGTCCAGCCGAGGGAGGGGTTTCG
Seq_9_LinJ.01_plus,LinJ.01,97.268,453,449,278268,,,,,130571,130119,0.00e+00,737.0,minus,GGGGCGGCGGCGCACAGACACACACACACACACACACACGCACACACCTCCGTGCGTGGGGGGGGGGTACCTCAGGCTGCAGGGCGCCCACCCACCCACCCACCCCCCACTCCTCCCTCCGCCGTCCCGGCCCATGCCAGAACCACCTGTGGTGGCGACCAGGGCCGAGCATCTGTGACGTCAGGGAGTGCCCCGGCAGAGCGCGAGTTAGGGCTACGGACGTCAGCGGCCATGTCGTGCATGGCGTTGCGTCGGGGCCACCCGCGACAGTGAGCGCAGGTTTGCACCGTCCATATGATGGGCAGAGCGTGCCAGCGCGGCTCGAGCGCATCGCGGCCGGCCCCTCACACTGGCCTACCCGGGGGTGGGGGAGGGGCCTGTGAAAGGGTTATTGAGGGCTGGCGTAGAGTCGGCGTTGGCGTGATGGGATGACTTCGCGCTGCGCGGCAGAGG
Seq_4_LinJ.01_minus,LinJ.01,97.588,258,255,278268,,,,,114018,113761,4.34e-98,411.5,minus,GGGGTGAGGCGGCGGCGCACAGACACACACACACACACACACACGCACACACCTCCGTGCGTGGGGGGGGGGTACCTCAGGCTGCAGGGCGCCCACCCACCCACCCACCCACCCCCCACTCCTCCCTCCGCCGTCCCGGCCCATGCCAGAACCACCTGTGGTGGCGACCAGGGCCGAGCATCTGTGACGTCAGGGAGTGCCCCGGCAGAGCGCGAGTTAGGGCTACGGACGTCAGCGGCCATGTCGTGCATGGCGCTG
