1-24471d,LinJ.01,100.000,660,660,278268,0,0,1,660,24100,24759,0.0,1219,plus,GGCGGGGGAGGCGGGGGGCACGCACCTCCATGCGTGGCATCCCAGGGTCCAGCGCCCCCCCCCTCCACCCCCGCTCTCTCTGTGTACGGAAGCCCGGCAGCCCCCTCACCCTCTATCCCTGCCAACGCCGAACCACTTCTGGTGCTGACAGGGCTGGGCCCTTACGGCGTTGGGCGAGGTCGGCGCGACGTAGCGCCACGGATGCCGGCGGCCATGTCGTGCATGGCGCTGCGTCCGAGCCACCCGCGACAGTGAGCACAGGCTTGCACGGTCCATGCGATGGGCGGAGCGTGTCAGCGCGGCTCGAGCGTGTCGCAGCCGGCCCCTCACACTGGCCCACGGCGAGGGGTGCGGGGGCCTGAGTGTCACCGCGACGGGGAGACGCACCCAGGGAGGAGGTGGGGGGAGTGGGGACCGGCATGATGGAGGGGCGGCTGTGTGGCGATGTGTGTGTATGTGGGTGTCGTCGCGTTTGAGGCAGGAGCCGTGCTGCGACGACCGAGCCGGCGCACTGCTGCAGCGCGCGTGTGTCTTGCGCTGCTTCGCACCAGGCGATGAGAGTGGGGTGGGGTGCCTGCAGCACTCGGCGGCGGGGGGGTGCAGAGCGGCCTCCACCTCGCAGTGTGCGGCAGCGAAAACGGACACGCGGAAGAGCAAACA
1-24471d,LinJ.01,98.441,449,660,278268,1,5,24,471,75924,76367,0.0,785,plus,ACCTCAGCGTGGCATCCCAGGGTCCAGCGCCCCCCCTCCACCCCCGCTCTCTCTGTGTGCGGAAGCCCGGCAGCCCCCTCACCCTCTATCCCTGCCAACGCCGAACCACTTCTGGTGCTGACAGGGCTGGGCCCTTACGGCGTTGGGCGAGGTCGGCGCGACGTAGCGCCACGGATGCCGGCGGCCATGTCGTGCATGGCGCTGCGTCCGAGCCACCCGCGACAGTGAGCACAGGCTTGCACGGTCCATGCGATGGGCGGAGCGTGTCAGCGCGGCTCGAGCGTGTCGCAGCCGGCCCCTCACACTGGCCCACGGCGAGGGGTGCGGGGGCCTGAGTGTCACCGCGACGGGGAGACGCACCCAGGGAGGAGGTGGGGGGAGTGGGGACCGGCATGATGGAGGGGCGGCTGTGTGGCGATGTGTGTGTATGTGGGTGTGCGCGCG
Seq_10_LinJ.01_plus,LinJ.01,100.000,1000,1000,278268,0,0,1,1000,6834,7833,0.0,1847,plus,ACTGGACTGGTAGAGCGTGCCGTAGCCGAGGTAACGCACGTATCGCCACAACTCGGTGTTGAAAAAGGTCCGCTTCACCTCGTTCAAGCAGGCGATATCGGGGTCGTAGCACCGCAGCAGCTCCACAATGTGCTTGCGACGGTGCTCCGGCGTGAGGAAGGGTGGGAGCTCCTTGTCGATGGAGGGGTCGTAGTCGCAGAAGGCGTTGGGGTCGTCGCATTCCGGGTTGCGCGTAAACTCGGGCACGCGCACCCGCACCGCCTCGACGGGGGTGGTGTGGCTGGGCCCCCAGGCGTCCGTCATCATGTTGAAGCTCATCAGGCGGAACCAGTCACGCCGTGAGAGGCTCGTCGACAGCTGAGAGACGGGCGCCTTCACCCACTTGCGCTTCAGCGGAGGCTCGCGCTCCGCCTCCATCTTCTCCGCTTGCATCTCACGCGCCAGCAGGCTCGACATCTTCGCCTCCAGCGCGCTCTGCGTGATCTGCGCGTCCATGATGGAGGGGCGGATCGTTGTGCGCGTGCCGGTGTCCCGCATCAGACCCAGGACCGGGCCACCGCTCACCAGTGGCGGATCATTCAGCAGCGCTGAGCAGCGTCTCAACATCTACAGAAGGGGAGGGAGGTGAAGGAAATCACTGCATGAGGCAAGCGACGCTCGAAGATGGCGAAGCACGGTCCGCTCTGGGCGTCTGTGCGTAGGTGGGTCGGTGTGAGCGATGCGTTTGCAGAGGGAATACTTCACAGTCCAGAGCAGACGAATAAGCGGAGGGAGGAAGGGGGGGGGGGGGGGGGCACTGATGCAGCGGCACACGTCGCCCACAGAAATACGCGAGAAGACGGGGGAGAGAGGAAGAGCAGGATAGACGGTCGTGAAGGATGAGAGGAAAAGGGCACAAGACGGCAAGACACGTTCGTGTGTGACTTTCAGAGGCACACAGAGGTATGTGCAAGCACACGTAGTACAGTGTGCAATCAGCAGCCCGCGCGCCTTTCTCTCT
Seq_11_LinJ.01_plus,LinJ.01,100.000,1000,1000,278268,0,0,1,1000,16952,17951,0.0,1847,plus,GCATGGCTTGTTGGGAATCGGTTCTGTTTGTGGGTAAGATGAATGGGTGTGGGGAGGTCGAGCAGAGGTGCAACGCCACACAGACGGTGAAACTAAAGGGCGCAGCGTTTTTGAGGGGGTTGAGGGGAGAGACGAGCACAGGCAGAGCTGGGACACGGCGGCTGTGAAGACGAGAAAAATGTGGGAAAACCGGGGGGAGGAAGACGGAGTCGAGGATGTGAGTGAGGGAGTGAGCGGGAGGGAGGGAAGGAGGGAGGAGAATAGGGAAGGTAAAAGTAGTGCACACCTTCAAAACAAAATGCGCATGAGAACTGCAGCGCTCGTTTCCGTTCTTGTTGGGAGGTGAGCGAGAGTCTTTGGGGGAGGGGGGAGCAACGCGTGCTGATAGTGAATGTCGTGGCCCAGGGGCGGGGTGTCGGTCGGAGGCGGACGAGTGGTGTGTGGGATGCGCACGAGGGCAACAAAGGGAAAAAGGCGAAGCGTAAAGGAGGCGTTTGTGTGTATGTGGGTGCTGCATACACACACATACGCCTCTCCTCATGCTGCAGCGGCTTCCCCCATCCCGCTCGTCCAAGGCACGTCGTCTTCAGTATCTACCCCTCTCCCCCCTGCCCACACCTTCGCACTTTTCTGAGCTTGTCGGGCCGGTCGCGTCATCGCCGCGGTGGTCGGTTGTGCGCTTCCTCCCCCTTGCCGATTTATCTGTGTTCCCTTTGCTTTTCTGTGAGAGTCACATCAACGTCGGTTACTGTCAACGAGCTCCCCACCTGTCCAGCTCAGAGAGTACTGTCATGGTGGTTTGGTGGGGTGGCGCTGCCACGAGTGAGCAGTAGAGGAGACGAGGGACATAAACAGCAGAGGAGCCGTCCTCAGAGAAGGTCGACCAGGGAAGGAGGAGAAGGGGTTCGGGTACGTCAGTTTATGAGCTAAGCACTTTCCCAGACTTCGCGCACTCTTCCCTCGCCCATTCCCGCTCCCTGTTGCGAATTCGCTGGCGCCG
1-36305r,LinJ.01,99.517,621,621,278268,3,0,1,621,35934,35314,0.0,1131,minus,GGCGGGGGAGGCGGGGGGCACGCACCTCCATGCGTGGCATCCCAGGGTCCAGCGCCCCCCCCCCTCCACCCCCGCTCTCTCTGTGTACGGAAGCCCGGCAGCCCCCTCACCCTCTATCCCTGCCAACGCCGAACCACTTCTGGTGCTGACAGGGCTGGGCCCTTACGGCGTTGGGCGAGGTCGGCGCGACGTAGCGCCACGGATGCCGGCGGCCATGTCGTGCATGGCGCTGCGTCCGAGCCACCCGCGACAGTGAGCACAGGCTTGCACGGTCCATGCGATGGGCGGAGCGTGTCAGCGCGGCTCGAGCGTGTCGCAGCCGGCCCCTCACACTGGCCCACGGCGAGGGGTGCGGGGGCCTGAGTGTCACCGCGACGGGGAGACGCACCCATGGAGGAGGTGGGGGGAGTGGGGACCGGCATGATGGAGGGGCGGCTGTGTGGCGATGTGTGTGTATGTGGGTGTCGTCGCGTTTGAGGCAGGAGCCGTGCTGCGATGACCGAGCCGGCGCACTGCTGCAGCGCGCGTGTGTCTTGCGCTGCTTCGCACCAGGCGATGGGAGTGGGGTGGGGTGCCTGCAGCACTCGGCGGCGGGGGGGGCAGAGCGGCCTCCACCTCTCC
1-112979r,LinJ.01,99.614,259,259,278268,0,1,1,259,114018,113761,3.80e-134,472,minus,GGGGTGAGGCGGCGGCGCACAGACACACACACACACACACACACGCACACACCTCCGTGCGTGGGGGGGGGGTACCTCAGGCTGCAGGGCGCCCACCCACCCACCCACCCACCCCCCACTCCTCCCTCCGCCGTCCCGGCCCATGCCAGAACCACCTGTGGTGGCGACCAGGGCCGAGCATCTGTGACGTCAGGGAGTGCCCCGGCAGAGCGCGAGTTAGGGCTACGGACGTCAGCGGCCATGTCGTGCATGGCGCTG
Seq_62_LinJ.01_minus,LinJ.01,100.000,1000,1000,278268,0,0,1,1000,221391,220392,0.0,1847,minus,TTCGATCGAACGCGCAGGGTCGACGCCCCCCCCCCCTTATCCGTCCATGCCTCTCGCTCATTGGCGGACATGGACGCACAGACACGGCAGCAAAGCCAGTTGAGATCCTCCCGGGCACAGGAGGGGGTGGTGGTGCGTGCGTGTGCGTGTATGTGTGTGCGCGCCATCTCCGGCACTGGCACCAACACACACACACACGCACACACACGCACGCACGCACATTCGTGCAATGAGAGATGGAGAAGCCACACACCACAACCACAATAGCAGCCATCACCATAGCTTACCCTTTATCGGGGCCTCGCCCCTCCTCAGCTGTGAACTGACTGGCGCGGTTACCGCAGTCGCGGTGTTTGCCGGCCACTGCCGCTGCATAGGTGGGAGGAGAGCCTTTCCTGCATGGCAGAGTGCAACAGACGCGTTTTTTTTTTGTGTGCGTGTGTGGGGTGGGGTGGGGGGAGGCGTTGACTCGCACGCGGCTGCGATACCGTTGGTGGGGCGGCGGCGCCTGCGCATACATTACGTTGTGCTGAAGAGGTCTTTTGGGTCCAGCCGAGGGAGGGGTTTCGGTCTCTGCTGCTGTGGTGGGGACGCGGCGCTAGCGCCGTCACTGCCGCCGTTCGCCGCCTCGGTCGCGCTGGCGGAGCCCGCCGCTGCGGCTGCCGGCCCCTTCTGCTGCCTCTGAGAGAGTAGCAGCGCCCTCTGCGCCTCCAGTCGCTCTACGAAGTCGGCGTCGACCTTGTCGGCGCCGTACGTGTCGCGCAGGCAGCGAAGTAGCGCGCCGATCTGCGCGCGTGTGAGCTCGTCGCTGCGCTTCCACAGCGCGGAGAGTACCGTGGCCATGGCAGTGCGGAGAATATCACCAGGTGCGGGCAGCGACGGGGAGGAGGGCTCGCCCTGACGCGTCGCCGGTGGCGTGGCGGGAGCCTGCGCATCATCGTCGCTCCTGTGTGCAGCGGCACTGGCGCCCTTGGTGGCTGTGCGGAGACCCGTTGAGGTG
Seq_9_LinJ.01_minus,LinJ.01,100.000,135,135,278268,0,0,1,135,221391,221257,9.40e-68,250,minus,TTCGATCGAACGCGCAGGGTCGACGCCCCCCCCCCCTTATCCGTCCATGCCTCTCGCTCATTGGCGGACATGGACGCACAGACACGGCAGCAAAGCCAGTTGAGATCCTCCCGGGCACAGGAGGGGGTGGTGGTG
Seq_10_LinJ.01_minus,LinJ.01,100.000,134,134,278268,0,0,1,134,125421,125288,3.35e-67,248,minus,TTCGATCGAACGCGCAGGGTCGACGCCCCCCCCCTTATCCGTCCATGCCTCTCGCTCATTGGCGGACATGGACGCACAGACACGGCAGCAAAGCCAGTTGAGATCCTCCCGGGCACAGGAGGGGGTGGTGGTGG
Seq_4_LinJ.01_plus,LinJ.01,100.0,446,423,278268,,,,,205558,206003,0.00e+00,790.0,plus,GATGACGGGGTGGGGCGGCGGCGCACACACACACACGCACACACCTCCGTGCGTGGGGGGGGGGGTACCTCAGGCTGCAGGGCGCCCACCCACCCCCCCCCACTCCTCCCTCCGCCGTCCCGGCCCATGCCAGAACCACCTGTGGTGGCGACCAGGGCCGAGCATCTGTGACGTCAGGGAGTGCCCCGGCAGAGCGCGAGTTAGGGCTACGGACGTCAGCGGCCATGTCGTGCATGGCGTTGCGTCGGGGCCACCCGCGACAGTGAGCGCAGGTTTGCACCGTCCATATGATGGGCAGAGCGTGTCAGCGCGGCTCGAGCGCATCGCGGCCGGCCCCTCACACTGGCCTACCCGGGGGTGGGGGAGGGGCCTGTGGAAGGGTTATTGAGGGCTGGCGTAGAGTCGGCGTTGGCGTGATGGGATGACTTCGCGTTGCGAGGAAGAGG
Seq_3_LinJ.01_plus,LinJ.01,99.423,462,450,278268,,,,,137459,137920,7.35e-126,744.5,plus,TGACGACGGGGTGGGGCGGCGGCGCACAGACACACACACACACACACACACACACGCACACACCTCCGTGCGTGGGGGGGGGGGTACCTCAGGCTGCAGGGCGCCCACCCACCCACCCACCCACCCCCCACTCCTCCCTCCGCCGTCCCGGCCCATGCCAGAACCACCTGTGGTGGCGACCAGGGCCGAGCATCTGTGACGTCAGGGAGTGCCCCGGCAGAGCGCGAGTTAGGGCTACGGACGTCAGCGGCCATGTCGTGCATGGCGTTGCGTCGGGGCCACCCGCGACAGTGAGCGCAGGTTTGCACCGTCCATATGATGGGCAGAGCGTGTCAGCGCGGCTCGAGCGCATCGCGGCCGGCCCCTCACACTGGCCTACCCGGGGGTGGGGGAGGGGCCTGTGGAAGGGTTATTGAGGGCTGGCGTAGAGTCGGCGTTGGCGTGATGGGATGACCTCACGCC
1-55910r,LinJ.01,99.923,650,650,278268,,,,,55534,54885,0.00e+00,1193.0,minus,CGGAAGGCACGCACCTCCATGCGTGGCATCCCAGGGTCCAGCGCCCCCCCCCTCCACCCCCGCTCTCTCTGTGTACGGAAGCCCGGCAGCCCCCTCACCCTCTATCCCTGCCAACGCCGAACCACTTCTGGTGCTGACAGGGCTGGGCCCTTACGGCGTTGGGCGAGGTCGGCGCGACGTAGCGCCACGGATGCCGGCGGCCATGTCGTGCATGGCGCTGCGTCCGAGCCACCCGCGACAGTGAGCACAGGCTTGCACGGTCCATGCGATGGGCGGAGCGTGTCAGCGCGGCTCGAGCGTGTCGCAGCCGGCCCCTCACACTGGCCCACGGCGAGGGGTGCGGGGGCCTGAGTGTCACCGCGACGGGGAGACGCACCCAGGGAGGAGGTGGGGGGAGTGGGGACCGGCATGATGGAGGGGCGGCTGTGTGGCGATGTGTGTGTATGTGGGTGTCGTCGCGTTTGAGGCAGGAGCCGTGCTGCTATGACCGAGCCGGCGCACTGCTGCAGCGCGCGTGTGTCTTGCGCTGCTTCGCACCAGGCGATGAGAGTGGGGTGGGGTGCCTGCAGCACTCGGCGGCGGGGGGGTGCAGAGCGGCCTCCACCTCGCAGTGTGCGGCAGCGAAAACGGACACGCGGAAGACCAAACAA
1-129494r,LinJ.01,98.634,460,447,278268,,,,,130578,130119,0.00e+00,781.5,minus,TGATGACGGGGCGGCGGCGCACAGACACACACACACACACACACACGCACACACCTCCGTGCGTGGGGGGGGGGTACCTCAGGCTGCAGGGCGCCCACCCACCCACCCACCCCCCACTCCTCCCTCCGCCGTCCCGGCCCATGCCAGAACCACCTGTGGTGGCGACCAGGGCCGAGCATCTGTGACGTCAGGGAGTGCCCCGGCAGAGCGCGAGTTAGGGCTACGGACGTCAGCGGCCATGTCGTGCATGGCGTTGCGTCGGGGCCACCCGCGACAGTGAGCGCAGGTTTGCACCGTCCATATGATGGGCAGAGCGTGCCAGCGCGGCTCGAGCGCATCGCGGCCGGCCCCTCACACTGGCCTACCCGGGGGTGGGGGAGGGGCCTGTGAAAGGGTTATTGAGGGCTGGCGTAGAGTCGGCGTTGGCGTGATGGGATGACTTCGCGCTGCGCGGCAGAGG
