Seq_10_LinJ.01_plus,LinJ.01,100.0,747,644,278268,,,,,75723,76469,0.00e+00,1190.0,plus,ACAGCGAGGAGGAGGAGGAGGCATAACATTTGAGCGCTGGCGTGTCGGACATCGAAACAAGGACACGTCACCTACCGCGAGGAGCCGTGGCGTGAAGGGACCACGCTGCTCCAAGATACTGCACCGCAGTCATACGAGGCACATCCAAACCACCCATTGCTGGATGGTCTAAGTGTTGGCGCGCACCCAGTGACGGGATAAACCTCAGCGTGGCATCCCAGGGTCCAGCGCCCCCCCTCCACCCCCGCTCTCTCTGTGTGCGGAAGCCCGGCAGCCCCCTCACCCTCTATCCCTGCCAACGCCGAACCACTTCTGGTGCTGACAGGGCTGGGCCCTTACGGCGTTGGGCGAGGTCGGCGCGACGTAGCGCCACGGATGCCGGCGGCCATGTCGTGCATGGCGCTGCGTCCGAGCCACCCGCGACAGTGAGCACAGGCTTGCACGGTCCATGCGATGGGCGGAGCGTGTCAGCGCGGCTCGAGCGTGTCGCAGCCGGCCCCTCACACTGGCCCACGGCGAGGGGTGCGGGGGCCTGAGTGTCACCGCGACGGGGAGACGCACCCAGGGAGGAGGTGGGGGGAGTGGGGACCGGCATGATGGAGGGGCGGCTGTGTGGCGATGTGTGTGTATGTGGGTGTGCGCGCGCGAAAGTTTATGAGGATTCTTTTTTCGGTTGTTTGCATGTTTTCATCGCTCCCTCGCTTTCTTTCCCTGTCGGTGATGGCGTACCCTCATTGGGGCGCCAAG
1-24471d,LinJ.01,87.858,666,660,278268,,,,,24094,24759,6.65e-11,646.5,plus,GGGGGAGGCGGGGGAGGCGGGGGGCACGCACCTCCATGCGTGGCATCCCAGGGTCCAGCGCCCCCCCCCTCCACCCCCGCTCTCTCTGTGTACGGAAGCCCGGCAGCCCCCTCACCCTCTATCCCTGCCAACGCCGAACCACTTCTGGTGCTGACAGGGCTGGGCCCTTACGGCGTTGGGCGAGGTCGGCGCGACGTAGCGCCACGGATGCCGGCGGCCATGTCGTGCATGGCGCTGCGTCCGAGCCACCCGCGACAGTGAGCACAGGCTTGCACGGTCCATGCGATGGGCGGAGCGTGTCAGCGCGGCTCGAGCGTGTCGCAGCCGGCCCCTCACACTGGCCCACGGCGAGGGGTGCGGGGGCCTGAGTGTCACCGCGACGGGGAGACGCACCCAGGGAGGAGGTGGGGGGAGTGGGGACCGGCATGATGGAGGGGCGGCTGTGTGGCGATGTGTGTGTATGTGGGTGTCGTCGCGTTTGAGGCAGGAGCCGTGCTGCGACGACCGAGCCGGCGCACTGCTGCAGCGCGCGTGTGTCTTGCGCTGCTTCGCACCAGGCGATGAGAGTGGGGTGGGGTGCCTGCAGCACTCGGCGGCGGGGGGGTGCAGAGCGGCCTCCACCTCGCAGTGTGCGGCAGCGAAAACGGACACGCGGAAGAGCAAACA
1-136422d,LinJ.01,99.423,462,461,278268,,,,,137459,137920,1.21e-124,744.5,plus,TGACGACGGGGTGGGGCGGCGGCGCACAGACACACACACACACACACACACACACGCACACACCTCCGTGCGTGGGGGGGGGGGTACCTCAGGCTGCAGGGCGCCCACCCACCCACCCACCCACCCCCCACTCCTCCCTCCGCCGTCCCGGCCCATGCCAGAACCACCTGTGGTGGCGACCAGGGCCGAGCATCTGTGACGTCAGGGAGTGCCCCGGCAGAGCGCGAGTTAGGGCTACGGACGTCAGCGGCCATGTCGTGCATGGCGTTGCGTCGGGGCCACCCGCGACAGTGAGCGCAGGTTTGCACCGTCCATATGATGGGCAGAGCGTGTCAGCGCGGCTCGAGCGCATCGCGGCCGGCCCCTCACACTGGCCTACCCGGGGGTGGGGGAGGGGCCTGTGGAAGGGTTATTGAGGGCTGGCGTAGAGTCGGCGTTGGCGTGATGGGATGACCTCACGCC
1-204526d,LinJ.01,100.0,446,432,278268,,,,,205558,206003,0.00e+00,790.0,plus,GATGACGGGGTGGGGCGGCGGCGCACACACACACACGCACACACCTCCGTGCGTGGGGGGGGGGGTACCTCAGGCTGCAGGGCGCCCACCCACCCCCCCCCACTCCTCCCTCCGCCGTCCCGGCCCATGCCAGAACCACCTGTGGTGGCGACCAGGGCCGAGCATCTGTGACGTCAGGGAGTGCCCCGGCAGAGCGCGAGTTAGGGCTACGGACGTCAGCGGCCATGTCGTGCATGGCGTTGCGTCGGGGCCACCCGCGACAGTGAGCGCAGGTTTGCACCGTCCATATGATGGGCAGAGCGTGTCAGCGCGGCTCGAGCGCATCGCGGCCGGCCCCTCACACTGGCCTACCCGGGGGTGGGGGAGGGGCCTGTGGAAGGGTTATTGAGGGCTGGCGTAGAGTCGGCGTTGGCGTGATGGGATGACTTCGCGTTGCGAGGAAGAGG
Seq_5_LinJ.01_plus,LinJ.01,100.000,619,619,278268,0,0,1,619,35317,35935,0.0,1144,plus,GAGGTGGAGGCCGCTCTGCCCCCCCCGCCGCCGAGTGCTGCAGGCACCCCACCCCACTCCCATCGCCTGGTGCGAAGCAGCGCAAGACACACGCGCGCTGCAGCAGTGCGCCGGCTCGGTCATCGCAGCACGGCTCCTGCCTCAAACGCGACGACACCCACATACACACACATCGCCACACAGCCGCCCCTCCATCATGCCGGTCCCCACTCCCCCCACCTCCTCCATGGGTGCGTCTCCCCGTCGCGGTGACACTCAGGCCCCCGCACCCCTCGCCGTGGGCCAGTGTGAGGGGCCGGCTGCGACACGCTCGAGCCGCGCTGACACGCTCCGCCCATCGCATGGACCGTGCAAGCCTGTGCTCACTGTCGCGGGTGGCTCGGACGCAGCGCCATGCACGACATGGCCGCCGGCATCCGTGGCGCTACGTCGCGCCGACCTCGCCCAACGCCGTAAGGGCCCAGCCCTGTCAGCACCAGAAGTGGTTCGGCGTTGGCAGGGATAGAGGGTGAGGGGGCTGCCGGGCTTCCGTACACAGAGAGAGCGGGGGTGGAGGGGGGGGGGCGCTGGACCCTGGGATGCCACGCATGGAGGTGCGTGCCCCCCGCCTCCCCCGCCG
Seq_6_LinJ.01_plus,LinJ.01,100.000,645,645,278268,0,0,1,645,54886,55530,0.0,1192,plus,TGTTTGGTCTTCCGCGTGTCCGTTTTCGCTGCCGCACACTGCGAGGTGGAGGCCGCTCTGCACCCCCCCGCCGCCGAGTGCTGCAGGCACCCCACCCCACTCTCATCGCCTGGTGCGAAGCAGCGCAAGACACACGCGCGCTGCAGCAGTGCGCCGGCTCGGTCATAGCAGCACGGCTCCTGCCTCAAACGCGACGACACCCACATACACACACATCGCCACACAGCCGCCCCTCCATCATGCCGGTCCCCACTCCCCCCACCTCCTCCCTGGGTGCGTCTCCCCGTCGCGGTGACACTCAGGCCCCCGCACCCCTCGCCGTGGGCCAGTGTGAGGGGCCGGCTGCGACACGCTCGAGCCGCGCTGACACGCTCCGCCCATCGCATGGACCGTGCAAGCCTGTGCTCACTGTCGCGGGTGGCTCGGACGCAGCGCCATGCACGACATGGCCGCCGGCATCCGTGGCGCTACGTCGCGCCGACCTCGCCCAACGCCGTAAGGGCCCAGCCCTGTCAGCACCAGAAGTGGTTCGGCGTTGGCAGGGATAGAGGGTGAGGGGGCTGCCGGGCTTCCGTACACAGAGAGAGCGGGGGTGGAGGGGGGGGGCGCTGGACCCTGGGATGCCACGCATGGAGGTGCGTGCCT
Seq_7_LinJ.01_plus,LinJ.01,100.000,172,172,278268,0,0,1,172,130201,130372,5.46e-87,318,plus,CCCCCACCCCCGGGTAGGCCAGTGTGAGGGGCCGGCCGCGATGCGCTCGAGCCGCGCTGGCACGCTCTGCCCATCATATGGACGGTGCAAACCTGCGCTCACTGTCGCGGGTGGCCCCGACGCAACGCCATGCACGACATGGCCGCTGACGTCCGTAGCCCTAACTCGCGCT
1-36305r,LinJ.01,99.517,621,621,278268,3,0,1,621,35934,35314,0.0,1131,minus,GGCGGGGGAGGCGGGGGGCACGCACCTCCATGCGTGGCATCCCAGGGTCCAGCGCCCCCCCCCCTCCACCCCCGCTCTCTCTGTGTACGGAAGCCCGGCAGCCCCCTCACCCTCTATCCCTGCCAACGCCGAACCACTTCTGGTGCTGACAGGGCTGGGCCCTTACGGCGTTGGGCGAGGTCGGCGCGACGTAGCGCCACGGATGCCGGCGGCCATGTCGTGCATGGCGCTGCGTCCGAGCCACCCGCGACAGTGAGCACAGGCTTGCACGGTCCATGCGATGGGCGGAGCGTGTCAGCGCGGCTCGAGCGTGTCGCAGCCGGCCCCTCACACTGGCCCACGGCGAGGGGTGCGGGGGCCTGAGTGTCACCGCGACGGGGAGACGCACCCATGGAGGAGGTGGGGGGAGTGGGGACCGGCATGATGGAGGGGCGGCTGTGTGGCGATGTGTGTGTATGTGGGTGTCGTCGCGTTTGAGGCAGGAGCCGTGCTGCGATGACCGAGCCGGCGCACTGCTGCAGCGCGCGTGTGTCTTGCGCTGCTTCGCACCAGGCGATGGGAGTGGGGTGGGGTGCCTGCAGCACTCGGCGGCGGGGGGGGCAGAGCGGCCTCCACCTCTCC
1-112979r,LinJ.01,99.614,259,259,278268,0,1,1,259,114018,113761,6.28e-133,472,minus,GGGGTGAGGCGGCGGCGCACAGACACACACACACACACACACACGCACACACCTCCGTGCGTGGGGGGGGGGTACCTCAGGCTGCAGGGCGCCCACCCACCCACCCACCCACCCCCCACTCCTCCCTCCGCCGTCCCGGCCCATGCCAGAACCACCTGTGGTGGCGACCAGGGCCGAGCATCTGTGACGTCAGGGAGTGCCCCGGCAGAGCGCGAGTTAGGGCTACGGACGTCAGCGGCCATGTCGTGCATGGCGCTG
1-55910r,LinJ.01,99.923,650,650,278268,,,,,55534,54885,0.00e+00,1193.0,minus,CGGAAGGCACGCACCTCCATGCGTGGCATCCCAGGGTCCAGCGCCCCCCCCCTCCACCCCCGCTCTCTCTGTGTACGGAAGCCCGGCAGCCCCCTCACCCTCTATCCCTGCCAACGCCGAACCACTTCTGGTGCTGACAGGGCTGGGCCCTTACGGCGTTGGGCGAGGTCGGCGCGACGTAGCGCCACGGATGCCGGCGGCCATGTCGTGCATGGCGCTGCGTCCGAGCCACCCGCGACAGTGAGCACAGGCTTGCACGGTCCATGCGATGGGCGGAGCGTGTCAGCGCGGCTCGAGCGTGTCGCAGCCGGCCCCTCACACTGGCCCACGGCGAGGGGTGCGGGGGCCTGAGTGTCACCGCGACGGGGAGACGCACCCAGGGAGGAGGTGGGGGGAGTGGGGACCGGCATGATGGAGGGGCGGCTGTGTGGCGATGTGTGTGTATGTGGGTGTCGTCGCGTTTGAGGCAGGAGCCGTGCTGCTATGACCGAGCCGGCGCACTGCTGCAGCGCGCGTGTGTCTTGCGCTGCTTCGCACCAGGCGATGAGAGTGGGGTGGGGTGCCTGCAGCACTCGGCGGCGGGGGGGTGCAGAGCGGCCTCCACCTCGCAGTGTGCGGCAGCGAAAACGGACACGCGGAAGACCAAACAA
1-129494r,LinJ.01,98.634,460,447,278268,,,,,130578,130119,0.00e+00,781.5,minus,TGATGACGGGGCGGCGGCGCACAGACACACACACACACACACACACGCACACACCTCCGTGCGTGGGGGGGGGGTACCTCAGGCTGCAGGGCGCCCACCCACCCACCCACCCCCCACTCCTCCCTCCGCCGTCCCGGCCCATGCCAGAACCACCTGTGGTGGCGACCAGGGCCGAGCATCTGTGACGTCAGGGAGTGCCCCGGCAGAGCGCGAGTTAGGGCTACGGACGTCAGCGGCCATGTCGTGCATGGCGTTGCGTCGGGGCCACCCGCGACAGTGAGCGCAGGTTTGCACCGTCCATATGATGGGCAGAGCGTGCCAGCGCGGCTCGAGCGCATCGCGGCCGGCCCCTCACACTGGCCTACCCGGGGGTGGGGGAGGGGCCTGTGAAAGGGTTATTGAGGGCTGGCGTAGAGTCGGCGTTGGCGTGATGGGATGACTTCGCGCTGCGCGGCAGAGG
Seq_3_LinJ.35_plus,LinJ.01,73.780,164,397,278268,34,8,188,345,134174,134014,1.18e-07,56.5,minus,CGCTCGACATCACCGCAGCACAGCCAAGGCAGGATGAGGCAGGAGGCGTGAATGCATCCCTGCCGAGTCGTCGGCTCGACTAATAAGCGAGCTGGTACACACGTGGCTTCATGCCCGCAAACTCTCTTCGTCACTGCGTCAGCCCACACCTGTCCGCCGAC
Seq_5_LinJ.01_plus,LinJ.01,99.363,660,619,278268,,,,,24759,24100,0.00e+00,1143.5,minus,TGTTTGCTCTTCCGCGTGTCCGTTTTCGCTGCCGCACACTGCGAGGTGGAGGCCGCTCTGCACCCCCCCGCCGCCGAGTGCTGCAGGCACCCCACCCCACTCTCATCGCCTGGTGCGAAGCAGCGCAAGACACACGCGCGCTGCAGCAGTGCGCCGGCTCGGTCGTCGCAGCACGGCTCCTGCCTCAAACGCGACGACACCCACATACACACACATCGCCACACAGCCGCCCCTCCATCATGCCGGTCCCCACTCCCCCCACCTCCTCCCTGGGTGCGTCTCCCCGTCGCGGTGACACTCAGGCCCCCGCACCCCTCGCCGTGGGCCAGTGTGAGGGGCCGGCTGCGACACGCTCGAGCCGCGCTGACACGCTCCGCCCATCGCATGGACCGTGCAAGCCTGTGCTCACTGTCGCGGGTGGCTCGGACGCAGCGCCATGCACGACATGGCCGCCGGCATCCGTGGCGCTACGTCGCGCCGACCTCGCCCAACGCCGTAAGGGCCCAGCCCTGTCAGCACCAGAAGTGGTTCGGCGTTGGCAGGGATAGAGGGTGAGGGGGCTGCCGGGCTTCCGTACACAGAGAGAGCGGGGGTGGAGGGGGGGGGCGCTGGACCCTGGGATGCCACGCATGGAGGTGCGTGCCCCCCGCCTCCCCCGCC
Seq_5_LinJ.01_plus,LinJ.01,98.000,450,619,278268,2,5,147,595,76367,75924,0.0,774,minus,CGCGCGCACACCCACATACACACACATCGCCACACAGCCGCCCCTCCATCATGCCGGTCCCCACTCCCCCCACCTCCTCCCTGGGTGCGTCTCCCCGTCGCGGTGACACTCAGGCCCCCGCACCCCTCGCCGTGGGCCAGTGTGAGGGGCCGGCTGCGACACGCTCGAGCCGCGCTGACACGCTCCGCCCATCGCATGGACCGTGCAAGCCTGTGCTCACTGTCGCGGGTGGCTCGGACGCAGCGCCATGCACGACATGGCCGCCGGCATCCGTGGCGCTACGTCGCGCCGACCTCGCCCAACGCCGTAAGGGCCCAGCCCTGTCAGCACCAGAAGTGGTTCGGCGTTGGCAGGGATAGAGGGTGAGGGGGCTGCCGGGCTTCCGCACACAGAGAGAGCGGGGGTGGAGGGGGGGCGCTGGACCCTGGGATGCCACGCTGAGGT
Seq_8_LinJ.19_plus,LinJ.01,73.427,775,839,278268,,,,,40578,39804,1.46e-18,120.7,minus,ATGGACGGAAATGGACGATGAAGACAGCGAGCCCACCTCACCAGGCAACAAGGCCGTCCTGGAACAGGCCCTAGGATGCAGAAAATGTGAGCGCCGTGCGCACGCGCTTTCAAGCGCCGCTGGCATGGCGTACCGCATCCACACAAGGCATCCAGAGGTCAGCAGGGCACGAGCGATAGCCCAGAAAGGCGCGCAGAGATGCATACAAATCATCCCCAACGTGCGTGCGACATGTGCGGCACCTCTTACATCCGGCCGGGCGAGTCGATGCGACATAGGTGCCGAAGGCGTGACGAGAGCACCCCCAAAGGGGGCCCCATTGAGCCCTCCAGGTCCCCAATCTGGGGCGTCACCACACCATATCCTAAGATGCCGCAGCTTGAGGTGACTCAGGGCGAAGCATGGCATACAGACAGAGTCTGCGGGGTCTCAGGGGGCCCTGACCTGCGGCTGGCCAACCTCGTCCTCGCGCACACCCGGCATGCGCCTAGACAAACCCCTGTTACCCGCACGACAGACGCCATCGCCTCCAGCCGTCGAGCAGGACGCTGGACGCGGCGGGCGTGGATGAAGGCATGTTGCCCACGCCCAGGTCCGCCTGGAGTCGGTCGCGCAGCACATTTTCGAGGAAGGGACGAGGAAGGAGGAGAGCCCGTCAGACGTATGGTCCTCATTCAACCGGCTGAACGGCTCGTCCCAGAGGACCCGGATTCAGCCGCCGTGCAACAGAGTGCCAGGTGAGCTGTGGCTGTGCGTGCGTCTGTGTGCTGCCTTG
Seq_7_LinJ.01_plus,LinJ.01,99.419,172,172,278268,1,0,1,172,137850,137679,2.54e-85,313,minus,CCCCCACCCCCGGGTAGGCCAGTGTGAGGGGCCGGCCGCGATGCGCTCGAGCCGCGCTGACACGCTCTGCCCATCATATGGACGGTGCAAACCTGCGCTCACTGTCGCGGGTGGCCCCGACGCAACGCCATGCACGACATGGCCGCTGACGTCCGTAGCCCTAACTCGCGCT
Seq_7_LinJ.01_plus,LinJ.01,99.419,172,172,278268,1,0,1,172,205921,205750,2.54e-85,313,minus,CCCCCACCCCCGGGTAGGCCAGTGTGAGGGGCCGGCCGCGATGCGCTCGAGCCGCGCTGACACGCTCTGCCCATCATATGGACGGTGCAAACCTGCGCTCACTGTCGCGGGTGGCCCCGACGCAACGCCATGCACGACATGGCCGCTGACGTCCGTAGCCCTAACTCGCGCT
Seq_59_LinJ.23_plus,LinJ.01,79.167,216,625,278268,41,4,411,625,271265,271053,1.10e-34,147,minus,CCATGAGCAAGCTCTTCTGCTTTTGCGCGCCGCAAAGAAGCGCAATTTGAGGGCACCACCCCTGCCAGCGACACAGCCCCCTGTGCGCGGAAGCTTCTTTCCGATGGCCCACGCGCCCCTTTCGCCGGAAGCGGACCCCCCTCTGGGTTGTCGGAGCGCAAAGCCGAGGCAACGCATAATCTCGAAACAATGAGGGGCGGGCGCTTTGGACGG
Seq_7_LinJ.23_plus,LinJ.01,72.733,788,785,278268,,,,,39813,40600,2.52e-03,90.2,plus,ACACAGACGCACGCACAGCCACAGCTCACCTGGCACTCTGTTGCACGGCGGCTGAATCCGGGTCCTCTGGGACGAGCCGTTCAGCCGGTTGAATGAGGACCATACGTCTGACGGGCTCTCCTCCTTCCTCGTCCCTTCCTCGAAAATGTGCTGCGCGACCGACTCCAGGCGGACCTGGGCGTGGGCAACATGCCTTCATCCACGCCCGCCGCGTCCAGCGTCCTGCTCGACGGCTGGAGGCGATGGCGTCTGTCGTGCGGGTAACAGGGGTTTGTCTAGGCGCATGCCGGGTGTGCGCGAGGACGAGGTTGGCCAGCCGCAGGTCAGGGCCCCCTGAGACCCCGCAGACTCTGTCTGTATGCCATGCTTCGCCCTGAGTCACCTCAAGCTGCGGCATCTTAGGATATGGTGTGGTGACGCCCCAGATTGGGGACCTGGAGGGCTCAATGGGGCCCCCTTTGGGGGTGCTCTCGTCACGCCTTCGGCACCTATGTCGCATCGACTCGCCCGGCCGGATGTAAGAGGTGCCGCACATGTCGCACGCACGTTGGGGATGATTTGTATGCATCTCTGCGCGCCTTTCTGGGCTATCGCTCGTGCCCTGCTGACCTCTGGATGCCTTGTGTGGATGCGGTACGCCATGCCAGCGGCGCTTGAAAGCGCGTGCGCACGGCGCTCACATTTTCTGCATCCTAGGGCCTGTTCCAGGACGGCCTTGTTGCCTGGTGAGGTGGGCTCGCTGTCTTCATCGTCCATTTCCGTCCATGCCAGCCAAGGGGCGGGGAGGG
