Seq_68_LinJ.27_plus,LinJ.02,,1000,784,356299,,,,,343420,344419,,,plus,AAACGATGTACACGTATCCTTTTCTGTGTCCCTCTCCGTGGACGATGCCCCTCCGCCCATCATCGCCATCATCGCCAGTTGCACCACAGGCGTGAGTGAGAAATGGCGGCGAGCCGCGATGCTCCGGCTCGTTGTACTCCTCATGCGTGGTGTCGCTGCACACGGCTTCTCCAAGGCGGAAGGAGAGAGGTGGTGCGGTGGTGCACGGCACGCGCACCATGCACATTTCCGTTGCTCTTCTTTTTCCTCTACGCTCTGTGCCCCGGATGACGAGTGGGGGGGGCACACATCTCCGTGCGCGGCATCACGCGATCCAGCGGCCCTCCCTCTCTCCCTGCCAATGCCGAACCACCTCTGGCAGTGACAGGGTGAGGCGCCGACGACGTGGGGAGGTCCGAGCGACGTATCGCTACGGGTGTCGGCGGCCAGGCCCTGGATAGCATTGCGCCGAAGCCACCTGAGTCGGCGCACACGTTTGTGCCATCCACGCTGTAGGCAGGGCGGCGGCGTGGCTCGAGCGTATCCCACCCCCGCCCCTCGCAGTGCCCACTGGTGGTGCGGGGAGCCTGCGTGCTGCCGCGCGGGGGATGCACCAGGCGGCGACCTGCGGAGCGGGTGTGTGGGTAGAGCTTGAGGCAGGGGCCGTGCTCTCGGATAAATGAGTGGGCTCATTGTGCTGTAGCGCGTGTGTCTAGGGCTGCTTCGCACCTCGCGATGGGTGCCCATGGCAGGGCTGGAGGCTCGAGAGTGGTGGCTCCCTCGTGCTGTATGGCAGAGACAGGGGCACACGCTGAGGAAAACAAGCTTCTCTGCGAAGGACTCGACGTGCTGCGCCTGTCGTTGTCTCGGGGTCTCTCTTGCGCGGCACGACAGCGTTGCCCTCCTTCTGGAGGAGAAAGCACGGCATAGCGTTGTGCGGCGCGACTCTTACGAGGGCGAGGGGGACGGCATGGCGCTCATGGACGCACGCGCACGGATTCCTCATCTGTGACCCACCATA
Seq_5_LinJ.02_plus,LinJ.02,,1000,456,356299,,,,,27066,28065,,,plus,CCTGCACTAGCGGTAAAGCAGCACGAGCACGAATTGCTGAGTAGGGGAAGAGATGCGGAGATGTACCTCAGGCGAAAGCCGCTGGCGCTGACGACGCCTGTCGCTGTCCCCAACTTTGGCGCAGGCCCTTTCGCCTCTTCCCGCCTCCTCGTTGGCGCGCACAAGCTCTCAGATGCCTCGTTCGCCTTCATGCGCGGCACTGAGGGTTTGAAAAACCTGCTGAACTCCCCCTGTTTCCTTTTCCGTTGTACCTCACCTCATGGCGAGGACAAGACACACATACGCCTCAGGGCGCGGTATCGCAGGGCCCGGTGCACTCCCCCACCCCCTCCTATCCCACGCCCATGCCGAACCGCCTCTCGTCATGACGGGGCCCGGTGCCTGCGACGTGGCGAGGATAACGCGATCCATCGCAGCAGATGCCGGCGGTGAACACGCTTGCGCCATCCATATGATGGGCAACGCGCCAGCGCGGCCCACACCCACGGCCCTCGCACGGCCCACTCGTGCGGGGTGCCTGAGCCCCCGCGATGGGGCGGGGCGGGATGCACCAGGGGTGGTGGCCGGCATGATTGGGGAGCGGGTGTGAGGCCGCCCAGCGGAGCGGCTAGGTGGATGTGTGTGGGCAGCGTTTTGGGGGGCGGAGGCGGTGCTCCGCCGACGGCGTCGGGTGCGGGGAGGGGGGGTGAGTCGAGCGGCGTGTGGACCTCGTGTTGTGGGGCGGAGCGAAAACGGGCTAAACGTGCTTGAGCAACGAATGTAAGGATACCACCTCTCTCACCGCCTGTATCTCGCACAGGCAGCGGCGTTGTACACACAGTGCGCGGCATCACTCACGCGGCGTGGCACCCTCTGCTTCAGCCATGATGCACGCGGCGGTGGAGACATACCGCGTCCCTAACGCAGCGGACTGCGTGACGTGGCACAGGGGGGTATCGCAGGCGCTGCAGACAGCGAGCACCAAAACTGGATCAGCGCGATGGTTCTCGTCCCGCAGGCA
Seq_6_LinJ.02_plus,LinJ.02,,1000,436,356299,,,,,16229,17228,,,plus,GCCGCTTCCACGTCCCGTGCCTTTAGCATGCGCGGGATGCAGTGATGTTGGCGGCATTGCCTCAGCTGAGAAACCAAGATAGCGCAGCAGCACAGGCATCCGCACGCACAGCCTGAGCGTGACGAAGAAGCCCGCTGCTGCATCCCTGCTGAGCACCGCTGCTCCTCACAGACGGAATACGGTGTGTCCGCCCCGGCCTGCTCGCTTCGTTTGCTTTGGGGGAGAGGGGGGGAGAAGAGCTTGAGGCACCTCTTCTCCTCCTTTATTCTTCGTCCTTCATAACCGGGGGGGTGCGGAGGACACACATACGCCTCAGGGCGCGGTATCGCAGGGCCCGGTGCACTCCCCCACCCCCTCCTATCCCACGCCCATGCCGAACCGCCTCTCGTCATGACGGGGCCCGGTGCCTGCGACGTGGCGAGGATAACGCGATCCATCGCAGCAGATGCCGGCGGTGAACACGCTTGCGCCATCCATATGATGGGCAACGCGCCAGCGCGGCCCACACCCGCGGCCCTCGCACGGCCCACTCGTGCGGGGTGCCTGAGCCCCCGCGATGGGGCGGGGCGGGATGCGCCAGGGGTGGTGGCCGGCATGATTGGGGAGCGGGTGTGAGGCCGCCCAGCGGAGCGGCTAGGTGGATGTGTGTGGGCAGCGTTTTGGGGGCGGAGGCGGTGCTCCGCCGACGGCGTCCGGTGCGGGGAGGGGGGGGAGGGGCGGATTTTTGCCGTAAGGCGTGTGTCCAGCGCTTCACCTCAACGAGAGCAAAGCATGAAAGCGCGGCGGGAGGGGACGCGCGGAGCTGCGATGCGAAAGTGAGAGCAACACAGACGGACACAGAGACAGCAGTACACACACACTCGAAGAGAGACGACGATGGCGACGATGACGAGAGAACGCCGCAGGTCGGGCTAAAAAAGGGGGGTCGACGGGCGGAACGAGAGACAACAAAGAAATAAAGCAAACAAAATGCTGGAGACTCATGTGGCCAGCGAGCACC
Seq_4_LinJ.20_plus,LinJ.02,,1001,897,356299,,,,,96644,97644,,,plus,GAGTTCGAGGATATCCGAACCGAAAGCTTTACTTCGTCCGGCTATCTTGCTGTGCTCGGCACTCAGCGAGCTCACTGCACTGATCAAGAGAAGAGGATATCGGGCTGACTGTTGCCCGGCTCCGCACGCACACGCTGGTCATCGTCGCTCTCCTCTTGCGGAAGCGAGCTCAGGCGCGACGATTTCCTCAGAGATCCATGACCCAGCGAGTAGGTTACGCGGCCATGCTGAGCTTCCTCGGAGCTAGGATGACGGCGCCGCGGTCTGCCGCGTCCAGCGCGCGAGCGTAGAGTGTCCCAACGCTGCCCCTAGCTTCGTAGCTGGCTGGCGCTGCCTTACTAGGTGAAGGGTACAGGTCCAGGGAGGCTGCGGTGGATCAGTGAGGGCGTAGGCCAGGCTGCGGCGGCTGGAGCTTCGCCTCCAGATGGTCGCGCAGCCTTCGCAAGATCATTCGTTCGAGTGATGGTAAGAGGTTGCTGGTCAGCGCCACGGAGGCAGTGGAACACGAGACCGCCGTCGGGTATACACGGCTTCGCGAGGGAGCACCATGAGCCCCACGAATCGTTTTCCCGTGTAGCAGGAGCGTGGCCGATGGCAACGCTCTAGTTTCAAGCGTTCCGCAGCGTGCTTCTAGCCTGTGTCGGGAGGGCCTTCGACACTCTCAACGTAAACCTCGTCGAGGTCTGGGGGAGAGTGGGGCGGCGGTGGGCTTCACCGAGCGCTACGTCGAGCTCAGCTCTGGGGCACGGTTTGGCGGGCGTGGAAGTGGGCCTCGTGGTGTGACGTGAAGGGTGGCTGCTCGGATGTCGCGCTGACGTCTGTTTGGAGCATCTTCACCAAGGCGCTGGCCTTCCCTCTCGCAGGGAAAGGTGGCGCTCGCCTTGTCCGATGGCTAGTATGTGCGGTGCGCGATGCACAAGGGAGGCGAGGCATGGATAGCCTCGATGGACGCCCATGATCAAGGGGTCAATAGGGATGCGCGTATTGCAGGACGGCGCTCC
Seq_5_LinJ.02_plus,LinJ.02,,1000,478,356299,,,,,73532,74531,,,plus,ACAGAACACACAGGGATATACGTCCAGAAACAGTAAGCGCAATAAGGGTGTGTGTGGGGGGAAGGGGGGGGGCGAGCGGGGAGGCCCCCCCCTCCCCACAAGGGAAGAGAAAGTGTGGAAGAAGAAAGAGCCCCGCGCCCATGCAGCCTCTCGTCCCTCTCCCCGGAGACGCTCAGCACGGCGCGTGGCACACAATGAGAAACCCAAGACGAACGGAGGAAAAAAAAGTACGGCAGAGAGAACAGAGATGAAGCAAGCGTCTCGGTACCCCAAAACGTGGTCGTGCTCCGCACGCGAGCCGCGCAATGAAGAGGCGCATGCACAGCCCACAGCGCACCTACCTCTGGTGCGCGACGGCCATGTCCAGGAAACCGGGCCCCACCAACACCGCCTGGCGCCGTCCAAGCCCACCGCAACACGTCACCGCATACAGCGCAGGCTCGCCCCCGCATCGCGCCCCACGCCACCGCAACGCAGCGAAGGCAGACAAGTAGCCGGCGCATCCGTGCGCTCCTTCTTTCGACCGCCGGCACGAGTCGTAGCGAGCCGGTGCAAGCGGCATCATGGCCGCAAGCCTCGCCGGCGCAGCGCCGGCCCCCAGACACCTGCCCCCCCCACACACACCAAGAGTCCGCCACCACCACCCCGAGAGCCTGCCACCACACACGCACGGCCCGGTGGCCCGCGTCATGACGGGAGCTCCAGGGCGACACGCGCAACAAAAAGAGGAGGGAGAGACGACGCATGAAAAACGCGCACGAGAATGGGCGATGAAAGGAGGGGGGACACTGGAACGGGACGTGTCACAAGCGACTCGAAGAGGACGAAAAGACACACGGCCGCACACCGTGCGCGTTGCCACGCTCTCCCCCCTCCTCCTCTCATCGCCCATGCTCGTGCGCGTTTTTCATGCGTCGTTTAGGCGCGTTGGTTGGCTTGGTATGATGCCCCTTGTTTTTGCTCGGCGGTTCATTGAGAACGGCGATATGCCGCAAAACCG
Seq_6_LinJ.02_plus,LinJ.02,,1000,438,356299,,,,,122917,123916,,,plus,AGCAGAAACAGAGGAGGAGGCGCGGCGGAGGGAGGTGCTTGTGCGGTGCGCGCACATCCCCGGCACACACACTTGCGCCGCTCACGTTGGGGTCGGGCAGTGGGCAACGACCGAACAACGATGCACCGGAACGAGCAGGCAGCACCTCCGCTATCAACGCAGAACGACTCTAGAAGAGCTAACGGAGAGCACTGCCGCCAGGGCTCCGGCCAAGGCCACGGTGCTGTAGTCGCTTGCATGCTCTCGGCACAGGCTGATGATGAGGCGCGAACACTTTTGCCTTCATAGCCCACAAACGTGTTCGTGCTCCGCACGCGAGCCGCGCAATGAAGAGGCGCATGCACAGCCCACAGCGCACCTACCTCTGGTGCGCGACGGCCATGTCCAGGAAACCGGGTCCCACCAACACCGCCTGGCGCCGTCCAAGCCCACCGCAACACGTCACCGCATACAGCGCAGGCTCGCCCCCGCATCGCGCCCCACGCCACCGCAACGCAGCGAAGGCAGACAAGTAGCCGGCGCATCCGTGCGCTCCTTCTTTCTACCGCCGGCACGAGTCGTAGCGAGCCGGTGCAAGCGGCATCATGGCCGCAAGCCTCGCCGGCGCAGCGCCGGCCCCCAGACACCTGCCCCCCCCCACACACACACCAAGAGTCCGCCATCACCACCCCGAGAGCCTGCCACCACACACGCACGGCCCGGTGGCCCGCGTCATGACAAACAGAGGGATGGGGGAGGTGCGTCGGTGCATATACAAAATCGACTCCGTGGATGCGAAGTGCAAGAGCGGGTGCGGAGCACGGTGCTTGGCAGGAGAGGGCCCGCGCATCTCGGAGCAGCGTGGCTCAGAAAAAAAAAATCATCGGAAGCGCCGATGCACCTCCGCGTGTCACGCCGAATCGGGTACGCATAATGGACCAGCACAGGTACCCGACGCTGGCCAGCGAAAGCACATTACGGTCGAGTGTGAGGTGGCTGATACGCGCCCATGTGCTCGTTG
Seq_6_LinJ.02_plus,LinJ.02,,1000,438,356299,,,,,118785,119784,,,plus,CATCGGCGGGGCAGGGAGTGATGAGCAGCAACATCAGGGACCGCAGAGCGGAAAGGCGCTGAAAGCGCTGCGGCACGTCACTCAACAGCACGAAAACAAGTAAAAAATAGAAAACTTAATACGTGGCCGAAACAGCAACAATATGCACACCCATCAATATACACAGATATACACATGCATACACATAGGCATATATTTAGATGTACGCACAGGATGATGATGAGGGCAAGATCGCAACAGTGGCCAGCAGACAGTTCCTTTCGATACCCACAAACGTGGTCGTGCTCCGCACGCGAGCCGCGCAATGAAGAGGCGCATGCACAGCCCACAGCGCACCTACCTCTGGTGCGCGACGGCCATGTTCGGGAAACCGGGTCCCACCAACACCGCCTGGCGCCGTCCAAGCCCACCGCAACACGTCACCGCATACAGCGCAGGCTCGCCCCCGCATCGCGCCCCACGCCACCGCAACGCAGCGAAGGCAGACAAGCAGCCGGCGCATCCGTGCGCTCCTTCTTTCTACCGCCGGCACGAGTCGTAGCGAGCCGGTGCAAGCGCCATCATGGCCGCAAGCCTCGCCGGCGCAGCGCCGGCCCCCAGACACCTGCCCCCCCCCCACACACACCAAGAGTCCGCCACCACCACCCCGAGAGCCTGCCACCACACACGCACGGCCCGGTGGCCCGCGTCATGACGGGAGCTCCAGGGCGACACGCACAAGAACACGAAAAGGCGAGAGAGCGCCACCGTAAAGGGCGGAGATGAGGGGGGTGGGGGCGATGGGCACGTGCGAGCGCGCCACTCCCCCTCCTCATCGTCATCCCTCTAATCGGGCTTGTCCACGCCGCACCAGCGCCCATCCAGCTTGTATTTGATGGGGTCTACACCGGCGTACTCGTACCACTGCGCGACAGTCCGCTGCTTGCCCATCCCGTAGCGGCTCGAGTCGATGATGACGTACGGGTTGGTGGTGTTCGCCGGCACGAGCACGTCCTCCTTG
Seq_7_LinJ.33_plus,LinJ.02,,1001,641,356299,,,,,197824,198824,,,plus,AACTGCCAGGGAGACGGGGGGGGGGGGTTGTACGCAAGCCCCCATGTATCCTCCATGCGTCCGACATGTCCGCAGTTCACCACACAGGGAATAAGCTAGAAAAGTATACACGCATGCGCGCACACCACCATCACCTCAGCCCGTACGCCTCTCACCGGGGCGGGTGTGCCCAGCAGAGGGGGCCCGTGCATCGGCAGGTGCCAGCGCACAAAGAGCCCACAGCCTGCCGTACCGACGGGGGCACAGAGGGTGTGGGGGTGCGGCCACAGACACCCCATCAAGGGGGGGCGCCCGTGCAGCGCGAGTGAGATGCGCGCAGTCAGATCATTGCCCCAGTCGAGGCGCGCTGTCAGCTTCAAGCGATCCGCGAATCCCGCGTAGCATACCGGGCACAGCGCCGGGCCGGCCGCCCTCATGGCACAAGCAGCAGGCGGGGGTGGGTGGGTGCCACAATGCCGGCGGCGTAATAGGCAGCACACCATCTGCGCCCCATGCTGTCACCGCCAGCCACCCGCCGCTGCAGCGATCCAAAATGCACGGACAGGTGTCTGTGCGGGACTGCGTGAAGATGGTCTCCTGCGGCCTCGCGAGCTCAGCATCCGTGTTCCTCGGGTGTGGGACGACTGTCGCCAAGCACCTCTTGCTGTGGCGTGTCGCATCGTGCACCGCGGTTTTTTTTTAGGGGGAGCGGATATGCGGCTATCGACCTCGCGTCTGAGGACAGTACCCAAGTCCGCGATCCGTGCAGTTGGCGCCGGCCCCTCCTTCACTGCCGATGTCGCGAGCTTGTCAGCTTCGCCCTGCTGCACCAGCTCGCAATAGCCAACGACAAGCCGAGGTGAGCGACGCGCGACGACGACGACGACGGCGGCGGGCTCGTGGCGCCAGGACGACATGCACCGGAGCACCACTAGCAAGGCGTTATCCGTTACCAAAGTGTTGGTGGCTGCAAGAGTTGGGATGGCGAGGGACAGGGAGAGGGCAAGAGCACGCCACGGCTG
Seq_1_LinJ.22_plus,LinJ.02,,1000,435,356299,,,,,98495,99494,,,plus,CGACGTCGCTTCGCGTCTGATGGAGGGAGCCTCCCATGTCATGAGGTCCGCTGCCAGTGGTGTATCCGGACGTGGTGTGTAAGCGCCTCGTTGGGTCATCGCGGCAAAGCCAGACCGCCACTGATGCAGCCTATGTCCTTGGGAACGGGGAGGGAGGGCCTAGACCTGTGCGCATGTTCCTGTTGCGTGAACACGGAGACGCCAGAACCGCCCTCCTCCTCTCCTACTGCACAACCATGCTGAAAACCAGGGGTCATCAACTGCCTCGGCGGGCCTGTCGCGGTGATGAAACGCCTCCCTTGCCAAATGCAGACTTGTATCGAGGATTCCTCAGGGAACCGGGCCCCACCAACACCGCCTGGCGCCGTCCAAGCCCACCGCAACACGTCACCGCATACAGCGCAGGCTCGCCCCCGCATCGCGCCCCACGCCACCGCAACGCAGCGAAGGCAGACAAGTAGCCGGCGCATCCGTGCGCTCCTTCTTTCGACCGCCGGCACGAGTCGTAGCGAGCCGGTGCAAGCGGCATCATGGCCGCAAGCCTCGCCGGCGCAGCGCCGGCCCCCAGACACCTGCCCCCCCCACACACACCAAGAGTCCGCCACCACCACCCCGAGAGCCTGCCACCACACACGCACGGCCCGGTGGCCCGTGTCATGACAGGAGCTCCAGGGCGGCACGCCAAAAAAAAAAAAAACGATTAATAAGCCCCGCACTAATCGGAAGAGCTCGAAAAGTGAGGTGGCGGATACATCGGAGCGCCCACGTCCCGCACCGCTGCGGCCGCAGCCGCTGTGATAATAACTGGCGATTCTCTTCAACAACAACGGCGAGAGATGCCGTCGTGAGGAAAGGCGGCAAAGGTCCCGTGGGGAGCCCCTGGTGAACCGGCCGCGGTGAATATCTGGCTAAGTGCCAGCGCAACAGAACGGCCCTTCTTGTGCTCGCGACGCTGCGAGGGCTCGCATACATACACAGCCGTGCACGCCAAGCCCCGTCG
Seq_6_LinJ.33_plus,LinJ.02,,1001,429,356299,,,,,94691,95691,,,plus,CTCCACTTCCGTCCGTGCCGCCAGAGGGGGGAGGGCATGCCTGGATGGACTGCCCGCATGTGCCGCGACAGGTGGGGCGTTGCTGCGAGTCTGTGGCAATAGGGGGGAGGGGGGGCACACCGCTACCATCACCTCAGCCCGTACGCCTCTCACCGGGGCGGGTGTGCCCAGCAGAGGGGGCCCGTGCATCGGCAGGTGCCAGCGCACAAAGAGCCCACAGCCTGCCGTACCGACGGGGGCACAGAGGGTGTGGGGGTGCGGCCACAGACACCCCATCAAGGGGGGGGGCGCCCGTGCAGCGCGAGTGAGATGCGCGCAGTCAGATCATTGCCCCAGTCGAGGCGCGCTGTCAGCTTCAAGCGATCCGCGAATCCCGCGTAGCATACCGGGCACAGCGCCGGGCCGGCCGCCCTCATGGCACAAGCAGCAGGCGGGGGTGGGTGGGTGCCACAATGCCGGCGGTGTAATAGGCAGCACACCATCTGCGCCCCATGTTGTCACCGCCAGCCACCCGCCGCTGCAGCGATCCAAAATGCACGGACAGGTGTCTGTGCGGGACTGCGTGAAGATGGTCTCCTGCGGCCTCGCGAGCTCAGCATCCGTGTTCCTCGGGTGTGGGACGACTGTCGCCAAGCACCTCTTGCCGTGGCGTGTCGCATCGTGCACCGCGGTTTTTTTTTAGGGGGAGCGGATATGCGGCTATCGACCTCGCGTCTAAGGACAGTACCCAAGTCCGCGATCCGTGCAGTTGGCGCCGGCCCCTCCTTCACTGCCGATGTCGCGAGCTTGTCAGCTTCGCCCTGCTGCACCAGCTCGCAATAGCCAACGACAAGCCGAGGTGAGCGACGCGCGACGACGACGACGACGGCGGCGGGCTGATGGCGCCAGCGTATGTGCCCAGATACGTCGCGGCACGCCATCCCCATCACCGCCGTAGGGCCCGTGAGAGTGCCACGAGGAGGGAGAGCAAGTCCGTAACGGCGGCAATGCTTTACTTCCCC
Seq_6_LinJ.33_plus,LinJ.02,,1001,429,356299,,,,,138162,139162,,,plus,ACTTCCGTCCGTGCCGCCAGAGGGGGGAGGGCATGCCTGGATGGACTGCCCGCATGTGCCGCGACAGGTGGGGCGTTGCTGCGAGTCTGTGGCAATAGGGGGGAGGGGGGGGCACACCGCTACCATCACCTCAGCCCGTACGCCTCTCACCGGGGCGGGTGTGCCCAGCAGAGGGGGCCCGTGCATCGGCAGGTGCCAGCGCACAAAGAGCCCACAGCCTGCCGTACCGACGGGGGCACAGAGGGTGTGGGGGTGCGGCCACAGACACCCCATCAAGGGGGGGGGGGGCGCCCGTGCAGCGCGAGTGAGATGCGCGCAGTCAGATCATTGCCCCAGTCGAGGCGCGCTGTCAGCTTCAAGCGATCCGCGAATCCCGCGTAGCATACCGGGCACAGCGCCGGGCCGGCCGCCCTCATGGCACAAGCAGCAGGCGGGGGTGGGTGGGTGCCACAATGCCGGCGGCGTAATAGGCAGCACACCATCTGCGCCCCATGCTGTCACCGCCAGCCACCCGCCGCTGCAGCGATCCAAAATGCACGGACAGGTGTCTGTGCGGGACTGCGTGAAGATGGTCTCCTGCGGCCTCGCGAGCTCAGCATCCGTGTTCCTCGGGTGTGGGACGACTGTCGCCAAGCACCTCTTGCCGTGGCGTGTCGCATCGTGCACCGCGGTTTTTTTTTAGGGGGAGCGGATATGCGGCTATCGACCTCGCGTCTAAGGACAGTACCCAAGTCCGCGATCCGTGCAGTTGGCGCCGGCCCCTCCTTCACTGCCGATGTCGCGAGCTTGTCAGCTTCGCCCTGCTGCACCAGCTCGCAATAGCCAACGACAAGCCGAGGTGAGCGACGCGCGACGACGACGACGACGGCGGCGGGCTGATGGCGCCAGCGTATGTGCCCAGATACGTCGCGGCACGCCATCCCCATCACCGCCGTAGGGCCCGTGAGAGTGCCACGAGGAGGGAGAGCAAGTCCGTAACGGCGGCAATGCTTTACTTCCCC
Seq_35_LinJ.23_plus,LinJ.02,,1000,881,356299,,,,,93930,94929,,,plus,TTTGCGTGGTCTTGACTTTCACATATTCTTCTGAAGCGAAACAGGTCAAAAATAAGTATGCGCACACCACCTCAGCTCAGCTGACGGCCGTTGAGGTGCAGCGACATCCTGGCCGACCAGGACATGCCGTCCAGCCGTCGAGCCGGGTCGATATGTCGCATAGACTCGTTCTTCCGCGTCCATTCCTTCGGGCACCTGCGGCGCCACACGCACTTGGATGGACTCCATGTCTTGATCCAACGCGGGACCCGTTCAAGGTGCTGCCCGAGGGAGGAAGCGATGGTGTCCGTCGTGCAGCTATTAGAGGAGGGCAGACTAGGTGCATGCCGGATGAGCCTCAGGCCAGGGCCCGCTGAGACCCTGCACATCCTGTCTGTGTGTCACGCTTCTCTCCGAGCAGCTTCAAACCGTCGGATTCCATAATATGATGTGGAGGCTCTCCACAGCGGAGTCTGGAAGACTCGATGGTATAATTTGGGGGTGTTGCCCTCATGCTTCCGGCACCTGCGTCGCACCCGCCCACCCGGTCGGATGTAGCAGATGCCGCATGTTTTGCACGCGTGCAGTGTGGGATTGATCCGTACGCATCTCCCCCGCCTCTCTCCGCCCATCACTCTCTTGCCCTGCTCATCTCTGGATGCCTTGCTTGAATGTGATACACCATGCCAGCTGTGCATGGCAGCGCGTGCGCACAGTGCTTGCGTTTTGCATCCTGGGGCCTGTTCCACGACGTTGTTGTCGGGGGACCCGCTGTCTGCATCCTCCACTTCCGTCCGTGCCGCCAGAGGGGGGAGGGCATGCCTGGATGGACTGCCCGCATGTGCCGCGACAGGTGGGGCGTTGCTGCGAGTCTGTGGCAATAGGGGGGAGGGGGGGCACACCGCTACCATCACCTCAGCCCGTACGCCTCTCACCGGGGCGGGTGTGCCCAGCAGAGGGGGCCCGTGCATCGGCAGGTGCCAGCGCACAAAGAGCCCACAGCCTGCCGTACCGACGGGGG
Seq_35_LinJ.23_plus,LinJ.02,,1000,881,356299,,,,,137397,138396,,,plus,CGTCCGCCATGTCCACGGTCCTGCCACTCACAGAATAAGCCAGCAGCACATACACGCGCGTGCACACCACCTCACCTCAGCTGACGGCCGTTGAGGTGCAGCGACATCCTGGCCGACCAGGACATGCCGTCCAGCCGTCGAGCCGGGTCGATATGTCGCATAGACTCGTTCTTCCGCGTCCATTCCTTCGGGCACCTGCGGCGCCACACGCACTTGGATGGACTCCATGTCTTGATCCAACGCGGGACCCGTTCAAGGTGCTGCCCGAGGGAGGAAGCGATGGTGTCTGTCGTGCAGCTATTAGAGGAGGGCAGACTAGGTGCATGCCGGATGAGCCTCAGGCCAGGGCCCGCTGAGACCCTGCACATCCTGTCTGTGTGTCACGCTTCTCTCCGAGCAGCTTCAAACCGTCGGATTCCATAATATGATGTGGAGGCTCTCCACAGCGGAGTCTGGAAGACTCGATGGTATAATTTGGGGGTGTTGCCCTCATGCTTCCGGCACCTGCGTCGCACCCGCCCACCCGGTCGGATGTAGCAGATGCCGCATGTTTTGCACGCGTGCAGTGTGGGATTGATCCGTACGCATCTCCCCCGCCTCTCTCCGCCCATCACTCTCTTGCCCTGCTCATCTCTGGATGCCTTGCTTGAATGTGATACACCATGCCAGCTGTGCATGGCAGCGCGTGCGCACAGTGCTTGCGTTTTGCATCCTGGGGCCTGTTCCACGACGTTGTTGTCGGGGGACCCGCTGTCTGCATCCTCCACTTCCGTCCGTGCCGCCAGAGGGGGGAGGGCATGCCTGGATGGACTGCCCGCATGTGCCGCGACAGGTGGGGCGTTGCTGCGAGTCTGTGGCAATAGGGGGGAGGGGGGGGCACACCGCTACCATCACCTCAGCCCGTACGCCTCTCACCGGGGCGGGTGTGCCCAGCAGAGGGGGCCCGTGCATCGGCAGGTGCCAGCGCACAAAGAGCCCACAGCCTGCCGTACCGACGGGG
Seq_8_LinJ.06_plus,LinJ.02,,1001,565,356299,,,,,89363,90363,,,plus,AGAGAGAGAGAGACAAGAGGCGGAGAAAGAGCTGGATGCCGATGTGCAGGGAATGGATACCCAGCAGAGGCCGAAACATAGCAGCATAACAGCAGCTCTCGTCCACGTGCACGTCGCGGGTGGTGGACCTGCTGCACCCCGAGACACACACACACAGATGCATCGATGCGAGCGGAGGCGTGTGTCTGGCCGCCTCTGCCTGTCAGTGCGTTTCGTTCTGCTTTCCTTGCTTGGGTGGGCGCGATGTGCGAGAGAAGTCCTACACGCAGACACATGCACCACATCACGCAGCAGCATCCTTCGCTCGTTAGCGGGCGTTGCTCCGCCACACAACACGAGGTCCACACGCCGCTCGACTCACCCCCCTCCCCACTCCCCGCACCCGACGCCGTCGGCGGAGCACCGCCTCCGCCCCCAAAACGCTGCCCACACACATCCACCTAGCCGCTCCGCTGGGCGGCCTCGCACCCGCTCCCCAACCATGCCGGTCACCACCCCTGGTGCATCCCGCCCCGCCCCATCGCGGGGGCTCAGGCACCCCGCACGAGTGGGCCGTGCGAGGGCCGCGGGTGTGGGCCGCGCTGGCGCGTTGCCCATCATATGGATGGCGCAAGCGTGCTCACCGCCGGCATCTGCTGCGATGGATCGCGTTATCCTCGCCACGTCGCAGGCACCGGGCCCCGTCATGACGAGAGGCGGTTCGGCATGGGCGTGGGATAGGAGGGGGTGGGGGAGTGCACCGGGCCCTGCGATACCGCGCCCTGAGGCGTATGTGTGTCCTCCGCACCCCCCCGGAAACGCCTTCTGTGTTATATGTGCGTGTGTGAGGGGGAGAGGGGGTGCCACAGCCGCAATGTGCGCAGCAGAGGAAGGGGCACGCGCCAGCATCGGTGCGGGCATGCGGGCACGGCGGGACAATAACGGAGGCAGGATATCGCGCTCCGCTCGTCGTCGCGCTCGTCTGCTGTTCGCCGCAGCGATGGGGGTGTGGAGGGGGTGGG
Seq_8_LinJ.06_plus,LinJ.02,,1001,565,356299,,,,,102798,103798,,,plus,AGAGAGAGAGAGACAAGAGGCGGAGAAAGAGCTGGATGCCGATGTGCAGGGAATGGATACCCAGCAGAGGCCGAAACATAGCAGCATAACAGCAGCTCTCGTCCACGTGCACGTCGCGGGTGGTGGACCTGCTGCACCCCGAGACACACACACACAGAGGCATCGATGCGAGCGGAGGCGTGTGTCTGGCCGCCTCTGCCTGTCAGTGCGTTTCGTTCTGCTTTCCTTGCTTGGGTGGGCGCGATGTGCGAGAGAAGTCCTACACGCAGACACATGCACCACATCACGCAGCAGCATCCTTCGCTCGTTAGCGGGCGTTGCTCCGCCACACAACACGAGGTCCACACGCCGCTCGACTCACCCCCCTCCCCACTCCCCGCACCCGACGCCGTCGGCGGAGCACCGCCTCCGCCCCCAAAACGCTGCCCACACACATCCACCTAGCCGCTCCGCTGGGCGGCCTCGCACCCGCTCCCCAACCATGCCGGTCACCACCCCTGGTGCATCCCGCCCCGCCCCATCGCGGGGGCTCAGGCACCCCGCACGAGTGGGCCGTGCGAGGGCCGCGGGTGTGGGCCGCGCTGGCGCGTTGCCCATCATATGGATGGCGCAAGCGTGCTCACCGCCGGCATCTGCTGCGATGGATCGCGTTATCCTCGCCACGTCGCAGGCACCGGGCCCCGTCATGACGAGAGGCGGTTCGGCATGGGCGTGGGATAGGAGGGGGTGGGGGAGTGCACCGGGCCCTGCGATACCGCGCCCTGAGGCGTATGTGTGTCCTCCGCACCCCCCCGGAAACGCCTTCTGTGTTATATGTGCGTGTGTGAGGGGGAGAGGGGGTGCCACAGCCGCAATGTGCGCAGCAGAGGAAGGGGCACGCGCCAGCATCGGTGCGGGCATGCGGGCACGGCGGGACAATAACGGAGGCAGGATATCGCGCTCCGCTCGTCGTCGCGCTCGTCTGCTGTTCGCCGCAGCGATGGGGGTGTGGAGGGGGTGGG
Seq_8_LinJ.02_minus,LinJ.02,,1000,480,356299,,,,,259708,258709,,,minus,TTCACCTTTCGTTCTCTCTTTTTTTCGCGTGCGCATGCGTGTGTGTGTGTCGTTTTGGGTTGTCTTTATTATTTTTTTTTTAGTGCGTCATCTTTCTCTGTCTTGCATGTATGAAGCGACGGGTATCTTCATGTGCTTCGTTTCCCTCCCCCAACTTTTTGTGTTTCACCCCCACCCGGATGACGGGCACGGGAAGAGTGAGGAGGGGGGAGCGCCTCAGTGCGGGGTGGTCGGGGGGGTCCAAGAACCCCCACTCTGTGGGAGGAGGCCAAGCGGAGCCCCTCATCCTCTCCTCCCCTCATCTCCTCACCCCCTCTATCCCTTCCAACGCCGAGCCGCTTCTCGTTGTGACAGGGTCCAGCACGCACGAGATGGGGGCGGGTCAGGGCTGGCCGTCGCCGCGGATGCCGGCGTTCGGGTCGTGAATGGCGGTGCTGCGCCGGGGCGGCCTGCGGCGGTGAACGTGTTTGCGCCCTCCGTTTGGTGGGCGGGGTGCCCGTGCGGCCCAAACGTGCCGCTCGGCCGTCGCGCTGCCTGCTGGTGGGGCGGCTGTGGGGCGGCCTGTGTGTGTGTGGGTGGGGTTTGGGGCAGGGGCCTTGCCCCGGTGGGTGCGTAGGCGGTGTTTTCGTGCGCGTCTAGCGCCGCTTCGCGCCACGCAATGGGGCCCTGTGGTGGTCCGGTGGCCTGGCGGTGGTGTGGCCCCTGTTGGGTGCGGGGGATGGTGGCGTGGGAAAGAAGGGGCAACAACAACTGCTCTCTTTCGAGAATGACACGCTTTCCCTTCCCTTTGGCGTCTTTTGATGGTTGCGCTGTGTATGCGTGTGCGTGTGTGCGCCGCATCATCTCCCCTCAACATATTACAAGTATCTTTCAACAACAACAACACGCACACACACACGCACACACACACACACACACACACACCAGAAAAAAAAACGAAGAAGGGCAAAGAAAAGGAAACAACTCTCATAAAAAAGAGGAAAAAAAAAGGAGTACTCGT
Seq_2_LinJ.02_minus,LinJ.02,,1000,478,356299,,,,,269383,268384,,,minus,CGACCCGTGGGCCCCTGCAAAAACAATAATCTTGCGAATCGGCGGCCGAACGCCCCTTTAACCCAATCGCCGAAATTTCCAGGAACCCGCCAACCCCTGTCGCGCGTAATGAATGCCAAACGGCCGCTTCCGACGCGGAAAAAACGCTTCTAGCATAACTCTGGGCTTCGTTGTTTTCGGGAAAGTGATTTGCAGGCAGGCCGTGAAAGAGTGGTAGGCATCAAAAATTTCTTATGCGTTTTTGGTGCGGCGGCCCCCGCTGGCGGAAGCTAGGCGGAGCCCCTCATCCCCTCCCCCCCTCATCTCCTCACCCCCTCTATCCCTTCCAACACCGAGCCGCTTCTCGTTGTGACAGGGCCCAGCACGCACGAGATGGGGGCGGGTCAGGGCTGGCTGTCGCTGCGGATGCCGGCGTTCGGGTCGTGAATGGCGGTGCTGCGCCGGGGCGGCCTGCGGCGGTGGGCGTGTTTGCGCCCTCCGTTTGGTGGGCGGGGTGCCCGTGCGGCCCAAACGTGTCGCTCAGCCGTCGCGCTGCCTGCTGGTGGGGCGGCTGTGGGGCGGCCTGTGTGTGTGTGGGTGGGGTTTGGGGCAGGGGCCTTGCCCCGGTGGGTGCGTAGGCGGTGTTTTCGAGCGCGTCTAGCGCCGCTTCGCGCCACGCAATGGGGCCCTGTGGAGGGCCGGTGGCCTGGCGGAGGCGTGGCCCCTGTTGGGTGCGGGGGATGGTGGCGTGGGAAGAAGGTTCTCCCGGTGGATAAATGGGTTTGCCGACTGGCGAGGTTGGGGGGGGGTTGTTTTATTTTTTGTCGTGGATGCTATTTTTCGGCGGCGGGTTGTGGGTATCAGTCGGTGCCTGGCCGCCGTACATGCGTTTTTGTCGGCCGCGGGTGGGGGGGTGACGGAGGGTTGCGTGGCCTCAACTGACGCAGGGGGGGAAGGCCTGTGCTGCCCCGCTGGTTTTGTGCGTCTGCTTTCTTGACACCCCTGGTGCTTTTTCTTTTGC
Seq_6_LinJ.02_plus,LinJ.02,,1001,436,356299,,,,,90419,89419,,,minus,TGTATGACCTCCGTGTAGAAAAGGACGATAGACAAGAACACCCGAAGCCATCACTTCCCACCCCCTCCACACCCCCATCGCTGCGGCGAACAGCAGACGAGCGCGACGACGAGCGGAGCGCGATATCCTGCCTCCGTTATTGTCCCGCCGTGCCCGCATGCCCGCACCGATGCTGGCGCGTGCCCCTTCCTCTGCTGCGCACATTGCGGCTGTGGCACCCCCTCTCCCCCTCACACACGCACATATAACACAGAAGGCGTTTCCGGGGGGGTGCGGAGGACACACATACGCCTCAGGGCGCGGTATCGCAGGGCCCGGTGCACTCCCCCACCCCCTCCTATCCCACGCCCATGCCGAACCGCCTCTCGTCATGACGGGGCCCGGTGCCTGCGACGTGGCGAGGATAACGCGATCCATCGCAGCAGATGCCGGCGGTGAGCACGCTTGCGCCATCCATATGATGGGCAACGCGCCAGCGCGGCCCACACCCGCGGCCCTCGCACGGCCCACTCGTGCGGGGTGCCTGAGCCCCCGCGATGGGGCGGGGCGGGATGCACCAGGGGTGGTGACCGGCATGGTTGGGGAGCGGGTGCGAGGCCGCCCAGCGGAGCGGCTAGGTGGATGTGTGTGGGCAGCGTTTTGGGGGCGGAGGCGGTGCTCCGCCGACGGCGTCGGGTGCGGGGAGTGGGGAGGGGGGTGAGTCGAGCGGCGTGTGGACCTCGTGTTGTGTGGCGGAGCAACGCCCGCTAACGAGCGAAGGATGCTGCTGCGTGATGTGGTGCATGTGTCTGCGTGTAGGACTTCTCTCGCACATCGCGCCCACCCAAGCAAGGAAAGCAGAACGAAACGCACTGACAGGCAGAGGCGGCCAGACACACGCCTCCGCTCGCATCGATGCATCTGTGTGTGTGTGTCTCGGGGTGCAGCAGGTCCACCACCCGCGACGTGCACGTGGACGAGAGCTGCTGTTATGCTGCTATGTTTCGGCCTCTGCTGGGTAT
Seq_6_LinJ.02_plus,LinJ.02,,1001,436,356299,,,,,103854,102854,,,minus,TGTATGACCTCCGTGTAGAAAAGGACGATAGACAAGAACACCCGAAGCCATCACTTCCCACCCCCTCCACACCCCCATCGCTGCGGCGAACAGCAGACGAGCGCGACGACGAGCGGAGCGCGATATCCTGCCTCCGTTATTGTCCCGCCGTGCCCGCATGCCCGCACCGATGCTGGCGCGTGCCCCTTCCTCTGCTGCGCACATTGCGGCTGTGGCACCCCCTCTCCCCCTCACACACGCACATATAACACAGAAGGCGTTTCCGGGGGGGTGCGGAGGACACACATACGCCTCAGGGCGCGGTATCGCAGGGCCCGGTGCACTCCCCCACCCCCTCCTATCCCACGCCCATGCCGAACCGCCTCTCGTCATGACGGGGCCCGGTGCCTGCGACGTGGCGAGGATAACGCGATCCATCGCAGCAGATGCCGGCGGTGAGCACGCTTGCGCCATCCATATGATGGGCAACGCGCCAGCGCGGCCCACACCCGCGGCCCTCGCACGGCCCACTCGTGCGGGGTGCCTGAGCCCCCGCGATGGGGCGGGGCGGGATGCACCAGGGGTGGTGACCGGCATGGTTGGGGAGCGGGTGCGAGGCCGCCCAGCGGAGCGGCTAGGTGGATGTGTGTGGGCAGCGTTTTGGGGGCGGAGGCGGTGCTCCGCCGACGGCGTCGGGTGCGGGGAGTGGGGAGGGGGGTGAGTCGAGCGGCGTGTGGACCTCGTGTTGTGTGGCGGAGCAACGCCCGCTAACGAGCGAAGGATGCTGCTGCGTGATGTGGTGCATGTGTCTGCGTGTAGGACTTCTCTCGCACATCGCGCCCACCCAAGCAAGGAAAGCAGAACGAAACGCACTGACAGGCAGAGGCGGCCAGACACACGCCTCCGCTCGCATCGATGCCTCTGTGTGTGTGTGTCTCGGGGTGCAGCAGGTCCACCACCCGCGACGTGCACGTGGACGAGAGCTGCTGTTATGCTGCTATGTTTCGGCCTCTGCTGGGTAT
Seq_8_LinJ.19_plus,LinJ.02,,1000,921,356299,,,,,94914,93915,,,minus,CAGGCTGTGGGCTCTTTGTGCGCTGGCACCTGCCGATGCACGGGCCCCCTCTGCTGGGCACACCCGCCCCGGTGAGAGGCGTACGGGCTGAGGTGATGGTAGCGGTGTGCCCCCCCTCCCCCCTATTGCCACAGACTCGCAGCAACGCCCCACCTGTCGCGGCACATGCGGGCAGTCCATCCAGGCATGCCCTCCCCCCTCTGGCGGCACGGACGGAAGTGGAGGATGCAGACAGCGGGTCCCCCGACAACAACGTCGTGGAACAGGCCCCAGGATGCAAAACGCAAGCACTGTGCGCACGCGCTGCCATGCACAGCTGGCATGGTGTATCACATTCAAGCAAGGCATCCAGAGATGAGCAGGGCAAGAGAGTGATGGGCGGAGAGAGGCGGGGGAGATGCGTACGGATCAATCCCACACTGCACGCGTGCAAAACATGCGGCATCTGCTACATCCGACCGGGTGGGCGGGTGCGACGCAGGTGCCGGAAGCATGAGGGCAACACCCCCAAATTATACCATCGAGTCTTCCAGACTCCGCTGTGGAGAGCCTCCACATCATATTATGGAATCCGACGGTTTGAAGCTGCTCGGAGAGAAGCGTGACACACAGACAGGATGTGCAGGGTCTCAGCGGGCCCTGGCCTGAGGCTCATCCGGCATGCACCTAGTCTGCCCTCCTCTAATAGCTGCACGACGGACACCATCGCTTCCTCCCTCGGGCAGCACCTTGAACGGGTCCCGCGTTGGATCAAGACATGGAGTCCATCCAAGTGCGTGTGGCGCCGCAGGTGCCCGAAGGAATGGACGCGGAAGAACGAGTCTATGCGACATATCGACCCGGCTCGACGGCTGGACGGCATGTCCTGGTCGGCCAGGATGTCGCTGCACCTCAACGGCCGTCAGCTGAGCTGAGGTGGTGTGCGCATACTTATTTTTGACCTGTTTCGCTTCAGAAGAATATGTGAAAGTCAAGACCACGCAAAGGAAACTCGCTGAAC
Seq_8_LinJ.19_plus,LinJ.02,,1000,921,356299,,,,,138381,137382,,,minus,AGGCTGTGGGCTCTTTGTGCGCTGGCACCTGCCGATGCACGGGCCCCCTCTGCTGGGCACACCCGCCCCGGTGAGAGGCGTACGGGCTGAGGTGATGGTAGCGGTGTGCCCCCCCCTCCCCCCTATTGCCACAGACTCGCAGCAACGCCCCACCTGTCGCGGCACATGCGGGCAGTCCATCCAGGCATGCCCTCCCCCCTCTGGCGGCACGGACGGAAGTGGAGGATGCAGACAGCGGGTCCCCCGACAACAACGTCGTGGAACAGGCCCCAGGATGCAAAACGCAAGCACTGTGCGCACGCGCTGCCATGCACAGCTGGCATGGTGTATCACATTCAAGCAAGGCATCCAGAGATGAGCAGGGCAAGAGAGTGATGGGCGGAGAGAGGCGGGGGAGATGCGTACGGATCAATCCCACACTGCACGCGTGCAAAACATGCGGCATCTGCTACATCCGACCGGGTGGGCGGGTGCGACGCAGGTGCCGGAAGCATGAGGGCAACACCCCCAAATTATACCATCGAGTCTTCCAGACTCCGCTGTGGAGAGCCTCCACATCATATTATGGAATCCGACGGTTTGAAGCTGCTCGGAGAGAAGCGTGACACACAGACAGGATGTGCAGGGTCTCAGCGGGCCCTGGCCTGAGGCTCATCCGGCATGCACCTAGTCTGCCCTCCTCTAATAGCTGCACGACAGACACCATCGCTTCCTCCCTCGGGCAGCACCTTGAACGGGTCCCGCGTTGGATCAAGACATGGAGTCCATCCAAGTGCGTGTGGCGCCGCAGGTGCCCGAAGGAATGGACGCGGAAGAACGAGTCTATGCGACATATCGACCCGGCTCGACGGCTGGACGGCATGTCCTGGTCGGCCAGGATGTCGCTGCACCTCAACGGCCGTCAGCTGAGGTGAGGTGGTGTGCACGCGCGTGTATGTGCTGCTGGCTTATTCTGTGAGTGGCAGGACCGTGGACATGGCGGACGCATGGCACCATAAAA
Seq_1_LinJ.13_plus,LinJ.02,,1001,902,356299,,,,,204671,203671,,,minus,CGTGGCAGCGCGGATTCATCTCTCTGTATTTCGCTTCTCGCACCCCCCTCCCGCTGTTTTGCGTGCGGGCGCGCCTCTCTGAGGCTCAACGCGCACTGCTCTCGATCAGCACATGCTCCAAGGTAGGGCAACGGGGAGCGCATGCTGTTCAGAGGTGTTTGCGTGTGCGAACGCGTGCTCGCGTTTTTTTACCTACATCCACCATTACAAGAGCTGATCCTCCACTCCTTCACTCCCCCCTCCCCCATTCACTGCCAAAATACTTAGCCACTGCTGGTGCGTGGTATCAACAGGGCCCAGTACTGACGATGCGGGGAGGTCAGAGCGATGTATCGCTGCTGATGTCGGCGTTGCGGTCCTGGATGGCGTTTCATCGAAGCGACCGGCGACAGTGCACAGGCTTGCGCTAATCCATATGATGGGTGCAGTCTCGGCGTGACTCGAGCGTATCCCACCGCCGGCTCTCATACTGCCTGCTGACGCGGGGAGCCTGCCTGTAACCCCGAGAGAGGGAGAGGAGATGCACCACGTGGCGACCGGCATGGTGGGGGAAAGGCTGTGAGCCGACCTGCGGCGCGTGTGGATCGGTCGGGCTCGATGCAGAGACTGTGCTTTCAGACAACTGGGTCGGCGCATGGGCTGTAACGCGTGTGTGCCTACGGCATGCTTCGCACCACGCAAGTGGGGGCCCCATGGCAGGTCCGATGTGCGTGTGTGTGTGGGGGGGGTGGAGAGTACTCGAGTGGAGGTGAAGCTCCATGTTCCGTGGCAGAGAAACAGACACGTTGAAAACACACACAAAAAAAGAGAGAATGCCCCGCGACTTACTGTGCACCTCACCTCTGATTCCTGAATCTCTCTCTGACTCTGCGCACAACACCCGCATCCCGCTCCAACACACCCACCCACACAAATGTCGGCTCGAACAAACTCTCCAACCTTTGCTGTATACGCGATGGGGCAACAACGTATATCAAGGAGCGCACGAACGACCACCATCG
Seq_13_LinJ.02_plus,LinJ.02,,1001,909,356299,,,,,313905,314905,,,plus,TTTCGTTGCTGTAGGTTCCCTTGAGCACGTGGTCTCCGGCTGCCGCCAGGCGGTGGATGCGCCACCACGACGTGTTGACTCTGTTGAATGGAACCGAAGCACCGGGCCGAAGCAGTGTGTTCGCACGTCGCTTCGCTCGGTGGATGTGCGTGTTTCTGGGGGGTGTATGCTCTCACTCACGCACACGTGCCGCCTGCGCCGAGGTGTCCTCGATCCGGGCAAAATTGTCTTTCAGAGCAGGCGGGTGGGCTCATGGCCCTTCGGTGGTGCGGTGATGCACGACACGCGCACCATGCACATTTCCGTTGCTCTTCTTTTTCCTCTACGCTCTGTGCCCCGGATGACGAGTGGGGGGGGCACACATCTCCGTGCGCGGCATCACGCGATCCAGCGGCCCTCCCTCTCTCCCTGCCAATGCCGAACCACCTCTGGCAGTGACAGGGTGAGGCGCCGACGACGTGGGGAGGTCCGAGCGACGTATCGCTACGGGTGTCGGCGGCCAGGCCCTGGATAGCATTGCGCCGAAGCCACCTGAGTCGGCGCACACGTTTGTGCCATCCACGCTGTAGGCAGGGCGGCGGCGTGGCTCGAGCGTATCCCACCCCCGCCCCTCGCAGTGCCCACTGGTGGTGCGGGGAGCCTGCGTGCTGCCGCGCGGGGGATGCACCAGGCGGCGACCTGCGGAGCGGGTGTGTGGGTAGAGCTTGAGGCAGGGGCCGTGCTCTCGGATAAATGAGTGGGCTCATTGTGCTGTAGCGCGTGTGTCTAGGGCTGCTTCGCACCTCGCGATGGGTGCCCATGGCAGGGCTGGAGGCTCGAGAGTGGTGGCTCCCTCGTGCTGTATGGCAGAGACAGGGGCACACGCTGAGGAAAACAAAGAGTGAAGGATATGTAGACGGCTGCTGCCGGTGATGTTGGACAGACCTCTCCATGACATCTAACTTCTGCATCGCAGCGCGGACAACGACCGTGCGCGCTGTGCTGGTCAGCACACACCGCTC
Seq_8_LinJ.15_plus,LinJ.02,,1001,668,356299,,,,,203780,204780,,,plus,AGCGGGATGCGGGTGTTGTGCGCAGAGTCAGAGAGAGATTCAGGAATCAGAGGTGAGGTGCACAGTAAGTCGCGGGGCATTCTCTCTTTTTTTGTGTGTGTTTTCAACGTGTCTGTTTCTCTGCCACGGAACATGGAGCTTCACCTCCACTCGAGTACTCTCCACCCCCCCCACACACACACGCACATCGGACCTGCCATGGGGCCCCCACTTGCGTGGTGCGAAGCATGCCGTAGGCACACACGCGTTACAGCCCATGCGCCGACCCAGTTGTCTGAAAGCACAGTCTCTGCATCGAGCCCGACCGATCCACACGCGCCGCAGGTCGGCTCACAGCCTTTCCCCCACCATGCCGGTCGCCACGTGGTGCATCTCCTCTCCCTCTCTCGGGGTTACAGGCAGGCTCCCCGCGTCAGCAGGCAGTATGAGAGCCGGCGGTGGGATACGCTCGAGTCACGCCGAGACTGCACCCATCATATGGATTAGCGCAAGCCTGTGCACTGTCGCCGGTCGCTTCGATGAAACGCCATCCAGGACCGCAACGCCGACATCAGCAGCGATACATCGCTCTGACCTCCCCGCATCGTCAGTACTGGGCCCTGTTGATACCACGCACCAGCAGTGGCTAAGTATTTTGGCAGTGAATGGGGGAGGGGGGAGTGAAGGAGTGGAGGATCAGCTCTTGTAATGGTGGATGTAGGTAAAAAAACGCGAGCACGCGTTCGCACACGCAAACACCTCTGAACAGCATGCGCTCCCCGTTGCCCTACCTTGGAGCATGTGCTGATCGAGAGCAGTGCGCGTTGAGCCTCAGAGAGGCGCGCCCGCACGCAAAACAGCGGGAGGGGGGTGCGAGAAGCGAAATACAGAGAGATGAATCCGCGCTGCCACGTCAGCGGCGTGCTCGGGGCCAACCACCGCCGCTGCAAGCGCAGTAGTCCGTCCTACGTTGCTTCACCCTTTATTTTTTTCATATACTTTTTTCTTTCGTCCTTCTTCGA
Seq_8_LinJ.15_plus,LinJ.02,,1001,668,356299,,,,,315024,314024,,,minus,TGTGGGTAAGAGAGAGAGAGCGCTGGCGTGTGAAGCACGAGAGCCAACGCCGTGAAGATCGAATCAAAACACAGGCAGAGAGAGGAAAGGAGGGAGGGAGGGAGATGACGGCGTAGCATGAGCGGTGTGTGCTGACCAGCACAGCGCGCACGGTCGTTGTCCGCGCTGCGATGCAGAAGTTAGATGTCATGGAGAGGTCTGTCCAACATCACCGGCAGCAGCCGTCTACATATCCTTCACTCTTTGTTTTCCTCAGCGTGTGCCCCTGTCTCTGCCATACAGCACGAGGGAGCCACCACTCTCGAGCCTCCAGCCCTGCCATGGGCACCCATCGCGAGGTGCGAAGCAGCCCTAGACACACGCGCTACAGCACAATGAGCCCACTCATTTATCCGAGAGCACGGCCCCTGCCTCAAGCTCTACCCACACACCCGCTCCGCAGGTCGCCGCCTGGTGCATCCCCCGCGCGGCAGCACGCAGGCTCCCCGCACCACCAGTGGGCACTGCGAGGGGCGGGGGTGGGATACGCTCGAGCCACGCCGCCGCCCTGCCTACAGCGTGGATGGCACAAACGTGTGCGCCGACTCAGGTGGCTTCGGCGCAATGCTATCCAGGGCCTGGCCGCCGACACCCGTAGCGATACGTCGCTCGGACCTCCCCACGTCGTCGGCGCCTCACCCTGTCACTGCCAGAGGTGGTTCGGCATTGGCAGGGAGAGAGGGAGGGCCGCTGGATCGCGTGATGCCGCGCACGGAGATGTGTGCCCCCCCCACTCGTCATCCGGGGCACAGAGCGTAGAGGAAAAAGAAGAGCAACGGAAATGTGCATGGTGCGCGTGTCGTGCATCACCGCACCACCGAAGGGCCATGAGCCCACCCGCCTGCTCTGAAAGACAATTTTGCCCGGATCGAGGACACCTCGGCGCAGGCGGCACGTGTGCGTGAGTGAGAGCATACACCCCCCAGAAACACGCACATCCACCGAGCGAAGCGACGTGCGAA
Seq_8_LinJ.15_plus,LinJ.02,,1001,668,356299,,,,,344465,343465,,,minus,GTGTGTGTGTGTGTGTGTGTGTGTGTGTGTGTTTGGGGGGGGGGGCTATGGTGGGTCACAGATGAGGAATCCGTGCGCGTGCGTCCATGAGCGCCATGCCGTCCCCCTCGCCCTCGTAAGAGTCGCGCCGCACAACGCTATGCCGTGCTTTCTCCTCCAGAAGGAGGGCAACGCTGTCGTGCCGCGCAAGAGAGACCCCGAGACAACGACAGGCGCAGCACGTCGAGTCCTTCGCAGAGAAGCTTGTTTTCCTCAGCGTGTGCCCCTGTCTCTGCCATACAGCACGAGGGAGCCACCACTCTCGAGCCTCCAGCCCTGCCATGGGCACCCATCGCGAGGTGCGAAGCAGCCCTAGACACACGCGCTACAGCACAATGAGCCCACTCATTTATCCGAGAGCACGGCCCCTGCCTCAAGCTCTACCCACACACCCGCTCCGCAGGTCGCCGCCTGGTGCATCCCCCGCGCGGCAGCACGCAGGCTCCCCGCACCACCAGTGGGCACTGCGAGGGGCGGGGGTGGGATACGCTCGAGCCACGCCGCCGCCCTGCCTACAGCGTGGATGGCACAAACGTGTGCGCCGACTCAGGTGGCTTCGGCGCAATGCTATCCAGGGCCTGGCCGCCGACACCCGTAGCGATACGTCGCTCGGACCTCCCCACGTCGTCGGCGCCTCACCCTGTCACTGCCAGAGGTGGTTCGGCATTGGCAGGGAGAGAGGGAGGGCCGCTGGATCGCGTGATGCCGCGCACGGAGATGTGTGCCCCCCCCACTCGTCATCCGGGGCACAGAGCGTAGAGGAAAAAGAAGAGCAACGGAAATGTGCATGGTGCGCGTGCCGTGCACCACCGCACCACCTCTCTCCTTCCGCCTTGGAGAAGCCGTGTGCAGCGACACCACGCATGAGGAGTACAACGAGCCGGAGCATCGCGGCTCGCCGCCATTTCTCACTCACGCCTGTGGTGCAACTGGCGATGATGGCGATGATGGGCGGAGGGGCA
