Seq_1_LinJ.07_plus,Seq_1_LinJ.07_plus,100.000,1000,1000,1000,0,0,1,1000,1,1000,0.0,1847,plus,GGCATCGCATATCTATATACACATATATATAGAGAGAGAGACAGACAATATACATGTGTGTGTGCGTGAACATATAAATGACGTTATGTTTGTTTATCTTTTTATTTTTATTTCGCATGTGGCTGCGTGGCTGTGCGGTGAAGTGTCTCCTCGCTTTTCTGCCACGGTGGCCCCCTCTCTCTCCCCGGATGATGGAGGGGCACCTCAGTGCGTGGTATCTAAGGCTCCAGTGCCCACTCTGTGTCGGGGAGGCCAGAGCGAGTCATCGCTGCGGATGTTCGCGGCCACACCCTGGATGGCGTTTCATCGGAGAGACCTGCGAGAGCGAGCCCGCTTGCACCATCCACATGATAGGCAAAAAGTGCCCGCGCGACTCGAGCGTATGCCACACCCGACCCTCGCACCGCCTGCTGGGTGTGGGGCGCCTGAGAGCCACCCTACGATGCGCGGGGTGGGTGGGTGGCGCTTGAGGGCACGGGCCCTCCTCGGGCGACCGGGCCGGCGCACTGCTGCAACGCGTGTCTACCGGTGCTTCGCACCACGCGGATGCGGTGCCTGTGAAAGGCCGGGGCTCGAGAGAGAAGTGGAGCTCCTGTTCTACGGCAAGCATCGGGCGTAGGGGCACAGCTACGCTACACGGTTATACCTCTTGCTGTTTTTCTTTTCCTCTTGTTGATAAACGGAGTTTCGTGTGTCTGTCTCTGTTTCGTTCTGGGAGTCTCTGCGTCTTGTCTCTACTACGGGTCCGTCCCTCTCCGTGATTCTCCATGCTCCCTCTTGTGTCCTCGCACTCGCGCGGACTCCGACTTTCGATAGAGTATCTCGTGCATCTGTGCAAAGGTCTGCCTGTGTGTGTGAAGCGCGTGCGCTTGAGAGATAAGTTTTCTTGTCTCGCCGTTGCTCGCGCGGGAGTTGGTAGACACACCGGCCAGCACGCATGTTGTGAGCGAATCAGCGCAGGTGAGGGCGGAGTGGGGGTGCTGGAGAGCTTTTGCGGTCG
Seq_1_LinJ.07_plus,Seq_14_LinJ.07_plus,98.030,203,1000,1001,4,0,412,614,1001,799,7.41e-100,353,minus,TGGGTGTGGGGCGCCTGAGAGCCACCCTACGGTGCGCGGGGTGGGTGGGCGGCGCTTGAGGGCACGGGCCCTCCTCGGGCGACCGGGCCGGCGCACTGCTGCAACGCGCGTCTACCGGTGCTTCGCACCACGCGGATGCGGTGCTTGTGAAAGGCCGGGGCTCGAGAGAGAAGTGGAGCTCCTGTTCTACGGCAAGCATCGGG
Seq_1_LinJ.07_plus,Seq_17_LinJ.07_minus,94.619,223,1000,1000,8,3,350,571,331,550,1.60e-96,342,plus,GATAGGCAAAAAGTGTCCGCGCGACTCGAGCGTATGCCACACCCGGCCCTCGCACCGCCTGCT-GGTGTGGGGCGCCTGAGAGCCACCCTACGGTGCGCGGGGTGGGTGGGCGGCGCTTGAGGGCACGGGCCCTCCTCGGGCGACCGGGTCGGCGCACTGCTGCAACGCGTGTCTACCGGTGCTTCGCACCACGCGGATGCG--GCCTGCGACAGGGTCGGGG
Seq_1_LinJ.07_plus,Seq_4_LinJ.07_plus,94.619,223,1000,1000,8,3,350,571,331,550,1.60e-96,342,plus,GATAGGCAAAAAGTGTCCGCGCGACTCGAGCGTATGCCACACCCGGCCCTCGCACCGCCTGCT-GGTGTGGGGCGCCTGAGAGCCACCCTACGGTGCGCGGGGTGGGTGGGCGGCGCTTGAGGGCACGGGCCCTCCTCGGGCGACCGGGTCGGCGCACTGCTGCAACGCGTGTCTACCGGTGCTTCGCACCACGCGGATGCG--GCCTGCGACAGGGTCGGGG
Seq_1_LinJ.07_plus,Seq_3_LinJ.07_plus,94.619,223,1000,1000,8,3,350,571,331,550,1.60e-96,342,plus,GATAGGCAAAAAGTGTCCGCGCGACTCGAGCGTATGCCACACCCGGCCCTCGCACCGCCTGCT-GGTGTGGGGCGCCTGAGAGCCACCCTACGGTGCGCGGGGTGGGTGGGCGGCGCTTGAGGGCACGGGCCCTCCTCGGGCGACCGGGTCGGCGCACTGCTGCAACGCGTGTCTACCGGTGCTTCGCACCACGCGGATGCG--GCCTGCGACAGGGTCGGGG
Seq_1_LinJ.07_plus,Seq_5_LinJ.07_plus,94.170,223,1000,1000,9,3,350,571,335,554,7.46e-95,337,plus,GATAGGCAAAAAGTGTCCGCGCGACTCGAGCGTATGCCACACCCGGCCCTCGCACCGCCTGCT-GGTGTGGGGCGCCTGAGAGCCACCCTACGGTGCGCGGGGTGGGTGGGCGGCGCTTGAGGGCACGGGCCCTCCTCGGGCGACCGGGTCGGCGCACTGCTGCAACGCGTGTCTACCGGTGCTTCGCACCACACGGATGCG--GCCTGCGACAGGGTCGGGG
Seq_1_LinJ.07_plus,Seq_2_LinJ.07_plus,93.722,223,1000,1000,10,3,350,571,335,554,3.47e-93,331,plus,GATAGGCAAAAAGTGTCCGGGCGACTCGAGCGTATGCCACACCCGGCCCTCGCACCGCCTGCT-GGTGTGGGGCGCCTGAGAGCCACCCTACGGTGCGCGGGGTGGGTGGGCGGCGCTTGAGGGCACGGGCCCTCCTCGGGCGACCGGGTCGGCGCACTGCTGCAACGCGTGTCTACCGGTGCTTCGCACCACACGGATGCG--GCCTGCGACAGGGTCGGGG
Seq_1_LinJ.07_plus,Seq_20_LinJ.07_minus,95.000,120,1000,1001,4,2,350,469,466,583,7.95e-50,187,plus,GATAGGCAAAAAGTGTCCGCGCGACTCGAGCGTATGCCACACCCGGCCCTCGCACCGCCTGCT-GGTGTGGGGCGCCTGAGAGCCACCCTACGGTGCGCGGGGTGGGTGGGCGGCG-TTG
Seq_2_LinJ.07_plus,Seq_2_LinJ.07_plus,100.000,1000,1000,1000,0,0,1,1000,1,1000,0.0,1847,plus,TCGTGTAGGGCCCTTTAAATAGCTGGGTCAAGACCTCACGACATTCTTCTTGATCTCTCTCGAATCGTTACTGGCCTCTTTCGAGCACAAAGTTTTCGTTCGAAAAAGAATCATATCAGAGCCCGTTAAGAGACAAAAGCCATCTTGCTCTGTTGTGCCTTTCCCCCGCCCCCATCCCGGCCGAATGCCGAGCCACTTCTGGCGGTGCGCGTGCCAAGCGCCTACGACGTGGGCGAGTGAGAGCGAGTCGTCGCTGCGGATGTCGGCGGGCGGGTCCTGGACGGCGTGGCGCCGGGGCGAGCGGCGGCAGTGAACGCGTTTGTGGTTCTCATCGGATAGGCAAAAAGTGTCCGGGCGACTCGAGCGTATGCCACACCCGGCCCTCGCACCGCCTGCTGGTGTGGGGCGCCTGAGAGCCACCCTACGGTGCGCGGGGTGGGTGGGCGGCGCTTGAGGGCACGGGCCCTCCTCGGGCGACCGGGTCGGCGCACTGCTGCAACGCGTGTCTACCGGTGCTTCGCACCACACGGATGCGGCCTGCGACAGGGTCGGGGGTGGAGCGGCGCTGGACCTCACGTTGTGCGGCAGAGAAATAGGCATGTCGAAAAGAGGAAAAAAAACTTCTACTTCTGTTGGGGTTAGAGAAGCTGATTTCGGGTAACTTTACGTGGCGCAACTCGAAGGTCTTTGGCGTGAGTTACATCAGAGATTGCTTGGAGAGTGTCGGCGTCCAGTCCAGCGGGTCCATCGATGAGATGAAGCCCGAGACGAGTGTATTCGCGACGATTCCGTCACAGAAGGGCATGACGAAGTGCGGCATTGTGCTGAGCGGTTACTTAAACACAGTCCCAGCTGACAGGCAAAGGTAACACTCTGATTCGTTCAAGGTTGTAGCGGAGAAACGGTAGCTGCTATGGCAGCGGTACGCTTGATATGAAGGGCTTTAGTGTCGTTTAGATGGCACTCGTTCCCCAGGTCAAGGCCCAGCTCGATCGGCCAG
Seq_2_LinJ.07_plus,Seq_5_LinJ.07_plus,98.675,453,1000,1000,6,0,164,616,164,616,0.0,804,plus,CCCCGCCCCCATCCCGGCCGAATGCCGAGCCACTTCTGGCGGTGCGCGTGCCAAGCGCCTACGACGTGGGCGAGTGAGAGCGAGTCGTCGCTGCGGATGTCGGCGGGCGGGTCCCGGACGGCGTGGCGCCGGGGCGAGCGGCGGCAGTGAACGCGTTTGTGGTTCTCATCGGATAGGCAAAAAGTGTCCGCGCGACTCGAGCGTATGCCACACCCGGCCCTCGCACCGCCTGCTGGTGTGGGGCGCCTGAGAGCCACCCTACGGTGCGCGGGGTGGGTGGGCGGCGCTTGAGGGCACGGGCCCTCCTCGGGCGACCGGGTCGGCGCACTGCTGCAACGCGTGTCTACCGGTGCTTCGCACCACACGGATGCGGCCTGCGACAGGGTCGGGGGTGGAGCGGCGTTGGACCTCACGTTGTGCGGCAGAGAAATAGGCGTGTCGCAAAGAAGAAAA
Seq_2_LinJ.07_plus,Seq_17_LinJ.07_minus,98.856,437,1000,1000,4,1,164,599,160,596,0.0,778,plus,CCCCGCCCCCATCCCGGCCGAATGCCGAGCCACTTCTGGCGGTGCGCGTGCCAAGCGCCTACGACGTGGGCGAGTGAGAGCGAGTCGTCGCTGCGGATGTCGGCGGGCGGGTCCTGGACGGCGTGGCGCCGGGGCGAGCGGCGGCAGTGAACGCGTTTGTGGTTCTCATCGGATAGGCAAAAAGTGTCCGCGCGACTCGAGCGTATGCCACACCCGGCCCTCGCACCGCCTGCTGGTGTGGGGCGCCTGAGAGCCACCCTACGGTGCGCGGGGTGGGTGGGCGGCGCTTGAGGGCACGGGCCCTCCTCGGGCGACCGGGTCGGCGCACTGCTGCAACGCGTGTCTACCGGTGCTTCGCACCACGCGGATGCGGCCTGCGACAGGGTCGGGGGTGGAGCGGCGTTGGATCTCACGTTGTGCGGCAGAGAAATGAGGCA
Seq_2_LinJ.07_plus,Seq_4_LinJ.07_plus,98.624,436,1000,1000,5,1,164,598,160,595,0.0,771,plus,CCCCGCCCCCATCCCGGCCGAATGCCGAGCCACTTCTGGCGGTGCGCGTGCCAAGCGCCTACGACGTGGGCGAGTGAGAGCGAGTCGTCGCTGCGGATGTCGGCGGGCGGGTCCTGGACGGCGTGGCGCCGGGGCGAGCGGCGGCAGTGAACGCGTTTGTGGTTCTCATTGGATAGGCAAAAAGTGTCCGCGCGACTCGAGCGTATGCCACACCCGGCCCTCGCACCGCCTGCTGGTGTGGGGCGCCTGAGAGCCACCCTACGGTGCGCGGGGTGGGTGGGCGGCGCTTGAGGGCACGGGCCCTCCTCGGGCGACCGGGTCGGCGCACTGCTGCAACGCGTGTCTACCGGTGCTTCGCACCACGCGGATGCGGCCTGCGACAGGGTCGGGGGTGGAGCGGCGTTGGATCTCACGTTGTGCGGCAGAGAAATGAGGC
Seq_2_LinJ.07_plus,Seq_3_LinJ.07_plus,99.068,429,1000,1000,4,0,164,592,160,588,0.0,771,plus,CCCCGCCCCCATCCCGGCCGAATGCCGAGCCACTTCTGGCGGTGCGCGTGCCAAGCGCCTACGACGTGGGCGAGTGAGAGCGAGTCGTCGCTGCGGATGTCGGCGGGCGGGTCCTGGACGGCGTGGCGCCGGGGCGAGCGGCGGCAGTGAACGCGTTTGTGGTTCTCATTGGATAGGCAAAAAGTGTCCGCGCGACTCGAGCGTATGCCACACCCGGCCCTCGCACCGCCTGCTGGTGTGGGGCGCCTGAGAGCCACCCTACGGTGCGCGGGGTGGGTGGGCGGCGCTTGAGGGCACGGGCCCTCCTCGGGCGACCGGGTCGGCGCACTGCTGCAACGCGTGTCTACCGGTGCTTCGCACCACGCGGATGCGGCCTGCGACAGGGTCGGGGGTGGAGCGGCGTTGGACCTCACGTTGTGCGGCAGAGAA
Seq_2_LinJ.07_plus,Seq_24_LinJ.07_minus,98.456,259,1000,1000,4,0,164,422,361,619,5.49e-131,457,plus,CCCCGCCCCCATCCCGGCCGAATGCCGAGCCACTTCTGGCGGTGCGCGTGCCAAGCGCCTACGACGTGGGCGAGTGAGAGCGAGTCGTCGCTGCGGATGTCGGCGGGCGGGTCCCGGACGGCGTGGCGCCGGGGCGAGCGGCGGCAGTGAACGCGTTTGTGGTTCTCATCGGATAGGCAAAAAGTGTCCGCGCGACTCGAGCGTATGCCACACCCGACCCTCGCACCGCCTGCTGGTGTCGGGCGCCTGAGAGCCACCC
Seq_2_LinJ.07_plus,Seq_23_LinJ.07_minus,98.456,259,1000,1000,4,0,164,422,361,619,5.49e-131,457,plus,CCCCGCCCCCATCCCGGCCGAATGCCGAGCCACTTCTGGCGGTGCGCGTGCCAAGCGCCTACGACGTGGGCGAGTGAGAGCGAGTCGTCGCTGCGGATGTCGGCGGGCGGGTCCCGGACGGCGTGGCGCCGGGGCGAGCGGCGGCAGTGAACGCGTTTGTGGTTCTCATCGGATAGGCAAAAAGTGTCCGCGCGACTCGAGCGTATGCCACACCCGACCCTCGCACCGCCTGCTGGTGTCGGGCGCCTGAGAGCCACCC
Seq_2_LinJ.07_plus,Seq_1_LinJ.07_plus,93.722,223,1000,1000,10,3,335,554,350,571,3.47e-93,331,plus,GATAGGCAAAAAGTGCCCGCGCGACTCGAGCGTATGCCACACCCGACCCTCGCACCGCCTGCTGGGTGTGGGGCGCCTGAGAGCCACCCTACGATGCGCGGGGTGGGTGGGTGGCGCTTGAGGGCACGGGCCCTCCTCGGGCGACCGGGCCGGCGCACTGCTGCAACGCGTGTCTACCGGTGCTTCGCACCACGCGGATGCGGTGCCTGTGAAAGGC-CGGGG
Seq_2_LinJ.07_plus,Seq_20_LinJ.07_minus,97.605,167,1000,1001,3,1,287,453,418,583,2.74e-79,285,plus,TGACGTCGGGGCGAGCGGCGGCAGTGAACGCGTTTGTGGTTCTCATCGGATAGGCAAAAAGTGTCCGCGCGACTCGAGCGTATGCCACACCCGGCCCTCGCACCGCCTGCTGGTGTGGGGCGCCTGAGAGCCACCCTACGGTGCGCGGGGTGGGTGGGCGGCG-TTG
Seq_2_LinJ.07_plus,Seq_14_LinJ.07_plus,97.842,139,1000,1001,3,0,398,536,999,861,6.02e-66,241,minus,GGTGTGGGGCGCCTGAGAGCCACCCTACGGTGCGCGGGGTGGGTGGGCGGCGCTTGAGGGCACGGGCCCTCCTCGGGCGACCGGGCCGGCGCACTGCTGCAACGCGCGTCTACCGGTGCTTCGCACCACGCGGATGCGG
Seq_3_LinJ.07_plus,Seq_3_LinJ.07_plus,100.000,1000,1000,1000,0,0,1,1000,1,1000,0.0,1847,plus,CACTGTTGCTGTCGCTCCCTTGCCCATCTTCCGTATTTTTCTTGCTGCTGTCTCTAGTTCACGCCGCCCTCATGACGTGGGCACAAACACCTCCGCGCGTGGCATCTCCGGGTCCGGTGTGTCCAGCTCGGTCTGGGTGGACGCCGAGCAGCCCCCTCTCCCCGCCCCCATCCCGGCCGAATGCCGAGCCACTTCTGGCGGTGCGCGTGCCAAGCGCCTACGACGTGGGCGAGTGAGAGCGAGTCGTCGCTGCGGATGTCGGCGGGCGGGTCCTGGACGGCGTGGCGCCGGGGCGAGCGGCGGCAGTGAACGCGTTTGTGGTTCTCATTGGATAGGCAAAAAGTGTCCGCGCGACTCGAGCGTATGCCACACCCGGCCCTCGCACCGCCTGCTGGTGTGGGGCGCCTGAGAGCCACCCTACGGTGCGCGGGGTGGGTGGGCGGCGCTTGAGGGCACGGGCCCTCCTCGGGCGACCGGGTCGGCGCACTGCTGCAACGCGTGTCTACCGGTGCTTCGCACCACGCGGATGCGGCCTGCGACAGGGTCGGGGGTGGAGCGGCGTTGGACCTCACGTTGTGCGGCAGAGAAGTGGACGCGGTCATAACAACAACAAAACGAGGCTGCTCTCTCTCTTTCTCTGCGTATGTTCCTCTCCGTGCAGTGCACAAAGGTCAACAGAGCGCATGCGCACAGAAGAAGCGCAATCGTGCTACAGTCCTTCACACTGCACCGCGATTGTGTGCCAGTCCTCATGTGTCGCCTCCGGTGGCGTGCATGTAGAGGGGGACCGGGTTGACGCAACGAAGCATCTTTGAAGCTGAATGCACGTGCTCGTTCGTTGTTTGATGTGCTGCTATATTGGTCATCTTATTACCACTGATCTTCTTTCACGCACCCTCTCCCCGCGCAGCTGCACATGTCAGCCATGCATGGCGAACGAAGCCCCGTCTTCGAGGAACTGGAGGAGATCTTCCAGAAGCGCATCCTCGTGCTGGACGGT
Seq_3_LinJ.07_plus,Seq_5_LinJ.07_plus,99.269,547,1000,1000,4,0,42,588,46,592,0.0,989,plus,TTACTGCTGTCTCTAGTTCACGCCGCCCTCATGACGTGGGCACAAACACCTCCGCGCGTGGCATCTCCGGGTCCGGTGTGTCCAGCTCGGTCTGGGTGGACGCCGAGCAGCCCCCTCTCCCCGCCCCCATCCCGGCCGAATGCCGAGCCACTTCTGGCGGTGCGCGTGCCAAGCGCCTACGACGTGGGCGAGTGAGAGCGAGTCGTCGCTGCGGATGTCGGCGGGCGGGTCCCGGACGGCGTGGCGCCGGGGCGAGCGGCGGCAGTGAACGCGTTTGTGGTTCTCATCGGATAGGCAAAAAGTGTCCGCGCGACTCGAGCGTATGCCACACCCGGCCCTCGCACCGCCTGCTGGTGTGGGGCGCCTGAGAGCCACCCTACGGTGCGCGGGGTGGGTGGGCGGCGCTTGAGGGCACGGGCCCTCCTCGGGCGACCGGGTCGGCGCACTGCTGCAACGCGTGTCTACCGGTGCTTCGCACCACACGGATGCGGCCTGCGACAGGGTCGGGGGTGGAGCGGCGTTGGACCTCACGTTGTGCGGCAGAGAA
Seq_3_LinJ.07_plus,Seq_17_LinJ.07_minus,99.248,532,1000,1000,3,1,58,588,57,588,0.0,959,plus,TTCAGCGCCGCCCTCATGACGTGGGCACAAACACCTCCGCGCGTGGCATCCCCGGGTCCGGTGTGTCCAGCTCGGTCTGGGTGGACGCCGAGCAGCCCCCTCTCCCCGCCCCCATCCCGGCCGAATGCCGAGCCACTTCTGGCGGTGCGCGTGCCAAGCGCCTACGACGTGGGCGAGTGAGAGCGAGTCGTCGCTGCGGATGTCGGCGGGCGGGTCCTGGACGGCGTGGCGCCGGGGCGAGCGGCGGCAGTGAACGCGTTTGTGGTTCTCATCGGATAGGCAAAAAGTGTCCGCGCGACTCGAGCGTATGCCACACCCGGCCCTCGCACCGCCTGCTGGTGTGGGGCGCCTGAGAGCCACCCTACGGTGCGCGGGGTGGGTGGGCGGCGCTTGAGGGCACGGGCCCTCCTCGGGCGACCGGGTCGGCGCACTGCTGCAACGCGTGTCTACCGGTGCTTCGCACCACGCGGATGCGGCCTGCGACAGGGTCGGGGGTGGAGCGGCGTTGGATCTCACGTTGTGCGGCAGAGAA
Seq_3_LinJ.07_plus,Seq_4_LinJ.07_plus,99.606,508,1000,1000,2,0,81,588,81,588,0.0,928,plus,GCACACACACCTCCGCGCGTGGCATCTCCGGGTCCGGTGTGTCCAGCTCGGTCTGGGTGGACGCCGAGCAGCCCCCTCTCCCCGCCCCCATCCCGGCCGAATGCCGAGCCACTTCTGGCGGTGCGCGTGCCAAGCGCCTACGACGTGGGCGAGTGAGAGCGAGTCGTCGCTGCGGATGTCGGCGGGCGGGTCCTGGACGGCGTGGCGCCGGGGCGAGCGGCGGCAGTGAACGCGTTTGTGGTTCTCATTGGATAGGCAAAAAGTGTCCGCGCGACTCGAGCGTATGCCACACCCGGCCCTCGCACCGCCTGCTGGTGTGGGGCGCCTGAGAGCCACCCTACGGTGCGCGGGGTGGGTGGGCGGCGCTTGAGGGCACGGGCCCTCCTCGGGCGACCGGGTCGGCGCACTGCTGCAACGCGTGTCTACCGGTGCTTCGCACCACGCGGATGCGGCCTGCGACAGGGTCGGGGGTGGAGCGGCGTTGGATCTCACGTTGTGCGGCAGAGAA
Seq_3_LinJ.07_plus,Seq_2_LinJ.07_plus,99.068,429,1000,1000,4,0,160,588,164,592,0.0,771,plus,CCCCGCCCCCATCCCGGCCGAATGCCGAGCCACTTCTGGCGGTGCGCGTGCCAAGCGCCTACGACGTGGGCGAGTGAGAGCGAGTCGTCGCTGCGGATGTCGGCGGGCGGGTCCTGGACGGCGTGGCGCCGGGGCGAGCGGCGGCAGTGAACGCGTTTGTGGTTCTCATCGGATAGGCAAAAAGTGTCCGGGCGACTCGAGCGTATGCCACACCCGGCCCTCGCACCGCCTGCTGGTGTGGGGCGCCTGAGAGCCACCCTACGGTGCGCGGGGTGGGTGGGCGGCGCTTGAGGGCACGGGCCCTCCTCGGGCGACCGGGTCGGCGCACTGCTGCAACGCGTGTCTACCGGTGCTTCGCACCACACGGATGCGGCCTGCGACAGGGTCGGGGGTGGAGCGGCGCTGGACCTCACGTTGTGCGGCAGAGAA
Seq_3_LinJ.07_plus,Seq_24_LinJ.07_minus,98.494,332,1000,1000,5,0,87,418,288,619,6.71e-170,586,plus,ACCCCTCCGCGCGTGGCATCTCCGGGTCCGGTGTGTCCAGCTCGGTCTGGGTGGACGCCGAGCAGCCCCCTCTCCCCGCCCCCATCCCGGCCGAATGCCGAGCCACTTCTGGCGGTGCGCGTGCCAAGCGCCTACGACGTGGGCGAGTGAGAGCGAGTCGTCGCTGCGGATGTCGGCGGGCGGGTCCCGGACGGCGTGGCGCCGGGGCGAGCGGCGGCAGTGAACGCGTTTGTGGTTCTCATCGGATAGGCAAAAAGTGTCCGCGCGACTCGAGCGTATGCCACACCCGACCCTCGCACCGCCTGCTGGTGTCGGGCGCCTGAGAGCCACCC
Seq_3_LinJ.07_plus,Seq_23_LinJ.07_minus,98.494,332,1000,1000,5,0,87,418,288,619,6.71e-170,586,plus,ACCCCTCCGCGCGTGGCATCTCCGGGTCCGGTGTGTCCAGCTCGGTCTGGGTGGACGCCGAGCAGCCCCCTCTCCCCGCCCCCATCCCGGCCGAATGCCGAGCCACTTCTGGCGGTGCGCGTGCCAAGCGCCTACGACGTGGGCGAGTGAGAGCGAGTCGTCGCTGCGGATGTCGGCGGGCGGGTCCCGGACGGCGTGGCGCCGGGGCGAGCGGCGGCAGTGAACGCGTTTGTGGTTCTCATCGGATAGGCAAAAAGTGTCCGCGCGACTCGAGCGTATGCCACACCCGACCCTCGCACCGCCTGCTGGTGTCGGGCGCCTGAGAGCCACCC
Seq_3_LinJ.07_plus,Seq_1_LinJ.07_plus,94.619,223,1000,1000,8,3,331,550,350,571,1.60e-96,342,plus,GATAGGCAAAAAGTGCCCGCGCGACTCGAGCGTATGCCACACCCGACCCTCGCACCGCCTGCTGGGTGTGGGGCGCCTGAGAGCCACCCTACGATGCGCGGGGTGGGTGGGTGGCGCTTGAGGGCACGGGCCCTCCTCGGGCGACCGGGCCGGCGCACTGCTGCAACGCGTGTCTACCGGTGCTTCGCACCACGCGGATGCGGTGCCTGTGAAAGGC-CGGGG
Seq_3_LinJ.07_plus,Seq_20_LinJ.07_minus,97.605,167,1000,1001,3,1,283,449,418,583,2.74e-79,285,plus,TGACGTCGGGGCGAGCGGCGGCAGTGAACGCGTTTGTGGTTCTCATCGGATAGGCAAAAAGTGTCCGCGCGACTCGAGCGTATGCCACACCCGGCCCTCGCACCGCCTGCTGGTGTGGGGCGCCTGAGAGCCACCCTACGGTGCGCGGGGTGGGTGGGCGGCG-TTG
Seq_3_LinJ.07_plus,Seq_14_LinJ.07_plus,98.561,139,1000,1001,2,0,394,532,999,861,1.29e-67,246,minus,GGTGTGGGGCGCCTGAGAGCCACCCTACGGTGCGCGGGGTGGGTGGGCGGCGCTTGAGGGCACGGGCCCTCCTCGGGCGACCGGGCCGGCGCACTGCTGCAACGCGCGTCTACCGGTGCTTCGCACCACGCGGATGCGG
Seq_4_LinJ.07_plus,Seq_4_LinJ.07_plus,100.000,1000,1000,1000,0,0,1,1000,1,1000,0.0,1847,plus,GTGCTTCTCCTTTCGCGTTTTCCGTTGTTGGTTCTCTCATGGTTTGCACACCCCTCATGTCGAGGGCGGCGCACACATACGCACACACACCTCCGCGCGTGGCATCTCCGGGTCCGGTGTGTCCAGCTCGGTCTGGGTGGACGCCGAGCAGCCCCCTCTCCCCGCCCCCATCCCGGCCGAATGCCGAGCCACTTCTGGCGGTGCGCGTGCCAAGCGCCTACGACGTGGGCGAGTGAGAGCGAGTCGTCGCTGCGGATGTCGGCGGGCGGGTCCTGGACGGCGTGGCGCCGGGGCGAGCGGCGGCAGTGAACGCGTTTGTGGTTCTCATTGGATAGGCAAAAAGTGTCCGCGCGACTCGAGCGTATGCCACACCCGGCCCTCGCACCGCCTGCTGGTGTGGGGCGCCTGAGAGCCACCCTACGGTGCGCGGGGTGGGTGGGCGGCGCTTGAGGGCACGGGCCCTCCTCGGGCGACCGGGTCGGCGCACTGCTGCAACGCGTGTCTACCGGTGCTTCGCACCACGCGGATGCGGCCTGCGACAGGGTCGGGGGTGGAGCGGCGTTGGATCTCACGTTGTGCGGCAGAGAAATGAGGCGAGCTGATGAGCATGGTTTGCAAGCAGCCACCCCTTCACCGACGCACACGCAGAGACACGCTTGGGGCTGGGGGCGTATGCTGAGCATGTGCGTTGACGGGCGCGTGTTTGTCCGGCGTTCGTGGGTGCAGCTGGCGGCGTGGCGGCTGCCCTTTTCCCAGCGTTTGGGGACGTCTCTCTGCTCGTTGTCGTGTTCTCTCCGCCGCCGCGTGGCGAGGTCGTTTCCCCCTTCCTTTGCCGCGCGCGGCCTCGCACCCGCCGCCAGCATGCGGGGGCGGGGTGGGGGTGGGGGGCCGGGCCTTTTCGCCGGGCGCCCCACGCAAGGGGGGCGGGGGCGAACCTGGCGGCGCCGGGGAGGGGGGGCGAACCTGGCGGCGCCGGGGAGGGGGGGCGAACCTGGCGGCG
Seq_4_LinJ.07_plus,Seq_17_LinJ.07_minus,99.417,515,1000,1000,3,0,81,595,81,595,0.0,935,plus,GCACAAACACCTCCGCGCGTGGCATCCCCGGGTCCGGTGTGTCCAGCTCGGTCTGGGTGGACGCCGAGCAGCCCCCTCTCCCCGCCCCCATCCCGGCCGAATGCCGAGCCACTTCTGGCGGTGCGCGTGCCAAGCGCCTACGACGTGGGCGAGTGAGAGCGAGTCGTCGCTGCGGATGTCGGCGGGCGGGTCCTGGACGGCGTGGCGCCGGGGCGAGCGGCGGCAGTGAACGCGTTTGTGGTTCTCATCGGATAGGCAAAAAGTGTCCGCGCGACTCGAGCGTATGCCACACCCGGCCCTCGCACCGCCTGCTGGTGTGGGGCGCCTGAGAGCCACCCTACGGTGCGCGGGGTGGGTGGGCGGCGCTTGAGGGCACGGGCCCTCCTCGGGCGACCGGGTCGGCGCACTGCTGCAACGCGTGTCTACCGGTGCTTCGCACCACGCGGATGCGGCCTGCGACAGGGTCGGGGGTGGAGCGGCGTTGGATCTCACGTTGTGCGGCAGAGAAATGAGGC
Seq_4_LinJ.07_plus,Seq_3_LinJ.07_plus,99.606,508,1000,1000,2,0,81,588,81,588,0.0,928,plus,GCACAAACACCTCCGCGCGTGGCATCTCCGGGTCCGGTGTGTCCAGCTCGGTCTGGGTGGACGCCGAGCAGCCCCCTCTCCCCGCCCCCATCCCGGCCGAATGCCGAGCCACTTCTGGCGGTGCGCGTGCCAAGCGCCTACGACGTGGGCGAGTGAGAGCGAGTCGTCGCTGCGGATGTCGGCGGGCGGGTCCTGGACGGCGTGGCGCCGGGGCGAGCGGCGGCAGTGAACGCGTTTGTGGTTCTCATTGGATAGGCAAAAAGTGTCCGCGCGACTCGAGCGTATGCCACACCCGGCCCTCGCACCGCCTGCTGGTGTGGGGCGCCTGAGAGCCACCCTACGGTGCGCGGGGTGGGTGGGCGGCGCTTGAGGGCACGGGCCCTCCTCGGGCGACCGGGTCGGCGCACTGCTGCAACGCGTGTCTACCGGTGCTTCGCACCACGCGGATGCGGCCTGCGACAGGGTCGGGGGTGGAGCGGCGTTGGACCTCACGTTGTGCGGCAGAGAA
Seq_4_LinJ.07_plus,Seq_5_LinJ.07_plus,98.837,516,1000,1000,5,1,81,596,85,599,0.0,918,plus,GCACAAACACCTCCGCGCGTGGCATCTCCGGGTCCGGTGTGTCCAGCTCGGTCTGGGTGGACGCCGAGCAGCCCCCTCTCCCCGCCCCCATCCCGGCCGAATGCCGAGCCACTTCTGGCGGTGCGCGTGCCAAGCGCCTACGACGTGGGCGAGTGAGAGCGAGTCGTCGCTGCGGATGTCGGCGGGCGGGTCCCGGACGGCGTGGCGCCGGGGCGAGCGGCGGCAGTGAACGCGTTTGTGGTTCTCATCGGATAGGCAAAAAGTGTCCGCGCGACTCGAGCGTATGCCACACCCGGCCCTCGCACCGCCTGCTGGTGTGGGGCGCCTGAGAGCCACCCTACGGTGCGCGGGGTGGGTGGGCGGCGCTTGAGGGCACGGGCCCTCCTCGGGCGACCGGGTCGGCGCACTGCTGCAACGCGTGTCTACCGGTGCTTCGCACCACACGGATGCGGCCTGCGACAGGGTCGGGGGTGGAGCGGCGTTGGACCTCACGTTGTGCGGCAGAGAAAT-AGGCG
Seq_4_LinJ.07_plus,Seq_2_LinJ.07_plus,98.624,436,1000,1000,5,1,160,595,164,598,0.0,771,plus,CCCCGCCCCCATCCCGGCCGAATGCCGAGCCACTTCTGGCGGTGCGCGTGCCAAGCGCCTACGACGTGGGCGAGTGAGAGCGAGTCGTCGCTGCGGATGTCGGCGGGCGGGTCCTGGACGGCGTGGCGCCGGGGCGAGCGGCGGCAGTGAACGCGTTTGTGGTTCTCATCGGATAGGCAAAAAGTGTCCGGGCGACTCGAGCGTATGCCACACCCGGCCCTCGCACCGCCTGCTGGTGTGGGGCGCCTGAGAGCCACCCTACGGTGCGCGGGGTGGGTGGGCGGCGCTTGAGGGCACGGGCCCTCCTCGGGCGACCGGGTCGGCGCACTGCTGCAACGCGTGTCTACCGGTGCTTCGCACCACACGGATGCGGCCTGCGACAGGGTCGGGGGTGGAGCGGCGCTGGACCTCACGTTGTGCGGCAGAGAAAT-AGGC
Seq_4_LinJ.07_plus,Seq_24_LinJ.07_minus,97.941,340,1000,1000,5,2,79,418,282,619,1.87e-170,588,plus,ACGCGCAC-C-CCTCCGCGCGTGGCATCTCCGGGTCCGGTGTGTCCAGCTCGGTCTGGGTGGACGCCGAGCAGCCCCCTCTCCCCGCCCCCATCCCGGCCGAATGCCGAGCCACTTCTGGCGGTGCGCGTGCCAAGCGCCTACGACGTGGGCGAGTGAGAGCGAGTCGTCGCTGCGGATGTCGGCGGGCGGGTCCCGGACGGCGTGGCGCCGGGGCGAGCGGCGGCAGTGAACGCGTTTGTGGTTCTCATCGGATAGGCAAAAAGTGTCCGCGCGACTCGAGCGTATGCCACACCCGACCCTCGCACCGCCTGCTGGTGTCGGGCGCCTGAGAGCCACCC
Seq_4_LinJ.07_plus,Seq_23_LinJ.07_minus,97.941,340,1000,1000,5,2,79,418,282,619,1.87e-170,588,plus,ACGCGCAC-C-CCTCCGCGCGTGGCATCTCCGGGTCCGGTGTGTCCAGCTCGGTCTGGGTGGACGCCGAGCAGCCCCCTCTCCCCGCCCCCATCCCGGCCGAATGCCGAGCCACTTCTGGCGGTGCGCGTGCCAAGCGCCTACGACGTGGGCGAGTGAGAGCGAGTCGTCGCTGCGGATGTCGGCGGGCGGGTCCCGGACGGCGTGGCGCCGGGGCGAGCGGCGGCAGTGAACGCGTTTGTGGTTCTCATCGGATAGGCAAAAAGTGTCCGCGCGACTCGAGCGTATGCCACACCCGACCCTCGCACCGCCTGCTGGTGTCGGGCGCCTGAGAGCCACCC
Seq_4_LinJ.07_plus,Seq_1_LinJ.07_plus,94.619,223,1000,1000,8,3,331,550,350,571,1.60e-96,342,plus,GATAGGCAAAAAGTGCCCGCGCGACTCGAGCGTATGCCACACCCGACCCTCGCACCGCCTGCTGGGTGTGGGGCGCCTGAGAGCCACCCTACGATGCGCGGGGTGGGTGGGTGGCGCTTGAGGGCACGGGCCCTCCTCGGGCGACCGGGCCGGCGCACTGCTGCAACGCGTGTCTACCGGTGCTTCGCACCACGCGGATGCGGTGCCTGTGAAAGGC-CGGGG
Seq_4_LinJ.07_plus,Seq_20_LinJ.07_minus,97.605,167,1000,1001,3,1,283,449,418,583,2.74e-79,285,plus,TGACGTCGGGGCGAGCGGCGGCAGTGAACGCGTTTGTGGTTCTCATCGGATAGGCAAAAAGTGTCCGCGCGACTCGAGCGTATGCCACACCCGGCCCTCGCACCGCCTGCTGGTGTGGGGCGCCTGAGAGCCACCCTACGGTGCGCGGGGTGGGTGGGCGGCG-TTG
Seq_4_LinJ.07_plus,Seq_14_LinJ.07_plus,98.561,139,1000,1001,2,0,394,532,999,861,1.29e-67,246,minus,GGTGTGGGGCGCCTGAGAGCCACCCTACGGTGCGCGGGGTGGGTGGGCGGCGCTTGAGGGCACGGGCCCTCCTCGGGCGACCGGGCCGGCGCACTGCTGCAACGCGCGTCTACCGGTGCTTCGCACCACGCGGATGCGG
Seq_5_LinJ.07_plus,Seq_5_LinJ.07_plus,100.000,1000,1000,1000,0,0,1,1000,1,1000,0.0,1847,plus,CCGGTCTGTGCTCCTGCGAGCGTTTGTCGGCTGATATCCTACCTTTTACTGCTGTCTCTAGTTCACGCCGCCCTCATGACGTGGGCACAAACACCTCCGCGCGTGGCATCTCCGGGTCCGGTGTGTCCAGCTCGGTCTGGGTGGACGCCGAGCAGCCCCCTCTCCCCGCCCCCATCCCGGCCGAATGCCGAGCCACTTCTGGCGGTGCGCGTGCCAAGCGCCTACGACGTGGGCGAGTGAGAGCGAGTCGTCGCTGCGGATGTCGGCGGGCGGGTCCCGGACGGCGTGGCGCCGGGGCGAGCGGCGGCAGTGAACGCGTTTGTGGTTCTCATCGGATAGGCAAAAAGTGTCCGCGCGACTCGAGCGTATGCCACACCCGGCCCTCGCACCGCCTGCTGGTGTGGGGCGCCTGAGAGCCACCCTACGGTGCGCGGGGTGGGTGGGCGGCGCTTGAGGGCACGGGCCCTCCTCGGGCGACCGGGTCGGCGCACTGCTGCAACGCGTGTCTACCGGTGCTTCGCACCACACGGATGCGGCCTGCGACAGGGTCGGGGGTGGAGCGGCGTTGGACCTCACGTTGTGCGGCAGAGAAATAGGCGTGTCGCAAAGAAGAAAAGTTTTTAGTGCGCGCCCTACGCGTGCAAGTCGTTCAGGGTACATTTTTTTGTCGCACGGACCAGCTTGTGGGGAAAGAGAAGTCGCGATGGATGTGCAGGTGCGTTGATGCGTGCGAGTGCGCGAAATGGAGAAGAGGCACCGATCCTCGCACGCCAGTGCTGTTGAGGTCCTGTGCCACCATACCTTCTCCTCCTCTCGCCCTTCCCTCCCTTCTCCTCGTCTGGCTCCATATGGAGGAGGATGACGCTGTCACGTGATGATGTTGCGGCATCTGCACCACTGCGCGAGACGCCACAAAGCATGCTGACGAGGGCGCACAGGCGCAGCACTTTTTCGTTCTCGGTCTCTCACCTCTCCGACTCTCCCCGAGCCTTACTTCCCA
Seq_5_LinJ.07_plus,Seq_3_LinJ.07_plus,99.269,547,1000,1000,4,0,46,592,42,588,0.0,989,plus,TTGCTGCTGTCTCTAGTTCACGCCGCCCTCATGACGTGGGCACAAACACCTCCGCGCGTGGCATCTCCGGGTCCGGTGTGTCCAGCTCGGTCTGGGTGGACGCCGAGCAGCCCCCTCTCCCCGCCCCCATCCCGGCCGAATGCCGAGCCACTTCTGGCGGTGCGCGTGCCAAGCGCCTACGACGTGGGCGAGTGAGAGCGAGTCGTCGCTGCGGATGTCGGCGGGCGGGTCCTGGACGGCGTGGCGCCGGGGCGAGCGGCGGCAGTGAACGCGTTTGTGGTTCTCATTGGATAGGCAAAAAGTGTCCGCGCGACTCGAGCGTATGCCACACCCGGCCCTCGCACCGCCTGCTGGTGTGGGGCGCCTGAGAGCCACCCTACGGTGCGCGGGGTGGGTGGGCGGCGCTTGAGGGCACGGGCCCTCCTCGGGCGACCGGGTCGGCGCACTGCTGCAACGCGTGTCTACCGGTGCTTCGCACCACGCGGATGCGGCCTGCGACAGGGTCGGGGGTGGAGCGGCGTTGGACCTCACGTTGTGCGGCAGAGAA
Seq_5_LinJ.07_plus,Seq_17_LinJ.07_minus,98.887,539,1000,1000,4,2,62,598,57,595,0.0,961,plus,TTCAGCGCCGCCCTCATGACGTGGGCACAAACACCTCCGCGCGTGGCATCCCCGGGTCCGGTGTGTCCAGCTCGGTCTGGGTGGACGCCGAGCAGCCCCCTCTCCCCGCCCCCATCCCGGCCGAATGCCGAGCCACTTCTGGCGGTGCGCGTGCCAAGCGCCTACGACGTGGGCGAGTGAGAGCGAGTCGTCGCTGCGGATGTCGGCGGGCGGGTCCTGGACGGCGTGGCGCCGGGGCGAGCGGCGGCAGTGAACGCGTTTGTGGTTCTCATCGGATAGGCAAAAAGTGTCCGCGCGACTCGAGCGTATGCCACACCCGGCCCTCGCACCGCCTGCTGGTGTGGGGCGCCTGAGAGCCACCCTACGGTGCGCGGGGTGGGTGGGCGGCGCTTGAGGGCACGGGCCCTCCTCGGGCGACCGGGTCGGCGCACTGCTGCAACGCGTGTCTACCGGTGCTTCGCACCACGCGGATGCGGCCTGCGACAGGGTCGGGGGTGGAGCGGCGTTGGATCTCACGTTGTGCGGCAGAGAAATGAGGC
Seq_5_LinJ.07_plus,Seq_4_LinJ.07_plus,98.837,516,1000,1000,5,1,85,599,81,596,0.0,918,plus,GCACACACACCTCCGCGCGTGGCATCTCCGGGTCCGGTGTGTCCAGCTCGGTCTGGGTGGACGCCGAGCAGCCCCCTCTCCCCGCCCCCATCCCGGCCGAATGCCGAGCCACTTCTGGCGGTGCGCGTGCCAAGCGCCTACGACGTGGGCGAGTGAGAGCGAGTCGTCGCTGCGGATGTCGGCGGGCGGGTCCTGGACGGCGTGGCGCCGGGGCGAGCGGCGGCAGTGAACGCGTTTGTGGTTCTCATTGGATAGGCAAAAAGTGTCCGCGCGACTCGAGCGTATGCCACACCCGGCCCTCGCACCGCCTGCTGGTGTGGGGCGCCTGAGAGCCACCCTACGGTGCGCGGGGTGGGTGGGCGGCGCTTGAGGGCACGGGCCCTCCTCGGGCGACCGGGTCGGCGCACTGCTGCAACGCGTGTCTACCGGTGCTTCGCACCACGCGGATGCGGCCTGCGACAGGGTCGGGGGTGGAGCGGCGTTGGATCTCACGTTGTGCGGCAGAGAAATGAGGCG
Seq_5_LinJ.07_plus,Seq_2_LinJ.07_plus,98.675,453,1000,1000,6,0,164,616,164,616,0.0,804,plus,CCCCGCCCCCATCCCGGCCGAATGCCGAGCCACTTCTGGCGGTGCGCGTGCCAAGCGCCTACGACGTGGGCGAGTGAGAGCGAGTCGTCGCTGCGGATGTCGGCGGGCGGGTCCTGGACGGCGTGGCGCCGGGGCGAGCGGCGGCAGTGAACGCGTTTGTGGTTCTCATCGGATAGGCAAAAAGTGTCCGGGCGACTCGAGCGTATGCCACACCCGGCCCTCGCACCGCCTGCTGGTGTGGGGCGCCTGAGAGCCACCCTACGGTGCGCGGGGTGGGTGGGCGGCGCTTGAGGGCACGGGCCCTCCTCGGGCGACCGGGTCGGCGCACTGCTGCAACGCGTGTCTACCGGTGCTTCGCACCACACGGATGCGGCCTGCGACAGGGTCGGGGGTGGAGCGGCGCTGGACCTCACGTTGTGCGGCAGAGAAATAGGCATGTCGAAAAGAGGAAAA
Seq_5_LinJ.07_plus,Seq_24_LinJ.07_minus,99.096,332,1000,1000,3,0,91,422,288,619,3.10e-173,597,plus,ACCCCTCCGCGCGTGGCATCTCCGGGTCCGGTGTGTCCAGCTCGGTCTGGGTGGACGCCGAGCAGCCCCCTCTCCCCGCCCCCATCCCGGCCGAATGCCGAGCCACTTCTGGCGGTGCGCGTGCCAAGCGCCTACGACGTGGGCGAGTGAGAGCGAGTCGTCGCTGCGGATGTCGGCGGGCGGGTCCCGGACGGCGTGGCGCCGGGGCGAGCGGCGGCAGTGAACGCGTTTGTGGTTCTCATCGGATAGGCAAAAAGTGTCCGCGCGACTCGAGCGTATGCCACACCCGACCCTCGCACCGCCTGCTGGTGTCGGGCGCCTGAGAGCCACCC
Seq_5_LinJ.07_plus,Seq_23_LinJ.07_minus,99.096,332,1000,1000,3,0,91,422,288,619,3.10e-173,597,plus,ACCCCTCCGCGCGTGGCATCTCCGGGTCCGGTGTGTCCAGCTCGGTCTGGGTGGACGCCGAGCAGCCCCCTCTCCCCGCCCCCATCCCGGCCGAATGCCGAGCCACTTCTGGCGGTGCGCGTGCCAAGCGCCTACGACGTGGGCGAGTGAGAGCGAGTCGTCGCTGCGGATGTCGGCGGGCGGGTCCCGGACGGCGTGGCGCCGGGGCGAGCGGCGGCAGTGAACGCGTTTGTGGTTCTCATCGGATAGGCAAAAAGTGTCCGCGCGACTCGAGCGTATGCCACACCCGACCCTCGCACCGCCTGCTGGTGTCGGGCGCCTGAGAGCCACCC
Seq_5_LinJ.07_plus,Seq_1_LinJ.07_plus,94.170,223,1000,1000,9,3,335,554,350,571,7.46e-95,337,plus,GATAGGCAAAAAGTGCCCGCGCGACTCGAGCGTATGCCACACCCGACCCTCGCACCGCCTGCTGGGTGTGGGGCGCCTGAGAGCCACCCTACGATGCGCGGGGTGGGTGGGTGGCGCTTGAGGGCACGGGCCCTCCTCGGGCGACCGGGCCGGCGCACTGCTGCAACGCGTGTCTACCGGTGCTTCGCACCACGCGGATGCGGTGCCTGTGAAAGGC-CGGGG
Seq_5_LinJ.07_plus,Seq_20_LinJ.07_minus,98.204,167,1000,1001,2,1,287,453,418,583,5.89e-81,291,plus,TGACGTCGGGGCGAGCGGCGGCAGTGAACGCGTTTGTGGTTCTCATCGGATAGGCAAAAAGTGTCCGCGCGACTCGAGCGTATGCCACACCCGGCCCTCGCACCGCCTGCTGGTGTGGGGCGCCTGAGAGCCACCCTACGGTGCGCGGGGTGGGTGGGCGGCG-TTG
Seq_5_LinJ.07_plus,Seq_14_LinJ.07_plus,97.842,139,1000,1001,3,0,398,536,999,861,6.02e-66,241,minus,GGTGTGGGGCGCCTGAGAGCCACCCTACGGTGCGCGGGGTGGGTGGGCGGCGCTTGAGGGCACGGGCCCTCCTCGGGCGACCGGGCCGGCGCACTGCTGCAACGCGCGTCTACCGGTGCTTCGCACCACGCGGATGCGG
Seq_6_LinJ.07_plus,Seq_6_LinJ.07_plus,100.000,1000,1000,1000,0,0,1,1000,1,1000,0.0,1847,plus,AGGGGAAGACTCCCTCGCACCACAGCGTTTTTCGTGGCCTGCGGAGCCCGGCGCCTGCTCGGCCGATGCGCTCTACGGCGGCAGCGACACCGACCGCGGCGCAAGCGGCACGTATTCTGTCACTGGAGCAAAAGCTGCAGGCGTTGCCGACAGAACAAGACCACTACCGTCGCCACTATGAGGAGCCGGAGGGAGTCTGTTGGGATGTGCTGGACGACTTGGCGGAGAACGAAGGACGCGGTGCGCATGACTCAACGGGAATAGGGCCGCCGTCTGCTGAAGATGGCGCCCCTTTGCTGGATGCGTCGTCGTCGCCGCCATCGCGACTGGCATCGCCCGCGACGGCACCGCGTGCGAGTGCGGGAAGGCACGGGCTGGGCTACCCGGTCTCAGCTTCCCATGATGGGCCACACTCGCACCCATCTCTGTGTAGCGACGCGACACCCGCGGGAGTTTCAAGTCGGAGAGCAACCCAACGTCATTTGAGCGACCACCCTCCGCCGTCCCGGCGCACCACGATATCATCGTCAAGGCCAGACCCGCGCTTGCGGTGTTCTGGTGAGGCGGACGTACTCTCGCCGCAAGAGACGCAGCTGCTGCTTAGACGTCTGCGTAGATTGCATCAATGGATGGGCGATCTGGTCACCGGCGTGTCGGCAGCCACGTCGTCAGGATGTGCGGACGTCGGCTGTAGGGGTGATGGCGCCCTACGCGACCCCTCTGCAACGGCCACAGAGGTGATTGCTAATGTGTGCCCATGTAGCGACTCGAGTGCGGCTTGCTCAGCCTTCCCGCTCTCAGCGCGTGAGTCGCCGCTGAAGCGTGTCACGGCGCTCAGGCTGCATCGCGTGGTAGATGACCTGTTCATGCTCTTCACACAGCTGCAGGCGACGCTGACGGACGTTGTGTGGTGCACCAGCCACCCTCCTGCGCTCTCCACCCCGGTCCGCACGCATCTCGCCCATGACGTGGAGGTGGAGCGGCTGCGAGCCATTAACCA
Seq_7_LinJ.07_plus,Seq_9_LinJ.07_plus,99.161,596,1001,1001,5,0,203,798,203,798,0.0,1074,plus,CCGGATGATAAAAAGAGGGGGAGAGGGGATGCGCACCTCTGGGTATGACATCGCAGGGTCCAGCCCCCCATCGCCCTGTGTGGAGACGCCAAGCAGTCGCCCCCCTCCCCCTATTCCTGCCCATGCCGAGCCACTTGTGGGTGGTAGCAGGGCCAAGCACCGACGACGCCGGGGAGGCCAGGGCGATGCACCGCTACTTCTGCCCAGCGGTTAGACCCTGGACGGCGTGGCGTCGGAGCGACCTGCGACAGTGAACACGCCCGTGCCATCCATGCGATAGGCCGCGTGCCAGCGCGACTCGGACGCATGTCACCCTCGGCCTTCGCACCGCCTACTGGTGCGGGGAGAGCCCGCGTGTCACACCCCGAGGGGGTTGGGGGGTGGGGAAGGCGCCAGGGGTGGCGACCCGCGAGGCGGGGGCTTGCGAGCAGGTAGCGTGTGAGGCCCAGGCCCTGCTCAGGTAACTGAGTCGGCGCGGTGCTGCAACTCGCGTGTGTGTGCGGCCGCTTCGCACGACGCGGATGGTGGGGGGCCCGTGACGGGCTCTTGTGGTGGAGCGGCGCTCCGCTCATGCTGTAGAGCAGCGCGTGGATGCG
Seq_7_LinJ.07_plus,Seq_10_LinJ.07_plus,100.000,420,1001,1000,0,0,379,798,323,742,0.0,776,plus,GCCAGGGCGATGCACCGCTACTTGTGCCCAGCGGTTAGACCCTGGACGGCGTGGCGTCGGAGCGACCTGCGACAGTGAACACGCCCGTGCCATCCATGCGATAGGCCGCGTGCCAGCGCGACTCGGACGCATGTCACCCTCGGCCTTCGCACCGCCTACTGGTGCGGGGAGAGCCCGCGTGTCACACCCCGAGGGGGTTGGGGGGTGGGGAATGCGCCAGGGGTGGCGACCCGCGAGGCGGGGGCTTGCGAGCAGGTAGCGTGTGAGGCCCAGGCCCTGCTCAGGTAACTGAGTCGGCGCGGTGCTGCAACTCGCGTGTGTGTGCGGCCGCTTCGCACGACGCGGATGGTGGGGGGCCCGTGACGGGCTCTTGTGGTGGAGCGGCGCTCCGCTCATGCTGCAGAGCAGCGCGTGGATGCG
Seq_7_LinJ.07_plus,Seq_8_LinJ.07_plus,99.513,411,1001,1000,2,0,379,789,328,738,0.0,749,plus,GCCAGGGCGATGCACCGCTACTTGTGCCCAGCGGTTAGACCCTGGACGGCGTGGCGTCGGAGCGACCTGCGACAGTGAACACGCCCGTGCCATCCATGCGATAGGCCGCGTGCCAGCGCGACTCGGACGCATGTCACCCTCGGCCTTCGCACCGCCTACTGGTGCGGGGAGAGCCCGCGTGTCACACCCCGAGGGGGTTGGGGGGTGGGGAATGCGCCAGGGGTGGCGACCCGCGAGGCGGGGGCTTGCGAGCGGGTAGCGTGTGAGGCCCAGGCCCTGCTCAGGTGACTGAGTCGGCGCGGTGCTGCAACTCGCGTGTGTGTGCGGCCGCTTCGCACGACGCGGATGGTGGGGGGCCCGTGACGGGCTCTTGTGGTGGAGCGGCGCTCCGCTCATGCTGCAGAGCAGCGC
Seq_7_LinJ.07_plus,Seq_12_LinJ.07_plus,98.131,428,1001,1000,5,3,309,734,285,711,0.0,743,plus,CCCCCTATTCCTGCCCATGCCGAGCCACCTGTGGGTGGTAGCAGGGCCAAGCACCGACGACGCCGGGGAGGCCAGGGCGATGCACCGCTACTTGTGCCCAGCGGTTAGACCCTGGACGGCGTGGCGTCGGAGCGACCTGCGACAGTGAACACGCCCGTGCCATCCATGCGATAGGCCGCGTGCCAGCGCGACTCGGACGCATGTCACCCTCGGCCTTCGCACCGCCTACTGGTGCGGGGAGAGCCCGCGTGTCACACCCCGAGGGGGTT-GGGGGTGGGGAAGGCGCCAGGGGTGGCGACCCGCGAGGCGGGGGCTTGTGAGCAGGTAGCGTGTGAGGCCCAGGCCCTGCTCAGGTGACTGAGTCGGCGCGGTGCTGCAACTCGCGTGTGTGTGCGGCTGCTTCGCACGACGCGGATGGTTGGGTGGG
Seq_7_LinJ.07_plus,Seq_11_LinJ.07_plus,98.131,428,1001,1000,5,3,309,734,286,712,0.0,743,plus,CCCCCTATTCCTGCCCATGCCGAGCCACCTGTGGGTGGTAGCAGGGCCAAGCACCGACGACGCCGGGGAGGCCAGGGCGATGCACCGCTACTTGTGCCCAGCGGTTAGACCCTGGACGGCGTGGCGTCGGAGCGACCTGCGACAGTGAACACGCCCGTGCCATCCATGCGATAGGCCGCGTGCCAGCGCGACTCGGACGCATGTCACCCTCGGCCTTCGCACCGCCTACTGGTGCGGGGAGAGCCCGCGTGTCACACCCCGAGGGGGTT-GGGGGTGGGGAAGGCGCCAGGGGTGGCGACCCGCGAGGCGGGGGCTTGCGAGCAGGTAGCGTGTGAGGCCCAGGCCCTGCTCAGGTGACTGAGTCGGCGCGGTGCTGCAACTCGCGTGTGTGTGCGGCTGCTTCGCACAACGCGGATGGTTGGGTGGG
Seq_8_LinJ.07_plus,Seq_8_LinJ.07_plus,100.000,1000,1000,1000,0,0,1,1000,1,1000,0.0,1847,plus,CGTAGTGTGGGTGTGCGAGCGAAAGGCGAGTAGTTGCGCATCTCGTTTCTCCTCTTCGACCTCCTTCCCCTTCTGTCGCACCGCTGCCCAGCGAGATCAGCACCCACCCCGCTGATAAAGCCGTTGCGTGGCGTGGTGAGAGATGGAAGGGGAGGGTCTGCCGCCGGAGAGTCGATCCGTTACTTCTTGACGTTGGCGCCACGCATATGCCCATTTCCCTGTCTTTCTTCAATGCGTTTTCCGCCACACTTCAGTCACGCGATGATGATGAGGAGCACCTCCGTGCGCGGTGCCACAATGTTCAGTGGCCCCACCCTGTGTGGCTAAGCCAGGGCGATGCACCGCTACTTGTGCCCAGCGGTTAGACCCTGGACGGCGTGGCGTCGGAGCGACCTGCGACAGTGAACACGCCCGTGCCATCCATGCGATAGGCCGCGTGCCAGCGCGACTCGGACGCATGTCACCCTCGGCCTTCGCACCGCCTACTGGTGCGGGGAGAGCCCGCGTGTCACACCCCGAGGGGGTTGGGGGGTGGGGAATGCGCCAGGGGTGGCGACCCGCGAGGCGGGGGCTTGCGAGCGGGTAGCGTGTGAGGCCCAGGCCCTGCTCAGGTGACTGAGTCGGCGCGGTGCTGCAACTCGCGTGTGTGTGCGGCCGCTTCGCACGACGCGGATGGTGGGGGGCCCGTGACGGGCTCTTGTGGTGGAGCGGCGCTCCGCTCATGCTGCAGAGCAGCGCAGATACGTGTGGAAATCAAACATGACTCTCCCTCTCCTTCGCGCTGCTGAGGTCTTTTTTGCCTCTTGTAGGGGCTCTCAGCTGTTTCACAGGCCGGCCTCCGGCCGCGACATGCGGGCACGTGCATGCGCCTATCGGGTATGGCGGCTCCCTGTGCCTCCCTCTGCTGTCGGGGAGGATGCGAACTAGTTTGACTTCCTTGTCTTTCCGCACAAATCATGTCCCGCTCGAGTGCCCCCCCCCCCCCCCCACCCCCGATCCT
Seq_8_LinJ.07_plus,Seq_10_LinJ.07_plus,99.580,476,1000,1000,2,0,263,738,258,733,0.0,869,plus,TGATGATGAGGAGCACCTCCGTGCGCGGTGCCACAATGTTCAGTGGCCCCACCCTGTGTGGCTAAGCCAGGGCGATGCACCGCTACTTGTGCCCAGCGGTTAGACCCTGGACGGCGTGGCGTCGGAGCGACCTGCGACAGTGAACACGCCCGTGCCATCCATGCGATAGGCCGCGTGCCAGCGCGACTCGGACGCATGTCACCCTCGGCCTTCGCACCGCCTACTGGTGCGGGGAGAGCCCGCGTGTCACACCCCGAGGGGGTTGGGGGGTGGGGAATGCGCCAGGGGTGGCGACCCGCGAGGCGGGGGCTTGCGAGCAGGTAGCGTGTGAGGCCCAGGCCCTGCTCAGGTAACTGAGTCGGCGCGGTGCTGCAACTCGCGTGTGTGTGCGGCCGCTTCGCACGACGCGGATGGTGGGGGGCCCGTGACGGGCTCTTGTGGTGGAGCGGCGCTCCGCTCATGCTGCAGAGCAGCGC
Seq_8_LinJ.07_plus,Seq_7_LinJ.07_plus,99.513,411,1000,1001,2,0,328,738,379,789,0.0,749,plus,GCCAGGGCGATGCACCGCTACTTGTGCCCAGCGGTTAGACCCTGGACGGCGTGGCGTCGGAGCGACCTGCGACAGTGAACACGCCCGTGCCATCCATGCGATAGGCCGCGTGCCAGCGCGACTCGGACGCATGTCACCCTCGGCCTTCGCACCGCCTACTGGTGCGGGGAGAGCCCGCGTGTCACACCCCGAGGGGGTTGGGGGGTGGGGAATGCGCCAGGGGTGGCGACCCGCGAGGCGGGGGCTTGCGAGCAGGTAGCGTGTGAGGCCCAGGCCCTGCTCAGGTAACTGAGTCGGCGCGGTGCTGCAACTCGCGTGTGTGTGCGGCCGCTTCGCACGACGCGGATGGTGGGGGGCCCGTGACGGGCTCTTGTGGTGGAGCGGCGCTCCGCTCATGCTGCAGAGCAGCGC
Seq_8_LinJ.07_plus,Seq_9_LinJ.07_plus,98.783,411,1000,1001,5,0,328,738,379,789,0.0,732,plus,GCCAGGGCGATGCACCGCTACTTCTGCCCAGCGGTTAGACCCTGGACGGCGTGGCGTCGGAGCGACCTGCGACAGTGAACACGCCCGTGCCATCCATGCGATAGGCCGCGTGCCAGCGCGACTCGGACGCATGTCACCCTCGGCCTTCGCACCGCCTACTGGTGCGGGGAGAGCCCGCGTGTCACACCCCGAGGGGGTTGGGGGGTGGGGAAGGCGCCAGGGGTGGCGACCCGCGAGGCGGGGGCTTGCGAGCAGGTAGCGTGTGAGGCCCAGGCCCTGCTCAGGTAACTGAGTCGGCGCGGTGCTGCAACTCGCGTGTGTGTGCGGCCGCTTCGCACGACGCGGATGGTGGGGGGCCCGTGACGGGCTCTTGTGGTGGAGCGGCGCTCCGCTCATGCTGTAGAGCAGCGC
Seq_8_LinJ.07_plus,Seq_12_LinJ.07_plus,98.045,358,1000,1000,4,3,328,683,355,711,6.61e-180,619,plus,GCCAGGGCGATGCACCGCTACTTGTGCCCAGCGGTTAGACCCTGGACGGCGTGGCGTCGGAGCGACCTGCGACAGTGAACACGCCCGTGCCATCCATGCGATAGGCCGCGTGCCAGCGCGACTCGGACGCATGTCACCCTCGGCCTTCGCACCGCCTACTGGTGCGGGGAGAGCCCGCGTGTCACACCCCGAGGGGGTT-GGGGGTGGGGAAGGCGCCAGGGGTGGCGACCCGCGAGGCGGGGGCTTGTGAGCAGGTAGCGTGTGAGGCCCAGGCCCTGCTCAGGTGACTGAGTCGGCGCGGTGCTGCAACTCGCGTGTGTGTGCGGCTGCTTCGCACGACGCGGATGGTTGGGTGGG
Seq_8_LinJ.07_plus,Seq_11_LinJ.07_plus,98.045,358,1000,1000,4,3,328,683,356,712,6.61e-180,619,plus,GCCAGGGCGATGCACCGCTACTTGTGCCCAGCGGTTAGACCCTGGACGGCGTGGCGTCGGAGCGACCTGCGACAGTGAACACGCCCGTGCCATCCATGCGATAGGCCGCGTGCCAGCGCGACTCGGACGCATGTCACCCTCGGCCTTCGCACCGCCTACTGGTGCGGGGAGAGCCCGCGTGTCACACCCCGAGGGGGTT-GGGGGTGGGGAAGGCGCCAGGGGTGGCGACCCGCGAGGCGGGGGCTTGCGAGCAGGTAGCGTGTGAGGCCCAGGCCCTGCTCAGGTGACTGAGTCGGCGCGGTGCTGCAACTCGCGTGTGTGTGCGGCTGCTTCGCACAACGCGGATGGTTGGGTGGG
Seq_9_LinJ.07_plus,Seq_7_LinJ.07_plus,99.161,596,1001,1001,5,0,203,798,203,798,0.0,1074,plus,CCGCATGATAAAAAGAGGGGGAGAGGGGATGCGCACCTCTGAGTATGACATCGCAGGGTCCAGCCCCCCATCGCCCTGTGTGGAGACGCCAAGCAGTCGCCCCCCTCCCCCTATTCCTGCCCATGCCGAGCCACTTGTGGGTGGTAGCAGGGCCAAGCACCGACGACGCCGGGGAGGCCAGGGCGATGCACCGCTACTTGTGCCCAGCGGTTAGACCCTGGACGGCGTGGCGTCGGAGCGACCTGCGACAGTGAACACGCCCGTGCCATCCATGCGATAGGCCGCGTGCCAGCGCGACTCGGACGCATGTCACCCTCGGCCTTCGCACCGCCTACTGGTGCGGGGAGAGCCCGCGTGTCACACCCCGAGGGGGTTGGGGGGTGGGGAATGCGCCAGGGGTGGCGACCCGCGAGGCGGGGGCTTGCGAGCAGGTAGCGTGTGAGGCCCAGGCCCTGCTCAGGTAACTGAGTCGGCGCGGTGCTGCAACTCGCGTGTGTGTGCGGCCGCTTCGCACGACGCGGATGGTGGGGGGCCCGTGACGGGCTCTTGTGGTGGAGCGGCGCTCCGCTCATGCTGCAGAGCAGCGCGTGGATGCG
Seq_9_LinJ.07_plus,Seq_10_LinJ.07_plus,99.292,424,1001,1000,3,0,379,802,323,746,0.0,767,plus,GCCAGGGCGATGCACCGCTACTTGTGCCCAGCGGTTAGACCCTGGACGGCGTGGCGTCGGAGCGACCTGCGACAGTGAACACGCCCGTGCCATCCATGCGATAGGCCGCGTGCCAGCGCGACTCGGACGCATGTCACCCTCGGCCTTCGCACCGCCTACTGGTGCGGGGAGAGCCCGCGTGTCACACCCCGAGGGGGTTGGGGGGTGGGGAATGCGCCAGGGGTGGCGACCCGCGAGGCGGGGGCTTGCGAGCAGGTAGCGTGTGAGGCCCAGGCCCTGCTCAGGTAACTGAGTCGGCGCGGTGCTGCAACTCGCGTGTGTGTGCGGCCGCTTCGCACGACGCGGATGGTGGGGGGCCCGTGACGGGCTCTTGTGGTGGAGCGGCGCTCCGCTCATGCTGCAGAGCAGCGCGTGGATGCGGTAA
Seq_9_LinJ.07_plus,Seq_12_LinJ.07_plus,98.131,428,1001,1000,5,3,309,734,285,711,0.0,743,plus,CCCCCTATTCCTGCCCATGCCGAGCCACCTGTGGGTGGTAGCAGGGCCAAGCACCGACGACGCCGGGGAGGCCAGGGCGATGCACCGCTACTTGTGCCCAGCGGTTAGACCCTGGACGGCGTGGCGTCGGAGCGACCTGCGACAGTGAACACGCCCGTGCCATCCATGCGATAGGCCGCGTGCCAGCGCGACTCGGACGCATGTCACCCTCGGCCTTCGCACCGCCTACTGGTGCGGGGAGAGCCCGCGTGTCACACCCCGAGGGGGTT-GGGGGTGGGGAAGGCGCCAGGGGTGGCGACCCGCGAGGCGGGGGCTTGTGAGCAGGTAGCGTGTGAGGCCCAGGCCCTGCTCAGGTGACTGAGTCGGCGCGGTGCTGCAACTCGCGTGTGTGTGCGGCTGCTTCGCACGACGCGGATGGTTGGGTGGG
Seq_9_LinJ.07_plus,Seq_11_LinJ.07_plus,98.131,428,1001,1000,5,3,309,734,286,712,0.0,743,plus,CCCCCTATTCCTGCCCATGCCGAGCCACCTGTGGGTGGTAGCAGGGCCAAGCACCGACGACGCCGGGGAGGCCAGGGCGATGCACCGCTACTTGTGCCCAGCGGTTAGACCCTGGACGGCGTGGCGTCGGAGCGACCTGCGACAGTGAACACGCCCGTGCCATCCATGCGATAGGCCGCGTGCCAGCGCGACTCGGACGCATGTCACCCTCGGCCTTCGCACCGCCTACTGGTGCGGGGAGAGCCCGCGTGTCACACCCCGAGGGGGTT-GGGGGTGGGGAAGGCGCCAGGGGTGGCGACCCGCGAGGCGGGGGCTTGCGAGCAGGTAGCGTGTGAGGCCCAGGCCCTGCTCAGGTGACTGAGTCGGCGCGGTGCTGCAACTCGCGTGTGTGTGCGGCTGCTTCGCACAACGCGGATGGTTGGGTGGG
Seq_9_LinJ.07_plus,Seq_8_LinJ.07_plus,98.783,411,1001,1000,5,0,379,789,328,738,0.0,732,plus,GCCAGGGCGATGCACCGCTACTTGTGCCCAGCGGTTAGACCCTGGACGGCGTGGCGTCGGAGCGACCTGCGACAGTGAACACGCCCGTGCCATCCATGCGATAGGCCGCGTGCCAGCGCGACTCGGACGCATGTCACCCTCGGCCTTCGCACCGCCTACTGGTGCGGGGAGAGCCCGCGTGTCACACCCCGAGGGGGTTGGGGGGTGGGGAATGCGCCAGGGGTGGCGACCCGCGAGGCGGGGGCTTGCGAGCGGGTAGCGTGTGAGGCCCAGGCCCTGCTCAGGTGACTGAGTCGGCGCGGTGCTGCAACTCGCGTGTGTGTGCGGCCGCTTCGCACGACGCGGATGGTGGGGGGCCCGTGACGGGCTCTTGTGGTGGAGCGGCGCTCCGCTCATGCTGCAGAGCAGCGC
Seq_10_LinJ.07_plus,Seq_10_LinJ.07_plus,100.000,1000,1000,1000,0,0,1,1000,1,1000,0.0,1847,plus,TTTCCTCGTTTTCCGTGAAAGGTACGTTTTCCTTGCTGCTCCGCTTGCACCGCGTGTGTGCGGAAGACTCCTACACATACACACAGACACATGCACGTACACGGAGATGTACAGCTCTTCGTGCTCTCCACCACTACCCGCGGCCCTTTCCATCTCCCACCGTTGCCTGTTACTCGACGACTGGGTGTTCAAGATGCGCACCCGTACATTTCTCCGTGTAGTCTAGCGCTCTCTATGTTCTTCGCAGCGCCCTCGCCTGATGATGAGGAGCACCTCCGTGCGCGGTGCCACAATGTTCAGTGGCCCCACCCTGTGTGGCTAAGCCAGGGCGATGCACCGCTACTTGTGCCCAGCGGTTAGACCCTGGACGGCGTGGCGTCGGAGCGACCTGCGACAGTGAACACGCCCGTGCCATCCATGCGATAGGCCGCGTGCCAGCGCGACTCGGACGCATGTCACCCTCGGCCTTCGCACCGCCTACTGGTGCGGGGAGAGCCCGCGTGTCACACCCCGAGGGGGTTGGGGGGTGGGGAATGCGCCAGGGGTGGCGACCCGCGAGGCGGGGGCTTGCGAGCAGGTAGCGTGTGAGGCCCAGGCCCTGCTCAGGTAACTGAGTCGGCGCGGTGCTGCAACTCGCGTGTGTGTGCGGCCGCTTCGCACGACGCGGATGGTGGGGGGCCCGTGACGGGCTCTTGTGGTGGAGCGGCGCTCCGCTCATGCTGCAGAGCAGCGCGTGGATGCGGTAACGAAGAAATAGTGCCCGCTTCTTCACTGCCGCGCGCCATGTGTGAGGGTGCTCGGCCTCGGCGCACGTACAATTGTGTATATCATCATCTCGCCCTTCTCGTCCCGTCCGCTTCACTCCCTGCGCCACTATTCCGTGCACTAAAGCGCGCCATCTCCTTACGTCTTAACCCATCCCCATTCTTTCGCCTCCTTACGTCTGGATTGTGTAATGGCCCCTGACAACGCCCGTCCACACCAACGGAACGAGGTGCTG
Seq_10_LinJ.07_plus,Seq_8_LinJ.07_plus,99.580,476,1000,1000,2,0,258,733,263,738,0.0,869,plus,TGATGATGAGGAGCACCTCCGTGCGCGGTGCCACAATGTTCAGTGGCCCCACCCTGTGTGGCTAAGCCAGGGCGATGCACCGCTACTTGTGCCCAGCGGTTAGACCCTGGACGGCGTGGCGTCGGAGCGACCTGCGACAGTGAACACGCCCGTGCCATCCATGCGATAGGCCGCGTGCCAGCGCGACTCGGACGCATGTCACCCTCGGCCTTCGCACCGCCTACTGGTGCGGGGAGAGCCCGCGTGTCACACCCCGAGGGGGTTGGGGGGTGGGGAATGCGCCAGGGGTGGCGACCCGCGAGGCGGGGGCTTGCGAGCGGGTAGCGTGTGAGGCCCAGGCCCTGCTCAGGTGACTGAGTCGGCGCGGTGCTGCAACTCGCGTGTGTGTGCGGCCGCTTCGCACGACGCGGATGGTGGGGGGCCCGTGACGGGCTCTTGTGGTGGAGCGGCGCTCCGCTCATGCTGCAGAGCAGCGC
Seq_10_LinJ.07_plus,Seq_7_LinJ.07_plus,100.000,420,1000,1001,0,0,323,742,379,798,0.0,776,plus,GCCAGGGCGATGCACCGCTACTTGTGCCCAGCGGTTAGACCCTGGACGGCGTGGCGTCGGAGCGACCTGCGACAGTGAACACGCCCGTGCCATCCATGCGATAGGCCGCGTGCCAGCGCGACTCGGACGCATGTCACCCTCGGCCTTCGCACCGCCTACTGGTGCGGGGAGAGCCCGCGTGTCACACCCCGAGGGGGTTGGGGGGTGGGGAATGCGCCAGGGGTGGCGACCCGCGAGGCGGGGGCTTGCGAGCAGGTAGCGTGTGAGGCCCAGGCCCTGCTCAGGTAACTGAGTCGGCGCGGTGCTGCAACTCGCGTGTGTGTGCGGCCGCTTCGCACGACGCGGATGGTGGGGGGCCCGTGACGGGCTCTTGTGGTGGAGCGGCGCTCCGCTCATGCTGCAGAGCAGCGCGTGGATGCG
Seq_10_LinJ.07_plus,Seq_9_LinJ.07_plus,99.292,424,1000,1001,3,0,323,746,379,802,0.0,767,plus,GCCAGGGCGATGCACCGCTACTTCTGCCCAGCGGTTAGACCCTGGACGGCGTGGCGTCGGAGCGACCTGCGACAGTGAACACGCCCGTGCCATCCATGCGATAGGCCGCGTGCCAGCGCGACTCGGACGCATGTCACCCTCGGCCTTCGCACCGCCTACTGGTGCGGGGAGAGCCCGCGTGTCACACCCCGAGGGGGTTGGGGGGTGGGGAAGGCGCCAGGGGTGGCGACCCGCGAGGCGGGGGCTTGCGAGCAGGTAGCGTGTGAGGCCCAGGCCCTGCTCAGGTAACTGAGTCGGCGCGGTGCTGCAACTCGCGTGTGTGTGCGGCCGCTTCGCACGACGCGGATGGTGGGGGGCCCGTGACGGGCTCTTGTGGTGGAGCGGCGCTCCGCTCATGCTGTAGAGCAGCGCGTGGATGCGGTAA
Seq_10_LinJ.07_plus,Seq_12_LinJ.07_plus,98.045,358,1000,1000,4,3,323,678,355,711,6.61e-180,619,plus,GCCAGGGCGATGCACCGCTACTTGTGCCCAGCGGTTAGACCCTGGACGGCGTGGCGTCGGAGCGACCTGCGACAGTGAACACGCCCGTGCCATCCATGCGATAGGCCGCGTGCCAGCGCGACTCGGACGCATGTCACCCTCGGCCTTCGCACCGCCTACTGGTGCGGGGAGAGCCCGCGTGTCACACCCCGAGGGGGTT-GGGGGTGGGGAAGGCGCCAGGGGTGGCGACCCGCGAGGCGGGGGCTTGTGAGCAGGTAGCGTGTGAGGCCCAGGCCCTGCTCAGGTGACTGAGTCGGCGCGGTGCTGCAACTCGCGTGTGTGTGCGGCTGCTTCGCACGACGCGGATGGTTGGGTGGG
Seq_10_LinJ.07_plus,Seq_11_LinJ.07_plus,98.045,358,1000,1000,4,3,323,678,356,712,6.61e-180,619,plus,GCCAGGGCGATGCACCGCTACTTGTGCCCAGCGGTTAGACCCTGGACGGCGTGGCGTCGGAGCGACCTGCGACAGTGAACACGCCCGTGCCATCCATGCGATAGGCCGCGTGCCAGCGCGACTCGGACGCATGTCACCCTCGGCCTTCGCACCGCCTACTGGTGCGGGGAGAGCCCGCGTGTCACACCCCGAGGGGGTT-GGGGGTGGGGAAGGCGCCAGGGGTGGCGACCCGCGAGGCGGGGGCTTGCGAGCAGGTAGCGTGTGAGGCCCAGGCCCTGCTCAGGTGACTGAGTCGGCGCGGTGCTGCAACTCGCGTGTGTGTGCGGCTGCTTCGCACAACGCGGATGGTTGGGTGGG
Seq_11_LinJ.07_plus,Seq_11_LinJ.07_plus,100.000,1000,1000,1000,0,0,1,1000,1,1000,0.0,1847,plus,ATGTGTTTGAACCCCTGTAAAAGAAGAAGGTTCAGAAGGGCACAAGCTCTTCACCCTGTAAGCAGCCCTCCTCGCTTCATCTCTGTATGCGTACGCGTGGGTCTCTCTCTCTTAGCTCTCCTTCTCGTCGCTACCCGTGCACAAAATTGTCGATGCCTTTGTTCCTCTTGTGAGCAGTGCCTACCCGACGGCCTTGGGGGGGGGGGCTGCACACACACCCCTCTCCGCGCGTGGCACTGCAGGGCACAGTGTGTCCACTCTCTGTCTGGGAGGAAGCCGAGCAGACCCCCTATTCCTGCCCATGCCGAGCCACCTGTGGGTGGTAGCAGGGCCAAGCACCGACGACGCCGGGGAGGCCAGGGCGATGCACCGCTACTTGTGCCCAGCGGTTAGACCCTGGACGGCGTGGCGTCGGAGCGACCTGCGACAGTGAACACGCCCGTGCCATCCATGCGATAGGCCGCGTGCCAGCGCGACTCGGACGCATGTCACCCTCGGCCTTCGCACCGCCTACTGGTGCGGGGAGAGCCCGCGTGTCACACCCCGAGGGGGTTGGGGGTGGGGAAGGCGCCAGGGGTGGCGACCCGCGAGGCGGGGGCTTGCGAGCAGGTAGCGTGTGAGGCCCAGGCCCTGCTCAGGTGACTGAGTCGGCGCGGTGCTGCAACTCGCGTGTGTGTGCGGCTGCTTCGCACAACGCGGATGGTTGGGTGGGGGGCCTGTGCTCGGTGAGTGTGTGTGTGTGGGGGGGGAGGGTGGCGTTGAGTGGAGCTCGCGTTGCACGGCAGCGAAGTGGGCACGCTAGAAATGAGAAGAAAACATGCCGTCCTATCGTCATATTGCGCCGCTCAATGCGATGTCGCGGAACTGACAACGGCGCTGGTGTATACCCACGCTAACGCACAATTGCGCACATATCGTTGTGCCCGCCTCGCTCTGTCTTACCTCCGCCTCTCCAGCCATCACTCCTGCGGATCCGTCGCCTCGCCTCTGCCTCTCTCAC
Seq_11_LinJ.07_plus,Seq_12_LinJ.07_plus,98.826,596,1000,1000,5,2,203,797,203,797,0.0,1061,plus,GGGG-TGCACACACACCCCTCTCCGCGCGTGGCACCGCAGGGCCCAGTGTGTCCACTCTCTGTCTGGGAGGAAGCCGAGCAGACCCCCTATTCCTGCCCATGCCGAGCCACCTGTGGGTGGTAGCAGGGCCAAGCACCGACGACGCCGGGGAGGCCAGGGCGATGCACCGCTACTTGTGCCCAGCGGTTAGACCCTGGACGGCGTGGCGTCGGAGCGACCTGCGACAGTGAACACGCCCGTGCCATCCATGCGATAGGCCGCGTGCCAGCGCGACTCGGACGCATGTCACCCTCGGCCTTCGCACCGCCTACTGGTGCGGGGAGAGCCCGCGTGTCACACCCCGAGGGGGTTGGGGGTGGGGAAGGCGCCAGGGGTGGCGACCCGCGAGGCGGGGGCTTGTGAGCAGGTAGCGTGTGAGGCCCAGGCCCTGCTCAGGTGACTGAGTCGGCGCGGTGCTGCAACTCGCGTGTGTGTGCGGCTGCTTCGCACGACGCGGATGGTTGGGTGGGGGGCCTGTGCTCGGTGAGTGTGTGTGTGTGGGGGGGGGAGGGTGGCGTTGAGTGGAGCTCGCGTTGCACGGCAGCGAAGTAGGCAC
Seq_11_LinJ.07_plus,Seq_9_LinJ.07_plus,98.131,428,1000,1001,5,3,286,712,309,734,0.0,743,plus,CCCCCTATTCCTGCCCATGCCGAGCCACTTGTGGGTGGTAGCAGGGCCAAGCACCGACGACGCCGGGGAGGCCAGGGCGATGCACCGCTACTTCTGCCCAGCGGTTAGACCCTGGACGGCGTGGCGTCGGAGCGACCTGCGACAGTGAACACGCCCGTGCCATCCATGCGATAGGCCGCGTGCCAGCGCGACTCGGACGCATGTCACCCTCGGCCTTCGCACCGCCTACTGGTGCGGGGAGAGCCCGCGTGTCACACCCCGAGGGGGTTGGGGGGTGGGGAAGGCGCCAGGGGTGGCGACCCGCGAGGCGGGGGCTTGCGAGCAGGTAGCGTGTGAGGCCCAGGCCCTGCTCAGGTAACTGAGTCGGCGCGGTGCTGCAACTCGCGTGTGTGTGCGGCCGCTTCGCACGACGCGGATGGT-GGG-GGG
Seq_11_LinJ.07_plus,Seq_7_LinJ.07_plus,98.131,428,1000,1001,5,3,286,712,309,734,0.0,743,plus,CCCCCTATTCCTGCCCATGCCGAGCCACTTGTGGGTGGTAGCAGGGCCAAGCACCGACGACGCCGGGGAGGCCAGGGCGATGCACCGCTACTTGTGCCCAGCGGTTAGACCCTGGACGGCGTGGCGTCGGAGCGACCTGCGACAGTGAACACGCCCGTGCCATCCATGCGATAGGCCGCGTGCCAGCGCGACTCGGACGCATGTCACCCTCGGCCTTCGCACCGCCTACTGGTGCGGGGAGAGCCCGCGTGTCACACCCCGAGGGGGTTGGGGGGTGGGGAATGCGCCAGGGGTGGCGACCCGCGAGGCGGGGGCTTGCGAGCAGGTAGCGTGTGAGGCCCAGGCCCTGCTCAGGTAACTGAGTCGGCGCGGTGCTGCAACTCGCGTGTGTGTGCGGCCGCTTCGCACGACGCGGATGGT-GGG-GGG
Seq_11_LinJ.07_plus,Seq_10_LinJ.07_plus,98.045,358,1000,1000,4,3,356,712,323,678,6.61e-180,619,plus,GCCAGGGCGATGCACCGCTACTTGTGCCCAGCGGTTAGACCCTGGACGGCGTGGCGTCGGAGCGACCTGCGACAGTGAACACGCCCGTGCCATCCATGCGATAGGCCGCGTGCCAGCGCGACTCGGACGCATGTCACCCTCGGCCTTCGCACCGCCTACTGGTGCGGGGAGAGCCCGCGTGTCACACCCCGAGGGGGTTGGGGGGTGGGGAATGCGCCAGGGGTGGCGACCCGCGAGGCGGGGGCTTGCGAGCAGGTAGCGTGTGAGGCCCAGGCCCTGCTCAGGTAACTGAGTCGGCGCGGTGCTGCAACTCGCGTGTGTGTGCGGCCGCTTCGCACGACGCGGATGGT-GGG-GGG
Seq_11_LinJ.07_plus,Seq_8_LinJ.07_plus,98.045,358,1000,1000,4,3,356,712,328,683,6.61e-180,619,plus,GCCAGGGCGATGCACCGCTACTTGTGCCCAGCGGTTAGACCCTGGACGGCGTGGCGTCGGAGCGACCTGCGACAGTGAACACGCCCGTGCCATCCATGCGATAGGCCGCGTGCCAGCGCGACTCGGACGCATGTCACCCTCGGCCTTCGCACCGCCTACTGGTGCGGGGAGAGCCCGCGTGTCACACCCCGAGGGGGTTGGGGGGTGGGGAATGCGCCAGGGGTGGCGACCCGCGAGGCGGGGGCTTGCGAGCGGGTAGCGTGTGAGGCCCAGGCCCTGCTCAGGTGACTGAGTCGGCGCGGTGCTGCAACTCGCGTGTGTGTGCGGCCGCTTCGCACGACGCGGATGGT-GGG-GGG
Seq_12_LinJ.07_plus,Seq_12_LinJ.07_plus,100.000,1000,1000,1000,0,0,1,1000,1,1000,0.0,1847,plus,AAAGAGGCGGACTGTACCACACAAGCTGTCTCCTTCACGCCCCTTTCTCGCTTGCACCTTTCGGGTACAGTGAACTTGTCTGGGTCTCTCTCTCGGTGGGCGTCTCTGTCGATGACACTGCTTCGCACGGTGCCGGCACCGGCTTTCTCCTTTACTGCTGCCTATGTCTCTTTCCTCCATCTGCTGAGGACGTTTTTCGGATGGGGTGCACACACACCCCTCTCCGCGCGTGGCACCGCAGGGCCCAGTGTGTCCACTCTCTGTCTGGGAGGAAGCCGAGCAGACCCCCTATTCCTGCCCATGCCGAGCCACCTGTGGGTGGTAGCAGGGCCAAGCACCGACGACGCCGGGGAGGCCAGGGCGATGCACCGCTACTTGTGCCCAGCGGTTAGACCCTGGACGGCGTGGCGTCGGAGCGACCTGCGACAGTGAACACGCCCGTGCCATCCATGCGATAGGCCGCGTGCCAGCGCGACTCGGACGCATGTCACCCTCGGCCTTCGCACCGCCTACTGGTGCGGGGAGAGCCCGCGTGTCACACCCCGAGGGGGTTGGGGGTGGGGAAGGCGCCAGGGGTGGCGACCCGCGAGGCGGGGGCTTGTGAGCAGGTAGCGTGTGAGGCCCAGGCCCTGCTCAGGTGACTGAGTCGGCGCGGTGCTGCAACTCGCGTGTGTGTGCGGCTGCTTCGCACGACGCGGATGGTTGGGTGGGGGGCCTGTGCTCGGTGAGTGTGTGTGTGTGGGGGGGGGAGGGTGGCGTTGAGTGGAGCTCGCGTTGCACGGCAGCGAAGTAGGCACAAGGGGGAATGGCGGGGCTGGCATCTCCTCTTTTCCGTTTTCCGTTTGATGCACAGTGGGGTAAGGCGGCTCCACGATCTTGTGTGTGTGCGTGAGAATGTGGAAGTGGCCCTCCCCTCAGCACGGCGTCTTCTTTTTTTTTTTCGCTCTCCTCGTTGCCGATGAGGGGTTTGCGCTGCGCCGAGACGAACTTCATGTGGAGG
Seq_12_LinJ.07_plus,Seq_11_LinJ.07_plus,98.826,596,1000,1000,5,2,203,797,203,797,0.0,1061,plus,GGGGCTGCACACACACCCCTCTCCGCGCGTGGCACTGCAGGGCACAGTGTGTCCACTCTCTGTCTGGGAGGAAGCCGAGCAGACCCCCTATTCCTGCCCATGCCGAGCCACCTGTGGGTGGTAGCAGGGCCAAGCACCGACGACGCCGGGGAGGCCAGGGCGATGCACCGCTACTTGTGCCCAGCGGTTAGACCCTGGACGGCGTGGCGTCGGAGCGACCTGCGACAGTGAACACGCCCGTGCCATCCATGCGATAGGCCGCGTGCCAGCGCGACTCGGACGCATGTCACCCTCGGCCTTCGCACCGCCTACTGGTGCGGGGAGAGCCCGCGTGTCACACCCCGAGGGGGTTGGGGGTGGGGAAGGCGCCAGGGGTGGCGACCCGCGAGGCGGGGGCTTGCGAGCAGGTAGCGTGTGAGGCCCAGGCCCTGCTCAGGTGACTGAGTCGGCGCGGTGCTGCAACTCGCGTGTGTGTGCGGCTGCTTCGCACAACGCGGATGGTTGGGTGGGGGGCCTGTGCTCGGTGAGTGTGTGTGTGT-GGGGGGGGAGGGTGGCGTTGAGTGGAGCTCGCGTTGCACGGCAGCGAAGTGGGCAC
Seq_12_LinJ.07_plus,Seq_9_LinJ.07_plus,98.131,428,1000,1001,5,3,285,711,309,734,0.0,743,plus,CCCCCTATTCCTGCCCATGCCGAGCCACTTGTGGGTGGTAGCAGGGCCAAGCACCGACGACGCCGGGGAGGCCAGGGCGATGCACCGCTACTTCTGCCCAGCGGTTAGACCCTGGACGGCGTGGCGTCGGAGCGACCTGCGACAGTGAACACGCCCGTGCCATCCATGCGATAGGCCGCGTGCCAGCGCGACTCGGACGCATGTCACCCTCGGCCTTCGCACCGCCTACTGGTGCGGGGAGAGCCCGCGTGTCACACCCCGAGGGGGTTGGGGGGTGGGGAAGGCGCCAGGGGTGGCGACCCGCGAGGCGGGGGCTTGCGAGCAGGTAGCGTGTGAGGCCCAGGCCCTGCTCAGGTAACTGAGTCGGCGCGGTGCTGCAACTCGCGTGTGTGTGCGGCCGCTTCGCACGACGCGGATGGT-GGG-GGG
Seq_12_LinJ.07_plus,Seq_7_LinJ.07_plus,98.131,428,1000,1001,5,3,285,711,309,734,0.0,743,plus,CCCCCTATTCCTGCCCATGCCGAGCCACTTGTGGGTGGTAGCAGGGCCAAGCACCGACGACGCCGGGGAGGCCAGGGCGATGCACCGCTACTTGTGCCCAGCGGTTAGACCCTGGACGGCGTGGCGTCGGAGCGACCTGCGACAGTGAACACGCCCGTGCCATCCATGCGATAGGCCGCGTGCCAGCGCGACTCGGACGCATGTCACCCTCGGCCTTCGCACCGCCTACTGGTGCGGGGAGAGCCCGCGTGTCACACCCCGAGGGGGTTGGGGGGTGGGGAATGCGCCAGGGGTGGCGACCCGCGAGGCGGGGGCTTGCGAGCAGGTAGCGTGTGAGGCCCAGGCCCTGCTCAGGTAACTGAGTCGGCGCGGTGCTGCAACTCGCGTGTGTGTGCGGCCGCTTCGCACGACGCGGATGGT-GGG-GGG
Seq_12_LinJ.07_plus,Seq_10_LinJ.07_plus,98.045,358,1000,1000,4,3,355,711,323,678,6.61e-180,619,plus,GCCAGGGCGATGCACCGCTACTTGTGCCCAGCGGTTAGACCCTGGACGGCGTGGCGTCGGAGCGACCTGCGACAGTGAACACGCCCGTGCCATCCATGCGATAGGCCGCGTGCCAGCGCGACTCGGACGCATGTCACCCTCGGCCTTCGCACCGCCTACTGGTGCGGGGAGAGCCCGCGTGTCACACCCCGAGGGGGTTGGGGGGTGGGGAATGCGCCAGGGGTGGCGACCCGCGAGGCGGGGGCTTGCGAGCAGGTAGCGTGTGAGGCCCAGGCCCTGCTCAGGTAACTGAGTCGGCGCGGTGCTGCAACTCGCGTGTGTGTGCGGCCGCTTCGCACGACGCGGATGGT-GGG-GGG
Seq_12_LinJ.07_plus,Seq_8_LinJ.07_plus,98.045,358,1000,1000,4,3,355,711,328,683,6.61e-180,619,plus,GCCAGGGCGATGCACCGCTACTTGTGCCCAGCGGTTAGACCCTGGACGGCGTGGCGTCGGAGCGACCTGCGACAGTGAACACGCCCGTGCCATCCATGCGATAGGCCGCGTGCCAGCGCGACTCGGACGCATGTCACCCTCGGCCTTCGCACCGCCTACTGGTGCGGGGAGAGCCCGCGTGTCACACCCCGAGGGGGTTGGGGGGTGGGGAATGCGCCAGGGGTGGCGACCCGCGAGGCGGGGGCTTGCGAGCGGGTAGCGTGTGAGGCCCAGGCCCTGCTCAGGTGACTGAGTCGGCGCGGTGCTGCAACTCGCGTGTGTGTGCGGCCGCTTCGCACGACGCGGATGGT-GGG-GGG
Seq_13_LinJ.07_plus,Seq_19_LinJ.07_minus,100.000,1000,1001,1000,0,0,1,1000,1000,1,0.0,1847,minus,GGCGGCTTGACCCGACAGCAGGCCACCGCCGCTTCCCTTTCCGTGAACATCACCACTCTTCTCCCTTCCCTTTTTTTTCTGTCGCTACGCTATCCAGTCCCAGCATGCTCCCCACCCCGCCCTACAGGTGCAGGTCTACAGACCCACATCAACACACTGGGAGCCCCAGGCAGCTCGGCTTGGGGAGGCTGTGTGCACGCGCGCACTAGCGGGCGGCACATCCATACGTGATTCTCGTCCCCTTTTCGCCGCAGCCGTCACGACTGATGAAGAACCGCGCACACGAACCACTCGCGGAGGCGGCGCAGCCGTTGTGCAGGCGGGGGGCCTCTGAGGGCCCTGGCCTGAGGCTGGCGGACTTCCTCCTCGAGCGCATGCGGCATGCACCTGGACCACCCCCTATTACCTGCACGACAGCCGCCACCGCCCTGGGGCAGGACCCTGGGCGCGGCCCGCCTGGATCCAGGCGTGCAGTCCACGGGAGTGTCGGTCTGGCGCCGATGACGGGGCATTTATGAGAAGGGACGGGGAGAGACAAGCAGAGCCGGTGGGACGCATGGCCTCGACGGCGGAACGGCTTGTCCTCCACGACCAGGATTCAGCCGTAGTGCGACAGAGGTTGATGGAGTGTAGCTGTATGCGCATATATGTGTTGACTTGTTCGTGGTATAGGATGTCAGGCTGAGCGAAGAAAAAGAAAGTGTCTCCTGGTCGTGGGCGCCTCTTTTATTGCTATGCATTTCTGCTGTTCTGCTGCTTTCCGGGGTCGCAGCCACTTGGACAGCGGGAGGGTCGGTCCCCTGTACCGCCACCTCTCTCCCTCTCTCGCAATAACGCTTCTCGTGCCCACCGCCCACACCCACTCCGCTCTGAGGCGCACGTTCCAATCATCTGCTGTATCTTGTGTGCTCTGCACGCCTGCGCTCGGTTGTGCGCAGGCCGTCGAAGGCTTCAAGGGAGAAGGGGAGCGAAGGACAACAGTCGAGGTCGTCGCGGCCAT
Seq_13_LinJ.07_plus,Seq_25_LinJ.07_minus,98.977,391,1001,1001,3,1,302,691,401,11,0.0,699,minus,GGCGAAGCACGGCGTGCAGGCGGGGGGCCTCTGAGGGCCCTGGCCTGAGGCTGGCGGACTTCCTCCTCGAGCGCATGCGGCATGCACCTGGACCACCCCCTATTACCTGCACGACAGCCGCCACCGCCCTGGGGCAGGACCCTGGGCGCGGCCCGCCTGGATCCAGGCGTGCAGTCCACGGGAGTGTCGGTCTGGCGCCGATGACGGGGCATTTATGAGAAGGGACGGGGAGAGACAAGCAGAGCCGGTGGGACGCATGGCCTCGACGGCGGAACGGCTTGTCCTCCACGACCAGGATTCAGCCGTAGTGCGACAGAGGTTGATGGAGTGTAGCTGTATGCGCATATATGTGTTGACTTGTTCGTGGTATAGGATGTCAGGCTGAGCGAAG
Seq_13_LinJ.07_plus,Seq_15_LinJ.07_plus,98.977,391,1001,1001,3,1,302,691,603,993,0.0,699,plus,GGCGAAGCACGGCGTGCAGGCGGGGGGCCTCTGAGGGCCCTGGCCTGAGGCTGGCGGACTTCCTCCTCGAGCGCATGCGGCATGCACCTGGACCACCCCCTATTACCTGCACGACAGCCGCCACCGCCCTGGGGCAGGACCCTGGGCGCGGCCCGCCTGGATCCAGGCGTGCAGTCCACGGGAGTGTCGGTCTGGCGCCGATGACGGGGCATTTATGAGAAGGGACGGGGAGAGACAAGCAGAGCCGGTGGGACGCATGGCCTCGACGGCGGAACGGCTTGTCCTCCACGACCAGGATTCAGCCGTAGTGCGACAGAGGTTGATGGAGTGTAGCTGTATGCGCATATATGTGTTGACTTGTTCGTGGTATAGGATGTCAGGCTGAGCGAAG
Seq_14_LinJ.07_plus,Seq_18_LinJ.07_minus,96.844,507,1001,1001,15,1,233,739,560,55,0.0,846,minus,CCGCTACACTCGACCCTGCGGGCTGAGGGGGCATTGGCGCGGGGGGGG-CAGTGAGGGCACCCCGAGCTGCAGCACCGAGTCCTCCAGACTCTGCTGTGGGGAGTCTCCGCGCCATATTACGGGATGTGGCGGCTTGGGGCGGCTGGGGGGGGGCGTGGCGCGCGGGCGGGGCACAGAGTCTCGGGGGTCCCTGGCCTGGGGCCGGCCAGCTGCCTCCTTGGGTCCACTCGGCATGCGCCTTGGCCATCCCGTGCCACCACCCGCGCGACAGACGCTATCGCCACTGCCCTCGCGCAGGGCGCTGGACGCGGCCGGCGTGGATCAAGGCGTGCGGCCCACTCGGGTGTCCGCGTGGGGCCGATCACGGGGCACGCGCGCGAGGAAGGGGCGGGTCGCGGACACGGGGGGCCCGCTAGACGCGTGGACCCGATCCGACGCCAGGACGGCTGGCCCTCGCGCGCCAGGGCGTAGCCGCGGCGCAACAGAGGTGAGTGAGCTGTAGCTGT
Seq_14_LinJ.07_plus,Seq_1_LinJ.07_plus,98.030,203,1001,1000,4,0,799,1001,614,412,7.41e-100,353,minus,CCCGATGCTTGCCGTAGAACAGGAGCTCCACTTCTCTCTCGAGCCCCGGCCTTTCACAGGCACCGCATCCGCGTGGTGCGAAGCACCGGTAGACACGCGTTGCAGCAGTGCGCCGGCCCGGTCGCCCGAGGAGGGCCCGTGCCCTCAAGCGCCACCCACCCACCCCGCGCATCGTAGGGTGGCTCTCAGGCGCCCCACACCCA
Seq_14_LinJ.07_plus,Seq_17_LinJ.07_minus,98.561,139,1001,1000,2,0,861,999,532,394,1.29e-67,246,minus,CCGCATCCGCGTGGTGCGAAGCACCGGTAGACACGCGTTGCAGCAGTGCGCCGACCCGGTCGCCCGAGGAGGGCCCGTGCCCTCAAGCGCCGCCCACCCACCCCGCGCACCGTAGGGTGGCTCTCAGGCGCCCCACACC
Seq_14_LinJ.07_plus,Seq_4_LinJ.07_plus,98.561,139,1001,1000,2,0,861,999,532,394,1.29e-67,246,minus,CCGCATCCGCGTGGTGCGAAGCACCGGTAGACACGCGTTGCAGCAGTGCGCCGACCCGGTCGCCCGAGGAGGGCCCGTGCCCTCAAGCGCCGCCCACCCACCCCGCGCACCGTAGGGTGGCTCTCAGGCGCCCCACACC
Seq_14_LinJ.07_plus,Seq_3_LinJ.07_plus,98.561,139,1001,1000,2,0,861,999,532,394,1.29e-67,246,minus,CCGCATCCGCGTGGTGCGAAGCACCGGTAGACACGCGTTGCAGCAGTGCGCCGACCCGGTCGCCCGAGGAGGGCCCGTGCCCTCAAGCGCCGCCCACCCACCCCGCGCACCGTAGGGTGGCTCTCAGGCGCCCCACACC
Seq_14_LinJ.07_plus,Seq_5_LinJ.07_plus,97.842,139,1001,1000,3,0,861,999,536,398,6.02e-66,241,minus,CCGCATCCGTGTGGTGCGAAGCACCGGTAGACACGCGTTGCAGCAGTGCGCCGACCCGGTCGCCCGAGGAGGGCCCGTGCCCTCAAGCGCCGCCCACCCACCCCGCGCACCGTAGGGTGGCTCTCAGGCGCCCCACACC
Seq_14_LinJ.07_plus,Seq_2_LinJ.07_plus,97.842,139,1001,1000,3,0,861,999,536,398,6.02e-66,241,minus,CCGCATCCGTGTGGTGCGAAGCACCGGTAGACACGCGTTGCAGCAGTGCGCCGACCCGGTCGCCCGAGGAGGGCCCGTGCCCTCAAGCGCCGCCCACCCACCCCGCGCACCGTAGGGTGGCTCTCAGGCGCCCCACACC
Seq_15_LinJ.07_plus,Seq_25_LinJ.07_minus,100.000,999,1001,1001,0,0,3,1001,1001,3,0.0,1845,minus,TATCGGTGTGCCCCTTTAGAAGGACAGGCCTCATGAGTTCTTTGTGCGCAGGCACAAGTCTCTCCGCGGGCCTCTTCTGCTTGACATGCTCGCTCCTGCCAAAGGCCTGCGGGCTCAGGAGAAAACGGAATGCCCCTGCTGCCACAGACTCATGGCGGCGCCCCATGTGTCGCGGCACATGCGGGCGAGCCATCCGGGCGCGCCCCCCGCGACATCGACGGAAATGGAGGACGATGACAGCGATCCCCCCAGGCAGCAACGCCGTCCTGGGGCAGACCCGAAGATCCGAAAATGCGAGCACTGCGCGCAGACGCTGCATAGCATAGCTGGCATGGTGCATCACATCCGAGAAAGGCGTGCAGCAGCCCGAAGAGCACGAGCGATGGACGAGAACGGCGCAAAGAGATGCACACCGACCAACTCCACAGCGCATGCGCGCGACATGTGCGGCGTCTCCTGCATCCGGCTGGGTGGGCTGGCGCAGCACAGATGCCGAAAACATGACGAGAGCGCCGCGTACGGCACCACGGAGTTCTCCAGACTCCGCTGTGGAGAGTCTCCACACCACATTATGGAATGCTGCGGCTGGAGGCGACCGAGGGCGAAGCACGGCGTGCAGGCGGGGGGCCTCTGAGGGCCCTGGCCTGAGGCTGGCGGACTTCCTCCTCGAGCGCATGCGGCATGCACCTGGACCACCCCCTATTACCTGCACGACAGCCGCCACCGCCCTGGGGCAGGACCCTGGGCGCGGCCCGCCTGGATCCAGGCGTGCAGTCCACGGGAGTGTCGGTCTGGCGCCGATGACGGGGCATTTATGAGAAGGGACGGGGAGAGACAAGCAGAGCCGGTGGGACGCATGGCCTCGACGGCGGAACGGCTTGTCCTCCACGACCAGGATTCAGCCGTAGTGCGACAGAGGTTGATGGAGTGTAGCTGTATGCGCATATATGTGTTGACTTGTTCGTGGTATAGGATGTCAGGCTGAGCGAAGTGGCACTT
Seq_15_LinJ.07_plus,Seq_16_LinJ.07_plus,100.000,409,1001,1000,0,0,34,442,592,1000,0.0,756,plus,CATGAGTTCTTTGTGCGCAGGCACAAGTCTCTCCGCGGGCCTCTTCTGCTTGACATGCTCGCTCCTGCCAAAGGCCTGCGGGCTCAGGAGAAAACGGAATGCCCCTGCTGCCACAGACTCATGGCGGCGCCCCATGTGTCGCGGCACATGCGGGCGAGCCATCCGGGCGCGCCCCCCGCGACATCGACGGAAATGGAGGACGATGACAGCGATCCCCCCAGGCAGCAACGCCGTCCTGGGGCAGACCCGAAGATCCGAAAATGCGAGCACTGCGCGCAGACGCTGCATAGCATAGCTGGCATGGTGCATCACATCCGAGAAAGGCGTGCAGCAGCCCGAAGAGCACGAGCGATGGACGAGAACGGCGCAAAGAGATGCACACCGACCAACTCCACAGCGCATGCGCGCG
Seq_15_LinJ.07_plus,Seq_19_LinJ.07_minus,98.977,391,1001,1000,3,1,603,993,699,310,0.0,699,minus,GGCGCAGC-CGTTGTGCAGGCGGGGGGCCTCTGAGGGCCCTGGCCTGAGGCTGGCGGACTTCCTCCTCGAGCGCATGCGGCATGCACCTGGACCACCCCCTATTACCTGCACGACAGCCGCCACCGCCCTGGGGCAGGACCCTGGGCGCGGCCCGCCTGGATCCAGGCGTGCAGTCCACGGGAGTGTCGGTCTGGCGCCGATGACGGGGCATTTATGAGAAGGGACGGGGAGAGACAAGCAGAGCCGGTGGGACGCATGGCCTCGACGGCGGAACGGCTTGTCCTCCACGACCAGGATTCAGCCGTAGTGCGACAGAGGTTGATGGAGTGTAGCTGTATGCGCATATATGTGTTGACTTGTTCGTGGTATAGGATGTCAGGCTGAGCGAAG
Seq_15_LinJ.07_plus,Seq_13_LinJ.07_plus,98.977,391,1001,1001,3,1,603,993,302,691,0.0,699,plus,GGCGCAGC-CGTTGTGCAGGCGGGGGGCCTCTGAGGGCCCTGGCCTGAGGCTGGCGGACTTCCTCCTCGAGCGCATGCGGCATGCACCTGGACCACCCCCTATTACCTGCACGACAGCCGCCACCGCCCTGGGGCAGGACCCTGGGCGCGGCCCGCCTGGATCCAGGCGTGCAGTCCACGGGAGTGTCGGTCTGGCGCCGATGACGGGGCATTTATGAGAAGGGACGGGGAGAGACAAGCAGAGCCGGTGGGACGCATGGCCTCGACGGCGGAACGGCTTGTCCTCCACGACCAGGATTCAGCCGTAGTGCGACAGAGGTTGATGGAGTGTAGCTGTATGCGCATATATGTGTTGACTTGTTCGTGGTATAGGATGTCAGGCTGAGCGAAG
Seq_16_LinJ.07_plus,Seq_16_LinJ.07_plus,100.000,1000,1000,1000,0,0,1,1000,1,1000,0.0,1847,plus,CTTCTTTTGTGTATATGGTGTGCTCGTGCACGCGTGTTGTGCGTTGCCGATGACTCTTCGTGATGTGTAATGGCCTCCATTACCGTCTTGCTCCACGCCGCAGCAGCCGCGGATCGTTGTGCTACATCGGAGGCTTCTCCTGCTCCCACCCCCTCCTCCCTCCCCCGATGCGTCCGCTTCGGGCCTGCATCGCCCTCCCTTTTACGTATATATATATATTTCCTCCATTGCTGCTTGCTTTCCTCGTGCGTAAGAGCTTTCGGGCTACTGCGAGGCCCTTCCTTCTTTGCGTTTCTGCGAGCCCGTTGTATTGCGCATCTTCATTGTTGTGTGCACGCCCTGATGATGCCGGGCTACCGAAACTCTGCGTGCGTGGTGTTAGGGTCCAGCATCTCCACCCTGTGTGTGTGTGTGTGTGTGTGTGTGAGGGGGAGGCCAAGCGGCCTGCAGCCGGCCCTTGGGCGCGACTGCGGACTTGTGGTGTTGACGGATACGTGTGGACTGGCGCGGCGCTGAGGAGACGTGCGCTCATGATCAGGCTTGTACCCGCTCACTGAGAATCGTGTCGGCGATCAAACCATTATCGGGCGCCATGAGTTCTTTGTGCGCAGGCACAAGTCTCTCCGCGGGCCTCTTCTGCTTGACATGCTCGCTCCTGCCAAAGGCCTGCGGGCTCAGGAGAAAACGGAATGCCCCTGCTGCCACAGACTCATGGCGGCGCCCCATGTGTCGCGGCACATGCGGGCGAGCCATCCGGGCGCGCCCCCCGCGACATCGACGGAAATGGAGGACGATGACAGCGATCCCCCCAGGCAGCAACGCCGTCCTGGGGCAGACCCGAAGATCCGAAAATGCGAGCACTGCGCGCAGACGCTGCATAGCATAGCTGGCATGGTGCATCACATCCGAGAAAGGCGTGCAGCAGCCCGAAGAGCACGAGCGATGGACGAGAACGGCGCAAAGAGATGCACACCGACCAACTCCACAGCGCATGCGCGCG
Seq_16_LinJ.07_plus,Seq_25_LinJ.07_minus,100.000,409,1000,1001,0,0,592,1000,970,562,0.0,756,minus,CATGAGTTCTTTGTGCGCAGGCACAAGTCTCTCCGCGGGCCTCTTCTGCTTGACATGCTCGCTCCTGCCAAAGGCCTGCGGGCTCAGGAGAAAACGGAATGCCCCTGCTGCCACAGACTCATGGCGGCGCCCCATGTGTCGCGGCACATGCGGGCGAGCCATCCGGGCGCGCCCCCCGCGACATCGACGGAAATGGAGGACGATGACAGCGATCCCCCCAGGCAGCAACGCCGTCCTGGGGCAGACCCGAAGATCCGAAAATGCGAGCACTGCGCGCAGACGCTGCATAGCATAGCTGGCATGGTGCATCACATCCGAGAAAGGCGTGCAGCAGCCCGAAGAGCACGAGCGATGGACGAGAACGGCGCAAAGAGATGCACACCGACCAACTCCACAGCGCATGCGCGCG
Seq_16_LinJ.07_plus,Seq_15_LinJ.07_plus,100.000,409,1000,1001,0,0,592,1000,34,442,0.0,756,plus,CATGAGTTCTTTGTGCGCAGGCACAAGTCTCTCCGCGGGCCTCTTCTGCTTGACATGCTCGCTCCTGCCAAAGGCCTGCGGGCTCAGGAGAAAACGGAATGCCCCTGCTGCCACAGACTCATGGCGGCGCCCCATGTGTCGCGGCACATGCGGGCGAGCCATCCGGGCGCGCCCCCCGCGACATCGACGGAAATGGAGGACGATGACAGCGATCCCCCCAGGCAGCAACGCCGTCCTGGGGCAGACCCGAAGATCCGAAAATGCGAGCACTGCGCGCAGACGCTGCATAGCATAGCTGGCATGGTGCATCACATCCGAGAAAGGCGTGCAGCAGCCCGAAGAGCACGAGCGATGGACGAGAACGGCGCAAAGAGATGCACACCGACCAACTCCACAGCGCATGCGCGCG
Seq_17_LinJ.07_minus,Seq_17_LinJ.07_minus,100.000,1000,1000,1000,0,0,1,1000,1,1000,0.0,1847,plus,GCACGAGAGTCGGGCACTGACGAAGGCAGGCGGTATTCTCTTCGGCTCTTTCACCATTCAGCGCCGCCCTCATGACGTGGGCACAAACACCTCCGCGCGTGGCATCCCCGGGTCCGGTGTGTCCAGCTCGGTCTGGGTGGACGCCGAGCAGCCCCCTCTCCCCGCCCCCATCCCGGCCGAATGCCGAGCCACTTCTGGCGGTGCGCGTGCCAAGCGCCTACGACGTGGGCGAGTGAGAGCGAGTCGTCGCTGCGGATGTCGGCGGGCGGGTCCTGGACGGCGTGGCGCCGGGGCGAGCGGCGGCAGTGAACGCGTTTGTGGTTCTCATCGGATAGGCAAAAAGTGTCCGCGCGACTCGAGCGTATGCCACACCCGGCCCTCGCACCGCCTGCTGGTGTGGGGCGCCTGAGAGCCACCCTACGGTGCGCGGGGTGGGTGGGCGGCGCTTGAGGGCACGGGCCCTCCTCGGGCGACCGGGTCGGCGCACTGCTGCAACGCGTGTCTACCGGTGCTTCGCACCACGCGGATGCGGCCTGCGACAGGGTCGGGGGTGGAGCGGCGTTGGATCTCACGTTGTGCGGCAGAGAAATGAGGCACGCTAATGCGAAAGGAAGCGCATGTCTTCCGTGTTTTTCCAGCTGCTTCTGATGGGGCTGTGCTCGCGAGGGTCCAGCCATGACGTACGTCATGCGCAAGGCTCTTGGAAAGGCCCCATGAAAGGCGCACAGACATGCCCGCACAGCCATCTGGCCACCAATAACGCACCGCTGTGATCACCACCACCACTCGTCTCCTGCCCTCACTTCTGTCCGCCACGCCACCCGCTCGTCCTCCTTTTATTGGTGACCTTCTCGGCGTAGTCACGGCGCGAGTGGCAAGGAGAGATGGGGCAGGCTTGTGCCGGCCAACGACAGACCGCAGGCACATCCGCACCTTGTTTTGCCCGACCGTCCACGATGCGTATCATCTCTTGTCCCATGTGCACCAGCCCGCGGCTGCC
Seq_17_LinJ.07_minus,Seq_5_LinJ.07_plus,98.887,539,1000,1000,4,2,57,595,62,598,0.0,961,plus,TTCA-CGCCGCCCTCATGACGTGGGCACAAACACCTCCGCGCGTGGCATCTCCGGGTCCGGTGTGTCCAGCTCGGTCTGGGTGGACGCCGAGCAGCCCCCTCTCCCCGCCCCCATCCCGGCCGAATGCCGAGCCACTTCTGGCGGTGCGCGTGCCAAGCGCCTACGACGTGGGCGAGTGAGAGCGAGTCGTCGCTGCGGATGTCGGCGGGCGGGTCCCGGACGGCGTGGCGCCGGGGCGAGCGGCGGCAGTGAACGCGTTTGTGGTTCTCATCGGATAGGCAAAAAGTGTCCGCGCGACTCGAGCGTATGCCACACCCGGCCCTCGCACCGCCTGCTGGTGTGGGGCGCCTGAGAGCCACCCTACGGTGCGCGGGGTGGGTGGGCGGCGCTTGAGGGCACGGGCCCTCCTCGGGCGACCGGGTCGGCGCACTGCTGCAACGCGTGTCTACCGGTGCTTCGCACCACACGGATGCGGCCTGCGACAGGGTCGGGGGTGGAGCGGCGTTGGACCTCACGTTGTGCGGCAGAGAAAT-AGGC
Seq_17_LinJ.07_minus,Seq_3_LinJ.07_plus,99.248,532,1000,1000,3,1,57,588,58,588,0.0,959,plus,TTCA-CGCCGCCCTCATGACGTGGGCACAAACACCTCCGCGCGTGGCATCTCCGGGTCCGGTGTGTCCAGCTCGGTCTGGGTGGACGCCGAGCAGCCCCCTCTCCCCGCCCCCATCCCGGCCGAATGCCGAGCCACTTCTGGCGGTGCGCGTGCCAAGCGCCTACGACGTGGGCGAGTGAGAGCGAGTCGTCGCTGCGGATGTCGGCGGGCGGGTCCTGGACGGCGTGGCGCCGGGGCGAGCGGCGGCAGTGAACGCGTTTGTGGTTCTCATTGGATAGGCAAAAAGTGTCCGCGCGACTCGAGCGTATGCCACACCCGGCCCTCGCACCGCCTGCTGGTGTGGGGCGCCTGAGAGCCACCCTACGGTGCGCGGGGTGGGTGGGCGGCGCTTGAGGGCACGGGCCCTCCTCGGGCGACCGGGTCGGCGCACTGCTGCAACGCGTGTCTACCGGTGCTTCGCACCACGCGGATGCGGCCTGCGACAGGGTCGGGGGTGGAGCGGCGTTGGACCTCACGTTGTGCGGCAGAGAA
Seq_17_LinJ.07_minus,Seq_4_LinJ.07_plus,99.417,515,1000,1000,3,0,81,595,81,595,0.0,935,plus,GCACACACACCTCCGCGCGTGGCATCTCCGGGTCCGGTGTGTCCAGCTCGGTCTGGGTGGACGCCGAGCAGCCCCCTCTCCCCGCCCCCATCCCGGCCGAATGCCGAGCCACTTCTGGCGGTGCGCGTGCCAAGCGCCTACGACGTGGGCGAGTGAGAGCGAGTCGTCGCTGCGGATGTCGGCGGGCGGGTCCTGGACGGCGTGGCGCCGGGGCGAGCGGCGGCAGTGAACGCGTTTGTGGTTCTCATTGGATAGGCAAAAAGTGTCCGCGCGACTCGAGCGTATGCCACACCCGGCCCTCGCACCGCCTGCTGGTGTGGGGCGCCTGAGAGCCACCCTACGGTGCGCGGGGTGGGTGGGCGGCGCTTGAGGGCACGGGCCCTCCTCGGGCGACCGGGTCGGCGCACTGCTGCAACGCGTGTCTACCGGTGCTTCGCACCACGCGGATGCGGCCTGCGACAGGGTCGGGGGTGGAGCGGCGTTGGATCTCACGTTGTGCGGCAGAGAAATGAGGC
Seq_17_LinJ.07_minus,Seq_2_LinJ.07_plus,98.856,437,1000,1000,4,1,160,596,164,599,0.0,778,plus,CCCCGCCCCCATCCCGGCCGAATGCCGAGCCACTTCTGGCGGTGCGCGTGCCAAGCGCCTACGACGTGGGCGAGTGAGAGCGAGTCGTCGCTGCGGATGTCGGCGGGCGGGTCCTGGACGGCGTGGCGCCGGGGCGAGCGGCGGCAGTGAACGCGTTTGTGGTTCTCATCGGATAGGCAAAAAGTGTCCGGGCGACTCGAGCGTATGCCACACCCGGCCCTCGCACCGCCTGCTGGTGTGGGGCGCCTGAGAGCCACCCTACGGTGCGCGGGGTGGGTGGGCGGCGCTTGAGGGCACGGGCCCTCCTCGGGCGACCGGGTCGGCGCACTGCTGCAACGCGTGTCTACCGGTGCTTCGCACCACACGGATGCGGCCTGCGACAGGGTCGGGGGTGGAGCGGCGCTGGACCTCACGTTGTGCGGCAGAGAAAT-AGGCA
Seq_17_LinJ.07_minus,Seq_24_LinJ.07_minus,98.494,332,1000,1000,5,0,87,418,288,619,6.71e-170,586,plus,ACCCCTCCGCGCGTGGCATCTCCGGGTCCGGTGTGTCCAGCTCGGTCTGGGTGGACGCCGAGCAGCCCCCTCTCCCCGCCCCCATCCCGGCCGAATGCCGAGCCACTTCTGGCGGTGCGCGTGCCAAGCGCCTACGACGTGGGCGAGTGAGAGCGAGTCGTCGCTGCGGATGTCGGCGGGCGGGTCCCGGACGGCGTGGCGCCGGGGCGAGCGGCGGCAGTGAACGCGTTTGTGGTTCTCATCGGATAGGCAAAAAGTGTCCGCGCGACTCGAGCGTATGCCACACCCGACCCTCGCACCGCCTGCTGGTGTCGGGCGCCTGAGAGCCACCC
Seq_17_LinJ.07_minus,Seq_23_LinJ.07_minus,98.494,332,1000,1000,5,0,87,418,288,619,6.71e-170,586,plus,ACCCCTCCGCGCGTGGCATCTCCGGGTCCGGTGTGTCCAGCTCGGTCTGGGTGGACGCCGAGCAGCCCCCTCTCCCCGCCCCCATCCCGGCCGAATGCCGAGCCACTTCTGGCGGTGCGCGTGCCAAGCGCCTACGACGTGGGCGAGTGAGAGCGAGTCGTCGCTGCGGATGTCGGCGGGCGGGTCCCGGACGGCGTGGCGCCGGGGCGAGCGGCGGCAGTGAACGCGTTTGTGGTTCTCATCGGATAGGCAAAAAGTGTCCGCGCGACTCGAGCGTATGCCACACCCGACCCTCGCACCGCCTGCTGGTGTCGGGCGCCTGAGAGCCACCC
Seq_17_LinJ.07_minus,Seq_1_LinJ.07_plus,94.619,223,1000,1000,8,3,331,550,350,571,1.60e-96,342,plus,GATAGGCAAAAAGTGCCCGCGCGACTCGAGCGTATGCCACACCCGACCCTCGCACCGCCTGCTGGGTGTGGGGCGCCTGAGAGCCACCCTACGATGCGCGGGGTGGGTGGGTGGCGCTTGAGGGCACGGGCCCTCCTCGGGCGACCGGGCCGGCGCACTGCTGCAACGCGTGTCTACCGGTGCTTCGCACCACGCGGATGCGGTGCCTGTGAAAGGC-CGGGG
Seq_17_LinJ.07_minus,Seq_20_LinJ.07_minus,98.204,167,1000,1001,2,1,283,449,418,583,5.89e-81,291,plus,TGACGTCGGGGCGAGCGGCGGCAGTGAACGCGTTTGTGGTTCTCATCGGATAGGCAAAAAGTGTCCGCGCGACTCGAGCGTATGCCACACCCGGCCCTCGCACCGCCTGCTGGTGTGGGGCGCCTGAGAGCCACCCTACGGTGCGCGGGGTGGGTGGGCGGCG-TTG
Seq_17_LinJ.07_minus,Seq_14_LinJ.07_plus,98.561,139,1000,1001,2,0,394,532,999,861,1.29e-67,246,minus,GGTGTGGGGCGCCTGAGAGCCACCCTACGGTGCGCGGGGTGGGTGGGCGGCGCTTGAGGGCACGGGCCCTCCTCGGGCGACCGGGCCGGCGCACTGCTGCAACGCGCGTCTACCGGTGCTTCGCACCACGCGGATGCGG
Seq_18_LinJ.07_minus,Seq_14_LinJ.07_plus,96.844,507,1001,1001,15,1,55,560,739,233,0.0,846,minus,ACAGCTGCAGCGCACCCACCTCTGTTGCGCCGCAGCTACGCCCTGGCGCGCGAGGGCCAGCCGTCCTGGCGTCGGATCGGGTCCACGCGTCTAGCGGGCCCCCCGTGTCCGCGACCCGCCCCTTCCTCGCGCGTGTGCCCCGTGATCGGCCCCACGCGGACACCCGAGTGGGCCGCACGCCTTGATCCACGCCGGCCGCGTTCAGCGCCCTGCTCGAGGGCAGTGGCGATGGCGTCTGTCGCGCGGGTGGTGGCACGGGATGGCCAAGGCGCATGCCGAGTGGACCCGAGGAGGCAGCTGGCCGGCCCCAGGCCAGGGCCCTCCGAGACTCTGTGCCCCGCCCGCGCGCCACGCCCCCCCCCAGCCGCCCCAAGCCGCTGCATCCCGTAATATGGCGCGGAGACTCTCCACAGCAGAGTCTGGAGGACTCGGTGCTGCAGCTCGGGGTGCCCTCACTGCCCCCCCCCGCGCCGATGCCCCCTCAGCCCGCAGGGTCGAGTGTAGCGG
Seq_19_LinJ.07_minus,Seq_19_LinJ.07_minus,100.000,1000,1000,1000,0,0,1,1000,1,1000,0.0,1847,plus,ATGGCCGCGACGACCTCGACTGTTGTCCTTCGCTCCCCTTCTCCCTTGAAGCCTTCGACGGCCTGCGCACAACCGAGCGCAGGCGTGCAGAGCACACAAGATACAGCAGATGATTGGAACGTGCGCCTCAGAGCGGAGTGGGTGTGGGCGGTGGGCACGAGAAGCGTTATTGCGAGAGAGGGAGAGAGGTGGCGGTACAGGGGACCGACCCTCCCGCTGTCCAAGTGGCTGCGACCCCGGAAAGCAGCAGAACAGCAGAAATGCATAGCAATAAAAGAGGCGCCCACGACCAGGAGACACTTTCTTTTTCTTCGCTCAGCCTGACATCCTATACCACGAACAAGTCAACACATATATGCGCATACAGCTACACTCCATCAACCTCTGTCGCACTACGGCTGAATCCTGGTCGTGGAGGACAAGCCGTTCCGCCGTCGAGGCCATGCGTCCCACCGGCTCTGCTTGTCTCTCCCCGTCCCTTCTCATAAATGCCCCGTCATCGGCGCCAGACCGACACTCCCGTGGACTGCACGCCTGGATCCAGGCGGGCCGCGCCCAGGGTCCTGCCCCAGGGCGGTGGCGGCTGTCGTGCAGGTAATAGGGGGTGGTCCAGGTGCATGCCGCATGCGCTCGAGGAGGAAGTCCGCCAGCCTCAGGCCAGGGCCCTCAGAGGCCCCCCGCCTGCACAACGGCTGCGCCGCCTCCGCGAGTGGTTCGTGTGCGCGGTTCTTCATCAGTCGTGACGGCTGCGGCGAAAAGGGGACGAGAATCACGTATGGATGTGCCGCCCGCTAGTGCGCGCGTGCACACAGCCTCCCCAAGCCGAGCTGCCTGGGGCTCCCAGTGTGTTGATGTGGGTCTGTAGACCTGCACCTGTAGGGCGGGGTGGGGAGCATGCTGGGACTGGATAGCGTAGCGACAGAAAAAAAAGGGAAGGGAGAAGAGTGGTGATGTTCACGGAAAGGGAAGCGGCGGTGGCCTGCTGTCGGGTCAAGCCGCC
Seq_19_LinJ.07_minus,Seq_13_LinJ.07_plus,100.000,1000,1000,1001,0,0,1,1000,1000,1,0.0,1847,minus,ATGGCCGCGACGACCTCGACTGTTGTCCTTCGCTCCCCTTCTCCCTTGAAGCCTTCGACGGCCTGCGCACAACCGAGCGCAGGCGTGCAGAGCACACAAGATACAGCAGATGATTGGAACGTGCGCCTCAGAGCGGAGTGGGTGTGGGCGGTGGGCACGAGAAGCGTTATTGCGAGAGAGGGAGAGAGGTGGCGGTACAGGGGACCGACCCTCCCGCTGTCCAAGTGGCTGCGACCCCGGAAAGCAGCAGAACAGCAGAAATGCATAGCAATAAAAGAGGCGCCCACGACCAGGAGACACTTTCTTTTTCTTCGCTCAGCCTGACATCCTATACCACGAACAAGTCAACACATATATGCGCATACAGCTACACTCCATCAACCTCTGTCGCACTACGGCTGAATCCTGGTCGTGGAGGACAAGCCGTTCCGCCGTCGAGGCCATGCGTCCCACCGGCTCTGCTTGTCTCTCCCCGTCCCTTCTCATAAATGCCCCGTCATCGGCGCCAGACCGACACTCCCGTGGACTGCACGCCTGGATCCAGGCGGGCCGCGCCCAGGGTCCTGCCCCAGGGCGGTGGCGGCTGTCGTGCAGGTAATAGGGGGTGGTCCAGGTGCATGCCGCATGCGCTCGAGGAGGAAGTCCGCCAGCCTCAGGCCAGGGCCCTCAGAGGCCCCCCGCCTGCACAACGGCTGCGCCGCCTCCGCGAGTGGTTCGTGTGCGCGGTTCTTCATCAGTCGTGACGGCTGCGGCGAAAAGGGGACGAGAATCACGTATGGATGTGCCGCCCGCTAGTGCGCGCGTGCACACAGCCTCCCCAAGCCGAGCTGCCTGGGGCTCCCAGTGTGTTGATGTGGGTCTGTAGACCTGCACCTGTAGGGCGGGGTGGGGAGCATGCTGGGACTGGATAGCGTAGCGACAGAAAAAAAAGGGAAGGGAGAAGAGTGGTGATGTTCACGGAAAGGGAAGCGGCGGTGGCCTGCTGTCGGGTCAAGCCGCC
Seq_19_LinJ.07_minus,Seq_25_LinJ.07_minus,98.977,391,1000,1001,3,1,310,699,11,401,0.0,699,plus,CTTCGCTCAGCCTGACATCCTATACCACGAACAAGTCAACACATATATGCGCATACAGCTACACTCCATCAACCTCTGTCGCACTACGGCTGAATCCTGGTCGTGGAGGACAAGCCGTTCCGCCGTCGAGGCCATGCGTCCCACCGGCTCTGCTTGTCTCTCCCCGTCCCTTCTCATAAATGCCCCGTCATCGGCGCCAGACCGACACTCCCGTGGACTGCACGCCTGGATCCAGGCGGGCCGCGCCCAGGGTCCTGCCCCAGGGCGGTGGCGGCTGTCGTGCAGGTAATAGGGGGTGGTCCAGGTGCATGCCGCATGCGCTCGAGGAGGAAGTCCGCCAGCCTCAGGCCAGGGCCCTCAGAGGCCCCCCGCCTGCACGCCGTGCTTCGCC
Seq_19_LinJ.07_minus,Seq_15_LinJ.07_plus,98.977,391,1000,1001,3,1,310,699,993,603,0.0,699,minus,CTTCGCTCAGCCTGACATCCTATACCACGAACAAGTCAACACATATATGCGCATACAGCTACACTCCATCAACCTCTGTCGCACTACGGCTGAATCCTGGTCGTGGAGGACAAGCCGTTCCGCCGTCGAGGCCATGCGTCCCACCGGCTCTGCTTGTCTCTCCCCGTCCCTTCTCATAAATGCCCCGTCATCGGCGCCAGACCGACACTCCCGTGGACTGCACGCCTGGATCCAGGCGGGCCGCGCCCAGGGTCCTGCCCCAGGGCGGTGGCGGCTGTCGTGCAGGTAATAGGGGGTGGTCCAGGTGCATGCCGCATGCGCTCGAGGAGGAAGTCCGCCAGCCTCAGGCCAGGGCCCTCAGAGGCCCCCCGCCTGCACGCCGTGCTTCGCC
Seq_20_LinJ.07_minus,Seq_17_LinJ.07_minus,98.204,167,1001,1000,2,1,418,583,283,449,5.90e-81,291,plus,TGGCGCCGGGGCGAGCGGCGGCAGTGAACGCGTTTGTGGTTCTCATCGGATAGGCAAAAAGTGTCCGCGCGACTCGAGCGTATGCCACACCCGGCCCTCGCACCGCCTGCTGGTGTGGGGCGCCTGAGAGCCACCCTACGGTGCGCGGGGTGGGTGGGCGGCGCTTG
Seq_20_LinJ.07_minus,Seq_5_LinJ.07_plus,98.204,167,1001,1000,2,1,418,583,287,453,5.90e-81,291,plus,TGGCGCCGGGGCGAGCGGCGGCAGTGAACGCGTTTGTGGTTCTCATCGGATAGGCAAAAAGTGTCCGCGCGACTCGAGCGTATGCCACACCCGGCCCTCGCACCGCCTGCTGGTGTGGGGCGCCTGAGAGCCACCCTACGGTGCGCGGGGTGGGTGGGCGGCGCTTG
Seq_20_LinJ.07_minus,Seq_4_LinJ.07_plus,97.605,167,1001,1000,3,1,418,583,283,449,2.74e-79,285,plus,TGGCGCCGGGGCGAGCGGCGGCAGTGAACGCGTTTGTGGTTCTCATTGGATAGGCAAAAAGTGTCCGCGCGACTCGAGCGTATGCCACACCCGGCCCTCGCACCGCCTGCTGGTGTGGGGCGCCTGAGAGCCACCCTACGGTGCGCGGGGTGGGTGGGCGGCGCTTG
Seq_20_LinJ.07_minus,Seq_3_LinJ.07_plus,97.605,167,1001,1000,3,1,418,583,283,449,2.74e-79,285,plus,TGGCGCCGGGGCGAGCGGCGGCAGTGAACGCGTTTGTGGTTCTCATTGGATAGGCAAAAAGTGTCCGCGCGACTCGAGCGTATGCCACACCCGGCCCTCGCACCGCCTGCTGGTGTGGGGCGCCTGAGAGCCACCCTACGGTGCGCGGGGTGGGTGGGCGGCGCTTG
Seq_20_LinJ.07_minus,Seq_2_LinJ.07_plus,97.605,167,1001,1000,3,1,418,583,287,453,2.74e-79,285,plus,TGGCGCCGGGGCGAGCGGCGGCAGTGAACGCGTTTGTGGTTCTCATCGGATAGGCAAAAAGTGTCCGGGCGACTCGAGCGTATGCCACACCCGGCCCTCGCACCGCCTGCTGGTGTGGGGCGCCTGAGAGCCACCCTACGGTGCGCGGGGTGGGTGGGCGGCGCTTG
Seq_20_LinJ.07_minus,Seq_24_LinJ.07_minus,97.059,136,1001,1000,4,0,418,553,484,619,1.30e-62,230,plus,TGGCGCCGGGGCGAGCGGCGGCAGTGAACGCGTTTGTGGTTCTCATCGGATAGGCAAAAAGTGTCCGCGCGACTCGAGCGTATGCCACACCCGACCCTCGCACCGCCTGCTGGTGTCGGGCGCCTGAGAGCCACCC
Seq_20_LinJ.07_minus,Seq_23_LinJ.07_minus,97.059,136,1001,1000,4,0,418,553,484,619,1.30e-62,230,plus,TGGCGCCGGGGCGAGCGGCGGCAGTGAACGCGTTTGTGGTTCTCATCGGATAGGCAAAAAGTGTCCGCGCGACTCGAGCGTATGCCACACCCGACCCTCGCACCGCCTGCTGGTGTCGGGCGCCTGAGAGCCACCC
Seq_20_LinJ.07_minus,Seq_1_LinJ.07_plus,95.000,120,1001,1000,4,2,466,583,350,469,7.96e-50,187,plus,GATAGGCAAAAAGTGCCCGCGCGACTCGAGCGTATGCCACACCCGACCCTCGCACCGCCTGCTGGGTGTGGGGCGCCTGAGAGCCACCCTACGATGCGCGGGGTGGGTGGGTGGCGCTTG
Seq_21_LinJ.07_minus,Seq_21_LinJ.07_minus,100.000,1000,1000,1000,0,0,1,1000,1,1000,0.0,1847,plus,AGCTCGACCTTTGGCGTCGGGCACACCATCGTCACCCTGCGCCCCATCACACACACACACACACACACACACACACACACAGACACGCACATGCAGTTTGAGCAAACATACACAAAGACGCGCTGTACGATAAGCGATACTTGATGAGAAAGCTGGTGGAGGTGGAAGCACGCAAAATACTATGCAGGAACACCACCTATCACCATGGCCAAGGTGGCCTCGTACCTTTCCCCCGAGTTTTCTACCGTCGTTGTGTGTTCTTCATAGTCCTCTGGGGTTGTTCGTGCTTAAAAAGAGACCCGGGTGACGTTGAGGAGGGGGGTGGACGCTTCCGCGCGTAGCATGCCAGGGGCCAGTGCCCCCAATGTGTGAGGAAGTCAGGCAGCCCCCTCCCTCTATGCCCTGCCGAATGCCGAACCACCTCTGGTGGCGACAGGACCAAGCACCTACGACGTGGGGGGTGGCCAGAGCGATGTGCCGCTGCTGATGCGGGTGGTCAGGTCGTGGATGGCGTTGTATTGTGGAGCGAGCTGCGGCAGTGAACGCGTCTGCGCCCCTCATGTGATGGGCAAAGTGCCAGCGCAACCCCAGCGTATCCCACCCCCGGCCCTCACGCAGCCTACAGAGGTGTGGGGAGCCTGCGTGCTGCCCCAAGAGGAGCGCGCTACGTTTCGACCAGCATAATGGGCCCCGCATCCCGCGGCGCAGAGCAGCGGGATGCGGGGCCTGTGGGAGGGTTGGAGTGGGGGAAGTCATGTAGCGTTGGACTCATGTTCTACGGCAGCATGAACAGATCGAAGAAAAGCTTAACAGGAGAGAAGACACGCGAAGCAGAAGCGACAGCGAGAGGGTGTAGGCGTGTGGAGGTGACAACGTGCGTATGTAAAGGGAACGTGCTTGTGTGTGTGTGTGTGTGTGTGTGTGTGTGTGTGTACGCGTGCGTCATCGAGCCTATCTCTACATCCATGTCGGTGATTGTGGAGAAGTACGAGAACCCGTA
Seq_22_LinJ.07_minus,Seq_22_LinJ.07_minus,100.000,1000,1000,1000,0,0,1,1000,1,1000,0.0,1847,plus,CAGAATTGAGGAAGCGAAGCATATGGATTGCTTTCGGCGCTATTTATATGAGGATGTGCGCAGCCTAAGTTATTTTTCTTAATCTTTTTTCCATTTTCGATAAAGGGTTTTCCGACTGACTGTAATATATGTGTATTTTCTCGTTACTGCGCGGGTAAAAGGCGACTCCTTTTTCCGTGAAACCTGAGGGTCCTGTGTCCGCCCTGGATGGGGACGGGAAGCCCTCCAACTCATATCCCTTCTAAATGTCGAGGCACTTCTCGTGACGACATTTCCCGATGCCCACCACAAAGGGCGGGGGTCAGCGCGATGCGCCGCTGGTGTCGGCGGGGGGGGTCCTGGACGGCGTGGCATCGGGGAAACCTGCCGCAGCGAGCACGTCTGCGCCACCCATGTGATGCGCAAAGTGTCCGCGCGACTGGAGCGTATCCCACCCGGCCTTCACACTGCGCGCTGGTGTGGGGGAGCCTGCACCCCCCGAGGTGGGTGCGCCGCGGTTTGGCAAGCGAAATGGGAGAGGCTTTGGGGCAACCTACGGAGCGGGGGGATGGGCTGAGTATGAGTCAGGGGCGATGCTCTCCGATGACTGGATCGGTGCGTTGCTCTACCGCGTGTGTGCCCGCGGCTGCTTCGCACTACGTGGATGGGGTCTGAGGTGCGGGGGGAGGCGGGCAGAGCGGCGCTTGGCCTGAAGTTGCGTGCCAGAGAAGGGGTGAGCTGCAAAAATGTTTTTCTTGCCAACTGCGGCTGCTTCAGGTACTGACGCCTGGCAGAGAGGTGGATGCTTTGCTTGGCGATGTAGGCCTCGGCTGGTAGAGGATGGATTCAAGCGTCTGTGCGGCTGTCATCTTTTTGGAAATCAGCGGCGTGTTACTCTTTGCTGAGTATCCACTTGCCCGGTGTGGTGCACACGTTGCGATTTTCCTTTCCACATAATTATACTGAAGAGATCGCAGCGATGTTTGCAGCCATAGAGAGAAATTAAGACAGTTGTGGAGTT
Seq_23_LinJ.07_minus,Seq_23_LinJ.07_minus,100.000,1000,1000,1000,0,0,1,1000,1,1000,0.0,1847,plus,GCGTGGGCTCTTGTCTATGGAGCCGCGAGCTCCTCGTAGCCACCTCCCTTTCCCTCTTCCTTCCGCGTTCTCAGCGCCCATGTGCACAAGCACGTGTGTTGGTTCTCTTGCTGAGGCACGTGCCGTTCTGCTACGGCGTGCGCGTGTGCAGGTGCGTTCAATTACAACGGTACATACCTCTTTTCGTGCTCCTGCCTCTCTCCATTCTTTTGTTTTCTTCACTGTTTCCTTGTTTCTTTCTCTGCTGTGGAGCTGCTCAGATGACGTCGGAGGAGGGGGGCACGCGCACCCCTCCGCGCGTGGCATCTCCGGGTCCGGTGTGTCCAGCTCGGTCTGGGTGGACGCCGAGCAGCCCCCTCTCCCCGCCCCCATCCCGGCCGAATGCCGAGCCACTTCTGGCGGTGCGCGTGCCAAGCGCCTACGACGTGGGCGAGTGAGAGCGAGTCGTCGCTGCGGATGTCGGCGGGCGGGTCCCGGACGGCGTGGCGCCGGGGCGAGCGGCGGCAGTGAACGCGTTTGTGGTTCTCATCGGATAGGCAAAAAGTGTCCGCGCGACTCGAGCGTATGCCACACCCGACCCTCGCACCGCCTGCTGGTGTCGGGCGCCTGAGAGCCACCCCCCGGAGAGAGGGAGGGGATGCACCAGCGATGACGACGTGCCTGATGGGGGAGCGGCTGTGAGGCGCCGTACGAGGTGCGGGGTGGGTAGAGCGGTGTTGGCCCTGACGCTGTATGACCGAGAAATGGGGGCGCGCGGACACGAAGCGAACCCGAAGAAAAGGAGAAGCCCCCTGCCTTTCTGCGTGTGTGTGTCTGTGAGGCATCTCTCTATCCCCCCTCTCGTGTGTGTGTGTGTGCTTATGGCGTTTTCGGCCTTCTGTGTTTCTTTGGTTGTTGTGTGGATGTATGCCACGTCACTGCTCTCTCTGTGCTACCGCATCTTTTCGGTTTCTCTTTGTCTGCTGTCTCCTCCTCTTCCTCCCCGTGTGGGTGCCTTGTG
Seq_23_LinJ.07_minus,Seq_24_LinJ.07_minus,100.000,540,1000,1000,0,0,231,770,231,770,0.0,998,plus,TGTTTCTTTCTCTGCTGTGGAGCTGCTCAGATGACGTCGGAGGAGGGGGGCACGCGCACCCCTCCGCGCGTGGCATCTCCGGGTCCGGTGTGTCCAGCTCGGTCTGGGTGGACGCCGAGCAGCCCCCTCTCCCCGCCCCCATCCCGGCCGAATGCCGAGCCACTTCTGGCGGTGCGCGTGCCAAGCGCCTACGACGTGGGCGAGTGAGAGCGAGTCGTCGCTGCGGATGTCGGCGGGCGGGTCCCGGACGGCGTGGCGCCGGGGCGAGCGGCGGCAGTGAACGCGTTTGTGGTTCTCATCGGATAGGCAAAAAGTGTCCGCGCGACTCGAGCGTATGCCACACCCGACCCTCGCACCGCCTGCTGGTGTCGGGCGCCTGAGAGCCACCCCCCGGAGAGAGGGAGGGGATGCACCAGCGATGACGACGTGCCTGATGGGGGAGCGGCTGTGAGGCGCCGTACGAGGTGCGGGGTGGGTAGAGCGGTGTTGGCCCTGACGCTGTATGACCGAGAAATGGGGGCGCGCGGACACGAAGCGAAC
Seq_23_LinJ.07_minus,Seq_5_LinJ.07_plus,99.096,332,1000,1000,3,0,288,619,91,422,3.10e-173,597,plus,ACACCTCCGCGCGTGGCATCTCCGGGTCCGGTGTGTCCAGCTCGGTCTGGGTGGACGCCGAGCAGCCCCCTCTCCCCGCCCCCATCCCGGCCGAATGCCGAGCCACTTCTGGCGGTGCGCGTGCCAAGCGCCTACGACGTGGGCGAGTGAGAGCGAGTCGTCGCTGCGGATGTCGGCGGGCGGGTCCCGGACGGCGTGGCGCCGGGGCGAGCGGCGGCAGTGAACGCGTTTGTGGTTCTCATCGGATAGGCAAAAAGTGTCCGCGCGACTCGAGCGTATGCCACACCCGGCCCTCGCACCGCCTGCTGGTGTGGGGCGCCTGAGAGCCACCC
Seq_23_LinJ.07_minus,Seq_4_LinJ.07_plus,97.941,340,1000,1000,5,2,282,619,79,418,1.87e-170,588,plus,ACGCACACACACCTCCGCGCGTGGCATCTCCGGGTCCGGTGTGTCCAGCTCGGTCTGGGTGGACGCCGAGCAGCCCCCTCTCCCCGCCCCCATCCCGGCCGAATGCCGAGCCACTTCTGGCGGTGCGCGTGCCAAGCGCCTACGACGTGGGCGAGTGAGAGCGAGTCGTCGCTGCGGATGTCGGCGGGCGGGTCCTGGACGGCGTGGCGCCGGGGCGAGCGGCGGCAGTGAACGCGTTTGTGGTTCTCATTGGATAGGCAAAAAGTGTCCGCGCGACTCGAGCGTATGCCACACCCGGCCCTCGCACCGCCTGCTGGTGTGGGGCGCCTGAGAGCCACCC
Seq_23_LinJ.07_minus,Seq_17_LinJ.07_minus,98.494,332,1000,1000,5,0,288,619,87,418,6.71e-170,586,plus,ACACCTCCGCGCGTGGCATCCCCGGGTCCGGTGTGTCCAGCTCGGTCTGGGTGGACGCCGAGCAGCCCCCTCTCCCCGCCCCCATCCCGGCCGAATGCCGAGCCACTTCTGGCGGTGCGCGTGCCAAGCGCCTACGACGTGGGCGAGTGAGAGCGAGTCGTCGCTGCGGATGTCGGCGGGCGGGTCCTGGACGGCGTGGCGCCGGGGCGAGCGGCGGCAGTGAACGCGTTTGTGGTTCTCATCGGATAGGCAAAAAGTGTCCGCGCGACTCGAGCGTATGCCACACCCGGCCCTCGCACCGCCTGCTGGTGTGGGGCGCCTGAGAGCCACCC
Seq_23_LinJ.07_minus,Seq_3_LinJ.07_plus,98.494,332,1000,1000,5,0,288,619,87,418,6.71e-170,586,plus,ACACCTCCGCGCGTGGCATCTCCGGGTCCGGTGTGTCCAGCTCGGTCTGGGTGGACGCCGAGCAGCCCCCTCTCCCCGCCCCCATCCCGGCCGAATGCCGAGCCACTTCTGGCGGTGCGCGTGCCAAGCGCCTACGACGTGGGCGAGTGAGAGCGAGTCGTCGCTGCGGATGTCGGCGGGCGGGTCCTGGACGGCGTGGCGCCGGGGCGAGCGGCGGCAGTGAACGCGTTTGTGGTTCTCATTGGATAGGCAAAAAGTGTCCGCGCGACTCGAGCGTATGCCACACCCGGCCCTCGCACCGCCTGCTGGTGTGGGGCGCCTGAGAGCCACCC
Seq_23_LinJ.07_minus,Seq_2_LinJ.07_plus,98.456,259,1000,1000,4,0,361,619,164,422,5.49e-131,457,plus,CCCCGCCCCCATCCCGGCCGAATGCCGAGCCACTTCTGGCGGTGCGCGTGCCAAGCGCCTACGACGTGGGCGAGTGAGAGCGAGTCGTCGCTGCGGATGTCGGCGGGCGGGTCCTGGACGGCGTGGCGCCGGGGCGAGCGGCGGCAGTGAACGCGTTTGTGGTTCTCATCGGATAGGCAAAAAGTGTCCGGGCGACTCGAGCGTATGCCACACCCGGCCCTCGCACCGCCTGCTGGTGTGGGGCGCCTGAGAGCCACCC
Seq_23_LinJ.07_minus,Seq_20_LinJ.07_minus,97.059,136,1000,1001,4,0,484,619,418,553,1.30e-62,230,plus,TGACGTCGGGGCGAGCGGCGGCAGTGAACGCGTTTGTGGTTCTCATCGGATAGGCAAAAAGTGTCCGCGCGACTCGAGCGTATGCCACACCCGGCCCTCGCACCGCCTGCTGGTGTGGGGCGCCTGAGAGCCACCC
Seq_24_LinJ.07_minus,Seq_24_LinJ.07_minus,100.000,1000,1000,1000,0,0,1,1000,1,1000,0.0,1847,plus,CTTGGGCGCGTGTGCGCAGGGTGCACGCCGGCGCATGTGGGTTGGCGTTTCGCTCGCATTTCTGTCTTGCCTCCCTTCTTTTTCGCATTGCTTCCTTCGCTCGGGCGCGCGCTGAGTTGAGCTGGAGCGACTCTGCACACGCACATCCACACGCTCACCCTCGCAGACACGTACCCGATACACCTGCCCGTAAGTGCGTGCGTGCGCGTTTCTCTCTGAGTAGTTCTTCATGTTTCTTTCTCTGCTGTGGAGCTGCTCAGATGACGTCGGAGGAGGGGGGCACGCGCACCCCTCCGCGCGTGGCATCTCCGGGTCCGGTGTGTCCAGCTCGGTCTGGGTGGACGCCGAGCAGCCCCCTCTCCCCGCCCCCATCCCGGCCGAATGCCGAGCCACTTCTGGCGGTGCGCGTGCCAAGCGCCTACGACGTGGGCGAGTGAGAGCGAGTCGTCGCTGCGGATGTCGGCGGGCGGGTCCCGGACGGCGTGGCGCCGGGGCGAGCGGCGGCAGTGAACGCGTTTGTGGTTCTCATCGGATAGGCAAAAAGTGTCCGCGCGACTCGAGCGTATGCCACACCCGACCCTCGCACCGCCTGCTGGTGTCGGGCGCCTGAGAGCCACCCCCCGGAGAGAGGGAGGGGATGCACCAGCGATGACGACGTGCCTGATGGGGGAGCGGCTGTGAGGCGCCGTACGAGGTGCGGGGTGGGTAGAGCGGTGTTGGCCCTGACGCTGTATGACCGAGAAATGGGGGCGCGCGGACACGAAGCGAACACGTGTGCGTTTCTGCCTTGCGCTGCACCTCTTTTCACTCGACGAGCTTGCCCCGCCTCTTCCCGTCCCCGCTTCCTTCTGAACGGAGGCCGTCTATGCATTGTCTACTGCACGTGCTTGTGCGTGGCCCTCATCTGCATATGCGTGTGTGTCCCTGCAGATGTGTATACGTGTACGGGTGGAGGTGCGGATGCGTAGATGCGGGCTGCACCGGATATCTCCTCTCTGTC
Seq_24_LinJ.07_minus,Seq_23_LinJ.07_minus,100.000,540,1000,1000,0,0,231,770,231,770,0.0,998,plus,TGTTTCTTTCTCTGCTGTGGAGCTGCTCAGATGACGTCGGAGGAGGGGGGCACGCGCACCCCTCCGCGCGTGGCATCTCCGGGTCCGGTGTGTCCAGCTCGGTCTGGGTGGACGCCGAGCAGCCCCCTCTCCCCGCCCCCATCCCGGCCGAATGCCGAGCCACTTCTGGCGGTGCGCGTGCCAAGCGCCTACGACGTGGGCGAGTGAGAGCGAGTCGTCGCTGCGGATGTCGGCGGGCGGGTCCCGGACGGCGTGGCGCCGGGGCGAGCGGCGGCAGTGAACGCGTTTGTGGTTCTCATCGGATAGGCAAAAAGTGTCCGCGCGACTCGAGCGTATGCCACACCCGACCCTCGCACCGCCTGCTGGTGTCGGGCGCCTGAGAGCCACCCCCCGGAGAGAGGGAGGGGATGCACCAGCGATGACGACGTGCCTGATGGGGGAGCGGCTGTGAGGCGCCGTACGAGGTGCGGGGTGGGTAGAGCGGTGTTGGCCCTGACGCTGTATGACCGAGAAATGGGGGCGCGCGGACACGAAGCGAAC
Seq_24_LinJ.07_minus,Seq_5_LinJ.07_plus,99.096,332,1000,1000,3,0,288,619,91,422,3.10e-173,597,plus,ACACCTCCGCGCGTGGCATCTCCGGGTCCGGTGTGTCCAGCTCGGTCTGGGTGGACGCCGAGCAGCCCCCTCTCCCCGCCCCCATCCCGGCCGAATGCCGAGCCACTTCTGGCGGTGCGCGTGCCAAGCGCCTACGACGTGGGCGAGTGAGAGCGAGTCGTCGCTGCGGATGTCGGCGGGCGGGTCCCGGACGGCGTGGCGCCGGGGCGAGCGGCGGCAGTGAACGCGTTTGTGGTTCTCATCGGATAGGCAAAAAGTGTCCGCGCGACTCGAGCGTATGCCACACCCGGCCCTCGCACCGCCTGCTGGTGTGGGGCGCCTGAGAGCCACCC
Seq_24_LinJ.07_minus,Seq_4_LinJ.07_plus,97.941,340,1000,1000,5,2,282,619,79,418,1.87e-170,588,plus,ACGCACACACACCTCCGCGCGTGGCATCTCCGGGTCCGGTGTGTCCAGCTCGGTCTGGGTGGACGCCGAGCAGCCCCCTCTCCCCGCCCCCATCCCGGCCGAATGCCGAGCCACTTCTGGCGGTGCGCGTGCCAAGCGCCTACGACGTGGGCGAGTGAGAGCGAGTCGTCGCTGCGGATGTCGGCGGGCGGGTCCTGGACGGCGTGGCGCCGGGGCGAGCGGCGGCAGTGAACGCGTTTGTGGTTCTCATTGGATAGGCAAAAAGTGTCCGCGCGACTCGAGCGTATGCCACACCCGGCCCTCGCACCGCCTGCTGGTGTGGGGCGCCTGAGAGCCACCC
Seq_24_LinJ.07_minus,Seq_17_LinJ.07_minus,98.494,332,1000,1000,5,0,288,619,87,418,6.71e-170,586,plus,ACACCTCCGCGCGTGGCATCCCCGGGTCCGGTGTGTCCAGCTCGGTCTGGGTGGACGCCGAGCAGCCCCCTCTCCCCGCCCCCATCCCGGCCGAATGCCGAGCCACTTCTGGCGGTGCGCGTGCCAAGCGCCTACGACGTGGGCGAGTGAGAGCGAGTCGTCGCTGCGGATGTCGGCGGGCGGGTCCTGGACGGCGTGGCGCCGGGGCGAGCGGCGGCAGTGAACGCGTTTGTGGTTCTCATCGGATAGGCAAAAAGTGTCCGCGCGACTCGAGCGTATGCCACACCCGGCCCTCGCACCGCCTGCTGGTGTGGGGCGCCTGAGAGCCACCC
Seq_24_LinJ.07_minus,Seq_3_LinJ.07_plus,98.494,332,1000,1000,5,0,288,619,87,418,6.71e-170,586,plus,ACACCTCCGCGCGTGGCATCTCCGGGTCCGGTGTGTCCAGCTCGGTCTGGGTGGACGCCGAGCAGCCCCCTCTCCCCGCCCCCATCCCGGCCGAATGCCGAGCCACTTCTGGCGGTGCGCGTGCCAAGCGCCTACGACGTGGGCGAGTGAGAGCGAGTCGTCGCTGCGGATGTCGGCGGGCGGGTCCTGGACGGCGTGGCGCCGGGGCGAGCGGCGGCAGTGAACGCGTTTGTGGTTCTCATTGGATAGGCAAAAAGTGTCCGCGCGACTCGAGCGTATGCCACACCCGGCCCTCGCACCGCCTGCTGGTGTGGGGCGCCTGAGAGCCACCC
Seq_24_LinJ.07_minus,Seq_2_LinJ.07_plus,98.456,259,1000,1000,4,0,361,619,164,422,5.49e-131,457,plus,CCCCGCCCCCATCCCGGCCGAATGCCGAGCCACTTCTGGCGGTGCGCGTGCCAAGCGCCTACGACGTGGGCGAGTGAGAGCGAGTCGTCGCTGCGGATGTCGGCGGGCGGGTCCTGGACGGCGTGGCGCCGGGGCGAGCGGCGGCAGTGAACGCGTTTGTGGTTCTCATCGGATAGGCAAAAAGTGTCCGGGCGACTCGAGCGTATGCCACACCCGGCCCTCGCACCGCCTGCTGGTGTGGGGCGCCTGAGAGCCACCC
Seq_24_LinJ.07_minus,Seq_20_LinJ.07_minus,97.059,136,1000,1001,4,0,484,619,418,553,1.30e-62,230,plus,TGACGTCGGGGCGAGCGGCGGCAGTGAACGCGTTTGTGGTTCTCATCGGATAGGCAAAAAGTGTCCGCGCGACTCGAGCGTATGCCACACCCGGCCCTCGCACCGCCTGCTGGTGTGGGGCGCCTGAGAGCCACCC
Seq_25_LinJ.07_minus,Seq_15_LinJ.07_plus,100.000,999,1001,1001,0,0,3,1001,1001,3,0.0,1845,minus,AAGTGCCACTTCGCTCAGCCTGACATCCTATACCACGAACAAGTCAACACATATATGCGCATACAGCTACACTCCATCAACCTCTGTCGCACTACGGCTGAATCCTGGTCGTGGAGGACAAGCCGTTCCGCCGTCGAGGCCATGCGTCCCACCGGCTCTGCTTGTCTCTCCCCGTCCCTTCTCATAAATGCCCCGTCATCGGCGCCAGACCGACACTCCCGTGGACTGCACGCCTGGATCCAGGCGGGCCGCGCCCAGGGTCCTGCCCCAGGGCGGTGGCGGCTGTCGTGCAGGTAATAGGGGGTGGTCCAGGTGCATGCCGCATGCGCTCGAGGAGGAAGTCCGCCAGCCTCAGGCCAGGGCCCTCAGAGGCCCCCCGCCTGCACGCCGTGCTTCGCCCTCGGTCGCCTCCAGCCGCAGCATTCCATAATGTGGTGTGGAGACTCTCCACAGCGGAGTCTGGAGAACTCCGTGGTGCCGTACGCGGCGCTCTCGTCATGTTTTCGGCATCTGTGCTGCGCCAGCCCACCCAGCCGGATGCAGGAGACGCCGCACATGTCGCGCGCATGCGCTGTGGAGTTGGTCGGTGTGCATCTCTTTGCGCCGTTCTCGTCCATCGCTCGTGCTCTTCGGGCTGCTGCACGCCTTTCTCGGATGTGATGCACCATGCCAGCTATGCTATGCAGCGTCTGCGCGCAGTGCTCGCATTTTCGGATCTTCGGGTCTGCCCCAGGACGGCGTTGCTGCCTGGGGGGATCGCTGTCATCGTCCTCCATTTCCGTCGATGTCGCGGGGGGCGCGCCCGGATGGCTCGCCCGCATGTGCCGCGACACATGGGGCGCCGCCATGAGTCTGTGGCAGCAGGGGCATTCCGTTTTCTCCTGAGCCCGCAGGCCTTTGGCAGGAGCGAGCATGTCAAGCAGAAGAGGCCCGCGGAGAGACTTGTGCCTGCGCACAAAGAACTCATGAGGCCTGTCCTTCTAAAGGGGCACACCGATA
Seq_25_LinJ.07_minus,Seq_16_LinJ.07_plus,100.000,409,1001,1000,0,0,562,970,1000,592,0.0,756,minus,CGCGCGCATGCGCTGTGGAGTTGGTCGGTGTGCATCTCTTTGCGCCGTTCTCGTCCATCGCTCGTGCTCTTCGGGCTGCTGCACGCCTTTCTCGGATGTGATGCACCATGCCAGCTATGCTATGCAGCGTCTGCGCGCAGTGCTCGCATTTTCGGATCTTCGGGTCTGCCCCAGGACGGCGTTGCTGCCTGGGGGGATCGCTGTCATCGTCCTCCATTTCCGTCGATGTCGCGGGGGGCGCGCCCGGATGGCTCGCCCGCATGTGCCGCGACACATGGGGCGCCGCCATGAGTCTGTGGCAGCAGGGGCATTCCGTTTTCTCCTGAGCCCGCAGGCCTTTGGCAGGAGCGAGCATGTCAAGCAGAAGAGGCCCGCGGAGAGACTTGTGCCTGCGCACAAAGAACTCATG
Seq_25_LinJ.07_minus,Seq_19_LinJ.07_minus,98.977,391,1001,1000,3,1,11,401,310,699,0.0,699,plus,CTTCGCTCAGCCTGACATCCTATACCACGAACAAGTCAACACATATATGCGCATACAGCTACACTCCATCAACCTCTGTCGCACTACGGCTGAATCCTGGTCGTGGAGGACAAGCCGTTCCGCCGTCGAGGCCATGCGTCCCACCGGCTCTGCTTGTCTCTCCCCGTCCCTTCTCATAAATGCCCCGTCATCGGCGCCAGACCGACACTCCCGTGGACTGCACGCCTGGATCCAGGCGGGCCGCGCCCAGGGTCCTGCCCCAGGGCGGTGGCGGCTGTCGTGCAGGTAATAGGGGGTGGTCCAGGTGCATGCCGCATGCGCTCGAGGAGGAAGTCCGCCAGCCTCAGGCCAGGGCCCTCAGAGGCCCCCCGCCTGCACAACG-GCTGCGCC
Seq_25_LinJ.07_minus,Seq_13_LinJ.07_plus,98.977,391,1001,1001,3,1,11,401,691,302,0.0,699,minus,CTTCGCTCAGCCTGACATCCTATACCACGAACAAGTCAACACATATATGCGCATACAGCTACACTCCATCAACCTCTGTCGCACTACGGCTGAATCCTGGTCGTGGAGGACAAGCCGTTCCGCCGTCGAGGCCATGCGTCCCACCGGCTCTGCTTGTCTCTCCCCGTCCCTTCTCATAAATGCCCCGTCATCGGCGCCAGACCGACACTCCCGTGGACTGCACGCCTGGATCCAGGCGGGCCGCGCCCAGGGTCCTGCCCCAGGGCGGTGGCGGCTGTCGTGCAGGTAATAGGGGGTGGTCCAGGTGCATGCCGCATGCGCTCGAGGAGGAAGTCCGCCAGCCTCAGGCCAGGGCCCTCAGAGGCCCCCCGCCTGCACAACG-GCTGCGCC
