Seq_1_LinJ.04_plus,Seq_1_LinJ.04_plus,100.000,1000,1000,1000,0,0,1,1000,1,1000,0.0,1847,plus,CTCTACATCGACAACGGCGCCGACACCACCGGCATCGCTGTCTACGCGCGCAACGCCGGCGCCGTCACCGTTGACGTCGAAGTCTACACCATGGACACCATCTGGAAGGCGCCCACGCCCAACGCCGCCAAGAACTTCACGGACTCGCTCTACAATCTACTCGACACCCTCATCGCCGTCTAGGCGAGCGCCTTGGGTTTGTCGTCGTCGGTTTCACGCAGTGCGATGTGATAACGGTGTTTTTCGAGCCTTGTGTTAGTGTGGGCTAGGGCGGCACCGTTGCCGTCGAGGGAGGACACTCCTCTGGGTGTGTGTGTATGTGCGTGCATGGTATCCGAGGGTCCGGTGCACCCCACACTCGGTGAGTGGATGGGGGGCAAGCAGAGACCCTCACCCTACCCCTGCCAATACACCCACCCACCTCTAGTGCTGGCAGGGTCAGGCGCCTACGACCTGCGGGAGGTCACCGCGACGTACCGCTGCCGATGTCGGCGGTCAGGTCGTGGATGGCGCTGCGTCGGAGCGACCTGCGACAGTGCGCACGCTTGCACCATCCATATGATAGGCGAAGTGCCGACGTGACTCGAGCGTATCCCACCCGGCCCTCGCACTGCCTAGTGGTGTGGGTGGGCGAGTAGAGTTTGACGGCAGAGGCCGTGCTCCCATGACCGAGTCGGTGCATTGGCGTGATGCGTGTCTAGCGCGGCTGCCGTCGCACCACGCGACGAGGCCTGTGGCAGAGCCCGGGGGTCGAGGGGCGCTTGGCTCATGTGGGACCGCAGAGAAGCGGACACGCTGGCGAAAGGGAATAAAGCGGGTTGCTGTGCGCGCACCACTGCAGCCGTGGTGGTCGTTACCACGGCTGCCTGCGCGAATCCGTCGGGTGGTGCGCGTGTGTATTTGTGTGGGTGTGTGTGTCCCAGCAACACGCACCATACCTGCCCCCTCGTGTCTCCTCATGGATGTGCAGAGTGGGCGGTGCGATGGACAACTCTCTCAG
Seq_1_LinJ.04_plus,Seq_10_LinJ.04_plus,95.710,373,1000,1001,12,1,433,805,326,694,4.46e-173,597,plus,GCAGAGTCTAGTGCCTACGACGTGCGGGAGGTCACCGCGACGTACCGCTGCCGATGTCGGCGGTCAGGTCGTGGATGGCGCTGCGTCGGAGCGACCTGCGACAGTGCGCACGCTTGCACCATCCATATGATAGGCGAAGTGCCGACGTGACTCGAGCGTATCCCACCCGGCCCTCGCACTGCCTAGTGGTGTGGGTGGGCGAGTAGAGTTTGACGGCAGAGGCCGTGCTCCCATGACCGAGTCGGTGCATTGGCGTGATGCGTGTCTAGCGCGGCT----TCGCACCACCCGATGGGGCCTTTGGCAGAGCCCGGGGGTCGAGGGGCGCTTGGCTCATGTGGGACCGCAGAGAAGCGGGCACGTTGGCAAAAG
Seq_1_LinJ.04_plus,Seq_28_LinJ.04_minus,92.473,372,1000,1000,16,8,375,740,306,671,2.76e-150,521,plus,GGGCAAGTCAAGCAGCCCCTCCCCCCTAACCCCTGCCAAGTGCA--CAACCACCTCTGGTGGTGACAGGGTCAAGTGCCTACGACGTGCGGGAGGTCACCGCGACGTACCGCTGCCGATGTCGGTGGTCAGGTCGTGGATGGCGCTGCGTCGGAGCGACCTGCGACAGTGCGCACGCTTGCACCATCCATATGATAGGCGAAGTGCCGACGTGACTCGAGCGTATCCCACCCGGCCCTCGCACTGCCTAGTGGTGTGGGTGGGCGAGTAGAGTTTGACGGCAGAGGCCGTGCTCCCATGACCGAGTCGGTGCATTGGCGTGATGCGTGTCTAGTGCGGCT----TCGCACCACCCGATGGGGCCTTTGGCAG
Seq_1_LinJ.04_plus,Seq_22_LinJ.04_minus,92.473,372,1000,1001,16,8,375,740,697,332,2.76e-150,521,minus,GGGCAAGTCAAGCAGCCCCTCCCCCCTAACCCCTGCCAAGTGCA--CAACCACCTCTGGTGGTGACAGGGTCAAGTGCCTACGACGTGCGGGAGGTCACCGCGACGTACCGCTGCCGATGTCGGTGGTCAGGTCGTGGATGGCGCTGCGTCGGAGCGACCTGCGACAGTGCGCACGCTTGCACCATCCATATGATAGGCGAAGTGCCGACGTGACTCGAGCGTATCCCACCCGGCCCTCGCACTGCCTAGTGGTGTGGGTGGGCGAGTAGAGTTTGACGGCAGAGGCCGTGCTCCCATGACCGAGTCGGTGCATTGGCGTGATGCGTGTCTAGTGCGGCT----TCGCACCACCCGATGGGGCCTTTGGCAG
Seq_1_LinJ.04_plus,Seq_9_LinJ.04_plus,92.473,372,1000,1000,16,8,375,740,305,670,2.76e-150,521,plus,GGGCAAGTCAAGCAGCCCCTCCCCCCTAACCCCTGCCAAGTGCA--CAACCACCTCTGGTGGTGACAGGGTCAAGTGCCTACGACGTGCGGGAGGTCACCGCGACGTACCGCTGCCGATGTCGGTGGTCAGGTCGTGGATGGCGCTGCGTCGGAGCGACCTGCGACAGTGCGCACGCTTGCACCATCCATATGATAGGCGAAGTGCCGACGTGACTCGAGCGTATCCCACCCGGCCCTCGCACTGCCTAGTGGTGTGGGTGGGCGAGTAGAGTTTGACGGCAGAGGCCGTGCTCCCATGACCGAGTCGGTGCATTGGCGTGATGCGTGTCTAGTGCGGCT----TCGCACCACCCGATGGGGCCTTTGGCAG
Seq_1_LinJ.04_plus,Seq_7_LinJ.04_plus,92.473,372,1000,1000,16,8,375,740,696,331,2.76e-150,521,minus,GGGCAAGTCAAGCAGCCCCTCCCCCCTAACCCCTGCCAAGTGCA--CAACCACCTCTGGTGGTGACAGGGTCAAGTGCCTACGACGTGCGGGAGGTCACCGCGACGTACCGCTGCCGATGTCGGTGGTCAGGTCGTGGATGGCGCTGCGTCGGAGCGACCTGCGACAGTGCGCACGCTTGCACCATCCATATGATAGGCGAAGTGCCGACGTGACTCGAGCGTATCCCACCCGGCCCTCGCACTGCCTAGTGGTGTGGGTGGGCGAGTAGAGTTTGACGGCAGAGGCCGTGCTCCCATGACCGAGTCGGTGCATTGGCGTGATGCGTGTCTAGTGCGGCT----TCGCACCACCCGATGGGGCCTTTGGCAG
Seq_1_LinJ.04_plus,Seq_3_LinJ.04_plus,100.000,191,1000,1000,0,0,1,191,405,595,1.07e-99,353,plus,CTCTACATCGACAACGGCGCCGACACCACCGGCATCGCTGTCTACGCGCGCAACGCCGGCGCCGTCACCGTTGACGTCGAAGTCTACACCATGGACACCATCTGGAAGGCGCCCACGCCCAACGCCGCCAAGAACTTCACGGACTCGCTCTACAATCTACTCGACACCCTCATCGCCGTCTAGGCGAGCGC
Seq_2_LinJ.04_plus,Seq_2_LinJ.04_plus,100.000,1000,1000,1000,0,0,1,1000,1,1000,0.0,1847,plus,GAGTAACACCCGGGCATACGAGCCACGGTAGAGAGAGGGAGGACAAGGAGGTGGTGATGGTGGGTAGGGGAAGGGGTTGGTGGCCTACAGGAGAGTGTCACACACGGAGGGAGGGTGTAGGAGCACTACGTACAACGTGCACCCACGCACACATCGGTGTAGATAGAGGTACATGGAGGGCGCCCACTGACGCACACCCGCATCCGCGCGGAGGCGGCGCCAGCTATGGTCATCTGCCACATCGAAGAGTCTAGCCACGGAGAGGTGGCACGATAGTTAAAAAGGAGGGAAAGAAGCTCTGCTGCCCTATCTGACGTACTGTCACGTGCGTGCATGCAGAGGCGGTGCCGTGAATTTGCACTCCTATTTATTCCGGTTGCTTCTATACCCTGATGACGAGGAGTGCAACTCAGCGTGGTATCACATTGCCCAGTGTCCGCTCGGCGAGGAAGCCAAGAGGGTCCCCCGGCCTCTGCCGATGCCAAGCCACCCCTCTGGTGGTGACAGGGCTGGGCCCCTACCGCCTAGGCAGGCCCAGAGCGGTGTATCGCTCCTCATGTCGGCGCTCAAGCGCTGGACGGCTCTGCGTCGGAGCGGGCTGCCACGGTGGGCGCGTTTGCACAATTTATACAAGAGGCACAGCGCCGGCGTGGCTCGAGCGCGTCCCACTCGGCCCTCGCAGCCTACTGGTGGGGAGGGGAGGGAGGGGGGCTGCGAGACGACCTGCGAGACGAGGGAGGGGGGGGAGCTCGAGGCAGAGGCCGTGCGCCGATGGCTGAGTCGGCGCACGGCTGCACCACGTGTGCAAAGTTGCTTGCCACCACGCGGTGGGTCGGCGTGCGGGTGGCGTAGCGTCGAGCCTCGCTCATGTTCTAAAGCGGAGCGGGGCACGTTGAAAAAGAAGAACCAAAGGAGAGGTCGGCGGCTTCGGCGTTCGCCACGGATGTCAGGCCATTTTCGGTTCGCCAAAAGCGGAGATAACGGCTCTTTCACACACGCT
Seq_2_LinJ.04_plus,Seq_33_LinJ.04_minus,100.000,882,1000,1001,0,0,119,1000,1001,120,0.0,1629,minus,AGGAGCACTACGTACAACGTGCACCCACGCACACATCGGTGTAGATAGAGGTACATGGAGGGCGCCCACTGACGCACACCCGCATCCGCGCGGAGGCGGCGCCAGCTATGGTCATCTGCCACATCGAAGAGTCTAGCCACGGAGAGGTGGCACGATAGTTAAAAAGGAGGGAAAGAAGCTCTGCTGCCCTATCTGACGTACTGTCACGTGCGTGCATGCAGAGGCGGTGCCGTGAATTTGCACTCCTATTTATTCCGGTTGCTTCTATACCCTGATGACGAGGAGTGCAACTCAGCGTGGTATCACATTGCCCAGTGTCCGCTCGGCGAGGAAGCCAAGAGGGTCCCCCGGCCTCTGCCGATGCCAAGCCACCCCTCTGGTGGTGACAGGGCTGGGCCCCTACCGCCTAGGCAGGCCCAGAGCGGTGTATCGCTCCTCATGTCGGCGCTCAAGCGCTGGACGGCTCTGCGTCGGAGCGGGCTGCCACGGTGGGCGCGTTTGCACAATTTATACAAGAGGCACAGCGCCGGCGTGGCTCGAGCGCGTCCCACTCGGCCCTCGCAGCCTACTGGTGGGGAGGGGAGGGAGGGGGGCTGCGAGACGACCTGCGAGACGAGGGAGGGGGGGGAGCTCGAGGCAGAGGCCGTGCGCCGATGGCTGAGTCGGCGCACGGCTGCACCACGTGTGCAAAGTTGCTTGCCACCACGCGGTGGGTCGGCGTGCGGGTGGCGTAGCGTCGAGCCTCGCTCATGTTCTAAAGCGGAGCGGGGCACGTTGAAAAAGAAGAACCAAAGGAGAGGTCGGCGGCTTCGGCGTTCGCCACGGATGTCAGGCCATTTTCGGTTCGCCAAAAGCGGAGATAACGGCTCTTTCACACACGCT
Seq_2_LinJ.04_plus,Seq_34_LinJ.04_minus,98.687,457,1000,1000,6,0,388,844,272,728,0.0,811,plus,CCGTGGTGACGGGGGGTCCAGCTCAGCGTGGTATCACATTGCCCAGTGTCCGCTCGGCGAGGAAGCCAAGAGGGTCCCCCGGCCTCTGCCGATGCCAAGCCACCCCTCTGGTGGTGACAGGGCTGGGCCCCTACCGCCTAGGCAGGCCCAGAGCGGTGTATCGCTCCTCATGTCGGCGCTCAAGCGCTGGACGGCTCTGCGTCGGAGCGGGCTGCCACGGTGGGCGCGTTTGCACAATTTATACAAGAGGCACAGCGCCGGCGTGGCTCGAGCGCGTCCCACTCGGCCCTCGCAGCCTACTGGTGGGGAGGGGAGGGAGGGGGGCTGCGAGACGACCTGCGAGACGAGGGAGGGGGGGGAGCTCGAGGCAGAGGCCGTGCGCCGATGGCTGAGTCGGCGCACGGCTGCACCACGTGTGCAAAGTTGCTTGCCACCACGCGGTGGGTCGGCGTGCGGG
Seq_2_LinJ.04_plus,Seq_15_LinJ.04_plus,99.113,451,1000,1000,4,0,394,844,725,275,0.0,811,minus,TGACGGGGGGTCCAGCTCAGCGTGGTATCACATTGCCCAGTGTCCGCTCGGCGAGGAAGCCAAGAGGGTCCCCCGGCCTCTGCCGATGCCAAGCCACCCCTCTGGTGGTGACAGGGCTGGGCCCCTACCGCCTAGGCAGGCCCAGAGCGGTGTATCGCTCCTCATGTCGGCGCTCAAGCGCTGGACGGCTCTGCGTCGGAGCGGGCTGCCACGGTGGGCGCGTTTGCACAATTTATACAAGAGGCACAGCGCCGGCGTGGCTCGAGCGCGTCCCACTCGGCCCTCGCAGCCTACTGGTGGGGAGGGGAGGGAGGGGGGCTGCGAGACGACCTGCGAGACGAGGGAGGGGGGGGAGCTCGAGGCAGAGGCCGTGCGCCGATGGCTGAGTCGGCGCACGGCTGCACCACGTGTGCAAAGTTGCTTGCCACCACGCGGTGGGTCGGCGTGCGGG
Seq_3_LinJ.04_plus,Seq_3_LinJ.04_plus,100.000,1000,1000,1000,0,0,1,1000,1,1000,0.0,1847,plus,GCATGCCCGGCGGCGGCCCCGGCGCCTTGCGGAGTACTGAGCAAACCGAGACCTACCCCCCGATCAAGATCTTCGCCGGCTCATCCGCCGACAACTGCAGCGCCGAGTGCAACAAGATGCGCCTGTGCGAGTCCTACACCTTCTGGGGGGAGACCAACACCTGCAAGCTGTACTGGAAGACCAACCCCATGAGGTCCAAAGACGATGCCACCAGCGGCACCGTGCGCGAGCCGCTGCTGTACCTCGGCCGCACCCAGTCCGGAACCATCGGCAGCACCGCGCCCCTGCACGGCCGCGCGCCCTTCGCCACCGCCACGCCCAACGGCTTCGAGCTCCACATCTTCGTCGACGACAGCGTGCTGGAGATCTTCAAGGACGAGGGCCTCGAAACCCTCACCGGCCGCCTCTACATCGACAACGGCGCCGACACCACCGGCATCGCTGTCTACGCGCGCAACGCCGGCGCCGTCACCGTTGACGTCGAAGTCTACACCATGGACACCATCTGGAAGGCGCCCACGCCCAACGCCGCCAAGAACTTCACGGACTCGCTCTACAATCTACTCGACACCCTCATCGCCGTCTAGGCGAGCGCGCGCAGGCACCCACCCACCCCCTGAAAAGGGGGGAAGGAAGCGGGAGGGCGGGAAGGTGGACACTCAAGAAGCCCGTCATGTCACCCTCCCTCCCCTTTTTTTTGTTTTTGGAATTCGTCATATTCTCTCTGCGTTTGACGCGGTCCCGCGCCCCACCACTCCCACCAGCCTCTCTCCTCCTCATCCTCGGGACCGCCACCTCTAACCTCCTCCCTCCCCCCTCTTCCATGTCTTGTCTGTTCACGGCACACATCTTCCCTCAACTCGTGTTCAATGTGCTTTTTTCTTTGTCTTGTGTGTTCACCTTTCCTCCTTACCAGTGTTTCTTGCCGTCGCGGCGCACGCCTCGCCGAGCTCCCGGGCTCGGTGGTGGGTAGTGCATGTAAGCCCCAGCAGCAGCAGCA
Seq_3_LinJ.04_plus,Seq_1_LinJ.04_plus,100.000,191,1000,1000,0,0,405,595,1,191,1.07e-99,353,plus,CTCTACATCGACAACGGCGCCGACACCACCGGCATCGCTGTCTACGCGCGCAACGCCGGCGCCGTCACCGTTGACGTCGAAGTCTACACCATGGACACCATCTGGAAGGCGCCCACGCCCAACGCCGCCAAGAACTTCACGGACTCGCTCTACAATCTACTCGACACCCTCATCGCCGTCTAGGCGAGCGC
Seq_4_LinJ.04_plus,Seq_4_LinJ.04_plus,100.000,1000,1000,1000,0,0,1,1000,1,1000,0.0,1847,plus,GCGCCGCGGTTCACCAAGGCGGATGACGTGCCGCGTCCCGTACACCCGGACGAAATCGAGGGTCCGTGGGAGGTGCGCGTCACCTACGACGCAAAGGACGGACTGGACTACGTGCAGTCTCTCGGCCTGACGTCCATCGACGGTGCCGCCGTGCTGTCCGTGGAGGAGGCGTTTCCTGAAGCGGCGCAGCCGTACGCCGCCGTGGACCCGGTCTACCAGGAGGCCGTCCGCCGCGAGATGGCACAGGAGGAGACGCTGATGAAGTGGCCGAACGTGCCGAAGTGGAAGTACCAGTACGACCTTTACACCAAGAAGCACCTTGCACAGGTGGTGCAGTACAACTACTCGAACGTGGTCGACTACGTGGACCGCGAGGTGCTCCTGACCGGCCGCTCCGTCTGGGAGTCGCCGATCGACATCGACCCCACGTGCGGCGGCATGAAGTCGGTGCCGGCGCACGCGAAGAAGCCGAAGCGGTACATGACACACGGCTTGGGCGAGGTCGGGGTGACGGACATCTAAAGAAACGTGGCCATGGTGGTGCTGCCAGGGGTGCTTGGCTGTTTCAAGGTGAGGGCGGGGGTGTTCGAGACCGTGCGCAGGATGTGTGTGTGTGTATATATGTGTTGATCTCGTCAAAGAATAGTCGGTGGGGAGGGTCGGCGTTGTCGCGGTAGTGTATGCATGCGCACTTGTTCAGAATAGCGAGAACGAAGATGGGCATATCGCATAGAGCTGGCGGCGACCCCGTTGCGCACCTTCGCGCGCCGTCCAGTAGGCAACGAAAAGGTGGTGCATGGGGGTGGGGGGGTTGCCCTGTGCGCCCTCGGTGCCGTCACCCCACCCCACATCGAGCTTCATGGCAATCTCACTTCTCTCTTCTCTCCTACTCAAACATGTATGCGTGGCGTATGACTGGTTGACTGCCACGGGGGGAGGGGTGTCGTTGATGGAAACACGCTCGAGCACACACACAGAGCGCGCGGGAGAGATCAAGAGA
Seq_5_LinJ.04_plus,Seq_5_LinJ.04_plus,100.000,1000,1000,1000,0,0,1,1000,1,1000,0.0,1847,plus,AAGGGGGAGAGAGACACACACACACACGCGCACGCACTGCACATGTACACGCGTGTCTTCCAAAGAGAGATGGGAGATGATGAGGGATGATGGAGGGAGGGAGGAAGGGGAGAGGAGGAGGAGGTGCGACGGACAGAGGAACCACGCCACCTTCCCTTCCCTCTCCCCGCCTCTCACAGTGCCCCCCCTCCCTCCCTCTCCACACACCGCATGAGAAGAAAACGGCACCGATGCAGCACACAAAGGCATACATGAACATGTAGAGGATTGCTGAAGGCGCTCTTCTCCCTCTTCTTTCCTCTCTCTCGCTGCGGTAAACACTGAAAAGTACACACACGCACAAAAGAAGACAAAACAGGACAACGCCCCGAGCGGTAACATATGCACATTAATCCAGAGGACAAGTCGGGAGGGTGGTCGTGGTGGTGAGTTGTCGAGGGTTTCCTCACGGGGCGCGAGCAGAGGCAAGTCGACTGTGATGGTGATGGTGGCTATGGTGTGTATGTGTGTGTCTGTGCCTGTAGGAAAGGTCGTTGTATGCCTTCACATGCATCTCGGTTCTCGTTTTGTGGTGGCGGGGGCCCACTGGGATCATCGAGAAGCCAGGGACTGAAACGAGTGCTGCCGGGCGCGAACTAGCTGCCCCAGCAACCAGTTCTTCGACTGCTAGAGGTCACCGAGAAAACTTCTGTCGGCTTCGCTCGACCCGTTACAGCTCGTGCCGCTGCTGCTGCCGTCACTGTCGCTCGTGCCACGGGAGGAAAAAAAAGAACTGGCTGAGGAGGAGGGGTACACTGGCTGTTCTCATGGCCATCATACTGCTTCTTCTTCCGCAGGCAGCCCCGCACACGACGACAATCACCGCCACCACGACCACCGCGAGCACCATGATGCGCATGTAGCCCCACCAAGAGGGAGGCCATTCATTGTCACCGCCACGACATCGTCGCGCGATTCGCAGGCGGCGGCCACGCTTGTCCACCCCTTCCGCGGTTCGTCA
Seq_6_LinJ.04_plus,Seq_6_LinJ.04_plus,100.000,1000,1000,1000,0,0,1,1000,1,1000,0.0,1847,plus,CATCCTATTCGACATTGCCGGCATCTGCGTTCGTGGCATCGCGCGGCTCCTCCTCGGCGTCGTCGAAGGTGATCTTGCTGCTGCCGTTGCTGCTGCTCTCCGGTTCAGTGTGCCTCCTCGAGCTCCTGGTGGTGACCTCTGCTGTCTTCGCTCTCTGTATTGTACTGCTCGTCGTACTCTGCGTACTCGTCATCCTCTCTCACGTACTCGTAGCCGTCCGGTGCGAACACCTCGTCTCCGAGGACCAGCACTGGGGGACCTTTCTTCACGAGGCCGTCGTTCTCGTCATTGATCATCTCGTCCTCGCCGCACTCCGAAACGGCGACCGGCTGCGTGTCCGTGGTACACGAGCTGGTGCTCATGAGGGCTTCGTCGTACTCCGCCTGTGAGGTGACGAAGACCGTGTGGGGGGCCGGTGCTGGCGTGTTGGCCGCCGCAGCTGGCGTCCGCAGTGCAGTGGAGGAGGATGCGGCAGCGGAGGTGGTTGGGGGTGGGTGGGGCGGCGGCGGCAGCGCCGAGCTGTGCGTGCGGTGATGAGAGCGGCCTTCGTTGTGCGACCGCACCATCCCCTCAGCCCGCAGGTTCTCCTTGTGCACGGCTTCCGTGCGTTGCGACAGGTTCTCTTCAGCGTGCTGCCACGCGCGACTTCGTTGCTGGGACGACGAGCCGGTGCCGTTGTTTATCTGTGGCGCTCCGTGCACGTGCGTGGCACAGGTGTGCTGCTCCGGCGCCCCGGCGCTGTTCCTGCCGAAAGCGGTCACTGCGGCACTCGGCGTGTGTGTGCCAGCGGCGTATGCCTCGTCAGCAGGGTAGTGCGAGCCGGACGGCGCAGGATTGTACCTATCGTCGTCTTCCTCATCGTGCCGATAGGCGCTGTTCCCATAGGAAGACGAGGAGAGTGCATGCTGAGAGGGCTGCGCTCGCGCTGGTGGTGGCGGTGCGAAGACGGCACGCGTGTACTTGCTAGAGCGACCAGACGTGTGCTCAGGCATGTGACTAC
Seq_7_LinJ.04_plus,Seq_7_LinJ.04_plus,100.000,1000,1000,1000,0,0,1,1000,1,1000,0.0,1847,plus,TCCTTTTTTGACACTGTTGTTTCCTCTCTTTCCTTCTTTTCTCCACAAGTTGCCGACGATTGTTTCACTCATTATTATTTGCAGTTTTCGTTTTCTCCCCTCGCTGCGCTGTTGTGCTCTTCATCAAGCTCCGCTTCCCTGATAGGCTCCCTATACCTCTCTTCTCTCCCTATTATGTTCTGTGTGTCTTTTCAACGATTTCCTTTTTCTTCTGATTGCCTCTATATCTCTTTTGTGTCTCTTGCCTCTCGTGCTCTGCTGCTGTCACTCTCTTTTTTTTTTCACAACATGTCCACTCTGCCATAGAACGTGTGCTAAACTCCACCCGGACTGCCAAAGGCCCCATCGGGTGGTGCGAAGCCGCACTAGACACGCATCACGCCAATGCACCGACTCGGTCATGGGAGCACGGCCTCTGCCGTCAAACTCTACTCGCCCACCCACACCACTAGGCAGTGCGAGGGCCGGGTGGGATACGCTCGAGTCACGTCGGCACTTCGCCTATCATATGGATGGTGCAAGCGTGCGCACTGTCGCAGGTCGCTCCGACGCAGCGCCATCCACGACCTGACCACCGACATCGGCAGCGGTACGTCGCGGTGACCTCCCGCACGTCGTAGGCACTTGACCCTGTCACCACCAGAGGTGGTTGTGCACTTGGCAGGGGTTAGGGGGGAGGGGCTGCTTGACTTGCCCGCAGAGTGGGTAACGAAATCTCATACCGTGATGAGGCGCTTATCGTCATCAGGGTCTGCTGCTGTGATAAGCCAAAGAAAAAGGGCTAGGCACCCCTCTTCCACCTCCCAAACAAAGAAAGGAACGGTGGTTGGGAAAAGTCGACTGCAGTCCACAAGTAACAAATTCACTGGTTTATGTGCAGTCCCTCTCCATCATCTATCTCTCTTTATGCCCCTCTCTCCCCTCCTTCTCTTCGGCGCTCGGCAAGCGATGGAAACAAGCAGTGAGCGAAAAGAAATAAGAAAGAGCGAGCGTTTATCTT
Seq_7_LinJ.04_plus,Seq_28_LinJ.04_minus,100.000,999,1000,1000,0,0,2,1000,1000,2,0.0,1845,minus,CCTTTTTTGACACTGTTGTTTCCTCTCTTTCCTTCTTTTCTCCACAAGTTGCCGACGATTGTTTCACTCATTATTATTTGCAGTTTTCGTTTTCTCCCCTCGCTGCGCTGTTGTGCTCTTCATCAAGCTCCGCTTCCCTGATAGGCTCCCTATACCTCTCTTCTCTCCCTATTATGTTCTGTGTGTCTTTTCAACGATTTCCTTTTTCTTCTGATTGCCTCTATATCTCTTTTGTGTCTCTTGCCTCTCGTGCTCTGCTGCTGTCACTCTCTTTTTTTTTTCACAACATGTCCACTCTGCCATAGAACGTGTGCTAAACTCCACCCGGACTGCCAAAGGCCCCATCGGGTGGTGCGAAGCCGCACTAGACACGCATCACGCCAATGCACCGACTCGGTCATGGGAGCACGGCCTCTGCCGTCAAACTCTACTCGCCCACCCACACCACTAGGCAGTGCGAGGGCCGGGTGGGATACGCTCGAGTCACGTCGGCACTTCGCCTATCATATGGATGGTGCAAGCGTGCGCACTGTCGCAGGTCGCTCCGACGCAGCGCCATCCACGACCTGACCACCGACATCGGCAGCGGTACGTCGCGGTGACCTCCCGCACGTCGTAGGCACTTGACCCTGTCACCACCAGAGGTGGTTGTGCACTTGGCAGGGGTTAGGGGGGAGGGGCTGCTTGACTTGCCCGCAGAGTGGGTAACGAAATCTCATACCGTGATGAGGCGCTTATCGTCATCAGGGTCTGCTGCTGTGATAAGCCAAAGAAAAAGGGCTAGGCACCCCTCTTCCACCTCCCAAACAAAGAAAGGAACGGTGGTTGGGAAAAGTCGACTGCAGTCCACAAGTAACAAATTCACTGGTTTATGTGCAGTCCCTCTCCATCATCTATCTCTCTTTATGCCCCTCTCTCCCCTCCTTCTCTTCGGCGCTCGGCAAGCGATGGAAACAAGCAGTGAGCGAAAAGAAATAAGAAAGAGCGAGCGTTTATCTT
Seq_7_LinJ.04_plus,Seq_22_LinJ.04_minus,99.606,508,1000,1001,1,1,247,753,247,754,0.0,926,plus,TCTCGTGCTCTGCTGCTGTCATTCTCTTTTTTTTTTTCACAACATGTCCACTCTGCCATAGAACGTGTGCTAAACTCCACCCGGACTGCCAAAGGCCCCATCGGGTGGTGCGAAGCCGCACTAGACACGCATCACGCCAATGCACCGACTCGGTCATGGGAGCACGGCCTCTGCCGTCAAACTCTACTCGCCCACCCACACCACTAGGCAGTGCGAGGGCCGGGTGGGATACGCTCGAGTCACGTCGGCACTTCGCCTATCATATGGATGGTGCAAGCGTGCGCACTGTCGCAGGTCGCTCCGACGCAGCGCCATCCACGACCTGACCACCGACATCGGCAGCGGTACGTCGCGGTGACCTCCCGCACGTCGTAGGCACTTGACCCTGTCACCACCAGAGGTGGTTGTGCACTTGGCAGGGGTTAGGGGGGAGGGGCTGCTTGACTTGCCCGCAGAGTGGGTAACGAAATCTCATACCGTGATGAGGCGCTTATCGTCATCAGGGTCT
Seq_7_LinJ.04_plus,Seq_9_LinJ.04_plus,99.413,511,1000,1000,2,1,247,756,755,245,0.0,926,minus,TCTCGTGCTCTGCTGCTGTCATTCTCTTTTTTTTTTTCACAACATGTCCACTCTGCCATAGAACGTGTGCTAAACTCCACCCGGACTGCCAAAGGCCCCATCGGGTGGTGCGAAGCCGCACTAGACACGCATCACGCCAATGCACCGACTCGGTCATGGGAGCACGGCCTCTGCCGTCAAACTCTACTCGCCCACCCACACCACTAGGCAGTGCGAGGGCCGGGTGGGATACGCTCGAGTCACGTCGGCACTTCGCCTATCATATGGATGGTGCAAGCGTGCGCACTGTCGCAGGTCGCTCCGACGCAGCGCCATCCACGACCTGACCACCGACATCGGCAGCGGTACGTCGCGGTGACCTCCCGCACGTCGTAGGCACTTGACCCTGTCACCACCAGAGGTGGTTGTGCACTTGGCAGGGGTTAGGGGGGAGGGGCTGCTTGACTTGCCCGCAGAGTGGGTAACGAAATCTCATACCGTGATGAGGCGCTTATCGTCATCAGGGTCTCCT
Seq_7_LinJ.04_plus,Seq_10_LinJ.04_plus,98.680,303,1000,1001,4,0,331,633,629,327,2.74e-155,538,minus,CTGCCAAAGGCCCCATCGGGTGGTGCGAAGCCGCGCTAGACACGCATCACGCCAATGCACCGACTCGGTCATGGGAGCACGGCCTCTGCCGTCAAACTCTACTCGCCCACCCACACCACTAGGCAGTGCGAGGGCCGGGTGGGATACGCTCGAGTCACGTCGGCACTTCGCCTATCATATGGATGGTGCAAGCGTGCGCACTGTCGCAGGTCGCTCCGACGCAGCGCCATCCACGACCTGACCGCCGACATCGGCAGCGGTACGTCGCGGTGACCTCCCGCACGTCGTAGGCACTAGACTCTG
Seq_7_LinJ.04_plus,Seq_1_LinJ.04_plus,92.473,372,1000,1000,16,8,331,696,740,375,2.76e-150,521,minus,CTGCCACAGGCCTCGTCGCGTGGTGCGACGGCAGCCGCGCTAGACACGCATCACGCCAATGCACCGACTCGGTCATGGGAGCACGGCCTCTGCCGTCAAACTCTACTCGCCCACCCACACCACTAGGCAGTGCGAGGGCCGGGTGGGATACGCTCGAGTCACGTCGGCACTTCGCCTATCATATGGATGGTGCAAGCGTGCGCACTGTCGCAGGTCGCTCCGACGCAGCGCCATCCACGACCTGACCGCCGACATCGGCAGCGGTACGTCGCGGTGACCTCCCGCAGGTCGTAGGCGCCTGACCCTGCCAGCACTAGAGGTGGGTGGGTGTA-TTGGCAGGGGT-AGGGTG-AGGGTCT-CT-G-CTTGCCC
Seq_8_LinJ.04_plus,Seq_8_LinJ.04_plus,100.000,1000,1000,1000,0,0,1,1000,1,1000,0.0,1847,plus,GGTTATATTTGGCCAAAGAAAACATGTCGTAGCTGGATTTGCGAAAAAACGCACATCGAGGCATTTACCCCCTCGTCCACAGAATTTACAGCGCTTATGAAAAAAACACCCTCCATGCCCCGCCGCCTTTCGGAACCACAGCCCCCCCCCCACCCCCCCGCCATTTTCGCACAAACAAAACACAAGACGCCGGGATCACAAGAACACTCTCTTCCCCTTTCCTTCCCATTACCGGCGCCCTTTACGATTCGCCCCACCATTGCCTCGGGCTCCCGTGGGTTCTATAACCGCGCTTTTTCTCCCCGCCCAGGGGCGGTTTTCCAAACCAAGGCCCGCAACTTCTGCGAGAGGGAAAAGCAGAACCCCCCCCCCATCCCTGCCACCATTCCCCCATTGCCGAACCACCCCTCACCACGACAGGGTCAAGTCCTGGATGGCGCTGCGCAAACGCTTGCTGCGGCAGTGCGCGCGCCTGTGCCACCCATGTGCTGGGCAGGGCGCCCGCGTGGGTCGTGTGTGTCTCCCTCGGGCCCCCGCTGCCCACCGGTGGGTGGCCCCGAGGCGGGGGGTGGGAGGGCAGAGTGTGAGGGGCAGGGGGGCCGCGCGACCAGCCGACCGGGCCGGCACACCGCCACCACACGCGCGTCCGCCGCCCCCTCGCTCCCCGAGTTGGATCCCGGGGCGACCCCGGGAGAAGGAGGGTTGGCGCGCCTGGTTTTTACACCGGGGAAAGGTCCGCGCAAGAAAAAAAACTTTTTTCGCACCCTCCCTCCGACTTTTCCGCTGAAGAAAGGACTACGAAGGCCAGGGGCTACGCGGGCGGAGGCCAACGGGATAACAGCGCAGGAAAAAAACTGATGAAAAGACGGGTGCTTTGTGACGGACCAGTTCTGTTCAAATAGCAGGCGCTTTTTCTAGCGCAGAAAAAACCGCGGCGTTTGCTGCGAAAGCGGCCTGTTTTTGATTTGTTGAGACTTAAAAGGACATTTGTCTTTACAGC
Seq_8_LinJ.04_plus,Seq_26_LinJ.04_minus,100.000,999,1000,1000,0,0,1,999,999,1,0.0,1845,minus,GGTTATATTTGGCCAAAGAAAACATGTCGTAGCTGGATTTGCGAAAAAACGCACATCGAGGCATTTACCCCCTCGTCCACAGAATTTACAGCGCTTATGAAAAAAACACCCTCCATGCCCCGCCGCCTTTCGGAACCACAGCCCCCCCCCCACCCCCCCGCCATTTTCGCACAAACAAAACACAAGACGCCGGGATCACAAGAACACTCTCTTCCCCTTTCCTTCCCATTACCGGCGCCCTTTACGATTCGCCCCACCATTGCCTCGGGCTCCCGTGGGTTCTATAACCGCGCTTTTTCTCCCCGCCCAGGGGCGGTTTTCCAAACCAAGGCCCGCAACTTCTGCGAGAGGGAAAAGCAGAACCCCCCCCCCATCCCTGCCACCATTCCCCCATTGCCGAACCACCCCTCACCACGACAGGGTCAAGTCCTGGATGGCGCTGCGCAAACGCTTGCTGCGGCAGTGCGCGCGCCTGTGCCACCCATGTGCTGGGCAGGGCGCCCGCGTGGGTCGTGTGTGTCTCCCTCGGGCCCCCGCTGCCCACCGGTGGGTGGCCCCGAGGCGGGGGGTGGGAGGGCAGAGTGTGAGGGGCAGGGGGGCCGCGCGACCAGCCGACCGGGCCGGCACACCGCCACCACACGCGCGTCCGCCGCCCCCTCGCTCCCCGAGTTGGATCCCGGGGCGACCCCGGGAGAAGGAGGGTTGGCGCGCCTGGTTTTTACACCGGGGAAAGGTCCGCGCAAGAAAAAAAACTTTTTTCGCACCCTCCCTCCGACTTTTCCGCTGAAGAAAGGACTACGAAGGCCAGGGGCTACGCGGGCGGAGGCCAACGGGATAACAGCGCAGGAAAAAAACTGATGAAAAGACGGGTGCTTTGTGACGGACCAGTTCTGTTCAAATAGCAGGCGCTTTTTCTAGCGCAGAAAAAACCGCGGCGTTTGCTGCGAAAGCGGCCTGTTTTTGATTTGTTGAGACTTAAAAGGACATTTGTCTTTACAG
Seq_8_LinJ.04_plus,Seq_24_LinJ.04_minus,99.281,278,1000,1001,2,0,366,643,397,674,1.00e-144,503,plus,CCCCCCCATCCCTGCCACCATTCCCCCATTGCCGCACCACCCCTCACCACGACAGGGTCAAGTCCTGGATGGCGCTGCGCAAACGCTTGCTGCGGCAGTGCGCGCGCCTGTGCCACCCATGTGCTGGGCAGGGCGCCCGCGTGGGTCGTGTGTGTCTCCCTCGGGCCCCCGCTGCCCACCGGTGGGTGGCCCCGAGGCGGGGGGTGGGAGGGCAGAGTGTGAGGGGCAGGGGGGCCGCGCGACCAGCCGACCGGGTCGGCACACCGCCACCACACGCG
Seq_8_LinJ.04_plus,Seq_14_LinJ.04_plus,99.281,278,1000,1001,2,0,366,643,606,329,1.00e-144,503,minus,CCCCCCCATCCCTGCCACCATTCCCCCATTGCCGCACCACCCCTCACCACGACAGGGTCAAGTCCTGGATGGCGCTGCGCAAACGCTTGCTGCGGCAGTGCGCGCGCCTGTGCCACCCATGTGCTGGGCAGGGCGCCCGCGTGGGTCGTGTGTGTCTCCCTCGGGCCCCCGCTGCCCACCGGTGGGTGGCCCCGAGGCGGGGGGTGGGAGGGCAGAGTGTGAGGGGCAGGGGGGCCGCGCGACCAGCCGACCGGGTCGGCACACCGCCACCACACGCG
Seq_8_LinJ.04_plus,Seq_25_LinJ.04_minus,89.369,301,1000,1000,18,3,357,643,384,684,1.37e-103,366,plus,GCAGAGCCCCTCCCCCCATCCCTGCCACCATTCCCCCATTGCCGCATCACCCTTCACCACGACAGGGTCAAGTCCTAGATGGCGCTGCGCAAACGCTTGCCGCGACAGTGCGCGCGTCTGTGCCACCCATGTGCTGGGCAGGGCGCCCGCGTGGGTCGTGTGTGTCTCCCTCGGGCCCCCGCTGTCCACCGGTGGGTGGCCCCGAGGCGACCTGCGAGGCGGAGGGGTGGGAGGGCAGAGTGTGAGGGGCAGGGGGGCCGCGCGCTCAGCCGACCGAGTCGGCGCACGGCCGTCATACGCG
Seq_8_LinJ.04_plus,Seq_12_LinJ.04_plus,89.369,301,1000,1001,18,3,357,643,617,317,1.37e-103,366,minus,GCAGAGCCCCTCCCCCCATCCCTGCCACCATTCCCCCATTGCCGCATCACCCTTCACCACGACAGGGTCAAGTCCTAGATGGCGCTGCGCAAACGCTTGCCGCGACAGTGCGCGCGTCTGTGCCACCCATGTGCTGGGCAGGGCGCCCGCGTGGGTCGTGTGTGTCTCCCTCGGGCCCCCGCTGTCCACCGGTGGGTGGCCCCGAGGCGACCTGCGAGGCGGAGGGGTGGGAGGGCAGAGTGTGAGGGGCAGGGGGGCCGCGCGCTCAGCCGACCGAGTCGGCGCACGGCCGTCATACGCG
Seq_8_LinJ.04_plus,Seq_21_LinJ.04_minus,87.624,202,1000,1000,11,3,453,640,477,678,3.14e-60,222,plus,TGCCGCGACAGTGCGCGCGTCTGTGCCACCCATGTGCTGGGCAGGGCGACCCGCGTGGGTCGTGTGTGTCTCCCTCGGGCCCCCGCTGTCCACCGGTGGGTGGCCCCGAGGCGACCTGCGAGGCGGAGGGGTGGGAGGGCAGAGTGTGAGGGGCAGGGGGGCCGCGCGCTCAGCCGACCGAGTCGGCACACGGCCGTCACAC
Seq_8_LinJ.04_plus,Seq_17_LinJ.04_plus,87.019,208,1000,1000,13,3,453,646,524,317,3.14e-60,222,minus,TGCCGCGACAGTGCGCGCGTCTGTGCCACCCATGTGCTGGGCAGGGCGACCCGCGTGGGTCGTGTGTGTCTCCCTCGGGCCCCCGCTGTCCACCGGTGGGTGGCCCCGAGGCGACCTGCGAGGCGGAGGGGTGGGAGGGCAGAGTGTGAGGGGCAGGGGGGCCGCGCGCTCAGCCGACCGAGTCGGCACACGGCCGTCACACACGTGT
Seq_9_LinJ.04_plus,Seq_22_LinJ.04_minus,100.000,1000,1000,1001,0,0,1,1000,1001,2,0.0,1847,minus,GCGGTATGTAGAATTAAGTGCAGCTGTTTTTTTCCGTCTCACGCCGTACATTCGTGCAGCCCGATCAGTCAGCCGGTACAAGGTGCGCATGTGTGCATGCGCACAGATATAGAAGCGCCAACAGCTCTTAATAATGAAGAAAAGAGAATACCACAAGGAAAAGAAACCGTTCTGCTGATGTGCATGCCGATTCGCCAGTGGCGGCACGGTTTTTTTTTGTGAGTTTTTTTTTTACAGGCAACGAAGGAGACCCTGATGACGATAAGCGCCTCATCACGGTATGAGATTTCGTTACCCACTCTGCGGGCAAGTCAAGCAGCCCCTCCCCCCTAACCCCTGCCAAGTGCACAACCACCTCTGGTGGTGACAGGGTCAAGTGCCTACGACGTGCGGGAGGTCACCGCGACGTACCGCTGCCGATGTCGGTGGTCAGGTCGTGGATGGCGCTGCGTCGGAGCGACCTGCGACAGTGCGCACGCTTGCACCATCCATATGATAGGCGAAGTGCCGACGTGACTCGAGCGTATCCCACCCGGCCCTCGCACTGCCTAGTGGTGTGGGTGGGCGAGTAGAGTTTGACGGCAGAGGCCGTGCTCCCATGACCGAGTCGGTGCATTGGCGTGATGCGTGTCTAGTGCGGCTTCGCACCACCCGATGGGGCCTTTGGCAGTCCGGGTGGAGTTTAGCACACGTTCTATGGCAGAGTGGACATGTTGTGAAAAAAAAAAAGAGAATGACAGCAGCAGAGCACGAGAAATACAATCTGCAAAAAACACTGTGAGGTGTTTAAAAGCACCTTTCAAGTTTTTTATTGCTCTTTAGCGCAGGTTATCTTACGTGTCACGTAGTTGCCGGCACTGATGCGTTGTGGATCGGTGCTGCTGGAATGCCGATGAGAAAATGGTGAATACAAATGCTGCCTACTCGCTCTCATGTTTATTATTATGCGCTGCTCGATTGTGCATCGCGTGACCACAGACTGCAGTTTATAGGTCTCGGT
Seq_9_LinJ.04_plus,Seq_9_LinJ.04_plus,100.000,1000,1000,1000,0,0,1,1000,1,1000,0.0,1847,plus,GCGGTATGTAGAATTAAGTGCAGCTGTTTTTTTCCGTCTCACGCCGTACATTCGTGCAGCCCGATCAGTCAGCCGGTACAAGGTGCGCATGTGTGCATGCGCACAGATATAGAAGCGCCAACAGCTCTTAATAATGAAGAAAAGAGAATACCACAAGGAAAAGAAACCGTTCTGCTGATGTGCATGCCGATTCGCCAGTGGCGGCACGGTTTTTTTTTGTGAGTTTTTTTTTTACAGGCAACGAAGGAGACCCTGATGACGATAAGCGCCTCATCACGGTATGAGATTTCGTTACCCACTCTGCGGGCAAGTCAAGCAGCCCCTCCCCCCTAACCCCTGCCAAGTGCACAACCACCTCTGGTGGTGACAGGGTCAAGTGCCTACGACGTGCGGGAGGTCACCGCGACGTACCGCTGCCGATGTCGGTGGTCAGGTCGTGGATGGCGCTGCGTCGGAGCGACCTGCGACAGTGCGCACGCTTGCACCATCCATATGATAGGCGAAGTGCCGACGTGACTCGAGCGTATCCCACCCGGCCCTCGCACTGCCTAGTGGTGTGGGTGGGCGAGTAGAGTTTGACGGCAGAGGCCGTGCTCCCATGACCGAGTCGGTGCATTGGCGTGATGCGTGTCTAGTGCGGCTTCGCACCACCCGATGGGGCCTTTGGCAGTCCGGGTGGAGTTTAGCACACGTTCTATGGCAGAGTGGACATGTTGTGAAAAAAAAAAAGAGAATGACAGCAGCAGAGCACGAGAAATACAATCTGCAAAAAACACTGTGAGGTGTTTAAAAGCACCTTTCAAGTTTTTTATTGCTCTTTAGCGCAGGTTATCTTACGTGTCACGTAGTTGCCGGCACTGATGCGTTGTGGATCGGTGCTGCTGGAATGCCGATGAGAAAATGGTGAATACAAATGCTGCCTACTCGCTCTCATGTTTATTATTATGCGCTGCTCGATTGTGCATCGCGTGACCACAGACTGCAGTTTATAGGTCTCGGT
Seq_9_LinJ.04_plus,Seq_28_LinJ.04_minus,99.413,511,1000,1000,2,1,245,755,246,755,0.0,926,plus,AGCAGACCCTGATGACGATAAGCGCCTCATCACGGTATGAGATTTCGTTACCCACTCTGCGGGCAAGTCAAGCAGCCCCTCCCCCCTAACCCCTGCCAAGTGCACAACCACCTCTGGTGGTGACAGGGTCAAGTGCCTACGACGTGCGGGAGGTCACCGCGACGTACCGCTGCCGATGTCGGTGGTCAGGTCGTGGATGGCGCTGCGTCGGAGCGACCTGCGACAGTGCGCACGCTTGCACCATCCATATGATAGGCGAAGTGCCGACGTGACTCGAGCGTATCCCACCCGGCCCTCGCACTGCCTAGTGGTGTGGGTGGGCGAGTAGAGTTTGACGGCAGAGGCCGTGCTCCCATGACCGAGTCGGTGCATTGGCGTGATGCGTGTCTAGTGCGGCTTCGCACCACCCGATGGGGCCTTTGGCAGTCCGGGTGGAGTTTAGCACACGTTCTATGGCAGAGTGGACATGTTGTG-AAAAAAAAAAGAGAGTGACAGCAGCAGAGCACGAGA
Seq_9_LinJ.04_plus,Seq_7_LinJ.04_plus,99.606,508,1000,1000,1,1,248,755,753,247,0.0,926,minus,AGACCCTGATGACGATAAGCGCCTCATCACGGTATGAGATTTCGTTACCCACTCTGCGGGCAAGTCAAGCAGCCCCTCCCCCCTAACCCCTGCCAAGTGCACAACCACCTCTGGTGGTGACAGGGTCAAGTGCCTACGACGTGCGGGAGGTCACCGCGACGTACCGCTGCCGATGTCGGTGGTCAGGTCGTGGATGGCGCTGCGTCGGAGCGACCTGCGACAGTGCGCACGCTTGCACCATCCATATGATAGGCGAAGTGCCGACGTGACTCGAGCGTATCCCACCCGGCCCTCGCACTGCCTAGTGGTGTGGGTGGGCGAGTAGAGTTTGACGGCAGAGGCCGTGCTCCCATGACCGAGTCGGTGCATTGGCGTGATGCGTGTCTAGTGCGGCTTCGCACCACCCGATGGGGCCTTTGGCAGTCCGGGTGGAGTTTAGCACACGTTCTATGGCAGAGTGGACATGTTGTGAAAAAAAAAA-GAGAGTGACAGCAGCAGAGCACGAGA
Seq_9_LinJ.04_plus,Seq_10_LinJ.04_plus,98.680,303,1000,1001,4,0,368,670,327,629,2.74e-155,538,plus,CAGAGTCTAGTGCCTACGACGTGCGGGAGGTCACCGCGACGTACCGCTGCCGATGTCGGCGGTCAGGTCGTGGATGGCGCTGCGTCGGAGCGACCTGCGACAGTGCGCACGCTTGCACCATCCATATGATAGGCGAAGTGCCGACGTGACTCGAGCGTATCCCACCCGGCCCTCGCACTGCCTAGTGGTGTGGGTGGGCGAGTAGAGTTTGACGGCAGAGGCCGTGCTCCCATGACCGAGTCGGTGCATTGGCGTGATGCGTGTCTAGCGCGGCTTCGCACCACCCGATGGGGCCTTTGGCAG
Seq_9_LinJ.04_plus,Seq_1_LinJ.04_plus,92.473,372,1000,1000,16,8,305,670,375,740,2.76e-150,521,plus,GGGCAAG-C-AG-AGACCCT-CACCCT-ACCCCTGCCAA-TACACCCACCCACCTCTAGTGCTGGCAGGGTCAGGCGCCTACGACCTGCGGGAGGTCACCGCGACGTACCGCTGCCGATGTCGGCGGTCAGGTCGTGGATGGCGCTGCGTCGGAGCGACCTGCGACAGTGCGCACGCTTGCACCATCCATATGATAGGCGAAGTGCCGACGTGACTCGAGCGTATCCCACCCGGCCCTCGCACTGCCTAGTGGTGTGGGTGGGCGAGTAGAGTTTGACGGCAGAGGCCGTGCTCCCATGACCGAGTCGGTGCATTGGCGTGATGCGTGTCTAGCGCGGCTGCCGTCGCACCACGCGACGAGGCCTGTGGCAG
Seq_10_LinJ.04_plus,Seq_1_LinJ.04_plus,95.710,373,1001,1000,12,1,326,694,433,805,4.47e-173,597,plus,GCAGGGTCAGGCGCCTACGACCTGCGGGAGGTCACCGCGACGTACCGCTGCCGATGTCGGCGGTCAGGTCGTGGATGGCGCTGCGTCGGAGCGACCTGCGACAGTGCGCACGCTTGCACCATCCATATGATAGGCGAAGTGCCGACGTGACTCGAGCGTATCCCACCCGGCCCTCGCACTGCCTAGTGGTGTGGGTGGGCGAGTAGAGTTTGACGGCAGAGGCCGTGCTCCCATGACCGAGTCGGTGCATTGGCGTGATGCGTGTCTAGCGCGGCTGCCGTCGCACCACGCGACGAGGCCTGTGGCAGAGCCCGGGGGTCGAGGGGCGCTTGGCTCATGTGGGACCGCAGAGAAGCGGACACGCTGGCGAAAG
Seq_10_LinJ.04_plus,Seq_28_LinJ.04_minus,98.680,303,1001,1000,4,0,327,629,369,671,2.75e-155,538,plus,CAGGGTCAAGTGCCTACGACGTGCGGGAGGTCACCGCGACGTACCGCTGCCGATGTCGGTGGTCAGGTCGTGGATGGCGCTGCGTCGGAGCGACCTGCGACAGTGCGCACGCTTGCACCATCCATATGATAGGCGAAGTGCCGACGTGACTCGAGCGTATCCCACCCGGCCCTCGCACTGCCTAGTGGTGTGGGTGGGCGAGTAGAGTTTGACGGCAGAGGCCGTGCTCCCATGACCGAGTCGGTGCATTGGCGTGATGCGTGTCTAGTGCGGCTTCGCACCACCCGATGGGGCCTTTGGCAG
Seq_10_LinJ.04_plus,Seq_22_LinJ.04_minus,98.680,303,1001,1001,4,0,327,629,634,332,2.75e-155,538,minus,CAGGGTCAAGTGCCTACGACGTGCGGGAGGTCACCGCGACGTACCGCTGCCGATGTCGGTGGTCAGGTCGTGGATGGCGCTGCGTCGGAGCGACCTGCGACAGTGCGCACGCTTGCACCATCCATATGATAGGCGAAGTGCCGACGTGACTCGAGCGTATCCCACCCGGCCCTCGCACTGCCTAGTGGTGTGGGTGGGCGAGTAGAGTTTGACGGCAGAGGCCGTGCTCCCATGACCGAGTCGGTGCATTGGCGTGATGCGTGTCTAGTGCGGCTTCGCACCACCCGATGGGGCCTTTGGCAG
Seq_10_LinJ.04_plus,Seq_9_LinJ.04_plus,98.680,303,1001,1000,4,0,327,629,368,670,2.75e-155,538,plus,CAGGGTCAAGTGCCTACGACGTGCGGGAGGTCACCGCGACGTACCGCTGCCGATGTCGGTGGTCAGGTCGTGGATGGCGCTGCGTCGGAGCGACCTGCGACAGTGCGCACGCTTGCACCATCCATATGATAGGCGAAGTGCCGACGTGACTCGAGCGTATCCCACCCGGCCCTCGCACTGCCTAGTGGTGTGGGTGGGCGAGTAGAGTTTGACGGCAGAGGCCGTGCTCCCATGACCGAGTCGGTGCATTGGCGTGATGCGTGTCTAGTGCGGCTTCGCACCACCCGATGGGGCCTTTGGCAG
Seq_10_LinJ.04_plus,Seq_7_LinJ.04_plus,98.680,303,1001,1000,4,0,327,629,633,331,2.75e-155,538,minus,CAGGGTCAAGTGCCTACGACGTGCGGGAGGTCACCGCGACGTACCGCTGCCGATGTCGGTGGTCAGGTCGTGGATGGCGCTGCGTCGGAGCGACCTGCGACAGTGCGCACGCTTGCACCATCCATATGATAGGCGAAGTGCCGACGTGACTCGAGCGTATCCCACCCGGCCCTCGCACTGCCTAGTGGTGTGGGTGGGCGAGTAGAGTTTGACGGCAGAGGCCGTGCTCCCATGACCGAGTCGGTGCATTGGCGTGATGCGTGTCTAGTGCGGCTTCGCACCACCCGATGGGGCCTTTGGCAG
Seq_11_LinJ.04_plus,Seq_31_LinJ.04_minus,100.000,1000,1000,1001,0,0,1,1000,1000,1,0.0,1847,minus,GCTGGCGAAGCAGCACGTACCAGATCGCGCAGGCGATCGACACGAAGACGACAGAGTTGCTGGCCATCTTTCGCCGACGCCCTCTATCGCTCTGCACCTCTGCGACTGATTCGTTTTTGATGTCTTGGAAGAAAATGTGCTGCGTAGTTTTGGCAGGGAGACAGACAGAGAAAGAGAGATGCGGCGAGGAAGTACTGTGCCGCCTGTCGAGGGTACGGGCCGCGCACGACAGCCTGATGTTGTTGCTGGTGCGTGATACACATGCACACACGCACACGCACGAAGAGCGAGTCAGCGATGCACGGGGATAAAGACGGCTCTGCCACAGGCCTCCTCCCGCTCCCCCCTCTTCGCGTGGTGCCAAGCAGCCGTAGGCGGTGTGAGGGGGGCCCAGGTCGGGGAGACACGCTCCAGCCACGCTGGCACGTCGCCCGCCCATATGGATCGTACAAGCGTGTGCACGGCCGCCGGTCGCTCTGACCTCCCCCTCTCACGCCCTAGGCACCCTGGCCCTGCCACCACGCGAAGTGGCCCGGCGCCGGCGAGGGGATAGGAGGGGGTGGAGGGCGAGGGGGGCTCTGCTCGGCTTCCAGCCGGAGAGTGGGCGTGCACTGGCCGCTGAGGCACCACGCGCTGAGGTGTGCGCATCCTCCACCCCACCCGTCGTTCGGGTGAGGAAGAGGGAGGGGGTGAATCAAATAGGCGGCTGGCGAGGGGATGAGGCGGATGGCTGGCCCGTCGCGTATCCGAAAATACAAGCCTACAGAGAACGTAATGGTGGGATGCGCCTGCACTGTGTGTCTGTGTGTGTGTGTGTCTCTGCATCCCTCGCATACACTCCCGATAGCAGGGGCGTGCGGGGGTGCGACGAGAACTGAGACGACGAGGGCGAACGAAGGCACGTGGATGATCCGCAGATGGGCGCGCCCCTGTTTCCACACCACGACGCGTGCATGTTGCTTTCGGCCTTGCTTGGCGGCAACGAGCGGAGAGGTGGCGA
Seq_11_LinJ.04_plus,Seq_11_LinJ.04_plus,100.000,1000,1000,1000,0,0,1,1000,1,1000,0.0,1847,plus,GCTGGCGAAGCAGCACGTACCAGATCGCGCAGGCGATCGACACGAAGACGACAGAGTTGCTGGCCATCTTTCGCCGACGCCCTCTATCGCTCTGCACCTCTGCGACTGATTCGTTTTTGATGTCTTGGAAGAAAATGTGCTGCGTAGTTTTGGCAGGGAGACAGACAGAGAAAGAGAGATGCGGCGAGGAAGTACTGTGCCGCCTGTCGAGGGTACGGGCCGCGCACGACAGCCTGATGTTGTTGCTGGTGCGTGATACACATGCACACACGCACACGCACGAAGAGCGAGTCAGCGATGCACGGGGATAAAGACGGCTCTGCCACAGGCCTCCTCCCGCTCCCCCCTCTTCGCGTGGTGCCAAGCAGCCGTAGGCGGTGTGAGGGGGGCCCAGGTCGGGGAGACACGCTCCAGCCACGCTGGCACGTCGCCCGCCCATATGGATCGTACAAGCGTGTGCACGGCCGCCGGTCGCTCTGACCTCCCCCTCTCACGCCCTAGGCACCCTGGCCCTGCCACCACGCGAAGTGGCCCGGCGCCGGCGAGGGGATAGGAGGGGGTGGAGGGCGAGGGGGGCTCTGCTCGGCTTCCAGCCGGAGAGTGGGCGTGCACTGGCCGCTGAGGCACCACGCGCTGAGGTGTGCGCATCCTCCACCCCACCCGTCGTTCGGGTGAGGAAGAGGGAGGGGGTGAATCAAATAGGCGGCTGGCGAGGGGATGAGGCGGATGGCTGGCCCGTCGCGTATCCGAAAATACAAGCCTACAGAGAACGTAATGGTGGGATGCGCCTGCACTGTGTGTCTGTGTGTGTGTGTGTCTCTGCATCCCTCGCATACACTCCCGATAGCAGGGGCGTGCGGGGGTGCGACGAGAACTGAGACGACGAGGGCGAACGAAGGCACGTGGATGATCCGCAGATGGGCGCGCCCCTGTTTCCACACCACGACGCGTGCATGTTGCTTTCGGCCTTGCTTGGCGGCAACGAGCGGAGAGGTGGCGA
Seq_11_LinJ.04_plus,Seq_35_LinJ.04_plus,98.123,373,1000,1001,7,0,314,686,319,691,0.0,651,plus,ACGGCCCTGCCACTGGCCCCCTCCCGCTCCCCCCTCTCCGCGTGGTGCCAAGCAGCCGTAGGCGGTGTGAGGGGGGCCCAGGTCGGGGAGACACGCTCCAGCCACGCTGGCACGTCGCCCGCCCATATGGATCGTACAAGCGTGTGCACGGCCGCCGGTCGCTCTGACCTCCCCCTCTCACGCCCTAGGCACCCTGGCCCTGCCACCACGCGAAGTGGCCCGGCGCCGGCGAGGGGATAGGAGGGGGTGGAGGGCGAGGGGGGCTCTGCTCGGCTTCCAGCCGGAGAGTGGGCGTGCACTGGCCGCTGAGGCACCACGCGCTGAGGTGTGCGCATCCTCCACCCCACCCGTCGTTCAGGAGAGGAGGAGGGAG
Seq_11_LinJ.04_plus,Seq_30_LinJ.04_minus,98.123,373,1000,1000,7,0,314,686,682,310,0.0,651,minus,ACGGCCCTGCCACTGGCCCCCTCCCGCTCCCCCCTCTCCGCGTGGTGCCAAGCAGCCGTAGGCGGTGTGAGGGGGGCCCAGGTCGGGGAGACACGCTCCAGCCACGCTGGCACGTCGCCCGCCCATATGGATCGTACAAGCGTGTGCACGGCCGCCGGTCGCTCTGACCTCCCCCTCTCACGCCCTAGGCACCCTGGCCCTGCCACCACGCGAAGTGGCCCGGCGCCGGCGAGGGGATAGGAGGGGGTGGAGGGCGAGGGGGGCTCTGCTCGGCTTCCAGCCGGAGAGTGGGCGTGCACTGGCCGCTGAGGCACCACGCGCTGAGGTGTGCGCATCCTCCACCCCACCCGTCGTTCAGGAGAGGAGGAGGGAG
Seq_11_LinJ.04_plus,Seq_36_LinJ.04_plus,96.399,361,1000,1000,13,0,314,674,683,323,1.61e-172,595,minus,ACGGCCCTGTCACAGGCCCCCTCCCGCTCCCCCCTCTCCGCGTGGTGCCAAGCAGCCGTAGGCGGTGTGAGGGGGGCCCAGGTCGGGGAGACACGCTCCAGCCACGCTGGCACGTCGCCCGCCCATATGGATCGTACAAGCGTGTGCACGGCCGCCGGTCGCTCTGACCTCCCCCTCTCACGCCCTAGGCACCCTGGCCCTGCCACCACGCGAAGTGGCCCGGCGCCGGCGAGGGGATAGGAGGGGGTGGAGGGGGAGGGGGGCTCTGCTCGGCTTCCAGCCGGAGAGTGGGCGTGCACTGGCCGCTGAGGCACCACGCGCTGAGGTGTGCGCACCCCCTCCCCCACCTGTCATCCGGATG
Seq_11_LinJ.04_plus,Seq_29_LinJ.04_minus,97.159,352,1000,1000,10,0,314,665,340,691,1.61e-172,595,plus,ACGGCCCTGTCACAGGCCCCCTCCCGCTCCCCCCTCTCCGCGTGGTGCCAAGCAGCCGTAGGCGGTGTGAGGGGGGCCCAGGTCGGGGAGACACGCTCCAGCCACGCTGGCACGTCGCCCGCCCATATGGATCGTACAAGCGTGTGCACGGCCGCCGGTCGCTCTGACCTCCCCCTCTCACGCCCTAGGCACCCTGGCCCTGCCACCACGCGAAGTGGCCCGGCGCCGGCGAGGGGATAGGAGGGGGTGGAGGGGGAGGGGGGCTCTGCTCGGCTTCCAGCCGGAGAGTGGGCGTGCACTGGCCGCTGAGGCACCACGCGCTGAGGTGTGCGCACCCCCTCCCCCACCTGTC
Seq_12_LinJ.04_plus,Seq_25_LinJ.04_minus,100.000,1000,1001,1000,0,0,1,1000,1000,1,0.0,1847,minus,TGGTCACGGCCGGCGCCGCCGCCTCTTCTGCCGAAGGCAGTGACATTGTTCTGCGTGCTCGACTATTCCAAAAAAACAAAAAAATTGATCCTGCACGGAGCAGGAAAGAGAAGGAAGGAGGAGGGAGAGAGGGCGAGGAGATGATGATGATGCTTGCGTGAGTACACGCATGAGCTCTGCAAGGGAGAGCGCGGGACGGGAGGGTGCTTAATGGGCTGCGGAACAAGCAGTAGGAATCCTTACATCCATCCACGTGCTCACAAAGCCGTGTGGCTCCTCCCTCCCAACGGCGATTACGGTGCCTTAGGGGTCTTTCCGCGTATGACGGCCGTGCGCCGACTCGGTCGGCTGAGCGCGCGGCCCCCCTGCCCCTCACACTCTGCCCTCCCACCCCTCCGCCTCGCAGGTCGCCTCGGGGCCACCCACCGGTGGACAGCGGGGGCCCGAGGGAGACACACACGACCCACGCGGGCGCCCTGCCCAGCACATGGGTGGCACAGACGCGCGCACTGTCGCGGCAAGCGTTTGCGCAGCGCCATCTAGGACTTGACCCTGTCGTGGTGAAGGGTGATGCGGCAATGGGGGAATGGTGGCAGGGATGGGGGGAGGGGCTCTGCCTGGCTTCCTCCCACGCACTCACAGAGTGGGGGGTGGGGGCGCACCGGAACTTGGAATACCACGCGCTGAGAAGGGTGTTCTCCCCTCGACGGCAGAGCAGAAAGGCGGTGGGTGACAGAAGAGAGGCGCAGCGTATCTGGGTGGAAAGGATCGCGTGCTCGAGAAAGCGAGGGAGGGGAGGCGCGGGAGCCACACGCGGAAAGGCGCGTGCGAAGCCTTCTCCCACCTGCCTTCACGACGCTCTGTCACTCAATGTATAGACCGTCCGTGCCCTCGACAAAGACATCTGCAGGCCGCACGCTCGCGCGCCACAGGAGCCCGTCGCGAGCTTGGTCGCAGAAGTCTGGCGGCTCACAGTGCGGGGTGGTGGAACCCTGCAGGA
Seq_12_LinJ.04_plus,Seq_24_LinJ.04_minus,88.587,368,1001,1001,22,4,317,684,674,327,1.72e-122,429,minus,CGCGTGTGGTGGCGGTGTGCCGACCCGGTCGGCTGGTCGCGCGGCCCCCCTGCCCCTCACACTCTGCCCTCCCACCCC---------C----CGCCTCGGGGCCACCCACCGGTGGGCAGCGGGGGCCCGAGGGAGACACACACGACCCACGCGGGCGCCCTGCCCAGCACATGGGTGGCACAGGCGCGCGCACTGCCGCAGCAAGCGTTTGCGCAGCGCCATCCAGGACTTGACCCTGTCGTGGTGAGGGGTGGTGCGGCAATGGGGGAATGGTGGCAGGGATGGGGGG----GCTCCGCCTGGCTTCCCCCAACGCACTCAGGGAGTGGGCGG---GGGCGCACCGGAACTTGGAATAGCACGCGC
Seq_12_LinJ.04_plus,Seq_14_LinJ.04_plus,88.587,368,1001,1001,22,4,317,684,329,676,1.72e-122,429,plus,CGCGTGTGGTGGCGGTGTGCCGACCCGGTCGGCTGGTCGCGCGGCCCCCCTGCCCCTCACACTCTGCCCTCCCACCCC---------C----CGCCTCGGGGCCACCCACCGGTGGGCAGCGGGGGCCCGAGGGAGACACACACGACCCACGCGGGCGCCCTGCCCAGCACATGGGTGGCACAGGCGCGCGCACTGCCGCAGCAAGCGTTTGCGCAGCGCCATCCAGGACTTGACCCTGTCGTGGTGAGGGGTGGTGCGGCAATGGGGGAATGGTGGCAGGGATGGG----GGGGCTCCGCCTGGCTTCCCCCAACGCACTCAGGGAGTGGGC---GGGGGCGCACCGGAACTTGGAATAGCACGCGC
Seq_12_LinJ.04_plus,Seq_26_LinJ.04_minus,89.369,301,1001,1000,18,3,317,617,357,643,1.37e-103,366,plus,CGCGTGTGGTGGCGGTGTGCCGGCCCGGTCGGCTGGTCGCGCGGCCCCCCTGCCCCTCACACTCTGCCCTCCCACCCC---------C----CGCCTCGGGGCCACCCACCGGTGGGCAGCGGGGGCCCGAGGGAGACACACACGACCCACGCGGGCGCCCTGCCCAGCACATGGGTGGCACAGGCGCGCGCACTGCCGCAGCAAGCGTTTGCGCAGCGCCATCCAGGACTTGACCCTGTCGTGGTGAGGGGTGGTTCGGCAATGGGGGAATGGTGGCAGGGATGGGGGG-GGGGTTCTGC
Seq_12_LinJ.04_plus,Seq_8_LinJ.04_plus,89.369,301,1001,1000,18,3,317,617,643,357,1.37e-103,366,minus,CGCGTGTGGTGGCGGTGTGCCGGCCCGGTCGGCTGGTCGCGCGGCCCCCCTGCCCCTCACACTCTGCCCTCCCACCCC---------C----CGCCTCGGGGCCACCCACCGGTGGGCAGCGGGGGCCCGAGGGAGACACACACGACCCACGCGGGCGCCCTGCCCAGCACATGGGTGGCACAGGCGCGCGCACTGCCGCAGCAAGCGTTTGCGCAGCGCCATCCAGGACTTGACCCTGTCGTGGTGAGGGGTGGTTCGGCAATGGGGGAATGGTGGCAGGGATGGGGGG-GGGGTTCTGC
Seq_12_LinJ.04_plus,Seq_21_LinJ.04_minus,98.995,199,1001,1000,1,1,323,520,675,477,2.97e-100,355,minus,TGACGGCCGTGTGCCGACTCGGTCGGCTGAGCGCGCGGCCCCCCTGCCCCTCACACTCTGCCCTCCCACCCCTCCGCCTCGCAGGTCGCCTCGGGGCCACCCACCGGTGGACAGCGGGGGCCCGAGGGAGACACACACGACCCACGCGGGTCGCCCTGCCCAGCACATGGGTGGCACAGACGCGCGCACTGTCGCGGCA
Seq_12_LinJ.04_plus,Seq_17_LinJ.04_plus,98.049,205,1001,1000,3,1,317,520,320,524,2.97e-100,355,plus,CGTGTGTGACGGCCGTGTGCCGACTCGGTCGGCTGAGCGCGCGGCCCCCCTGCCCCTCACACTCTGCCCTCCCACCCCTCCGCCTCGCAGGTCGCCTCGGGGCCACCCACCGGTGGACAGCGGGGGCCCGAGGGAGACACACACGACCCACGCGGGTCGCCCTGCCCAGCACATGGGTGGCACAGACGCGCGCACTGTCGCGGCA
Seq_14_LinJ.04_plus,Seq_24_LinJ.04_minus,100.000,1000,1001,1001,0,0,2,1001,1001,2,0.0,1847,minus,GTTTTTTCGCTTTGCGTTCGGCGGGGGGCTGGTGGTTGGGTTGGCGCAGCCCGCTGGCGGGGTGGGGGTGGCAGGCCGCACCCGCGCGCCCCTCGCGGCGCCCAAGCCGCACCCGGCAAGCGGAGTTCAGGGAAACGCGGGGGCCGAGGAGGTCGCTTTCGGCCGCGTTGTGCCACAGGCACGCAGAGGAAAAGCGCAGACGGGGCGTCCGCAAACGGCAACCGTCAAAGTCCAGCTGGCGCCCCCCTCGCGCACGGACGGTGAACACCCACACCCGCACGCGAAGACAGGGCCATCGAGCACGCGAGGGGGATATCATTTGTCAAACGCGTGTGGTGGCGGTGTGCCGACCCGGTCGGCTGGTCGCGCGGCCCCCCTGCCCCTCACACTCTGCCCTCCCACCCCCCGCCTCGGGGCCACCCACCGGTGGGCAGCGGGGGCCCGAGGGAGACACACACGACCCACGCGGGCGCCCTGCCCAGCACATGGGTGGCACAGGCGCGCGCACTGCCGCAGCAAGCGTTTGCGCAGCGCCATCCAGGACTTGACCCTGTCGTGGTGAGGGGTGGTGCGGCAATGGGGGAATGGTGGCAGGGATGGGGGGGCTCCGCCTGGCTTCCCCCAACGCACTCAGGGAGTGGGCGGGGGCGCACCGGAACTTGGAATAGCACGCGCGCACGCACGCTCTGAGGGGTGTTCCCCCCTCGACGTCAACGGGGCGAGGCGTGTGTGTGTGTTGCTGCGCCTCTGTCGGGGGTGGATGCGGTAGAGCGAGGGGGAGGGGACGAGGAGGAGACGAAAACCGCGAAAGAGGGAGGGCGAAGGGAGGCGCGGGTGAGAAGGGGGGGCGAAAGAAAACCACGCAAAACGAAACGGTGATTTGTACACGTGTGCGGGGCACTGGTGCGGGTGTACGCGGACAGCCGATGCATTGCATGCAGAGCTGCGTGCAGGCGCGTCCGTGTGTGAGAGCCTATGCGGAGCCCCCCCCCCTTCCCCC
Seq_14_LinJ.04_plus,Seq_26_LinJ.04_minus,99.281,278,1001,1000,2,0,329,606,357,634,1.00e-144,503,plus,CGCGTGTGGTGGCGGTGTGCCGGCCCGGTCGGCTGGTCGCGCGGCCCCCCTGCCCCTCACACTCTGCCCTCCCACCCCCCGCCTCGGGGCCACCCACCGGTGGGCAGCGGGGGCCCGAGGGAGACACACACGACCCACGCGGGCGCCCTGCCCAGCACATGGGTGGCACAGGCGCGCGCACTGCCGCAGCAAGCGTTTGCGCAGCGCCATCCAGGACTTGACCCTGTCGTGGTGAGGGGTGGTTCGGCAATGGGGGAATGGTGGCAGGGATGGGGGGG
Seq_14_LinJ.04_plus,Seq_8_LinJ.04_plus,99.281,278,1001,1000,2,0,329,606,643,366,1.00e-144,503,minus,CGCGTGTGGTGGCGGTGTGCCGGCCCGGTCGGCTGGTCGCGCGGCCCCCCTGCCCCTCACACTCTGCCCTCCCACCCCCCGCCTCGGGGCCACCCACCGGTGGGCAGCGGGGGCCCGAGGGAGACACACACGACCCACGCGGGCGCCCTGCCCAGCACATGGGTGGCACAGGCGCGCGCACTGCCGCAGCAAGCGTTTGCGCAGCGCCATCCAGGACTTGACCCTGTCGTGGTGAGGGGTGGTTCGGCAATGGGGGAATGGTGGCAGGGATGGGGGGG
Seq_14_LinJ.04_plus,Seq_25_LinJ.04_minus,88.587,368,1001,1000,22,4,329,676,684,317,1.72e-122,429,minus,CGCGTATGACGGCCGTGCGCCGACTCGGTCGGCTGAGCGCGCGGCCCCCCTGCCCCTCACACTCTGCCCTCCCACCCCTCCGCCTCGCAGGTCGCCTCGGGGCCACCCACCGGTGGACAGCGGGGGCCCGAGGGAGACACACACGACCCACGCGGGCGCCCTGCCCAGCACATGGGTGGCACAGACGCGCGCACTGTCGCGGCAAGCGTTTGCGCAGCGCCATCTAGGACTTGACCCTGTCGTGGTGAAGGGTGATGCGGCAATGGGGGAATGGTGGCAGGGATGGGGGGAGGGGCTCTGCCTGGCTTCCTCCCACGCACTCACAGAGTGGGGGGTGGGGGCGCACCGGAACTTGGAATACCACGCGC
Seq_14_LinJ.04_plus,Seq_12_LinJ.04_plus,88.587,368,1001,1001,22,4,329,676,317,684,1.72e-122,429,plus,CGCGTATGACGGCCGTGCGCCGACTCGGTCGGCTGAGCGCGCGGCCCCCCTGCCCCTCACACTCTGCCCTCCCACCCCTCCGCCTCGCAGGTCGCCTCGGGGCCACCCACCGGTGGACAGCGGGGGCCCGAGGGAGACACACACGACCCACGCGGGCGCCCTGCCCAGCACATGGGTGGCACAGACGCGCGCACTGTCGCGGCAAGCGTTTGCGCAGCGCCATCTAGGACTTGACCCTGTCGTGGTGAAGGGTGATGCGGCAATGGGGGAATGGTGGCAGGGATGGGGGGAGGGGCTCTGCCTGGCTTCCTCCCACGCACTCACAGAGTGGGGGGTGGGGGCGCACCGGAACTTGGAATACCACGCGC
Seq_14_LinJ.04_plus,Seq_21_LinJ.04_minus,87.864,206,1001,1000,11,3,328,519,682,477,1.88e-62,230,minus,ACGTGTGTGACGGCCGTGTGCCGACTCGGTCGGCTGAGCGCGCGGCCCCCCTGCCCCTCACACTCTGCCCTCCCACCCCTCCGCCTCGCAGGTCGCCTCGGGGCCACCCACCGGTGGACAGCGGGGGCCCGAGGGAGACACACACGACCCACGCGGGTCGCCCTGCCCAGCACATGGGTGGCACAGACGCGCGCACTGTCGCGGCA
Seq_14_LinJ.04_plus,Seq_17_LinJ.04_plus,87.560,209,1001,1000,12,3,325,519,316,524,1.88e-62,230,plus,CACACGTGTGTGACGGCCGTGTGCCGACTCGGTCGGCTGAGCGCGCGGCCCCCCTGCCCCTCACACTCTGCCCTCCCACCCCTCCGCCTCGCAGGTCGCCTCGGGGCCACCCACCGGTGGACAGCGGGGGCCCGAGGGAGACACACACGACCCACGCGGGTCGCCCTGCCCAGCACATGGGTGGCACAGACGCGCGCACTGTCGCGGCA
Seq_15_LinJ.04_plus,Seq_15_LinJ.04_plus,100.000,1000,1000,1000,0,0,1,1000,1,1000,0.0,1847,plus,AACGGAGAGGGGGCCCGTGCCCGCGCGCATGCTGAAATTTGTCTGTCTCTGTGCGTGCGTGCTGGCTGTGGCGAAAGCGAACAAAACGTAAACGAAAGAAACAAGGAGGTGCGCTTGTCGTCGTCGTCTCGCCATTTCAAGGCGTCTGCTCTCGCTCCCGCACTCTCACCTGCTCGCTCGCTCGCTCAGCGGCTGCCACTCTCCGTGTCTCCCTCTCGCTCACACAAAAAGCTCAGAGGCGCACACCCACACGGTTGCCCGCAGGCACGCGAATCCCGCACGCCGACCCACCGCGTGGTGGCAAGCAACTTTGCACACGTGGTGCAGCCGTGCGCCGACTCAGCCATCGGCGCACGGCCTCTGCCTCGAGCTCCCCCCCCTCCCTCGTCTCGCAGGTCGTCTCGCAGCCCCCCTCCCTCCCCTCCCCACCAGTAGGCTGCGAGGGCCGAGTGGGACGCGCTCGAGCCACGCCGGCGCTGTGCCTCTTGTATAAATTGTGCAAACGCGCCCACCGTGGCAGCCCGCTCCGACGCAGAGCCGTCCAGCGCTTGAGCGCCGACATGAGGAGCGATACACCGCTCTGGGCCTGCCTAGGCGGTAGGGGCCCAGCCCTGTCACCACCAGAGGGGTGGCTTGGCATCGGCAGAGGCCGGGGGACCCTCTTGGCTTCCTCGCCGAGCGGACACTGGGCAATGTGATACCACGCTGAGCTGGACCCCCCGTCACCACGGCGAGAGATGGACAGTCCTCCCCCCCCATACACACTCACACACACACACACACACAACGAAGAGAATGAGACTACAGGCGAAGAGGCTTGTAGTCAGTGACATCGTTGTGCTGTGGGGAACGTTGTAGAGGCAGCACGGTAGCCGTTCAGACTGAGGGAGTGAGGGGGGGACAAGTAGGGCAGAGCGTGAGAGAGCCGGCGGGAGAACGTGACACGCCGACACAGTGCGCTCGGCAACAAGAACTGCTCGGGGAAGCTCTCGTTCTCTCT
Seq_15_LinJ.04_plus,Seq_34_LinJ.04_minus,100.000,998,1000,1000,0,0,3,1000,1000,3,0.0,1844,minus,CGGAGAGGGGGCCCGTGCCCGCGCGCATGCTGAAATTTGTCTGTCTCTGTGCGTGCGTGCTGGCTGTGGCGAAAGCGAACAAAACGTAAACGAAAGAAACAAGGAGGTGCGCTTGTCGTCGTCGTCTCGCCATTTCAAGGCGTCTGCTCTCGCTCCCGCACTCTCACCTGCTCGCTCGCTCGCTCAGCGGCTGCCACTCTCCGTGTCTCCCTCTCGCTCACACAAAAAGCTCAGAGGCGCACACCCACACGGTTGCCCGCAGGCACGCGAATCCCGCACGCCGACCCACCGCGTGGTGGCAAGCAACTTTGCACACGTGGTGCAGCCGTGCGCCGACTCAGCCATCGGCGCACGGCCTCTGCCTCGAGCTCCCCCCCCTCCCTCGTCTCGCAGGTCGTCTCGCAGCCCCCCTCCCTCCCCTCCCCACCAGTAGGCTGCGAGGGCCGAGTGGGACGCGCTCGAGCCACGCCGGCGCTGTGCCTCTTGTATAAATTGTGCAAACGCGCCCACCGTGGCAGCCCGCTCCGACGCAGAGCCGTCCAGCGCTTGAGCGCCGACATGAGGAGCGATACACCGCTCTGGGCCTGCCTAGGCGGTAGGGGCCCAGCCCTGTCACCACCAGAGGGGTGGCTTGGCATCGGCAGAGGCCGGGGGACCCTCTTGGCTTCCTCGCCGAGCGGACACTGGGCAATGTGATACCACGCTGAGCTGGACCCCCCGTCACCACGGCGAGAGATGGACAGTCCTCCCCCCCCATACACACTCACACACACACACACACACAACGAAGAGAATGAGACTACAGGCGAAGAGGCTTGTAGTCAGTGACATCGTTGTGCTGTGGGGAACGTTGTAGAGGCAGCACGGTAGCCGTTCAGACTGAGGGAGTGAGGGGGGGACAAGTAGGGCAGAGCGTGAGAGAGCCGGCGGGAGAACGTGACACGCCGACACAGTGCGCTCGGCAACAAGAACTGCTCGGGGAAGCTCTCGTTCTCTCT
Seq_15_LinJ.04_plus,Seq_33_LinJ.04_minus,99.113,451,1000,1001,4,0,275,725,276,726,0.0,811,plus,CCCGCACGCCGACCCACCGCGTGGTGGCAAGCAACTTTGCACACGTGGTGCAGCCGTGCGCCGACTCAGCCATCGGCGCACGGCCTCTGCCTCGAGCTCCCCCCCCTCCCTCGTCTCGCAGGTCGTCTCGCAGCCCCCCTCCCTCCCCTCCCCACCAGTAGGCTGCGAGGGCCGAGTGGGACGCGCTCGAGCCACGCCGGCGCTGTGCCTCTTGTATAAATTGTGCAAACGCGCCCACCGTGGCAGCCCGCTCCGACGCAGAGCCGTCCAGCGCTTGAGCGCCGACATGAGGAGCGATACACCGCTCTGGGCCTGCCTAGGCGGTAGGGGCCCAGCCCTGTCACCACCAGAGGGGTGGCTTGGCATCGGCAGAGGCCGGGGGACCCTCTTGGCTTCCTCGCCGAGCGGACACTGGGCAATGTGATACCACGCTGAGTTGCACTCCTCGTCA
Seq_15_LinJ.04_plus,Seq_2_LinJ.04_plus,98.687,457,1000,1000,6,0,275,731,844,388,0.0,811,minus,CCCGCACGCCGACCCACCGCGTGGTGGCAAGCAACTTTGCACACGTGGTGCAGCCGTGCGCCGACTCAGCCATCGGCGCACGGCCTCTGCCTCGAGCTCCCCCCCCTCCCTCGTCTCGCAGGTCGTCTCGCAGCCCCCCTCCCTCCCCTCCCCACCAGTAGGCTGCGAGGGCCGAGTGGGACGCGCTCGAGCCACGCCGGCGCTGTGCCTCTTGTATAAATTGTGCAAACGCGCCCACCGTGGCAGCCCGCTCCGACGCAGAGCCGTCCAGCGCTTGAGCGCCGACATGAGGAGCGATACACCGCTCTGGGCCTGCCTAGGCGGTAGGGGCCCAGCCCTGTCACCACCAGAGGGGTGGCTTGGCATCGGCAGAGGCCGGGGGACCCTCTTGGCTTCCTCGCCGAGCGGACACTGGGCAATGTGATACCACGCTGAGTTGCACTCCTCGTCATCAGGG
Seq_16_LinJ.04_plus,Seq_27_LinJ.04_minus,100.000,1000,1000,1000,0,0,1,1000,1000,1,0.0,1847,minus,TGGTGTAGGTACACGTGTGTGTGTGTGCGTGTGTGCAGGATAAGGAGAGGGGAGAAGACAAGGGCAGCGTGCACGTGAAGAGTAATAACATTGCCTAGGAGAGCCGCAGTCGCGGCAGCATCCCCGAAAACGGTATAGCGCCCGCTGCCCTTCCATCCTTCTCTACTCGTCTCTCCCAATGACGCGTGTCGGATGCAGAGCACCCCACTGTCGGCTGCAAGCATCGCTGCTTCGCTTCTTCAGCGCGCGTCCGTGTCTCCGCCATACAGCGTGAGGTGACATACGTCACCATCACGGACTTTGCGGCAGGGCCCCAACATCGTGTGGCGGGAAGCGGCCGTAGACATACACGCCGGTACAGCAGTACGCCGACTCGGTCATCGGAGCACGGCTTCCCCCCCCCACCTCACCAGGAGGCGTTGCGAGGGCCGGCGGTGGGATACGCTCGAGACACGTTGTCCGTGATATGGATGGCACAGGTATGTGCTGGCTATCGAAGGTCACCCCGAAGAAAACACCGCTCATGACCTAACCGCCGACAGCAGCAGCGATACGTCGCCCTCACCTCCCCAAGGAGTTGGGGTGCTGGACCCTGTATACCGCGCACGCAGGTGCGCTCTCTCCACCTTTCCCCTCCCTGTTCTCCTGTAGGTTACATAAAACACACGAATATGCGCGCACCCGTTCGATTCGGACACGCGCGCAGACGTGTATCCGCGTGCGGAAACAGCAGGGAAGTACGCAGAACGAGGTCGCAAGGGAGAAAAGCGGGACGCTCAGTAGGGGGACGGCGGCTGCTGCCCTCCCCCCTCCCATCCATCCATCTGCGCGACTACACAAGACAAGAGCAGGAGCGGGGAGCGAGAGGGTGTGAGTGAGTATCTACGCAGGTACGGTGTGCTGGCCTCCCTAACGCGTGCACTCGTCTGTTGGCAATTTGGTCGTTCGCCTCTTTCCCGTGACCTCTCGATATGCGCCGGGCGCTTCCAGGCGGTGGTGG
Seq_16_LinJ.04_plus,Seq_16_LinJ.04_plus,100.000,1000,1000,1000,0,0,1,1000,1,1000,0.0,1847,plus,TGGTGTAGGTACACGTGTGTGTGTGTGCGTGTGTGCAGGATAAGGAGAGGGGAGAAGACAAGGGCAGCGTGCACGTGAAGAGTAATAACATTGCCTAGGAGAGCCGCAGTCGCGGCAGCATCCCCGAAAACGGTATAGCGCCCGCTGCCCTTCCATCCTTCTCTACTCGTCTCTCCCAATGACGCGTGTCGGATGCAGAGCACCCCACTGTCGGCTGCAAGCATCGCTGCTTCGCTTCTTCAGCGCGCGTCCGTGTCTCCGCCATACAGCGTGAGGTGACATACGTCACCATCACGGACTTTGCGGCAGGGCCCCAACATCGTGTGGCGGGAAGCGGCCGTAGACATACACGCCGGTACAGCAGTACGCCGACTCGGTCATCGGAGCACGGCTTCCCCCCCCCACCTCACCAGGAGGCGTTGCGAGGGCCGGCGGTGGGATACGCTCGAGACACGTTGTCCGTGATATGGATGGCACAGGTATGTGCTGGCTATCGAAGGTCACCCCGAAGAAAACACCGCTCATGACCTAACCGCCGACAGCAGCAGCGATACGTCGCCCTCACCTCCCCAAGGAGTTGGGGTGCTGGACCCTGTATACCGCGCACGCAGGTGCGCTCTCTCCACCTTTCCCCTCCCTGTTCTCCTGTAGGTTACATAAAACACACGAATATGCGCGCACCCGTTCGATTCGGACACGCGCGCAGACGTGTATCCGCGTGCGGAAACAGCAGGGAAGTACGCAGAACGAGGTCGCAAGGGAGAAAAGCGGGACGCTCAGTAGGGGGACGGCGGCTGCTGCCCTCCCCCCTCCCATCCATCCATCTGCGCGACTACACAAGACAAGAGCAGGAGCGGGGAGCGAGAGGGTGTGAGTGAGTATCTACGCAGGTACGGTGTGCTGGCCTCCCTAACGCGTGCACTCGTCTGTTGGCAATTTGGTCGTTCGCCTCTTTCCCGTGACCTCTCGATATGCGCCGGGCGCTTCCAGGCGGTGGTGG
Seq_17_LinJ.04_plus,Seq_21_LinJ.04_minus,100.000,1000,1000,1000,0,0,1,1000,1000,1,0.0,1847,minus,AAAACAAAACGCAAAATAGGATGTGCGAGCAGCTCGCGCTGGCGTGTGCGGGGGATCGACGTCTGCCTCTTGGAGGCAGGAGCCAGCGCGCTCGCAGGCTCGCAGGGGTGAAGGGGAGAGGCGAAGGGGCGGCAGGAAGGCGAAGATGGTGATGGCGGGGGGGGTGCACGACGGCATGGATGCGTTGGGGCCGGACTAGGGCACGTTAGACATGCGTGCATATGTTGGCTTGGGCAACAACCCGCTGCCACCTCATCAGGAATCCTGCGTTGCGTTCGCTTCTCCGCCGCGTAACACAATCCAAGCAGCTGCAGACACACGTGTGTGACGGCCGTGTGCCGACTCGGTCGGCTGAGCGCGCGGCCCCCCTGCCCCTCACACTCTGCCCTCCCACCCCTCCGCCTCGCAGGTCGCCTCGGGGCCACCCACCGGTGGACAGCGGGGGCCCGAGGGAGACACACACGACCCACGCGGGTCGCCCTGCCCAGCACATGGGTGGCACAGACGCGCGCACTGTCGCGGCACCATCCAGGACCTGACCCTGCTATGGCCAGGGGCGTTGCGGCGTTGGCGGGGATGAAGGGGGGTGGGCTCTGCTTGGCCCGCCTTCCCCCCACACACACACAGATTGGGGGGGGGTACACCGGACCCTGGAATACCACGCACTGAGAGGTGTGTGTGCCTCGACGGCTTCCAGGCCTAATACACGCACGAACCTCAACAACAACACGCGTACGCAATGAGGTTGAGTGTCTCGACAGCGATAGATGACGGCAGGCGCCGTTCCTTACGAAGGTTATGGACAGCGAAGCACGGCAGGGGGGGAGGATGTGTTCTGTGCGCGTGTGCGTGTGCTGACGTGGGTTGGAGGGGGAGGGGGCTAGGGTAAAGCTGTGCGCGCCCACACACCCACAGGGGACAGAGAGAAAGTGTGGGTGCGAACGGCGCTCCAGGGGGCGGGATGTTTGCTCTGTTAAACGATAAGAGCGGTAACGGTGCT
Seq_17_LinJ.04_plus,Seq_17_LinJ.04_plus,100.000,1000,1000,1000,0,0,1,1000,1,1000,0.0,1847,plus,AAAACAAAACGCAAAATAGGATGTGCGAGCAGCTCGCGCTGGCGTGTGCGGGGGATCGACGTCTGCCTCTTGGAGGCAGGAGCCAGCGCGCTCGCAGGCTCGCAGGGGTGAAGGGGAGAGGCGAAGGGGCGGCAGGAAGGCGAAGATGGTGATGGCGGGGGGGGTGCACGACGGCATGGATGCGTTGGGGCCGGACTAGGGCACGTTAGACATGCGTGCATATGTTGGCTTGGGCAACAACCCGCTGCCACCTCATCAGGAATCCTGCGTTGCGTTCGCTTCTCCGCCGCGTAACACAATCCAAGCAGCTGCAGACACACGTGTGTGACGGCCGTGTGCCGACTCGGTCGGCTGAGCGCGCGGCCCCCCTGCCCCTCACACTCTGCCCTCCCACCCCTCCGCCTCGCAGGTCGCCTCGGGGCCACCCACCGGTGGACAGCGGGGGCCCGAGGGAGACACACACGACCCACGCGGGTCGCCCTGCCCAGCACATGGGTGGCACAGACGCGCGCACTGTCGCGGCACCATCCAGGACCTGACCCTGCTATGGCCAGGGGCGTTGCGGCGTTGGCGGGGATGAAGGGGGGTGGGCTCTGCTTGGCCCGCCTTCCCCCCACACACACACAGATTGGGGGGGGGTACACCGGACCCTGGAATACCACGCACTGAGAGGTGTGTGTGCCTCGACGGCTTCCAGGCCTAATACACGCACGAACCTCAACAACAACACGCGTACGCAATGAGGTTGAGTGTCTCGACAGCGATAGATGACGGCAGGCGCCGTTCCTTACGAAGGTTATGGACAGCGAAGCACGGCAGGGGGGGAGGATGTGTTCTGTGCGCGTGTGCGTGTGCTGACGTGGGTTGGAGGGGGAGGGGGCTAGGGTAAAGCTGTGCGCGCCCACACACCCACAGGGGACAGAGAGAAAGTGTGGGTGCGAACGGCGCTCCAGGGGGCGGGATGTTTGCTCTGTTAAACGATAAGAGCGGTAACGGTGCT
Seq_17_LinJ.04_plus,Seq_25_LinJ.04_minus,98.995,199,1000,1000,1,1,326,524,678,481,2.97e-100,355,minus,TGACGGCCGTGCGCCGACTCGGTCGGCTGAGCGCGCGGCCCCCCTGCCCCTCACACTCTGCCCTCCCACCCCTCCGCCTCGCAGGTCGCCTCGGGGCCACCCACCGGTGGACAGCGGGGGCCCGAGGGAGACACACACGACCCACGCGGG-CGCCCTGCCCAGCACATGGGTGGCACAGACGCGCGCACTGTCGCGGCA
Seq_17_LinJ.04_plus,Seq_12_LinJ.04_plus,98.049,205,1000,1001,3,1,320,524,317,520,2.97e-100,355,plus,CGCGTATGACGGCCGTGCGCCGACTCGGTCGGCTGAGCGCGCGGCCCCCCTGCCCCTCACACTCTGCCCTCCCACCCCTCCGCCTCGCAGGTCGCCTCGGGGCCACCCACCGGTGGACAGCGGGGGCCCGAGGGAGACACACACGACCCACGCGGG-CGCCCTGCCCAGCACATGGGTGGCACAGACGCGCGCACTGTCGCGGCA
Seq_17_LinJ.04_plus,Seq_24_LinJ.04_minus,87.864,206,1000,1001,11,3,319,524,675,484,1.88e-62,230,minus,ACGCGTGTGGTGGCGGTGTGCCGACCCGGTCGGCTGGTCGCGCGGCCCCCCTGCCCCTCACACTCTGCCCTCCCACCCC---------C----CGCCTCGGGGCCACCCACCGGTGGGCAGCGGGGGCCCGAGGGAGACACACACGACCCACGCGGG-CGCCCTGCCCAGCACATGGGTGGCACAGGCGCGCGCACTGCCGCAGCA
Seq_17_LinJ.04_plus,Seq_14_LinJ.04_plus,87.560,209,1000,1001,12,3,316,524,325,519,1.88e-62,230,plus,CAAACGCGTGTGGTGGCGGTGTGCCGACCCGGTCGGCTGGTCGCGCGGCCCCCCTGCCCCTCACACTCTGCCCTCCCACCCC---------C----CGCCTCGGGGCCACCCACCGGTGGGCAGCGGGGGCCCGAGGGAGACACACACGACCCACGCGGG-CGCCCTGCCCAGCACATGGGTGGCACAGGCGCGCGCACTGCCGCAGCA
Seq_17_LinJ.04_plus,Seq_26_LinJ.04_minus,87.019,208,1000,1000,13,3,317,524,354,547,3.14e-60,222,plus,ACGCGCGTGTGGTGGCGGTGTGCCGGCCCGGTCGGCTGGTCGCGCGGCCCCCCTGCCCCTCACACTCTGCCCTCCCACCCC---------C----CGCCTCGGGGCCACCCACCGGTGGGCAGCGGGGGCCCGAGGGAGACACACACGACCCACGCGGG-CGCCCTGCCCAGCACATGGGTGGCACAGGCGCGCGCACTGCCGCAGCA
Seq_17_LinJ.04_plus,Seq_8_LinJ.04_plus,87.624,202,1000,1000,11,3,323,524,640,453,3.14e-60,222,minus,GTGTGGTGGCGGTGTGCCGGCCCGGTCGGCTGGTCGCGCGGCCCCCCTGCCCCTCACACTCTGCCCTCCCACCCC---------C----CGCCTCGGGGCCACCCACCGGTGGGCAGCGGGGGCCCGAGGGAGACACACACGACCCACGCGGG-CGCCCTGCCCAGCACATGGGTGGCACAGGCGCGCGCACTGCCGCAGCA
Seq_19_LinJ.04_minus,Seq_19_LinJ.04_minus,100.000,1000,1000,1000,0,0,1,1000,1,1000,0.0,1847,plus,CCGCCCGGTCACGGACGGACACACACGGGCCTCCTCCTACATCCACTGGGGGTACACCCTGCCACACTGGACGGCGATTCCGTTGTTCCTTTCGCCTTGCTCGTTACCTCGTTGTGGCCGTTGGCTTCCAGCCGTCCCTTCCCACGCCGGTGCTCGCAAAACACCAACACCAACAACAGCGGGGTGGAGTGGGGAGAGATAAGAATAGCCGCACGCGCACAAAGGCCGACACGCTGAATACGAGTAGAAACACGCCCTCCTTCGGCCGGGAAGCTCCGCGACGGTTCTGCCCCGGCGCGCGCCCCTGCTTTCATCCGTTTCTGCGCTGTACGACGCGGAAAGAGGGTTGATGGTGGTAGGGGCTGCCGATTGCACGGACTCGTCCGCCGCTCAGGCAATCATCACACACATTCAGGGAGGGAGAAGGAGAGCGACAGCGAAGACGAGCACGAGAGGTCGCAAGGGCGACGACAACGCTCACCAACGTTGCCCCCCCCCCCCCCCCCGCTCTCAGGGTGCAGTGCCATCGCCAACACACCATTCGGCTTCTCGGGCTGCCATCAACAAGAGAAGGACACACTAGGAGCGGCAGAACCACGCAAGCGGCAAATCGTGCATCGCCTTGTGCGTGGTTCACCTCTTCCTGTTTTGTGAGGTGGAGCAGTAGTGTGCTGCGCTCTCCCCATTCCGCGAACACACGCATGCATGTGGCGTGTTGCCATCAGCTACGACTACTGCTGCTGCTGCTCGGCGGCGTTGTGGCGCGGTGCGTTGGGACGACGGAAGAACACGTCGCGGTGCCCCAACTCTTTCGACTGCTTCGCGTCGTAGAAGGACGAGTGGATGTCGTCAAAGGGCGTGTAGTACTTCATCGACTGCGGGTTCTCCGTCGTGCCGGCGGACTCCCACATCTGCTGCAGCATGTCCTCCCAGACGGCGCGCCCGATGTTCCACCCCGCCTGGTCAGAGCGCGGGCGACGCCACTCACCGTACTCGCCGA
Seq_20_LinJ.04_minus,Seq_20_LinJ.04_minus,100.000,1000,1000,1000,0,0,1,1000,1,1000,0.0,1847,plus,GGAGGTGATGGTCACGAAGTTGTAACCACATACGCCCCTAGTGCCGTAGCCCAGCAGCACCGCGACGACAGTGGCCACCGCCAACACGGCAGCGTGCGGTGTCATCCGGAAGCGATGGTGGCTGTGATGTGGGAAGATCGGAGGGGGTAGGCAACGGGGGCGATCGGAGAGTACGCGCCAAGTAGCGAAGAAGAAATGCTCGAAGTGAAACGCGGAAGAAACGACGAGTGCGCTGCGCGCCTTTCGGTGTGCGGCGGCGCTTCCCCCTCCTCTTTTCGTGGCCCTTCTTTGGGTCACCGGCAGAGGCGATAGGACGGGAGAGGTGCTTCGATCCACACGGGCCACCCCGCTGCTGCTGCGCGGCGTTCAAAACAACAACGCACACACGCCTCAAACGGAAAAAAATGAGCCGAACAAACACGCAAACAAGAGGGAAGGATGGAGACGATGCAACACACAGACACACACACACACGTATTCCTCTGCGGTGTGTGTGTGTGTGTGTGTATGTGCGTGGGCCATCATGGCATCCACCCCACCCCACCCCACCCCAGCATGACGCACAAAGACGGAAAGAGAGAGAGAGAGCAGGGAAGCGTAAGGGAAAGAGTGTGAGAGCACCAGAAGAGGAGGGGTGCGGGGTGGAAGGGGCATGATGCCCACCCCCACCCCAAACCACTTCCTCCTCCGCTCCTTCACACCACAAGCATACGGGCTCATACACATGCATGTGCACGAGCGGGGATACTTGTACCCCCCGCCGCGACACGTTCACACATGAAAACCGAATGCCCATCACGAAAGGCGTGCGGGACTGGGGACTGAGGGAGATGATGACGAGCACGATGCCAGTCGATCTCTCTCTCTGTCGCGCTGATGGGCGTCCACTTCCTCGTCTGTTTTCCGTTTTTACGTCTTGTCTGTCTGTCCAAAGAGAGAGAATAAACGTCTCTCTGCGTGTGTGCGTGTGTGTCCTCGGCTTCGTGCGAAGTGGCACATC
Seq_21_LinJ.04_minus,Seq_21_LinJ.04_minus,100.000,1000,1000,1000,0,0,1,1000,1,1000,0.0,1847,plus,AGCACCGTTACCGCTCTTATCGTTTAACAGAGCAAACATCCCGCCCCCTGGAGCGCCGTTCGCACCCACACTTTCTCTCTGTCCCCTGTGGGTGTGTGGGCGCGCACAGCTTTACCCTAGCCCCCTCCCCCTCCAACCCACGTCAGCACACGCACACGCGCACAGAACACATCCTCCCCCCCTGCCGTGCTTCGCTGTCCATAACCTTCGTAAGGAACGGCGCCTGCCGTCATCTATCGCTGTCGAGACACTCAACCTCATTGCGTACGCGTGTTGTTGTTGAGGTTCGTGCGTGTATTAGGCCTGGAAGCCGTCGAGGCACACACACCTCTCAGTGCGTGGTATTCCAGGGTCCGGTGTACCCCCCCCCAATCTGTGTGTGTGTGGGGGGAAGGCGGGCCAAGCAGAGCCCACCCCCCTTCATCCCCGCCAACGCCGCAACGCCCCTGGCCATAGCAGGGTCAGGTCCTGGATGGTGCCGCGACAGTGCGCGCGTCTGTGCCACCCATGTGCTGGGCAGGGCGACCCGCGTGGGTCGTGTGTGTCTCCCTCGGGCCCCCGCTGTCCACCGGTGGGTGGCCCCGAGGCGACCTGCGAGGCGGAGGGGTGGGAGGGCAGAGTGTGAGGGGCAGGGGGGCCGCGCGCTCAGCCGACCGAGTCGGCACACGGCCGTCACACACGTGTGTCTGCAGCTGCTTGGATTGTGTTACGCGGCGGAGAAGCGAACGCAACGCAGGATTCCTGATGAGGTGGCAGCGGGTTGTTGCCCAAGCCAACATATGCACGCATGTCTAACGTGCCCTAGTCCGGCCCCAACGCATCCATGCCGTCGTGCACCCCCCCCGCCATCACCATCTTCGCCTTCCTGCCGCCCCTTCGCCTCTCCCCTTCACCCCTGCGAGCCTGCGAGCGCGCTGGCTCCTGCCTCCAAGAGGCAGACGTCGATCCCCCGCACACGCCAGCGCGAGCTGCTCGCACATCCTATTTTGCGTTTTGTTTT
Seq_21_LinJ.04_minus,Seq_17_LinJ.04_plus,100.000,1000,1000,1000,0,0,1,1000,1000,1,0.0,1847,minus,AGCACCGTTACCGCTCTTATCGTTTAACAGAGCAAACATCCCGCCCCCTGGAGCGCCGTTCGCACCCACACTTTCTCTCTGTCCCCTGTGGGTGTGTGGGCGCGCACAGCTTTACCCTAGCCCCCTCCCCCTCCAACCCACGTCAGCACACGCACACGCGCACAGAACACATCCTCCCCCCCTGCCGTGCTTCGCTGTCCATAACCTTCGTAAGGAACGGCGCCTGCCGTCATCTATCGCTGTCGAGACACTCAACCTCATTGCGTACGCGTGTTGTTGTTGAGGTTCGTGCGTGTATTAGGCCTGGAAGCCGTCGAGGCACACACACCTCTCAGTGCGTGGTATTCCAGGGTCCGGTGTACCCCCCCCCAATCTGTGTGTGTGTGGGGGGAAGGCGGGCCAAGCAGAGCCCACCCCCCTTCATCCCCGCCAACGCCGCAACGCCCCTGGCCATAGCAGGGTCAGGTCCTGGATGGTGCCGCGACAGTGCGCGCGTCTGTGCCACCCATGTGCTGGGCAGGGCGACCCGCGTGGGTCGTGTGTGTCTCCCTCGGGCCCCCGCTGTCCACCGGTGGGTGGCCCCGAGGCGACCTGCGAGGCGGAGGGGTGGGAGGGCAGAGTGTGAGGGGCAGGGGGGCCGCGCGCTCAGCCGACCGAGTCGGCACACGGCCGTCACACACGTGTGTCTGCAGCTGCTTGGATTGTGTTACGCGGCGGAGAAGCGAACGCAACGCAGGATTCCTGATGAGGTGGCAGCGGGTTGTTGCCCAAGCCAACATATGCACGCATGTCTAACGTGCCCTAGTCCGGCCCCAACGCATCCATGCCGTCGTGCACCCCCCCCGCCATCACCATCTTCGCCTTCCTGCCGCCCCTTCGCCTCTCCCCTTCACCCCTGCGAGCCTGCGAGCGCGCTGGCTCCTGCCTCCAAGAGGCAGACGTCGATCCCCCGCACACGCCAGCGCGAGCTGCTCGCACATCCTATTTTGCGTTTTGTTTT
Seq_21_LinJ.04_minus,Seq_25_LinJ.04_minus,98.995,199,1000,1000,1,1,477,675,481,678,2.97e-100,355,plus,TGCCGCGACAGTGCGCGCGTCTGTGCCACCCATGTGCTGGGCAGGGCG-CCCGCGTGGGTCGTGTGTGTCTCCCTCGGGCCCCCGCTGTCCACCGGTGGGTGGCCCCGAGGCGACCTGCGAGGCGGAGGGGTGGGAGGGCAGAGTGTGAGGGGCAGGGGGGCCGCGCGCTCAGCCGACCGAGTCGGCGCACGGCCGTCA
Seq_21_LinJ.04_minus,Seq_12_LinJ.04_plus,98.049,205,1000,1001,3,1,477,681,520,317,2.97e-100,355,minus,TGCCGCGACAGTGCGCGCGTCTGTGCCACCCATGTGCTGGGCAGGGCG-CCCGCGTGGGTCGTGTGTGTCTCCCTCGGGCCCCCGCTGTCCACCGGTGGGTGGCCCCGAGGCGACCTGCGAGGCGGAGGGGTGGGAGGGCAGAGTGTGAGGGGCAGGGGGGCCGCGCGCTCAGCCGACCGAGTCGGCGCACGGCCGTCATACGCG
Seq_21_LinJ.04_minus,Seq_24_LinJ.04_minus,87.864,206,1000,1001,11,3,477,682,484,675,1.88e-62,230,plus,TGCTGCGGCAGTGCGCGCGCCTGTGCCACCCATGTGCTGGGCAGGGCG-CCCGCGTGGGTCGTGTGTGTCTCCCTCGGGCCCCCGCTGCCCACCGGTGGGTGGCCCCGAGGCG----G---------GGGGTGGGAGGGCAGAGTGTGAGGGGCAGGGGGGCCGCGCGACCAGCCGACCGGGTCGGCACACCGCCACCACACGCGT
Seq_21_LinJ.04_minus,Seq_14_LinJ.04_plus,87.560,209,1000,1001,12,3,477,685,519,325,1.88e-62,230,minus,TGCTGCGGCAGTGCGCGCGCCTGTGCCACCCATGTGCTGGGCAGGGCG-CCCGCGTGGGTCGTGTGTGTCTCCCTCGGGCCCCCGCTGCCCACCGGTGGGTGGCCCCGAGGCG----G---------GGGGTGGGAGGGCAGAGTGTGAGGGGCAGGGGGGCCGCGCGACCAGCCGACCGGGTCGGCACACCGCCACCACACGCGTTTG
Seq_21_LinJ.04_minus,Seq_26_LinJ.04_minus,87.019,208,1000,1000,13,3,477,684,547,354,3.14e-60,222,minus,TGCTGCGGCAGTGCGCGCGCCTGTGCCACCCATGTGCTGGGCAGGGCG-CCCGCGTGGGTCGTGTGTGTCTCCCTCGGGCCCCCGCTGCCCACCGGTGGGTGGCCCCGAGGCG----G---------GGGGTGGGAGGGCAGAGTGTGAGGGGCAGGGGGGCCGCGCGACCAGCCGACCGGGCCGGCACACCGCCACCACACGCGCGT
Seq_21_LinJ.04_minus,Seq_8_LinJ.04_plus,87.624,202,1000,1000,11,3,477,678,453,640,3.14e-60,222,plus,TGCTGCGGCAGTGCGCGCGCCTGTGCCACCCATGTGCTGGGCAGGGCG-CCCGCGTGGGTCGTGTGTGTCTCCCTCGGGCCCCCGCTGCCCACCGGTGGGTGGCCCCGAGGCG----G---------GGGGTGGGAGGGCAGAGTGTGAGGGGCAGGGGGGCCGCGCGACCAGCCGACCGGGCCGGCACACCGCCACCACAC
Seq_22_LinJ.04_minus,Seq_9_LinJ.04_plus,100.000,1000,1001,1000,0,0,2,1001,1000,1,0.0,1847,minus,ACCGAGACCTATAAACTGCAGTCTGTGGTCACGCGATGCACAATCGAGCAGCGCATAATAATAAACATGAGAGCGAGTAGGCAGCATTTGTATTCACCATTTTCTCATCGGCATTCCAGCAGCACCGATCCACAACGCATCAGTGCCGGCAACTACGTGACACGTAAGATAACCTGCGCTAAAGAGCAATAAAAAACTTGAAAGGTGCTTTTAAACACCTCACAGTGTTTTTTGCAGATTGTATTTCTCGTGCTCTGCTGCTGTCATTCTCTTTTTTTTTTTCACAACATGTCCACTCTGCCATAGAACGTGTGCTAAACTCCACCCGGACTGCCAAAGGCCCCATCGGGTGGTGCGAAGCCGCACTAGACACGCATCACGCCAATGCACCGACTCGGTCATGGGAGCACGGCCTCTGCCGTCAAACTCTACTCGCCCACCCACACCACTAGGCAGTGCGAGGGCCGGGTGGGATACGCTCGAGTCACGTCGGCACTTCGCCTATCATATGGATGGTGCAAGCGTGCGCACTGTCGCAGGTCGCTCCGACGCAGCGCCATCCACGACCTGACCACCGACATCGGCAGCGGTACGTCGCGGTGACCTCCCGCACGTCGTAGGCACTTGACCCTGTCACCACCAGAGGTGGTTGTGCACTTGGCAGGGGTTAGGGGGGAGGGGCTGCTTGACTTGCCCGCAGAGTGGGTAACGAAATCTCATACCGTGATGAGGCGCTTATCGTCATCAGGGTCTCCTTCGTTGCCTGTAAAAAAAAAACTCACAAAAAAAAACCGTGCCGCCACTGGCGAATCGGCATGCACATCAGCAGAACGGTTTCTTTTCCTTGTGGTATTCTCTTTTCTTCATTATTAAGAGCTGTTGGCGCTTCTATATCTGTGCGCATGCACACATGCGCACCTTGTACCGGCTGACTGATCGGGCTGCACGAATGTACGGCGTGAGACGGAAAAAAACAGCTGCACTTAATTCTACATACCGC
Seq_22_LinJ.04_minus,Seq_28_LinJ.04_minus,99.413,511,1001,1000,2,1,247,757,755,246,0.0,926,minus,TCTCGTGCTCTGCTGCTGTCACTCTCTTTTTTTTTT-CACAACATGTCCACTCTGCCATAGAACGTGTGCTAAACTCCACCCGGACTGCCAAAGGCCCCATCGGGTGGTGCGAAGCCGCACTAGACACGCATCACGCCAATGCACCGACTCGGTCATGGGAGCACGGCCTCTGCCGTCAAACTCTACTCGCCCACCCACACCACTAGGCAGTGCGAGGGCCGGGTGGGATACGCTCGAGTCACGTCGGCACTTCGCCTATCATATGGATGGTGCAAGCGTGCGCACTGTCGCAGGTCGCTCCGACGCAGCGCCATCCACGACCTGACCACCGACATCGGCAGCGGTACGTCGCGGTGACCTCCCGCACGTCGTAGGCACTTGACCCTGTCACCACCAGAGGTGGTTGTGCACTTGGCAGGGGTTAGGGGGGAGGGGCTGCTTGACTTGCCCGCAGAGTGGGTAACGAAATCTCATACCGTGATGAGGCGCTTATCGTCATCAGGGTCTGCT
Seq_22_LinJ.04_minus,Seq_7_LinJ.04_plus,99.606,508,1001,1000,1,1,247,754,247,753,0.0,926,plus,TCTCGTGCTCTGCTGCTGTCACTCTC-TTTTTTTTTTCACAACATGTCCACTCTGCCATAGAACGTGTGCTAAACTCCACCCGGACTGCCAAAGGCCCCATCGGGTGGTGCGAAGCCGCACTAGACACGCATCACGCCAATGCACCGACTCGGTCATGGGAGCACGGCCTCTGCCGTCAAACTCTACTCGCCCACCCACACCACTAGGCAGTGCGAGGGCCGGGTGGGATACGCTCGAGTCACGTCGGCACTTCGCCTATCATATGGATGGTGCAAGCGTGCGCACTGTCGCAGGTCGCTCCGACGCAGCGCCATCCACGACCTGACCACCGACATCGGCAGCGGTACGTCGCGGTGACCTCCCGCACGTCGTAGGCACTTGACCCTGTCACCACCAGAGGTGGTTGTGCACTTGGCAGGGGTTAGGGGGGAGGGGCTGCTTGACTTGCCCGCAGAGTGGGTAACGAAATCTCATACCGTGATGAGGCGCTTATCGTCATCAGGGTCT
Seq_22_LinJ.04_minus,Seq_10_LinJ.04_plus,98.680,303,1001,1001,4,0,332,634,629,327,2.75e-155,538,minus,CTGCCAAAGGCCCCATCGGGTGGTGCGAAGCCGCGCTAGACACGCATCACGCCAATGCACCGACTCGGTCATGGGAGCACGGCCTCTGCCGTCAAACTCTACTCGCCCACCCACACCACTAGGCAGTGCGAGGGCCGGGTGGGATACGCTCGAGTCACGTCGGCACTTCGCCTATCATATGGATGGTGCAAGCGTGCGCACTGTCGCAGGTCGCTCCGACGCAGCGCCATCCACGACCTGACCGCCGACATCGGCAGCGGTACGTCGCGGTGACCTCCCGCACGTCGTAGGCACTAGACTCTG
Seq_22_LinJ.04_minus,Seq_1_LinJ.04_plus,92.473,372,1001,1000,16,8,332,697,740,375,2.77e-150,521,minus,CTGCCACAGGCCTCGTCGCGTGGTGCGACGGCAGCCGCGCTAGACACGCATCACGCCAATGCACCGACTCGGTCATGGGAGCACGGCCTCTGCCGTCAAACTCTACTCGCCCACCCACACCACTAGGCAGTGCGAGGGCCGGGTGGGATACGCTCGAGTCACGTCGGCACTTCGCCTATCATATGGATGGTGCAAGCGTGCGCACTGTCGCAGGTCGCTCCGACGCAGCGCCATCCACGACCTGACCGCCGACATCGGCAGCGGTACGTCGCGGTGACCTCCCGCAGGTCGTAGGCGCCTGACCCTGCCAGCACTAGAGGTGGGTGGGTGTA-TTGGCAGGGGT-AGGGTG-AGGGTCT-CT-G-CTTGCCC
Seq_24_LinJ.04_minus,Seq_14_LinJ.04_plus,100.000,1000,1001,1001,0,0,2,1001,1001,2,0.0,1847,minus,GGGGGAAGGGGGGGGGGCTCCGCATAGGCTCTCACACACGGACGCGCCTGCACGCAGCTCTGCATGCAATGCATCGGCTGTCCGCGTACACCCGCACCAGTGCCCCGCACACGTGTACAAATCACCGTTTCGTTTTGCGTGGTTTTCTTTCGCCCCCCCTTCTCACCCGCGCCTCCCTTCGCCCTCCCTCTTTCGCGGTTTTCGTCTCCTCCTCGTCCCCTCCCCCTCGCTCTACCGCATCCACCCCCGACAGAGGCGCAGCAACACACACACACGCCTCGCCCCGTTGACGTCGAGGGGGGAACACCCCTCAGAGCGTGCGTGCGCGCGTGCTATTCCAAGTTCCGGTGCGCCCCCGCCCACTCCCTGAGTGCGTTGGGGGAAGCCAGGCGGAGCCCCCCCATCCCTGCCACCATTCCCCCATTGCCGCACCACCCCTCACCACGACAGGGTCAAGTCCTGGATGGCGCTGCGCAAACGCTTGCTGCGGCAGTGCGCGCGCCTGTGCCACCCATGTGCTGGGCAGGGCGCCCGCGTGGGTCGTGTGTGTCTCCCTCGGGCCCCCGCTGCCCACCGGTGGGTGGCCCCGAGGCGGGGGGTGGGAGGGCAGAGTGTGAGGGGCAGGGGGGCCGCGCGACCAGCCGACCGGGTCGGCACACCGCCACCACACGCGTTTGACAAATGATATCCCCCTCGCGTGCTCGATGGCCCTGTCTTCGCGTGCGGGTGTGGGTGTTCACCGTCCGTGCGCGAGGGGGGCGCCAGCTGGACTTTGACGGTTGCCGTTTGCGGACGCCCCGTCTGCGCTTTTCCTCTGCGTGCCTGTGGCACAACGCGGCCGAAAGCGACCTCCTCGGCCCCCGCGTTTCCCTGAACTCCGCTTGCCGGGTGCGGCTTGGGCGCCGCGAGGGGCGCGCGGGTGCGGCCTGCCACCCCCACCCCGCCAGCGGGCTGCGCCAACCCAACCACCAGCCCCCCGCCGAACGCAAAGCGAAAAAAC
Seq_24_LinJ.04_minus,Seq_26_LinJ.04_minus,99.281,278,1001,1000,2,0,397,674,634,357,1.00e-144,503,minus,CCCCCCCATCCCTGCCACCATTCCCCCATTGCCGAACCACCCCTCACCACGACAGGGTCAAGTCCTGGATGGCGCTGCGCAAACGCTTGCTGCGGCAGTGCGCGCGCCTGTGCCACCCATGTGCTGGGCAGGGCGCCCGCGTGGGTCGTGTGTGTCTCCCTCGGGCCCCCGCTGCCCACCGGTGGGTGGCCCCGAGGCGGGGGGTGGGAGGGCAGAGTGTGAGGGGCAGGGGGGCCGCGCGACCAGCCGACCGGGCCGGCACACCGCCACCACACGCG
Seq_24_LinJ.04_minus,Seq_8_LinJ.04_plus,99.281,278,1001,1000,2,0,397,674,366,643,1.00e-144,503,plus,CCCCCCCATCCCTGCCACCATTCCCCCATTGCCGAACCACCCCTCACCACGACAGGGTCAAGTCCTGGATGGCGCTGCGCAAACGCTTGCTGCGGCAGTGCGCGCGCCTGTGCCACCCATGTGCTGGGCAGGGCGCCCGCGTGGGTCGTGTGTGTCTCCCTCGGGCCCCCGCTGCCCACCGGTGGGTGGCCCCGAGGCGGGGGGTGGGAGGGCAGAGTGTGAGGGGCAGGGGGGCCGCGCGACCAGCCGACCGGGCCGGCACACCGCCACCACACGCG
Seq_24_LinJ.04_minus,Seq_25_LinJ.04_minus,88.587,368,1001,1000,22,4,327,674,317,684,1.72e-122,429,plus,GCGCGTGGTATTCCAAGTTCCGGTGCGCCCCCACCCCCCACTCTGTGAGTGCGTGGGAGGAAGCCAGGCAGAGCCCCTCCCCCCATCCCTGCCACCATTCCCCCATTGCCGCATCACCCTTCACCACGACAGGGTCAAGTCCTAGATGGCGCTGCGCAAACGCTTGCCGCGACAGTGCGCGCGTCTGTGCCACCCATGTGCTGGGCAGGGCGCCCGCGTGGGTCGTGTGTGTCTCCCTCGGGCCCCCGCTGTCCACCGGTGGGTGGCCCCGAGGCGACCTGCGAGGCGGAGGGGTGGGAGGGCAGAGTGTGAGGGGCAGGGGGGCCGCGCGCTCAGCCGACCGAGTCGGCGCACGGCCGTCATACGCG
Seq_24_LinJ.04_minus,Seq_12_LinJ.04_plus,88.587,368,1001,1001,22,4,327,674,684,317,1.72e-122,429,minus,GCGCGTGGTATTCCAAGTTCCGGTGCGCCCCCACCCCCCACTCTGTGAGTGCGTGGGAGGAAGCCAGGCAGAGCCCCTCCCCCCATCCCTGCCACCATTCCCCCATTGCCGCATCACCCTTCACCACGACAGGGTCAAGTCCTAGATGGCGCTGCGCAAACGCTTGCCGCGACAGTGCGCGCGTCTGTGCCACCCATGTGCTGGGCAGGGCGCCCGCGTGGGTCGTGTGTGTCTCCCTCGGGCCCCCGCTGTCCACCGGTGGGTGGCCCCGAGGCGACCTGCGAGGCGGAGGGGTGGGAGGGCAGAGTGTGAGGGGCAGGGGGGCCGCGCGCTCAGCCGACCGAGTCGGCGCACGGCCGTCATACGCG
Seq_24_LinJ.04_minus,Seq_21_LinJ.04_minus,87.864,206,1001,1000,11,3,484,675,477,682,1.88e-62,230,plus,TGCCGCGACAGTGCGCGCGTCTGTGCCACCCATGTGCTGGGCAGGGCGACCCGCGTGGGTCGTGTGTGTCTCCCTCGGGCCCCCGCTGTCCACCGGTGGGTGGCCCCGAGGCGACCTGCGAGGCGGAGGGGTGGGAGGGCAGAGTGTGAGGGGCAGGGGGGCCGCGCGCTCAGCCGACCGAGTCGGCACACGGCCGTCACACACGT
Seq_24_LinJ.04_minus,Seq_17_LinJ.04_plus,87.560,209,1001,1000,12,3,484,678,524,316,1.88e-62,230,minus,TGCCGCGACAGTGCGCGCGTCTGTGCCACCCATGTGCTGGGCAGGGCGACCCGCGTGGGTCGTGTGTGTCTCCCTCGGGCCCCCGCTGTCCACCGGTGGGTGGCCCCGAGGCGACCTGCGAGGCGGAGGGGTGGGAGGGCAGAGTGTGAGGGGCAGGGGGGCCGCGCGCTCAGCCGACCGAGTCGGCACACGGCCGTCACACACGTGTG
Seq_25_LinJ.04_minus,Seq_25_LinJ.04_minus,100.000,1000,1000,1000,0,0,1,1000,1,1000,0.0,1847,plus,TCCTGCAGGGTTCCACCACCCCGCACTGTGAGCCGCCAGACTTCTGCGACCAAGCTCGCGACGGGCTCCTGTGGCGCGCGAGCGTGCGGCCTGCAGATGTCTTTGTCGAGGGCACGGACGGTCTATACATTGAGTGACAGAGCGTCGTGAAGGCAGGTGGGAGAAGGCTTCGCACGCGCCTTTCCGCGTGTGGCTCCCGCGCCTCCCCTCCCTCGCTTTCTCGAGCACGCGATCCTTTCCACCCAGATACGCTGCGCCTCTCTTCTGTCACCCACCGCCTTTCTGCTCTGCCGTCGAGGGGAGAACACCCTTCTCAGCGCGTGGTATTCCAAGTTCCGGTGCGCCCCCACCCCCCACTCTGTGAGTGCGTGGGAGGAAGCCAGGCAGAGCCCCTCCCCCCATCCCTGCCACCATTCCCCCATTGCCGCATCACCCTTCACCACGACAGGGTCAAGTCCTAGATGGCGCTGCGCAAACGCTTGCCGCGACAGTGCGCGCGTCTGTGCCACCCATGTGCTGGGCAGGGCGCCCGCGTGGGTCGTGTGTGTCTCCCTCGGGCCCCCGCTGTCCACCGGTGGGTGGCCCCGAGGCGACCTGCGAGGCGGAGGGGTGGGAGGGCAGAGTGTGAGGGGCAGGGGGGCCGCGCGCTCAGCCGACCGAGTCGGCGCACGGCCGTCATACGCGGAAAGACCCCTAAGGCACCGTAATCGCCGTTGGGAGGGAGGAGCCACACGGCTTTGTGAGCACGTGGATGGATGTAAGGATTCCTACTGCTTGTTCCGCAGCCCATTAAGCACCCTCCCGTCCCGCGCTCTCCCTTGCAGAGCTCATGCGTGTACTCACGCAAGCATCATCATCATCTCCTCGCCCTCTCTCCCTCCTCCTTCCTTCTCTTTCCTGCTCCGTGCAGGATCAATTTTTTTGTTTTTTTGGAATAGTCGAGCACGCAGAACAATGTCACTGCCTTCGGCAGAAGAGGCGGCGGCGCCGGCCGTGACCA
Seq_25_LinJ.04_minus,Seq_12_LinJ.04_plus,100.000,1000,1000,1001,0,0,1,1000,1000,1,0.0,1847,minus,TCCTGCAGGGTTCCACCACCCCGCACTGTGAGCCGCCAGACTTCTGCGACCAAGCTCGCGACGGGCTCCTGTGGCGCGCGAGCGTGCGGCCTGCAGATGTCTTTGTCGAGGGCACGGACGGTCTATACATTGAGTGACAGAGCGTCGTGAAGGCAGGTGGGAGAAGGCTTCGCACGCGCCTTTCCGCGTGTGGCTCCCGCGCCTCCCCTCCCTCGCTTTCTCGAGCACGCGATCCTTTCCACCCAGATACGCTGCGCCTCTCTTCTGTCACCCACCGCCTTTCTGCTCTGCCGTCGAGGGGAGAACACCCTTCTCAGCGCGTGGTATTCCAAGTTCCGGTGCGCCCCCACCCCCCACTCTGTGAGTGCGTGGGAGGAAGCCAGGCAGAGCCCCTCCCCCCATCCCTGCCACCATTCCCCCATTGCCGCATCACCCTTCACCACGACAGGGTCAAGTCCTAGATGGCGCTGCGCAAACGCTTGCCGCGACAGTGCGCGCGTCTGTGCCACCCATGTGCTGGGCAGGGCGCCCGCGTGGGTCGTGTGTGTCTCCCTCGGGCCCCCGCTGTCCACCGGTGGGTGGCCCCGAGGCGACCTGCGAGGCGGAGGGGTGGGAGGGCAGAGTGTGAGGGGCAGGGGGGCCGCGCGCTCAGCCGACCGAGTCGGCGCACGGCCGTCATACGCGGAAAGACCCCTAAGGCACCGTAATCGCCGTTGGGAGGGAGGAGCCACACGGCTTTGTGAGCACGTGGATGGATGTAAGGATTCCTACTGCTTGTTCCGCAGCCCATTAAGCACCCTCCCGTCCCGCGCTCTCCCTTGCAGAGCTCATGCGTGTACTCACGCAAGCATCATCATCATCTCCTCGCCCTCTCTCCCTCCTCCTTCCTTCTCTTTCCTGCTCCGTGCAGGATCAATTTTTTTGTTTTTTTGGAATAGTCGAGCACGCAGAACAATGTCACTGCCTTCGGCAGAAGAGGCGGCGGCGCCGGCCGTGACCA
Seq_25_LinJ.04_minus,Seq_24_LinJ.04_minus,88.587,368,1000,1001,22,4,317,684,327,674,1.72e-122,429,plus,GCGCGTGCTATTCCAAGTTCCGGTGCGCCC---CCGCCCACTCCCTGAGTGCGTTGGGGGAAGCCAGGCGGAGC----CCCCCCATCCCTGCCACCATTCCCCCATTGCCGCACCACCCCTCACCACGACAGGGTCAAGTCCTGGATGGCGCTGCGCAAACGCTTGCTGCGGCAGTGCGCGCGCCTGTGCCACCCATGTGCTGGGCAGGGCGCCCGCGTGGGTCGTGTGTGTCTCCCTCGGGCCCCCGCTGCCCACCGGTGGGTGGCCCCGAGGCG----G---------GGGGTGGGAGGGCAGAGTGTGAGGGGCAGGGGGGCCGCGCGACCAGCCGACCGGGTCGGCACACCGCCACCACACGCG
Seq_25_LinJ.04_minus,Seq_14_LinJ.04_plus,88.587,368,1000,1001,22,4,317,684,676,329,1.72e-122,429,minus,GCGCGTGCTATTCCAAGTTCCGGTGCGCCCCC---GCCCACTCCCTGAGTGCGTTGGGGGAAGCCAGGCGGAGCCCC----CCCATCCCTGCCACCATTCCCCCATTGCCGCACCACCCCTCACCACGACAGGGTCAAGTCCTGGATGGCGCTGCGCAAACGCTTGCTGCGGCAGTGCGCGCGCCTGTGCCACCCATGTGCTGGGCAGGGCGCCCGCGTGGGTCGTGTGTGTCTCCCTCGGGCCCCCGCTGCCCACCGGTGGGTGGCCCCGAGGCG----G---------GGGGTGGGAGGGCAGAGTGTGAGGGGCAGGGGGGCCGCGCGACCAGCCGACCGGGTCGGCACACCGCCACCACACGCG
Seq_25_LinJ.04_minus,Seq_26_LinJ.04_minus,89.369,301,1000,1000,18,3,384,684,643,357,1.37e-103,366,minus,GCAGAACCCC-CCCCCCATCCCTGCCACCATTCCCCCATTGCCGAACCACCCCTCACCACGACAGGGTCAAGTCCTGGATGGCGCTGCGCAAACGCTTGCTGCGGCAGTGCGCGCGCCTGTGCCACCCATGTGCTGGGCAGGGCGCCCGCGTGGGTCGTGTGTGTCTCCCTCGGGCCCCCGCTGCCCACCGGTGGGTGGCCCCGAGGCG----G---------GGGGTGGGAGGGCAGAGTGTGAGGGGCAGGGGGGCCGCGCGACCAGCCGACCGGGCCGGCACACCGCCACCACACGCG
Seq_25_LinJ.04_minus,Seq_8_LinJ.04_plus,89.369,301,1000,1000,18,3,384,684,357,643,1.37e-103,366,plus,GCAGAACCCC-CCCCCCATCCCTGCCACCATTCCCCCATTGCCGAACCACCCCTCACCACGACAGGGTCAAGTCCTGGATGGCGCTGCGCAAACGCTTGCTGCGGCAGTGCGCGCGCCTGTGCCACCCATGTGCTGGGCAGGGCGCCCGCGTGGGTCGTGTGTGTCTCCCTCGGGCCCCCGCTGCCCACCGGTGGGTGGCCCCGAGGCG----G---------GGGGTGGGAGGGCAGAGTGTGAGGGGCAGGGGGGCCGCGCGACCAGCCGACCGGGCCGGCACACCGCCACCACACGCG
Seq_25_LinJ.04_minus,Seq_21_LinJ.04_minus,98.995,199,1000,1000,1,1,481,678,477,675,2.97e-100,355,plus,TGCCGCGACAGTGCGCGCGTCTGTGCCACCCATGTGCTGGGCAGGGCGACCCGCGTGGGTCGTGTGTGTCTCCCTCGGGCCCCCGCTGTCCACCGGTGGGTGGCCCCGAGGCGACCTGCGAGGCGGAGGGGTGGGAGGGCAGAGTGTGAGGGGCAGGGGGGCCGCGCGCTCAGCCGACCGAGTCGGCACACGGCCGTCA
Seq_25_LinJ.04_minus,Seq_17_LinJ.04_plus,98.049,205,1000,1000,3,1,481,684,524,320,2.97e-100,355,minus,TGCCGCGACAGTGCGCGCGTCTGTGCCACCCATGTGCTGGGCAGGGCGACCCGCGTGGGTCGTGTGTGTCTCCCTCGGGCCCCCGCTGTCCACCGGTGGGTGGCCCCGAGGCGACCTGCGAGGCGGAGGGGTGGGAGGGCAGAGTGTGAGGGGCAGGGGGGCCGCGCGCTCAGCCGACCGAGTCGGCACACGGCCGTCACACACG
Seq_26_LinJ.04_minus,Seq_26_LinJ.04_minus,100.000,1000,1000,1000,0,0,1,1000,1,1000,0.0,1847,plus,CTGTAAAGACAAATGTCCTTTTAAGTCTCAACAAATCAAAAACAGGCCGCTTTCGCAGCAAACGCCGCGGTTTTTTCTGCGCTAGAAAAAGCGCCTGCTATTTGAACAGAACTGGTCCGTCACAAAGCACCCGTCTTTTCATCAGTTTTTTTCCTGCGCTGTTATCCCGTTGGCCTCCGCCCGCGTAGCCCCTGGCCTTCGTAGTCCTTTCTTCAGCGGAAAAGTCGGAGGGAGGGTGCGAAAAAAGTTTTTTTTCTTGCGCGGACCTTTCCCCGGTGTAAAAACCAGGCGCGCCAACCCTCCTTCTCCCGGGGTCGCCCCGGGATCCAACTCGGGGAGCGAGGGGGCGGCGGACGCGCGTGTGGTGGCGGTGTGCCGGCCCGGTCGGCTGGTCGCGCGGCCCCCCTGCCCCTCACACTCTGCCCTCCCACCCCCCGCCTCGGGGCCACCCACCGGTGGGCAGCGGGGGCCCGAGGGAGACACACACGACCCACGCGGGCGCCCTGCCCAGCACATGGGTGGCACAGGCGCGCGCACTGCCGCAGCAAGCGTTTGCGCAGCGCCATCCAGGACTTGACCCTGTCGTGGTGAGGGGTGGTTCGGCAATGGGGGAATGGTGGCAGGGATGGGGGGGGGGTTCTGCTTTTCCCTCTCGCAGAAGTTGCGGGCCTTGGTTTGGAAAACCGCCCCTGGGCGGGGAGAAAAAGCGCGGTTATAGAACCCACGGGAGCCCGAGGCAATGGTGGGGCGAATCGTAAAGGGCGCCGGTAATGGGAAGGAAAGGGGAAGAGAGTGTTCTTGTGATCCCGGCGTCTTGTGTTTTGTTTGTGCGAAAATGGCGGGGGGGTGGGGGGGGGGCTGTGGTTCCGAAAGGCGGCGGGGCATGGAGGGTGTTTTTTTCATAAGCGCTGTAAATTCTGTGGACGAGGGGGTAAATGCCTCGATGTGCGTTTTTTCGCAAATCCAGCTACGACATGTTTTCTTTGGCCAAATATAACCT
Seq_26_LinJ.04_minus,Seq_8_LinJ.04_plus,100.000,999,1000,1000,0,0,1,999,999,1,0.0,1845,minus,CTGTAAAGACAAATGTCCTTTTAAGTCTCAACAAATCAAAAACAGGCCGCTTTCGCAGCAAACGCCGCGGTTTTTTCTGCGCTAGAAAAAGCGCCTGCTATTTGAACAGAACTGGTCCGTCACAAAGCACCCGTCTTTTCATCAGTTTTTTTCCTGCGCTGTTATCCCGTTGGCCTCCGCCCGCGTAGCCCCTGGCCTTCGTAGTCCTTTCTTCAGCGGAAAAGTCGGAGGGAGGGTGCGAAAAAAGTTTTTTTTCTTGCGCGGACCTTTCCCCGGTGTAAAAACCAGGCGCGCCAACCCTCCTTCTCCCGGGGTCGCCCCGGGATCCAACTCGGGGAGCGAGGGGGCGGCGGACGCGCGTGTGGTGGCGGTGTGCCGGCCCGGTCGGCTGGTCGCGCGGCCCCCCTGCCCCTCACACTCTGCCCTCCCACCCCCCGCCTCGGGGCCACCCACCGGTGGGCAGCGGGGGCCCGAGGGAGACACACACGACCCACGCGGGCGCCCTGCCCAGCACATGGGTGGCACAGGCGCGCGCACTGCCGCAGCAAGCGTTTGCGCAGCGCCATCCAGGACTTGACCCTGTCGTGGTGAGGGGTGGTTCGGCAATGGGGGAATGGTGGCAGGGATGGGGGGGGGGTTCTGCTTTTCCCTCTCGCAGAAGTTGCGGGCCTTGGTTTGGAAAACCGCCCCTGGGCGGGGAGAAAAAGCGCGGTTATAGAACCCACGGGAGCCCGAGGCAATGGTGGGGCGAATCGTAAAGGGCGCCGGTAATGGGAAGGAAAGGGGAAGAGAGTGTTCTTGTGATCCCGGCGTCTTGTGTTTTGTTTGTGCGAAAATGGCGGGGGGGTGGGGGGGGGGCTGTGGTTCCGAAAGGCGGCGGGGCATGGAGGGTGTTTTTTTCATAAGCGCTGTAAATTCTGTGGACGAGGGGGTAAATGCCTCGATGTGCGTTTTTTCGCAAATCCAGCTACGACATGTTTTCTTTGGCCAAATATAACC
Seq_26_LinJ.04_minus,Seq_24_LinJ.04_minus,99.281,278,1000,1001,2,0,357,634,674,397,1.00e-144,503,minus,CGCGTGTGGTGGCGGTGTGCCGACCCGGTCGGCTGGTCGCGCGGCCCCCCTGCCCCTCACACTCTGCCCTCCCACCCCCCGCCTCGGGGCCACCCACCGGTGGGCAGCGGGGGCCCGAGGGAGACACACACGACCCACGCGGGCGCCCTGCCCAGCACATGGGTGGCACAGGCGCGCGCACTGCCGCAGCAAGCGTTTGCGCAGCGCCATCCAGGACTTGACCCTGTCGTGGTGAGGGGTGGTGCGGCAATGGGGGAATGGTGGCAGGGATGGGGGGG
Seq_26_LinJ.04_minus,Seq_14_LinJ.04_plus,99.281,278,1000,1001,2,0,357,634,329,606,1.00e-144,503,plus,CGCGTGTGGTGGCGGTGTGCCGACCCGGTCGGCTGGTCGCGCGGCCCCCCTGCCCCTCACACTCTGCCCTCCCACCCCCCGCCTCGGGGCCACCCACCGGTGGGCAGCGGGGGCCCGAGGGAGACACACACGACCCACGCGGGCGCCCTGCCCAGCACATGGGTGGCACAGGCGCGCGCACTGCCGCAGCAAGCGTTTGCGCAGCGCCATCCAGGACTTGACCCTGTCGTGGTGAGGGGTGGTGCGGCAATGGGGGAATGGTGGCAGGGATGGGGGGG
Seq_26_LinJ.04_minus,Seq_25_LinJ.04_minus,89.369,301,1000,1000,18,3,357,643,684,384,1.37e-103,366,minus,CGCGTATGACGGCCGTGCGCCGACTCGGTCGGCTGAGCGCGCGGCCCCCCTGCCCCTCACACTCTGCCCTCCCACCCCTCCGCCTCGCAGGTCGCCTCGGGGCCACCCACCGGTGGACAGCGGGGGCCCGAGGGAGACACACACGACCCACGCGGGCGCCCTGCCCAGCACATGGGTGGCACAGACGCGCGCACTGTCGCGGCAAGCGTTTGCGCAGCGCCATCTAGGACTTGACCCTGTCGTGGTGAAGGGTGATGCGGCAATGGGGGAATGGTGGCAGGGATGGGGGGAGGGGCTCTGC
Seq_26_LinJ.04_minus,Seq_12_LinJ.04_plus,89.369,301,1000,1001,18,3,357,643,317,617,1.37e-103,366,plus,CGCGTATGACGGCCGTGCGCCGACTCGGTCGGCTGAGCGCGCGGCCCCCCTGCCCCTCACACTCTGCCCTCCCACCCCTCCGCCTCGCAGGTCGCCTCGGGGCCACCCACCGGTGGACAGCGGGGGCCCGAGGGAGACACACACGACCCACGCGGGCGCCCTGCCCAGCACATGGGTGGCACAGACGCGCGCACTGTCGCGGCAAGCGTTTGCGCAGCGCCATCTAGGACTTGACCCTGTCGTGGTGAAGGGTGATGCGGCAATGGGGGAATGGTGGCAGGGATGGGGGGAGGGGCTCTGC
Seq_26_LinJ.04_minus,Seq_21_LinJ.04_minus,87.624,202,1000,1000,11,3,360,547,678,477,3.14e-60,222,minus,GTGTGACGGCCGTGTGCCGACTCGGTCGGCTGAGCGCGCGGCCCCCCTGCCCCTCACACTCTGCCCTCCCACCCCTCCGCCTCGCAGGTCGCCTCGGGGCCACCCACCGGTGGACAGCGGGGGCCCGAGGGAGACACACACGACCCACGCGGGTCGCCCTGCCCAGCACATGGGTGGCACAGACGCGCGCACTGTCGCGGCA
Seq_26_LinJ.04_minus,Seq_17_LinJ.04_plus,87.019,208,1000,1000,13,3,354,547,317,524,3.14e-60,222,plus,ACACGTGTGTGACGGCCGTGTGCCGACTCGGTCGGCTGAGCGCGCGGCCCCCCTGCCCCTCACACTCTGCCCTCCCACCCCTCCGCCTCGCAGGTCGCCTCGGGGCCACCCACCGGTGGACAGCGGGGGCCCGAGGGAGACACACACGACCCACGCGGGTCGCCCTGCCCAGCACATGGGTGGCACAGACGCGCGCACTGTCGCGGCA
Seq_27_LinJ.04_minus,Seq_27_LinJ.04_minus,100.000,1000,1000,1000,0,0,1,1000,1,1000,0.0,1847,plus,CCACCACCGCCTGGAAGCGCCCGGCGCATATCGAGAGGTCACGGGAAAGAGGCGAACGACCAAATTGCCAACAGACGAGTGCACGCGTTAGGGAGGCCAGCACACCGTACCTGCGTAGATACTCACTCACACCCTCTCGCTCCCCGCTCCTGCTCTTGTCTTGTGTAGTCGCGCAGATGGATGGATGGGAGGGGGGAGGGCAGCAGCCGCCGTCCCCCTACTGAGCGTCCCGCTTTTCTCCCTTGCGACCTCGTTCTGCGTACTTCCCTGCTGTTTCCGCACGCGGATACACGTCTGCGCGCGTGTCCGAATCGAACGGGTGCGCGCATATTCGTGTGTTTTATGTAACCTACAGGAGAACAGGGAGGGGAAAGGTGGAGAGAGCGCACCTGCGTGCGCGGTATACAGGGTCCAGCACCCCAACTCCTTGGGGAGGTGAGGGCGACGTATCGCTGCTGCTGTCGGCGGTTAGGTCATGAGCGGTGTTTTCTTCGGGGTGACCTTCGATAGCCAGCACATACCTGTGCCATCCATATCACGGACAACGTGTCTCGAGCGTATCCCACCGCCGGCCCTCGCAACGCCTCCTGGTGAGGTGGGGGGGGGAAGCCGTGCTCCGATGACCGAGTCGGCGTACTGCTGTACCGGCGTGTATGTCTACGGCCGCTTCCCGCCACACGATGTTGGGGCCCTGCCGCAAAGTCCGTGATGGTGACGTATGTCACCTCACGCTGTATGGCGGAGACACGGACGCGCGCTGAAGAAGCGAAGCAGCGATGCTTGCAGCCGACAGTGGGGTGCTCTGCATCCGACACGCGTCATTGGGAGAGACGAGTAGAGAAGGATGGAAGGGCAGCGGGCGCTATACCGTTTTCGGGGATGCTGCCGCGACTGCGGCTCTCCTAGGCAATGTTATTACTCTTCACGTGCACGCTGCCCTTGTCTTCTCCCCTCTCCTTATCCTGCACACACGCACACACACACACGTGTACCTACACCA
Seq_27_LinJ.04_minus,Seq_16_LinJ.04_plus,100.000,1000,1000,1000,0,0,1,1000,1000,1,0.0,1847,minus,CCACCACCGCCTGGAAGCGCCCGGCGCATATCGAGAGGTCACGGGAAAGAGGCGAACGACCAAATTGCCAACAGACGAGTGCACGCGTTAGGGAGGCCAGCACACCGTACCTGCGTAGATACTCACTCACACCCTCTCGCTCCCCGCTCCTGCTCTTGTCTTGTGTAGTCGCGCAGATGGATGGATGGGAGGGGGGAGGGCAGCAGCCGCCGTCCCCCTACTGAGCGTCCCGCTTTTCTCCCTTGCGACCTCGTTCTGCGTACTTCCCTGCTGTTTCCGCACGCGGATACACGTCTGCGCGCGTGTCCGAATCGAACGGGTGCGCGCATATTCGTGTGTTTTATGTAACCTACAGGAGAACAGGGAGGGGAAAGGTGGAGAGAGCGCACCTGCGTGCGCGGTATACAGGGTCCAGCACCCCAACTCCTTGGGGAGGTGAGGGCGACGTATCGCTGCTGCTGTCGGCGGTTAGGTCATGAGCGGTGTTTTCTTCGGGGTGACCTTCGATAGCCAGCACATACCTGTGCCATCCATATCACGGACAACGTGTCTCGAGCGTATCCCACCGCCGGCCCTCGCAACGCCTCCTGGTGAGGTGGGGGGGGGAAGCCGTGCTCCGATGACCGAGTCGGCGTACTGCTGTACCGGCGTGTATGTCTACGGCCGCTTCCCGCCACACGATGTTGGGGCCCTGCCGCAAAGTCCGTGATGGTGACGTATGTCACCTCACGCTGTATGGCGGAGACACGGACGCGCGCTGAAGAAGCGAAGCAGCGATGCTTGCAGCCGACAGTGGGGTGCTCTGCATCCGACACGCGTCATTGGGAGAGACGAGTAGAGAAGGATGGAAGGGCAGCGGGCGCTATACCGTTTTCGGGGATGCTGCCGCGACTGCGGCTCTCCTAGGCAATGTTATTACTCTTCACGTGCACGCTGCCCTTGTCTTCTCCCCTCTCCTTATCCTGCACACACGCACACACACACACGTGTACCTACACCA
Seq_28_LinJ.04_minus,Seq_28_LinJ.04_minus,100.000,1000,1000,1000,0,0,1,1000,1,1000,0.0,1847,plus,CAAGATAAACGCTCGCTCTTTCTTATTTCTTTTCGCTCACTGCTTGTTTCCATCGCTTGCCGAGCGCCGAAGAGAAGGAGGGGAGAGAGGGGCATAAAGAGAGATAGATGATGGAGAGGGACTGCACATAAACCAGTGAATTTGTTACTTGTGGACTGCAGTCGACTTTTCCCAACCACCGTTCCTTTCTTTGTTTGGGAGGTGGAAGAGGGGTGCCTAGCCCTTTTTCTTTGGCTTATCACAGCAGCAGACCCTGATGACGATAAGCGCCTCATCACGGTATGAGATTTCGTTACCCACTCTGCGGGCAAGTCAAGCAGCCCCTCCCCCCTAACCCCTGCCAAGTGCACAACCACCTCTGGTGGTGACAGGGTCAAGTGCCTACGACGTGCGGGAGGTCACCGCGACGTACCGCTGCCGATGTCGGTGGTCAGGTCGTGGATGGCGCTGCGTCGGAGCGACCTGCGACAGTGCGCACGCTTGCACCATCCATATGATAGGCGAAGTGCCGACGTGACTCGAGCGTATCCCACCCGGCCCTCGCACTGCCTAGTGGTGTGGGTGGGCGAGTAGAGTTTGACGGCAGAGGCCGTGCTCCCATGACCGAGTCGGTGCATTGGCGTGATGCGTGTCTAGTGCGGCTTCGCACCACCCGATGGGGCCTTTGGCAGTCCGGGTGGAGTTTAGCACACGTTCTATGGCAGAGTGGACATGTTGTGAAAAAAAAAAGAGAGTGACAGCAGCAGAGCACGAGAGGCAAGAGACACAAAAGAGATATAGAGGCAATCAGAAGAAAAAGGAAATCGTTGAAAAGACACACAGAACATAATAGGGAGAGAAGAGAGGTATAGGGAGCCTATCAGGGAAGCGGAGCTTGATGAAGAGCACAACAGCGCAGCGAGGGGAGAAAACGAAAACTGCAAATAATAATGAGTGAAACAATCGTCGGCAACTTGTGGAGAAAAGAAGGAAAGAGAGGAAACAACAGTGTCAAAAAAGG
Seq_28_LinJ.04_minus,Seq_7_LinJ.04_plus,100.000,999,1000,1000,0,0,2,1000,1000,2,0.0,1845,minus,AAGATAAACGCTCGCTCTTTCTTATTTCTTTTCGCTCACTGCTTGTTTCCATCGCTTGCCGAGCGCCGAAGAGAAGGAGGGGAGAGAGGGGCATAAAGAGAGATAGATGATGGAGAGGGACTGCACATAAACCAGTGAATTTGTTACTTGTGGACTGCAGTCGACTTTTCCCAACCACCGTTCCTTTCTTTGTTTGGGAGGTGGAAGAGGGGTGCCTAGCCCTTTTTCTTTGGCTTATCACAGCAGCAGACCCTGATGACGATAAGCGCCTCATCACGGTATGAGATTTCGTTACCCACTCTGCGGGCAAGTCAAGCAGCCCCTCCCCCCTAACCCCTGCCAAGTGCACAACCACCTCTGGTGGTGACAGGGTCAAGTGCCTACGACGTGCGGGAGGTCACCGCGACGTACCGCTGCCGATGTCGGTGGTCAGGTCGTGGATGGCGCTGCGTCGGAGCGACCTGCGACAGTGCGCACGCTTGCACCATCCATATGATAGGCGAAGTGCCGACGTGACTCGAGCGTATCCCACCCGGCCCTCGCACTGCCTAGTGGTGTGGGTGGGCGAGTAGAGTTTGACGGCAGAGGCCGTGCTCCCATGACCGAGTCGGTGCATTGGCGTGATGCGTGTCTAGTGCGGCTTCGCACCACCCGATGGGGCCTTTGGCAGTCCGGGTGGAGTTTAGCACACGTTCTATGGCAGAGTGGACATGTTGTGAAAAAAAAAAGAGAGTGACAGCAGCAGAGCACGAGAGGCAAGAGACACAAAAGAGATATAGAGGCAATCAGAAGAAAAAGGAAATCGTTGAAAAGACACACAGAACATAATAGGGAGAGAAGAGAGGTATAGGGAGCCTATCAGGGAAGCGGAGCTTGATGAAGAGCACAACAGCGCAGCGAGGGGAGAAAACGAAAACTGCAAATAATAATGAGTGAAACAATCGTCGGCAACTTGTGGAGAAAAGAAGGAAAGAGAGGAAACAACAGTGTCAAAAAAGG
Seq_28_LinJ.04_minus,Seq_22_LinJ.04_minus,99.606,508,1000,1001,1,1,249,755,754,247,0.0,926,minus,AGACCCTGATGACGATAAGCGCCTCATCACGGTATGAGATTTCGTTACCCACTCTGCGGGCAAGTCAAGCAGCCCCTCCCCCCTAACCCCTGCCAAGTGCACAACCACCTCTGGTGGTGACAGGGTCAAGTGCCTACGACGTGCGGGAGGTCACCGCGACGTACCGCTGCCGATGTCGGTGGTCAGGTCGTGGATGGCGCTGCGTCGGAGCGACCTGCGACAGTGCGCACGCTTGCACCATCCATATGATAGGCGAAGTGCCGACGTGACTCGAGCGTATCCCACCCGGCCCTCGCACTGCCTAGTGGTGTGGGTGGGCGAGTAGAGTTTGACGGCAGAGGCCGTGCTCCCATGACCGAGTCGGTGCATTGGCGTGATGCGTGTCTAGTGCGGCTTCGCACCACCCGATGGGGCCTTTGGCAGTCCGGGTGGAGTTTAGCACACGTTCTATGGCAGAGTGGACATGTTGTGAAAAAAAAAAAGAGAATGACAGCAGCAGAGCACGAGA
Seq_28_LinJ.04_minus,Seq_9_LinJ.04_plus,99.413,511,1000,1000,2,1,246,755,245,755,0.0,926,plus,AGGAGACCCTGATGACGATAAGCGCCTCATCACGGTATGAGATTTCGTTACCCACTCTGCGGGCAAGTCAAGCAGCCCCTCCCCCCTAACCCCTGCCAAGTGCACAACCACCTCTGGTGGTGACAGGGTCAAGTGCCTACGACGTGCGGGAGGTCACCGCGACGTACCGCTGCCGATGTCGGTGGTCAGGTCGTGGATGGCGCTGCGTCGGAGCGACCTGCGACAGTGCGCACGCTTGCACCATCCATATGATAGGCGAAGTGCCGACGTGACTCGAGCGTATCCCACCCGGCCCTCGCACTGCCTAGTGGTGTGGGTGGGCGAGTAGAGTTTGACGGCAGAGGCCGTGCTCCCATGACCGAGTCGGTGCATTGGCGTGATGCGTGTCTAGTGCGGCTTCGCACCACCCGATGGGGCCTTTGGCAGTCCGGGTGGAGTTTAGCACACGTTCTATGGCAGAGTGGACATGTTGTGAAAAAAAAAAAGAGAATGACAGCAGCAGAGCACGAGA
Seq_28_LinJ.04_minus,Seq_10_LinJ.04_plus,98.680,303,1000,1001,4,0,369,671,327,629,2.74e-155,538,plus,CAGAGTCTAGTGCCTACGACGTGCGGGAGGTCACCGCGACGTACCGCTGCCGATGTCGGCGGTCAGGTCGTGGATGGCGCTGCGTCGGAGCGACCTGCGACAGTGCGCACGCTTGCACCATCCATATGATAGGCGAAGTGCCGACGTGACTCGAGCGTATCCCACCCGGCCCTCGCACTGCCTAGTGGTGTGGGTGGGCGAGTAGAGTTTGACGGCAGAGGCCGTGCTCCCATGACCGAGTCGGTGCATTGGCGTGATGCGTGTCTAGCGCGGCTTCGCACCACCCGATGGGGCCTTTGGCAG
Seq_28_LinJ.04_minus,Seq_1_LinJ.04_plus,92.473,372,1000,1000,16,8,306,671,375,740,2.76e-150,521,plus,GGGCAAG-C-AG-AGACCCT-CACCCT-ACCCCTGCCAA-TACACCCACCCACCTCTAGTGCTGGCAGGGTCAGGCGCCTACGACCTGCGGGAGGTCACCGCGACGTACCGCTGCCGATGTCGGCGGTCAGGTCGTGGATGGCGCTGCGTCGGAGCGACCTGCGACAGTGCGCACGCTTGCACCATCCATATGATAGGCGAAGTGCCGACGTGACTCGAGCGTATCCCACCCGGCCCTCGCACTGCCTAGTGGTGTGGGTGGGCGAGTAGAGTTTGACGGCAGAGGCCGTGCTCCCATGACCGAGTCGGTGCATTGGCGTGATGCGTGTCTAGCGCGGCTGCCGTCGCACCACGCGACGAGGCCTGTGGCAG
Seq_29_LinJ.04_minus,Seq_29_LinJ.04_minus,100.000,1000,1000,1000,0,0,1,1000,1,1000,0.0,1847,plus,GCGGTGTTTGTCTTACCACCTCGTCCCGAACACGCAGACACACACGCGGGAGACGACGGCGGCGGCCCTTTGGCGTGGCCTCCCAGCACCACGTCCTCCTTTGTTCTCGTAACGGAAGTGCACTACGAACGCCTCCTGCCTCCCTCCACGAGGGCCATCACACACACGCACACTCCATCCAACCTCCCAACCCGAACCCCCCGACCGCTGCTGAGGGGTCTCTTGTGTGTCCGTGCGTGTGCGCGTGTTAATGCGCGAGTTGCATATTCGTTTCATTTTCGTTAAACTCGGTCCATCTCTCTGCCATGCGAGATGCGTTCCAGTCCACACCGCCCTCTCACGGCCCTGTCACAGGCCCCCTCCCGCTCCCCCCTCTCCGCGTGGTGCCAAGCAGCCGTAGGCGGTGTGAGGGGGGCCCAGGTCGGGGAGACACGCTCCAGCCACGCTGGCACGTCGCCCGCCCATATGGATCGTACAAGCGTGTGCACGGCCGCCGGTCGCTCTGACCTCCCCCTCTCACGCCCTAGGCACCCTGGCCCTGCCACCACGCGAAGTGGCCCGGCGCCGGCGAGGGGATAGGAGGGGGTGGAGGGGGAGGGGGGCTCTGCTCGGCTTCCAGCCGGAGAGTGGGCGTGCACTGGCCGCTGAGGCACCACGCGCTGAGGTGTGCGCACCCCCTCCCCCACCTGTCATCCGGATGCACGAGTTCCACAGAAGAAGATGTGGAACGAGGGGGGGCGTGGGCCTGAGGTAGTGCGGTGAATGCTCTCGTACCGTGCAGCACCGATATGTCCTTCTGTATGATATCTTGCTCGCCGGATACTGCCGGCACCAACGGGCATCTCCTGTGTGTGTGTGTGTGTGTGTGTGTGTGTGTTTGTGTGCAAGTATCCGCACCCCGCTCCACACATCTACACACCGACGCGCGACGGGGAGAGGTGTCGACGGAATCTCATCAAGCACCCTCACGGTGGACCGCCGAGCCGGTGTGTCGCATGCC
Seq_29_LinJ.04_minus,Seq_36_LinJ.04_plus,100.000,978,1000,1000,0,0,23,1000,1000,23,0.0,1807,minus,GTCCCGAACACGCAGACACACACGCGGGAGACGACGGCGGCGGCCCTTTGGCGTGGCCTCCCAGCACCACGTCCTCCTTTGTTCTCGTAACGGAAGTGCACTACGAACGCCTCCTGCCTCCCTCCACGAGGGCCATCACACACACGCACACTCCATCCAACCTCCCAACCCGAACCCCCCGACCGCTGCTGAGGGGTCTCTTGTGTGTCCGTGCGTGTGCGCGTGTTAATGCGCGAGTTGCATATTCGTTTCATTTTCGTTAAACTCGGTCCATCTCTCTGCCATGCGAGATGCGTTCCAGTCCACACCGCCCTCTCACGGCCCTGTCACAGGCCCCCTCCCGCTCCCCCCTCTCCGCGTGGTGCCAAGCAGCCGTAGGCGGTGTGAGGGGGGCCCAGGTCGGGGAGACACGCTCCAGCCACGCTGGCACGTCGCCCGCCCATATGGATCGTACAAGCGTGTGCACGGCCGCCGGTCGCTCTGACCTCCCCCTCTCACGCCCTAGGCACCCTGGCCCTGCCACCACGCGAAGTGGCCCGGCGCCGGCGAGGGGATAGGAGGGGGTGGAGGGGGAGGGGGGCTCTGCTCGGCTTCCAGCCGGAGAGTGGGCGTGCACTGGCCGCTGAGGCACCACGCGCTGAGGTGTGCGCACCCCCTCCCCCACCTGTCATCCGGATGCACGAGTTCCACAGAAGAAGATGTGGAACGAGGGGGGGCGTGGGCCTGAGGTAGTGCGGTGAATGCTCTCGTACCGTGCAGCACCGATATGTCCTTCTGTATGATATCTTGCTCGCCGGATACTGCCGGCACCAACGGGCATCTCCTGTGTGTGTGTGTGTGTGTGTGTGTGTGTGTTTGTGTGCAAGTATCCGCACCCCGCTCCACACATCTACACACCGACGCGCGACGGGGAGAGGTGTCGACGGAATCTCATCAAGCACCCTCACGGTGGACCGCCGAGCCGGTGTGTCGCATGCC
Seq_29_LinJ.04_minus,Seq_35_LinJ.04_plus,97.230,361,1000,1001,10,0,331,691,310,670,1.59e-177,612,plus,CGCCTTCCCACGGCCCTGCCACTGGCCCCCTCCCGCTCCCCCCTCTCCGCGTGGTGCCAAGCAGCCGTAGGCGGTGTGAGGGGGGCCCAGGTCGGGGAGACACGCTCCAGCCACGCTGGCACGTCGCCCGCCCATATGGATCGTACAAGCGTGTGCACGGCCGCCGGTCGCTCTGACCTCCCCCTCTCACGCCCTAGGCACCCTGGCCCTGCCACCACGCGAAGTGGCCCGGCGCCGGCGAGGGGATAGGAGGGGGTGGAGGGCGAGGGGGGCTCTGCTCGGCTTCCAGCCGGAGAGTGGGCGTGCACTGGCCGCTGAGGCACCACGCGCTGAGGTGTGCGCATCCTCCACCCCACCCGTC
Seq_29_LinJ.04_minus,Seq_30_LinJ.04_minus,97.230,361,1000,1000,10,0,331,691,691,331,1.59e-177,612,minus,CGCCTTCCCACGGCCCTGCCACTGGCCCCCTCCCGCTCCCCCCTCTCCGCGTGGTGCCAAGCAGCCGTAGGCGGTGTGAGGGGGGCCCAGGTCGGGGAGACACGCTCCAGCCACGCTGGCACGTCGCCCGCCCATATGGATCGTACAAGCGTGTGCACGGCCGCCGGTCGCTCTGACCTCCCCCTCTCACGCCCTAGGCACCCTGGCCCTGCCACCACGCGAAGTGGCCCGGCGCCGGCGAGGGGATAGGAGGGGGTGGAGGGCGAGGGGGGCTCTGCTCGGCTTCCAGCCGGAGAGTGGGCGTGCACTGGCCGCTGAGGCACCACGCGCTGAGGTGTGCGCATCCTCCACCCCACCCGTC
Seq_29_LinJ.04_minus,Seq_31_LinJ.04_minus,96.399,361,1000,1001,13,0,340,700,687,327,1.61e-172,595,minus,ACGGCTCTGCCACAGGCCTCCTCCCGCTCCCCCCTCTTCGCGTGGTGCCAAGCAGCCGTAGGCGGTGTGAGGGGGGCCCAGGTCGGGGAGACACGCTCCAGCCACGCTGGCACGTCGCCCGCCCATATGGATCGTACAAGCGTGTGCACGGCCGCCGGTCGCTCTGACCTCCCCCTCTCACGCCCTAGGCACCCTGGCCCTGCCACCACGCGAAGTGGCCCGGCGCCGGCGAGGGGATAGGAGGGGGTGGAGGGCGAGGGGGGCTCTGCTCGGCTTCCAGCCGGAGAGTGGGCGTGCACTGGCCGCTGAGGCACCACGCGCTGAGGTGTGCGCATCCTCCACCCCACCCGTCGTTCGGGTG
Seq_29_LinJ.04_minus,Seq_11_LinJ.04_plus,97.159,352,1000,1000,10,0,340,691,314,665,1.61e-172,595,plus,ACGGCTCTGCCACAGGCCTCCTCCCGCTCCCCCCTCTTCGCGTGGTGCCAAGCAGCCGTAGGCGGTGTGAGGGGGGCCCAGGTCGGGGAGACACGCTCCAGCCACGCTGGCACGTCGCCCGCCCATATGGATCGTACAAGCGTGTGCACGGCCGCCGGTCGCTCTGACCTCCCCCTCTCACGCCCTAGGCACCCTGGCCCTGCCACCACGCGAAGTGGCCCGGCGCCGGCGAGGGGATAGGAGGGGGTGGAGGGCGAGGGGGGCTCTGCTCGGCTTCCAGCCGGAGAGTGGGCGTGCACTGGCCGCTGAGGCACCACGCGCTGAGGTGTGCGCATCCTCCACCCCACCCGTC
Seq_30_LinJ.04_minus,Seq_35_LinJ.04_plus,100.000,1000,1000,1001,0,0,1,1000,1000,1,0.0,1847,minus,TATATGCATGTCTGTGTATGTATATGTACATGTGTGTGTGGGTGGGTGTGCGGGCGTGTGCGAGCCCAAGGAAAACAAAAGAAGGCCGAACGGCACGCGCACCTATCTGCTCTCTCGACGACGGGACACATTACGTAGGGACGGCCATCGCCTCCACCACTCGATCCCTCGAACGAAGGCGTTCCCGCTTTCTCACACGGGTCAGTATCGTGCTTCATCTCTCTTTCTTCTCTTGCCGTTCCTGCCGTCGCTCACTGCCACACACGCGTTGCCATCTCGCTACACGCGCTCATCCTTTTCCTCAGAAGGCTCCCTCCTCCTCTCCTGAACGACGGGTGGGGTGGAGGATGCGCACACCTCAGCGCGTGGTGCCTCAGCGGCCAGTGCACGCCCACTCTCCGGCTGGAAGCCGAGCAGAGCCCCCCTCGCCCTCCACCCCCTCCTATCCCCTCGCCGGCGCCGGGCCACTTCGCGTGGTGGCAGGGCCAGGGTGCCTAGGGCGTGAGAGGGGGAGGTCAGAGCGACCGGCGGCCGTGCACACGCTTGTACGATCCATATGGGCGGGCGACGTGCCAGCGTGGCTGGAGCGTGTCTCCCCGACCTGGGCCCCCCTCACACCGCCTACGGCTGCTTGGCACCACGCGGAGAGGGGGGAGCGGGAGGGGGCCAGTGGCAGGGCCGTGGGAAGGCGTTTGAGGGGGGGAGAGTGACGTGGAGCCCCGCTCATTGCACGAAAGCAGACCGAGCGCGTGGAGTCTTTATAGCGGCCCTCCTCCTCTTGTCGCCGCTCGGCTCTGTCTGTCTCCCCGCTCCGTCGGTACGCCTCCTTCGCACCTCTCTGTCGGTGTGTCGGACTATGTGCCCTCCCACTTCTCGTCTCCAACTCTTTATCTTGCGTTCCTTGCTGCTGCCCTTCTCGCGTACGTACATAGGAGGCGGACACCAACACGGGCACACACACACACGCACACCTGCAGCATCGCGTGTATTCCCTCGCTCT
Seq_30_LinJ.04_minus,Seq_30_LinJ.04_minus,100.000,1000,1000,1000,0,0,1,1000,1,1000,0.0,1847,plus,TATATGCATGTCTGTGTATGTATATGTACATGTGTGTGTGGGTGGGTGTGCGGGCGTGTGCGAGCCCAAGGAAAACAAAAGAAGGCCGAACGGCACGCGCACCTATCTGCTCTCTCGACGACGGGACACATTACGTAGGGACGGCCATCGCCTCCACCACTCGATCCCTCGAACGAAGGCGTTCCCGCTTTCTCACACGGGTCAGTATCGTGCTTCATCTCTCTTTCTTCTCTTGCCGTTCCTGCCGTCGCTCACTGCCACACACGCGTTGCCATCTCGCTACACGCGCTCATCCTTTTCCTCAGAAGGCTCCCTCCTCCTCTCCTGAACGACGGGTGGGGTGGAGGATGCGCACACCTCAGCGCGTGGTGCCTCAGCGGCCAGTGCACGCCCACTCTCCGGCTGGAAGCCGAGCAGAGCCCCCCTCGCCCTCCACCCCCTCCTATCCCCTCGCCGGCGCCGGGCCACTTCGCGTGGTGGCAGGGCCAGGGTGCCTAGGGCGTGAGAGGGGGAGGTCAGAGCGACCGGCGGCCGTGCACACGCTTGTACGATCCATATGGGCGGGCGACGTGCCAGCGTGGCTGGAGCGTGTCTCCCCGACCTGGGCCCCCCTCACACCGCCTACGGCTGCTTGGCACCACGCGGAGAGGGGGGAGCGGGAGGGGGCCAGTGGCAGGGCCGTGGGAAGGCGTTTGAGGGGGGGAGAGTGACGTGGAGCCCCGCTCATTGCACGAAAGCAGACCGAGCGCGTGGAGTCTTTATAGCGGCCCTCCTCCTCTTGTCGCCGCTCGGCTCTGTCTGTCTCCCCGCTCCGTCGGTACGCCTCCTTCGCACCTCTCTGTCGGTGTGTCGGACTATGTGCCCTCCCACTTCTCGTCTCCAACTCTTTATCTTGCGTTCCTTGCTGCTGCCCTTCTCGCGTACGTACATAGGAGGCGGACACCAACACGGGCACACACACACACGCACACCTGCAGCATCGCGTGTATTCCCTCGCTCT
Seq_30_LinJ.04_minus,Seq_31_LinJ.04_minus,98.123,373,1000,1001,7,0,310,682,315,687,0.0,651,plus,CTCCCTCTTCCTCACCCGAACGACGGGTGGGGTGGAGGATGCGCACACCTCAGCGCGTGGTGCCTCAGCGGCCAGTGCACGCCCACTCTCCGGCTGGAAGCCGAGCAGAGCCCCCCTCGCCCTCCACCCCCTCCTATCCCCTCGCCGGCGCCGGGCCACTTCGCGTGGTGGCAGGGCCAGGGTGCCTAGGGCGTGAGAGGGGGAGGTCAGAGCGACCGGCGGCCGTGCACACGCTTGTACGATCCATATGGGCGGGCGACGTGCCAGCGTGGCTGGAGCGTGTCTCCCCGACCTGGGCCCCCCTCACACCGCCTACGGCTGCTTGGCACCACGCGAAGAGGGGGGAGCGGGAGGAGGCCTGTGGCAGAGCCGT
Seq_30_LinJ.04_minus,Seq_11_LinJ.04_plus,98.123,373,1000,1000,7,0,310,682,686,314,0.0,651,minus,CTCCCTCTTCCTCACCCGAACGACGGGTGGGGTGGAGGATGCGCACACCTCAGCGCGTGGTGCCTCAGCGGCCAGTGCACGCCCACTCTCCGGCTGGAAGCCGAGCAGAGCCCCCCTCGCCCTCCACCCCCTCCTATCCCCTCGCCGGCGCCGGGCCACTTCGCGTGGTGGCAGGGCCAGGGTGCCTAGGGCGTGAGAGGGGGAGGTCAGAGCGACCGGCGGCCGTGCACACGCTTGTACGATCCATATGGGCGGGCGACGTGCCAGCGTGGCTGGAGCGTGTCTCCCCGACCTGGGCCCCCCTCACACCGCCTACGGCTGCTTGGCACCACGCGAAGAGGGGGGAGCGGGAGGAGGCCTGTGGCAGAGCCGT
Seq_30_LinJ.04_minus,Seq_36_LinJ.04_plus,97.230,361,1000,1000,10,0,331,691,332,692,1.59e-177,612,plus,GACAGGTGGGGGAGGGGGTGCGCACACCTCAGCGCGTGGTGCCTCAGCGGCCAGTGCACGCCCACTCTCCGGCTGGAAGCCGAGCAGAGCCCCCCTCCCCCTCCACCCCCTCCTATCCCCTCGCCGGCGCCGGGCCACTTCGCGTGGTGGCAGGGCCAGGGTGCCTAGGGCGTGAGAGGGGGAGGTCAGAGCGACCGGCGGCCGTGCACACGCTTGTACGATCCATATGGGCGGGCGACGTGCCAGCGTGGCTGGAGCGTGTCTCCCCGACCTGGGCCCCCCTCACACCGCCTACGGCTGCTTGGCACCACGCGGAGAGGGGGGAGCGGGAGGGGGCCTGTGACAGGGCCGTGAGAGGGCG
Seq_30_LinJ.04_minus,Seq_29_LinJ.04_minus,97.230,361,1000,1000,10,0,331,691,691,331,1.59e-177,612,minus,GACAGGTGGGGGAGGGGGTGCGCACACCTCAGCGCGTGGTGCCTCAGCGGCCAGTGCACGCCCACTCTCCGGCTGGAAGCCGAGCAGAGCCCCCCTCCCCCTCCACCCCCTCCTATCCCCTCGCCGGCGCCGGGCCACTTCGCGTGGTGGCAGGGCCAGGGTGCCTAGGGCGTGAGAGGGGGAGGTCAGAGCGACCGGCGGCCGTGCACACGCTTGTACGATCCATATGGGCGGGCGACGTGCCAGCGTGGCTGGAGCGTGTCTCCCCGACCTGGGCCCCCCTCACACCGCCTACGGCTGCTTGGCACCACGCGGAGAGGGGGGAGCGGGAGGGGGCCTGTGACAGGGCCGTGAGAGGGCG
Seq_31_LinJ.04_minus,Seq_11_LinJ.04_plus,100.000,1000,1001,1000,0,0,1,1000,1000,1,0.0,1847,minus,TCGCCACCTCTCCGCTCGTTGCCGCCAAGCAAGGCCGAAAGCAACATGCACGCGTCGTGGTGTGGAAACAGGGGCGCGCCCATCTGCGGATCATCCACGTGCCTTCGTTCGCCCTCGTCGTCTCAGTTCTCGTCGCACCCCCGCACGCCCCTGCTATCGGGAGTGTATGCGAGGGATGCAGAGACACACACACACACAGACACACAGTGCAGGCGCATCCCACCATTACGTTCTCTGTAGGCTTGTATTTTCGGATACGCGACGGGCCAGCCATCCGCCTCATCCCCTCGCCAGCCGCCTATTTGATTCACCCCCTCCCTCTTCCTCACCCGAACGACGGGTGGGGTGGAGGATGCGCACACCTCAGCGCGTGGTGCCTCAGCGGCCAGTGCACGCCCACTCTCCGGCTGGAAGCCGAGCAGAGCCCCCCTCGCCCTCCACCCCCTCCTATCCCCTCGCCGGCGCCGGGCCACTTCGCGTGGTGGCAGGGCCAGGGTGCCTAGGGCGTGAGAGGGGGAGGTCAGAGCGACCGGCGGCCGTGCACACGCTTGTACGATCCATATGGGCGGGCGACGTGCCAGCGTGGCTGGAGCGTGTCTCCCCGACCTGGGCCCCCCTCACACCGCCTACGGCTGCTTGGCACCACGCGAAGAGGGGGGAGCGGGAGGAGGCCTGTGGCAGAGCCGTCTTTATCCCCGTGCATCGCTGACTCGCTCTTCGTGCGTGTGCGTGTGTGCATGTGTATCACGCACCAGCAACAACATCAGGCTGTCGTGCGCGGCCCGTACCCTCGACAGGCGGCACAGTACTTCCTCGCCGCATCTCTCTTTCTCTGTCTGTCTCCCTGCCAAAACTACGCAGCACATTTTCTTCCAAGACATCAAAAACGAATCAGTCGCAGAGGTGCAGAGCGATAGAGGGCGTCGGCGAAAGATGGCCAGCAACTCTGTCGTCTTCGTGTCGATCGCCTGCGCGATCTGGTACGTGCTGCTTCGCCAGC
Seq_31_LinJ.04_minus,Seq_35_LinJ.04_plus,98.123,373,1001,1001,7,0,315,687,691,319,0.0,651,minus,CTCCCTCCTCCTCTCCTGAACGACGGGTGGGGTGGAGGATGCGCACACCTCAGCGCGTGGTGCCTCAGCGGCCAGTGCACGCCCACTCTCCGGCTGGAAGCCGAGCAGAGCCCCCCTCGCCCTCCACCCCCTCCTATCCCCTCGCCGGCGCCGGGCCACTTCGCGTGGTGGCAGGGCCAGGGTGCCTAGGGCGTGAGAGGGGGAGGTCAGAGCGACCGGCGGCCGTGCACACGCTTGTACGATCCATATGGGCGGGCGACGTGCCAGCGTGGCTGGAGCGTGTCTCCCCGACCTGGGCCCCCCTCACACCGCCTACGGCTGCTTGGCACCACGCGGAGAGGGGGGAGCGGGAGGGGGCCAGTGGCAGGGCCGT
Seq_31_LinJ.04_minus,Seq_30_LinJ.04_minus,98.123,373,1001,1000,7,0,315,687,310,682,0.0,651,plus,CTCCCTCCTCCTCTCCTGAACGACGGGTGGGGTGGAGGATGCGCACACCTCAGCGCGTGGTGCCTCAGCGGCCAGTGCACGCCCACTCTCCGGCTGGAAGCCGAGCAGAGCCCCCCTCGCCCTCCACCCCCTCCTATCCCCTCGCCGGCGCCGGGCCACTTCGCGTGGTGGCAGGGCCAGGGTGCCTAGGGCGTGAGAGGGGGAGGTCAGAGCGACCGGCGGCCGTGCACACGCTTGTACGATCCATATGGGCGGGCGACGTGCCAGCGTGGCTGGAGCGTGTCTCCCCGACCTGGGCCCCCCTCACACCGCCTACGGCTGCTTGGCACCACGCGGAGAGGGGGGAGCGGGAGGGGGCCAGTGGCAGGGCCGT
Seq_31_LinJ.04_minus,Seq_36_LinJ.04_plus,96.399,361,1001,1000,13,0,327,687,323,683,1.61e-172,595,plus,CATCCGGATGACAGGTGGGGGAGGGGGTGCGCACACCTCAGCGCGTGGTGCCTCAGCGGCCAGTGCACGCCCACTCTCCGGCTGGAAGCCGAGCAGAGCCCCCCTCCCCCTCCACCCCCTCCTATCCCCTCGCCGGCGCCGGGCCACTTCGCGTGGTGGCAGGGCCAGGGTGCCTAGGGCGTGAGAGGGGGAGGTCAGAGCGACCGGCGGCCGTGCACACGCTTGTACGATCCATATGGGCGGGCGACGTGCCAGCGTGGCTGGAGCGTGTCTCCCCGACCTGGGCCCCCCTCACACCGCCTACGGCTGCTTGGCACCACGCGGAGAGGGGGGAGCGGGAGGGGGCCTGTGACAGGGCCGT
Seq_31_LinJ.04_minus,Seq_29_LinJ.04_minus,97.159,352,1001,1000,10,0,336,687,691,340,1.61e-172,595,minus,GACAGGTGGGGGAGGGGGTGCGCACACCTCAGCGCGTGGTGCCTCAGCGGCCAGTGCACGCCCACTCTCCGGCTGGAAGCCGAGCAGAGCCCCCCTCCCCCTCCACCCCCTCCTATCCCCTCGCCGGCGCCGGGCCACTTCGCGTGGTGGCAGGGCCAGGGTGCCTAGGGCGTGAGAGGGGGAGGTCAGAGCGACCGGCGGCCGTGCACACGCTTGTACGATCCATATGGGCGGGCGACGTGCCAGCGTGGCTGGAGCGTGTCTCCCCGACCTGGGCCCCCCTCACACCGCCTACGGCTGCTTGGCACCACGCGGAGAGGGGGGAGCGGGAGGGGGCCTGTGACAGGGCCGT
Seq_33_LinJ.04_minus,Seq_2_LinJ.04_plus,100.000,882,1001,1000,0,0,120,1001,1000,119,0.0,1629,minus,AGCGTGTGTGAAAGAGCCGTTATCTCCGCTTTTGGCGAACCGAAAATGGCCTGACATCCGTGGCGAACGCCGAAGCCGCCGACCTCTCCTTTGGTTCTTCTTTTTCAACGTGCCCCGCTCCGCTTTAGAACATGAGCGAGGCTCGACGCTACGCCACCCGCACGCCGACCCACCGCGTGGTGGCAAGCAACTTTGCACACGTGGTGCAGCCGTGCGCCGACTCAGCCATCGGCGCACGGCCTCTGCCTCGAGCTCCCCCCCCTCCCTCGTCTCGCAGGTCGTCTCGCAGCCCCCCTCCCTCCCCTCCCCACCAGTAGGCTGCGAGGGCCGAGTGGGACGCGCTCGAGCCACGCCGGCGCTGTGCCTCTTGTATAAATTGTGCAAACGCGCCCACCGTGGCAGCCCGCTCCGACGCAGAGCCGTCCAGCGCTTGAGCGCCGACATGAGGAGCGATACACCGCTCTGGGCCTGCCTAGGCGGTAGGGGCCCAGCCCTGTCACCACCAGAGGGGTGGCTTGGCATCGGCAGAGGCCGGGGGACCCTCTTGGCTTCCTCGCCGAGCGGACACTGGGCAATGTGATACCACGCTGAGTTGCACTCCTCGTCATCAGGGTATAGAAGCAACCGGAATAAATAGGAGTGCAAATTCACGGCACCGCCTCTGCATGCACGCACGTGACAGTACGTCAGATAGGGCAGCAGAGCTTCTTTCCCTCCTTTTTAACTATCGTGCCACCTCTCCGTGGCTAGACTCTTCGATGTGGCAGATGACCATAGCTGGCGCCGCCTCCGCGCGGATGCGGGTGTGCGTCAGTGGGCGCCCTCCATGTACCTCTATCTACACCGATGTGTGCGTGGGTGCACGTTGTACGTAGTGCTCCT
Seq_33_LinJ.04_minus,Seq_34_LinJ.04_minus,98.687,457,1001,1000,6,0,276,732,728,272,0.0,811,minus,CCCGCACGCCGACCCACCGCGTGGTGGCAAGCAACTTTGCACACGTGGTGCAGCCGTGCGCCGACTCAGCCATCGGCGCACGGCCTCTGCCTCGAGCTCCCCCCCCTCCCTCGTCTCGCAGGTCGTCTCGCAGCCCCCCTCCCTCCCCTCCCCACCAGTAGGCTGCGAGGGCCGAGTGGGACGCGCTCGAGCCACGCCGGCGCTGTGCCTCTTGTATAAATTGTGCAAACGCGCCCACCGTGGCAGCCCGCTCCGACGCAGAGCCGTCCAGCGCTTGAGCGCCGACATGAGGAGCGATACACCGCTCTGGGCCTGCCTAGGCGGTAGGGGCCCAGCCCTGTCACCACCAGAGGGGTGGCTTGGCATCGGCAGAGGCCGGGGGACCCTCTTGGCTTCCTCGCCGAGCGGACACTGGGCAATGTGATACCACGCTGAGCTGGACCCCCCGTCACCACGG
Seq_33_LinJ.04_minus,Seq_15_LinJ.04_plus,99.113,451,1001,1000,4,0,276,726,275,725,0.0,811,plus,CCCGCACGCCGACCCACCGCGTGGTGGCAAGCAACTTTGCACACGTGGTGCAGCCGTGCGCCGACTCAGCCATCGGCGCACGGCCTCTGCCTCGAGCTCCCCCCCCTCCCTCGTCTCGCAGGTCGTCTCGCAGCCCCCCTCCCTCCCCTCCCCACCAGTAGGCTGCGAGGGCCGAGTGGGACGCGCTCGAGCCACGCCGGCGCTGTGCCTCTTGTATAAATTGTGCAAACGCGCCCACCGTGGCAGCCCGCTCCGACGCAGAGCCGTCCAGCGCTTGAGCGCCGACATGAGGAGCGATACACCGCTCTGGGCCTGCCTAGGCGGTAGGGGCCCAGCCCTGTCACCACCAGAGGGGTGGCTTGGCATCGGCAGAGGCCGGGGGACCCTCTTGGCTTCCTCGCCGAGCGGACACTGGGCAATGTGATACCACGCTGAGCTGGACCCCCCGTCA
Seq_34_LinJ.04_minus,Seq_34_LinJ.04_minus,100.000,1000,1000,1000,0,0,1,1000,1,1000,0.0,1847,plus,GCAGAGAGAACGAGAGCTTCCCCGAGCAGTTCTTGTTGCCGAGCGCACTGTGTCGGCGTGTCACGTTCTCCCGCCGGCTCTCTCACGCTCTGCCCTACTTGTCCCCCCCTCACTCCCTCAGTCTGAACGGCTACCGTGCTGCCTCTACAACGTTCCCCACAGCACAACGATGTCACTGACTACAAGCCTCTTCGCCTGTAGTCTCATTCTCTTCGTTGTGTGTGTGTGTGTGTGTGAGTGTGTATGGGGGGGGAGGACTGTCCATCTCTCGCCGTGGTGACGGGGGGTCCAGCTCAGCGTGGTATCACATTGCCCAGTGTCCGCTCGGCGAGGAAGCCAAGAGGGTCCCCCGGCCTCTGCCGATGCCAAGCCACCCCTCTGGTGGTGACAGGGCTGGGCCCCTACCGCCTAGGCAGGCCCAGAGCGGTGTATCGCTCCTCATGTCGGCGCTCAAGCGCTGGACGGCTCTGCGTCGGAGCGGGCTGCCACGGTGGGCGCGTTTGCACAATTTATACAAGAGGCACAGCGCCGGCGTGGCTCGAGCGCGTCCCACTCGGCCCTCGCAGCCTACTGGTGGGGAGGGGAGGGAGGGGGGCTGCGAGACGACCTGCGAGACGAGGGAGGGGGGGGAGCTCGAGGCAGAGGCCGTGCGCCGATGGCTGAGTCGGCGCACGGCTGCACCACGTGTGCAAAGTTGCTTGCCACCACGCGGTGGGTCGGCGTGCGGGATTCGCGTGCCTGCGGGCAACCGTGTGGGTGTGCGCCTCTGAGCTTTTTGTGTGAGCGAGAGGGAGACACGGAGAGTGGCAGCCGCTGAGCGAGCGAGCGAGCAGGTGAGAGTGCGGGAGCGAGAGCAGACGCCTTGAAATGGCGAGACGACGACGACAAGCGCACCTCCTTGTTTCTTTCGTTTACGTTTTGTTCGCTTTCGCCACAGCCAGCACGCACGCACAGAGACAGACAAATTTCAGCATGCGCGCGGGCACGGGCCCCCTCTCCG
Seq_34_LinJ.04_minus,Seq_15_LinJ.04_plus,100.000,998,1000,1000,0,0,3,1000,1000,3,0.0,1844,minus,AGAGAGAACGAGAGCTTCCCCGAGCAGTTCTTGTTGCCGAGCGCACTGTGTCGGCGTGTCACGTTCTCCCGCCGGCTCTCTCACGCTCTGCCCTACTTGTCCCCCCCTCACTCCCTCAGTCTGAACGGCTACCGTGCTGCCTCTACAACGTTCCCCACAGCACAACGATGTCACTGACTACAAGCCTCTTCGCCTGTAGTCTCATTCTCTTCGTTGTGTGTGTGTGTGTGTGTGAGTGTGTATGGGGGGGGAGGACTGTCCATCTCTCGCCGTGGTGACGGGGGGTCCAGCTCAGCGTGGTATCACATTGCCCAGTGTCCGCTCGGCGAGGAAGCCAAGAGGGTCCCCCGGCCTCTGCCGATGCCAAGCCACCCCTCTGGTGGTGACAGGGCTGGGCCCCTACCGCCTAGGCAGGCCCAGAGCGGTGTATCGCTCCTCATGTCGGCGCTCAAGCGCTGGACGGCTCTGCGTCGGAGCGGGCTGCCACGGTGGGCGCGTTTGCACAATTTATACAAGAGGCACAGCGCCGGCGTGGCTCGAGCGCGTCCCACTCGGCCCTCGCAGCCTACTGGTGGGGAGGGGAGGGAGGGGGGCTGCGAGACGACCTGCGAGACGAGGGAGGGGGGGGAGCTCGAGGCAGAGGCCGTGCGCCGATGGCTGAGTCGGCGCACGGCTGCACCACGTGTGCAAAGTTGCTTGCCACCACGCGGTGGGTCGGCGTGCGGGATTCGCGTGCCTGCGGGCAACCGTGTGGGTGTGCGCCTCTGAGCTTTTTGTGTGAGCGAGAGGGAGACACGGAGAGTGGCAGCCGCTGAGCGAGCGAGCGAGCAGGTGAGAGTGCGGGAGCGAGAGCAGACGCCTTGAAATGGCGAGACGACGACGACAAGCGCACCTCCTTGTTTCTTTCGTTTACGTTTTGTTCGCTTTCGCCACAGCCAGCACGCACGCACAGAGACAGACAAATTTCAGCATGCGCGCGGGCACGGGCCCCCTCTCCG
Seq_34_LinJ.04_minus,Seq_33_LinJ.04_minus,99.113,451,1000,1001,4,0,278,728,726,276,0.0,811,minus,TGACGAGGAGTGCAACTCAGCGTGGTATCACATTGCCCAGTGTCCGCTCGGCGAGGAAGCCAAGAGGGTCCCCCGGCCTCTGCCGATGCCAAGCCACCCCTCTGGTGGTGACAGGGCTGGGCCCCTACCGCCTAGGCAGGCCCAGAGCGGTGTATCGCTCCTCATGTCGGCGCTCAAGCGCTGGACGGCTCTGCGTCGGAGCGGGCTGCCACGGTGGGCGCGTTTGCACAATTTATACAAGAGGCACAGCGCCGGCGTGGCTCGAGCGCGTCCCACTCGGCCCTCGCAGCCTACTGGTGGGGAGGGGAGGGAGGGGGGCTGCGAGACGACCTGCGAGACGAGGGAGGGGGGGGAGCTCGAGGCAGAGGCCGTGCGCCGATGGCTGAGTCGGCGCACGGCTGCACCACGTGTGCAAAGTTGCTTGCCACCACGCGGTGGGTCGGCGTGCGGG
Seq_34_LinJ.04_minus,Seq_2_LinJ.04_plus,98.687,457,1000,1000,6,0,272,728,388,844,0.0,811,plus,CCCTGATGACGAGGAGTGCAACTCAGCGTGGTATCACATTGCCCAGTGTCCGCTCGGCGAGGAAGCCAAGAGGGTCCCCCGGCCTCTGCCGATGCCAAGCCACCCCTCTGGTGGTGACAGGGCTGGGCCCCTACCGCCTAGGCAGGCCCAGAGCGGTGTATCGCTCCTCATGTCGGCGCTCAAGCGCTGGACGGCTCTGCGTCGGAGCGGGCTGCCACGGTGGGCGCGTTTGCACAATTTATACAAGAGGCACAGCGCCGGCGTGGCTCGAGCGCGTCCCACTCGGCCCTCGCAGCCTACTGGTGGGGAGGGGAGGGAGGGGGGCTGCGAGACGACCTGCGAGACGAGGGAGGGGGGGGAGCTCGAGGCAGAGGCCGTGCGCCGATGGCTGAGTCGGCGCACGGCTGCACCACGTGTGCAAAGTTGCTTGCCACCACGCGGTGGGTCGGCGTGCGGG
Seq_35_LinJ.04_plus,Seq_30_LinJ.04_minus,100.000,1000,1001,1000,0,0,1,1000,1000,1,0.0,1847,minus,AGAGCGAGGGAATACACGCGATGCTGCAGGTGTGCGTGTGTGTGTGTGCCCGTGTTGGTGTCCGCCTCCTATGTACGTACGCGAGAAGGGCAGCAGCAAGGAACGCAAGATAAAGAGTTGGAGACGAGAAGTGGGAGGGCACATAGTCCGACACACCGACAGAGAGGTGCGAAGGAGGCGTACCGACGGAGCGGGGAGACAGACAGAGCCGAGCGGCGACAAGAGGAGGAGGGCCGCTATAAAGACTCCACGCGCTCGGTCTGCTTTCGTGCAATGAGCGGGGCTCCACGTCACTCTCCCCCCCTCAAACGCCTTCCCACGGCCCTGCCACTGGCCCCCTCCCGCTCCCCCCTCTCCGCGTGGTGCCAAGCAGCCGTAGGCGGTGTGAGGGGGGCCCAGGTCGGGGAGACACGCTCCAGCCACGCTGGCACGTCGCCCGCCCATATGGATCGTACAAGCGTGTGCACGGCCGCCGGTCGCTCTGACCTCCCCCTCTCACGCCCTAGGCACCCTGGCCCTGCCACCACGCGAAGTGGCCCGGCGCCGGCGAGGGGATAGGAGGGGGTGGAGGGCGAGGGGGGCTCTGCTCGGCTTCCAGCCGGAGAGTGGGCGTGCACTGGCCGCTGAGGCACCACGCGCTGAGGTGTGCGCATCCTCCACCCCACCCGTCGTTCAGGAGAGGAGGAGGGAGCCTTCTGAGGAAAAGGATGAGCGCGTGTAGCGAGATGGCAACGCGTGTGTGGCAGTGAGCGACGGCAGGAACGGCAAGAGAAGAAAGAGAGATGAAGCACGATACTGACCCGTGTGAGAAAGCGGGAACGCCTTCGTTCGAGGGATCGAGTGGTGGAGGCGATGGCCGTCCCTACGTAATGTGTCCCGTCGTCGAGAGAGCAGATAGGTGCGCGTGCCGTTCGGCCTTCTTTTGTTTTCCTTGGGCTCGCACACGCCCGCACACCCACCCACACACACATGTACATATACATACACAGACATGCATATA
Seq_35_LinJ.04_plus,Seq_31_LinJ.04_minus,98.123,373,1001,1001,7,0,319,691,687,315,0.0,651,minus,ACGGCTCTGCCACAGGCCTCCTCCCGCTCCCCCCTCTTCGCGTGGTGCCAAGCAGCCGTAGGCGGTGTGAGGGGGGCCCAGGTCGGGGAGACACGCTCCAGCCACGCTGGCACGTCGCCCGCCCATATGGATCGTACAAGCGTGTGCACGGCCGCCGGTCGCTCTGACCTCCCCCTCTCACGCCCTAGGCACCCTGGCCCTGCCACCACGCGAAGTGGCCCGGCGCCGGCGAGGGGATAGGAGGGGGTGGAGGGCGAGGGGGGCTCTGCTCGGCTTCCAGCCGGAGAGTGGGCGTGCACTGGCCGCTGAGGCACCACGCGCTGAGGTGTGCGCATCCTCCACCCCACCCGTCGTTCGGGTGAGGAAGAGGGAG
Seq_35_LinJ.04_plus,Seq_11_LinJ.04_plus,98.123,373,1001,1000,7,0,319,691,314,686,0.0,651,plus,ACGGCTCTGCCACAGGCCTCCTCCCGCTCCCCCCTCTTCGCGTGGTGCCAAGCAGCCGTAGGCGGTGTGAGGGGGGCCCAGGTCGGGGAGACACGCTCCAGCCACGCTGGCACGTCGCCCGCCCATATGGATCGTACAAGCGTGTGCACGGCCGCCGGTCGCTCTGACCTCCCCCTCTCACGCCCTAGGCACCCTGGCCCTGCCACCACGCGAAGTGGCCCGGCGCCGGCGAGGGGATAGGAGGGGGTGGAGGGCGAGGGGGGCTCTGCTCGGCTTCCAGCCGGAGAGTGGGCGTGCACTGGCCGCTGAGGCACCACGCGCTGAGGTGTGCGCATCCTCCACCCCACCCGTCGTTCGGGTGAGGAAGAGGGAG
Seq_35_LinJ.04_plus,Seq_36_LinJ.04_plus,97.230,361,1001,1000,10,0,310,670,692,332,1.60e-177,612,minus,CGCCCTCTCACGGCCCTGTCACAGGCCCCCTCCCGCTCCCCCCTCTCCGCGTGGTGCCAAGCAGCCGTAGGCGGTGTGAGGGGGGCCCAGGTCGGGGAGACACGCTCCAGCCACGCTGGCACGTCGCCCGCCCATATGGATCGTACAAGCGTGTGCACGGCCGCCGGTCGCTCTGACCTCCCCCTCTCACGCCCTAGGCACCCTGGCCCTGCCACCACGCGAAGTGGCCCGGCGCCGGCGAGGGGATAGGAGGGGGTGGAGGGGGAGGGGGGCTCTGCTCGGCTTCCAGCCGGAGAGTGGGCGTGCACTGGCCGCTGAGGCACCACGCGCTGAGGTGTGCGCACCCCCTCCCCCACCTGTC
Seq_35_LinJ.04_plus,Seq_29_LinJ.04_minus,97.230,361,1001,1000,10,0,310,670,331,691,1.60e-177,612,plus,CGCCCTCTCACGGCCCTGTCACAGGCCCCCTCCCGCTCCCCCCTCTCCGCGTGGTGCCAAGCAGCCGTAGGCGGTGTGAGGGGGGCCCAGGTCGGGGAGACACGCTCCAGCCACGCTGGCACGTCGCCCGCCCATATGGATCGTACAAGCGTGTGCACGGCCGCCGGTCGCTCTGACCTCCCCCTCTCACGCCCTAGGCACCCTGGCCCTGCCACCACGCGAAGTGGCCCGGCGCCGGCGAGGGGATAGGAGGGGGTGGAGGGGGAGGGGGGCTCTGCTCGGCTTCCAGCCGGAGAGTGGGCGTGCACTGGCCGCTGAGGCACCACGCGCTGAGGTGTGCGCACCCCCTCCCCCACCTGTC
Seq_36_LinJ.04_plus,Seq_36_LinJ.04_plus,100.000,1000,1000,1000,0,0,1,1000,1,1000,0.0,1847,plus,GGACGAGGAAGAAGCGGAGGTGGGCATGCGACACACCGGCTCGGCGGTCCACCGTGAGGGTGCTTGATGAGATTCCGTCGACACCTCTCCCCGTCGCGCGTCGGTGTGTAGATGTGTGGAGCGGGGTGCGGATACTTGCACACAAACACACACACACACACACACACACACACACAGGAGATGCCCGTTGGTGCCGGCAGTATCCGGCGAGCAAGATATCATACAGAAGGACATATCGGTGCTGCACGGTACGAGAGCATTCACCGCACTACCTCAGGCCCACGCCCCCCCTCGTTCCACATCTTCTTCTGTGGAACTCGTGCATCCGGATGACAGGTGGGGGAGGGGGTGCGCACACCTCAGCGCGTGGTGCCTCAGCGGCCAGTGCACGCCCACTCTCCGGCTGGAAGCCGAGCAGAGCCCCCCTCCCCCTCCACCCCCTCCTATCCCCTCGCCGGCGCCGGGCCACTTCGCGTGGTGGCAGGGCCAGGGTGCCTAGGGCGTGAGAGGGGGAGGTCAGAGCGACCGGCGGCCGTGCACACGCTTGTACGATCCATATGGGCGGGCGACGTGCCAGCGTGGCTGGAGCGTGTCTCCCCGACCTGGGCCCCCCTCACACCGCCTACGGCTGCTTGGCACCACGCGGAGAGGGGGGAGCGGGAGGGGGCCTGTGACAGGGCCGTGAGAGGGCGGTGTGGACTGGAACGCATCTCGCATGGCAGAGAGATGGACCGAGTTTAACGAAAATGAAACGAATATGCAACTCGCGCATTAACACGCGCACACGCACGGACACACAAGAGACCCCTCAGCAGCGGTCGGGGGGTTCGGGTTGGGAGGTTGGATGGAGTGTGCGTGTGTGTGATGGCCCTCGTGGAGGGAGGCAGGAGGCGTTCGTAGTGCACTTCCGTTACGAGAACAAAGGAGGACGTGGTGCTGGGAGGCCACGCCAAAGGGCCGCCGCCGTCGTCTCCCGCGTGTGTGTCTGCGTGTTCGGGAC
Seq_36_LinJ.04_plus,Seq_29_LinJ.04_minus,100.000,978,1000,1000,0,0,23,1000,1000,23,0.0,1807,minus,GGCATGCGACACACCGGCTCGGCGGTCCACCGTGAGGGTGCTTGATGAGATTCCGTCGACACCTCTCCCCGTCGCGCGTCGGTGTGTAGATGTGTGGAGCGGGGTGCGGATACTTGCACACAAACACACACACACACACACACACACACACACAGGAGATGCCCGTTGGTGCCGGCAGTATCCGGCGAGCAAGATATCATACAGAAGGACATATCGGTGCTGCACGGTACGAGAGCATTCACCGCACTACCTCAGGCCCACGCCCCCCCTCGTTCCACATCTTCTTCTGTGGAACTCGTGCATCCGGATGACAGGTGGGGGAGGGGGTGCGCACACCTCAGCGCGTGGTGCCTCAGCGGCCAGTGCACGCCCACTCTCCGGCTGGAAGCCGAGCAGAGCCCCCCTCCCCCTCCACCCCCTCCTATCCCCTCGCCGGCGCCGGGCCACTTCGCGTGGTGGCAGGGCCAGGGTGCCTAGGGCGTGAGAGGGGGAGGTCAGAGCGACCGGCGGCCGTGCACACGCTTGTACGATCCATATGGGCGGGCGACGTGCCAGCGTGGCTGGAGCGTGTCTCCCCGACCTGGGCCCCCCTCACACCGCCTACGGCTGCTTGGCACCACGCGGAGAGGGGGGAGCGGGAGGGGGCCTGTGACAGGGCCGTGAGAGGGCGGTGTGGACTGGAACGCATCTCGCATGGCAGAGAGATGGACCGAGTTTAACGAAAATGAAACGAATATGCAACTCGCGCATTAACACGCGCACACGCACGGACACACAAGAGACCCCTCAGCAGCGGTCGGGGGGTTCGGGTTGGGAGGTTGGATGGAGTGTGCGTGTGTGTGATGGCCCTCGTGGAGGGAGGCAGGAGGCGTTCGTAGTGCACTTCCGTTACGAGAACAAAGGAGGACGTGGTGCTGGGAGGCCACGCCAAAGGGCCGCCGCCGTCGTCTCCCGCGTGTGTGTCTGCGTGTTCGGGAC
Seq_36_LinJ.04_plus,Seq_35_LinJ.04_plus,97.230,361,1000,1001,10,0,332,692,670,310,1.59e-177,612,minus,GACGGGTGGGGTGGAGGATGCGCACACCTCAGCGCGTGGTGCCTCAGCGGCCAGTGCACGCCCACTCTCCGGCTGGAAGCCGAGCAGAGCCCCCCTCGCCCTCCACCCCCTCCTATCCCCTCGCCGGCGCCGGGCCACTTCGCGTGGTGGCAGGGCCAGGGTGCCTAGGGCGTGAGAGGGGGAGGTCAGAGCGACCGGCGGCCGTGCACACGCTTGTACGATCCATATGGGCGGGCGACGTGCCAGCGTGGCTGGAGCGTGTCTCCCCGACCTGGGCCCCCCTCACACCGCCTACGGCTGCTTGGCACCACGCGGAGAGGGGGGAGCGGGAGGGGGCCAGTGGCAGGGCCGTGGGAAGGCG
Seq_36_LinJ.04_plus,Seq_30_LinJ.04_minus,97.230,361,1000,1000,10,0,332,692,331,691,1.59e-177,612,plus,GACGGGTGGGGTGGAGGATGCGCACACCTCAGCGCGTGGTGCCTCAGCGGCCAGTGCACGCCCACTCTCCGGCTGGAAGCCGAGCAGAGCCCCCCTCGCCCTCCACCCCCTCCTATCCCCTCGCCGGCGCCGGGCCACTTCGCGTGGTGGCAGGGCCAGGGTGCCTAGGGCGTGAGAGGGGGAGGTCAGAGCGACCGGCGGCCGTGCACACGCTTGTACGATCCATATGGGCGGGCGACGTGCCAGCGTGGCTGGAGCGTGTCTCCCCGACCTGGGCCCCCCTCACACCGCCTACGGCTGCTTGGCACCACGCGGAGAGGGGGGAGCGGGAGGGGGCCAGTGGCAGGGCCGTGGGAAGGCG
Seq_36_LinJ.04_plus,Seq_31_LinJ.04_minus,96.399,361,1000,1001,13,0,323,683,327,687,1.61e-172,595,plus,CACCCGAACGACGGGTGGGGTGGAGGATGCGCACACCTCAGCGCGTGGTGCCTCAGCGGCCAGTGCACGCCCACTCTCCGGCTGGAAGCCGAGCAGAGCCCCCCTCGCCCTCCACCCCCTCCTATCCCCTCGCCGGCGCCGGGCCACTTCGCGTGGTGGCAGGGCCAGGGTGCCTAGGGCGTGAGAGGGGGAGGTCAGAGCGACCGGCGGCCGTGCACACGCTTGTACGATCCATATGGGCGGGCGACGTGCCAGCGTGGCTGGAGCGTGTCTCCCCGACCTGGGCCCCCCTCACACCGCCTACGGCTGCTTGGCACCACGCGAAGAGGGGGGAGCGGGAGGAGGCCTGTGGCAGAGCCGT
Seq_36_LinJ.04_plus,Seq_11_LinJ.04_plus,97.159,352,1000,1000,10,0,332,683,665,314,1.61e-172,595,minus,GACGGGTGGGGTGGAGGATGCGCACACCTCAGCGCGTGGTGCCTCAGCGGCCAGTGCACGCCCACTCTCCGGCTGGAAGCCGAGCAGAGCCCCCCTCGCCCTCCACCCCCTCCTATCCCCTCGCCGGCGCCGGGCCACTTCGCGTGGTGGCAGGGCCAGGGTGCCTAGGGCGTGAGAGGGGGAGGTCAGAGCGACCGGCGGCCGTGCACACGCTTGTACGATCCATATGGGCGGGCGACGTGCCAGCGTGGCTGGAGCGTGTCTCCCCGACCTGGGCCCCCCTCACACCGCCTACGGCTGCTTGGCACCACGCGAAGAGGGGGGAGCGGGAGGAGGCCTGTGGCAGAGCCGT
