Seq_1_LinJ.17_plus,LinJ.22,,1000,551,782138,,,,,451751,452750,,,plus,CCACCGCCACCGCCATCACAACAAGCGACATCCTCCCCCTCCCCCCACACACACACCTCCAACTCCATTCTTCGATTTCAGCACATCAGTACACTCACGATGTAGCCTAGGAACCATACCTGCACGCGCCATCACGCACACCTTCACCACTGTTGCCTGCTTTCTTTCTCGCTCCTTATGTGCGTTTTCTTGGCTTGCACCTCTCGATCTGCGCCTTGGGCACTTCGCCCCGTATGCGCCGCCGATCCTCCTCCCCTCCCCTCAGAGCCCACCCTGGTGACGATGATGCCGGTCACCTTTGCACATGGTATCCTCAGGGTCTCGTGTATCCCTCCCTATCCCTTCCAAAACGCCGAGCCCACTTCTGGTGGTCACAGGTTCAGGCACTCACGACGTAGGGGCGATCAGAGCGATGTATCACAACTGATGTCGGCGGTCGTGTCCTGGATTGGCGCTGCGGTGGAGCGGCCCGAAACAGTGCACACGTCTGTGCCATCCGTGCGATGGGCAGAGTGCCAGCGTGACTGGAACGCGCATCTCACTGCCGGCCCTCGCATTGCCTAACGGTGTGGAGAGGCTGAGCCACCCCGAATGATGTGCACCAGGGGTGCCGACCGGCATGATTGTAGGAGCGGCTGTGAGGCCGCCCTGCGGGGAGAGGTGGTAGGGAGGCAAAGATAGAAACACACTACGGCTCTTCTCTTCACCCTCCCCCACGACCGGGGGGATTTCTGTGCAGGAAGGCGGGCAGCGCTCGTAAATGCTGGGCCCTTTCTCGCCTTGCCTTTGAGCTGCATGGCTTCCATAGCGCATTGTTTTTATCGGGCCAGTGCATCTCTGCTCGCGCCTCTCCGCTCTCTCTTCCGCCTCACGCGCACGCGCATCTACGCGCGCTTCCGTGACCGCACCCGCCGCTCGGTAAACGGTGTCTCTCAATCCTCCTTCCCTCCCTCCCCCTCTCTATCCATCTGTGTTCGCTCTACATCAATCGCATGCGAGC
Seq_40_LinJ.26_plus,LinJ.22,,1000,1000,782138,,,,,425492,426491,,,plus,CAGATCGCCATCGTCACACCTTCGCCTCATTCCTTCGTGCGCACTCTCTCTCTCATGATAGCTCACCTCCACTGAATCCCTCTCTGTATGCCTGCATACATACAGATATAGATACCTAGATATGCGGACACGTCTCCACCCTCTGCCTCTCGCCCTCTCGCCCGGTGCTCTTCATCCCTCTTCCCCACCCCCACTCCTCCTCATCCCCCGTTTACTGTGGTGTTTGTATTCTTGTTTGAGTGCCATCTGCGCGCGCTCACATCGCCTCTGCATTCCGCACGACACACCCCTGTCCTCCGTACTCGCGTTTGCTGGGGGTGGGTGGGTGTCGGCTATGGGCCCTCTAGGCTTGCCTTGCTCCCTCTGCCTCTTTTAGCGGGGGTGGGTGGGTGGGTGAGGGATGCGTGCTGCTCTTCTCGACGCTCGCCTCCTGCCTCCTTATCCCTGCCAAATGCCGGGCCAATTTTGGTGGTGACAGGGCCAAGCACCTACGACGTGTAGGGGAATTCAGAGCGATGCATCGCTGCTGATGTCGGCGGTCAGGTCGTGGATGGCGTGGCGCCAGAGTAACCCCGCGAATGGTTTCCTTCCCGACGAAAACATCAAAACACGAAAACAGATCACGTAAGCGTGCGCTCTCGCTCTCTCTCTCGCTCGGCGCGCGTGCAAACGCCGCCTTCGCCTGCTGGTTTGACGGTTGTGCTTTGTATGGTTTGCCTTGCCGCTGTTGCTCCAGCTTTCTGGCACGCTTGCTGTACGTAGGAGGGAGTGCGACCGATGTGTCAGGGGGTGCACGCCGGGAAACCCCTCCGCCCAGTCATATTCACAGATACGTGCCTGATTCGCTTCTCTTTTTTGTCTAAGAGAAGAGCGCCACGGAGCTCAACACATTCGTGCCAGAATGCGCAGAGAAATCCAAACGAACACCTACGCTGCACTTGTTGTGGTTTTTTGTTCCGCTTTCTGCTACCTCTCCTCCGTGTCTTTTGCGTCGTCTCGT
Seq_5_LinJ.22_plus,LinJ.22,,1000,288,782138,,,,,694763,695762,,,plus,CAAAGGCCTGCAAAGACGCGTGCGTGGATTAGGCATTGCGGGGCGGCCCCGCCCACCCAACTGCAAGCACGCGCATTTGCATGGGGAGGTCTTTCCTTTTTTTTTCCGGTCATTTGGCTACGACATGTGTGTGTCTTCCATCGAAGGCGAATTCGTGTGTTAGCGTCAGGAAGCCGAAGGAAGGAGCTGCACAAACGATCGTCACTTCACTGAGCCCCACGCCTCCCCCTAAAAAAGGGAGGGGAGGGGGGGAGGGCGGAAAATGCGTGTGTCGATCCGTCTCGGACTGCTTTTTTTTCATTTCTCTTTCACTTGTATGTACACATATCTGTTCTCCATTCTCTTTTCAACTCTGTGCCCTGATAAGAGTAAGAAACACCTCAGTGCGTGGCATCACAGGGCCCAGCACCCGCCCCGTGGGGGAGCCCAGCAGCCCCACACCCCACCGGCGCCGAACCACTTTTTGGTGGCGCCAGGGCCAGGTACCCTACGACGTGGGGTGGGGGGGGTGAGAGCGATTCGTGGCTACTGACGCCGGCGGCCCGGTCCTGGATGACGTGGCGTCGGGGCGGCCTGCGACAGGGCACGCGTGTGTGCCATCCATATGCGTGTTAAAGTGTCGGCGCGACCCGTGCGTGCCCAATCCACCCCGGAAAAAAGATGATAAACCACTCTTGCATCCGAACGAAGGCGAACACAACGAGTGGCGCCCCCGCTGTCGTGGTACTCGGATGCCAAGGGCTTAGCACCGGTCGGGCTCCGCACTATGAGGTTTGAGCGCGCCCTGCTCTGCCTCTTCACAGCTGAACACGCGATTCCTGCTCCCTCCGCTTCTTTCGCATGCACCGATATGACAAGGAGGCGGGATTCGGTCGCGATATCAGCTATGTTGGGGGAAGGAGGAGGGATCGGGGGGGCCGTATCGCCCAATGCTGGAATGGGTCAAGGATGCCCAAGATGACTGTTCACCGGCACACACCGAAGCCAGGGTTCTGTGCAG
Seq_4_LinJ.22_plus,LinJ.22,,1000,1000,782138,,,,,774983,775982,,,plus,CCACCCGCGGCTCTTCCTCTACCTCACTCCCTCGGTGCGTGTGGTGGTGGTTCGCCTCTCTTGTCGATTCCTGTAGTTGTCGCCTCGTTTCAAATTGTTTTTTCGAAAGTCAAGCGTGTGTGTTTGCACGCCTTCCGTGGTTGCTGTCGTTACTGCGTCGGTTGGTTGCAGACACATCTTTTCGTCGACTATATATTTCTTTCGCCCTCGTCTTTTACATCTACTCCCATTCGTTCTCTCATCTCCCTATATATTTGTTTTTCCCACCCGCGGCTCTTCCTCTCCCTCACTCCCTCGGTGCGTGTGGTGGTGGTCGCGCCTCTCTTGTCGATTCCTGTAGTTGTCGCCTCGTTTCAAATTGTTTTTTTCGAAAATCAAGCGTGTGTGTTTGCACGCCTTCCGTGGTTGCTGTCGTTACTGCGTCGGTTGGTTGCAGACACATCTTTTCGTCGACTATATATTTCTTTCGCCCTCGTCTTTTACATCTACTCCCATTCGTTCTCTCATCTCCCTATATATTTGTTTTCCCACCGCGGCTCTTCCTCTCCCTCACTCCCTCGGTGCGTGTGGTGGTGGTTGCGCCTCTCTTGTCGATTCCTGTAGTTGTCACCTCGTTTCAAATTGTTTTTTCGAAAATCAAGCGTGTGTGTTTGCACGCCTTCCGTGGTTGCTGTCGTTACTGCGTCGGTTGGTTGCAGACACCTCTTTTCGTCGACTATATCTTTCTTTCGCCCTCGTCTTTTGCATCTACTCCCATCCGTTCTCTCATCTCCCTATATATTTGTTTTTTTCCACCCGCGTCTGATCGCGTCTGCGGAGGTTCCTCTCTGTGCCCTCTGTGGCTGTGTGCGCTGTTCTACTCGCCCTTTCTCGTGTCGCCGAAGCCCACGTTCTCGCCCCCTCCGCTCTCCTTGATTCCTGTTCCGGACAACAACTGCGAAGACGGGAAGCAAGGAAAAGGCGGCTCCGCAGCCCCGTATTCGCACAAGGAAAGAAACAA
Seq_4_LinJ.22_plus,LinJ.22,,1000,1000,782138,,,,,770469,771468,,,plus,CTCTACCTCACTCCCTCGGTGCGTGTGGTGGTGGTTCGCCTCTCTTGTCGATTCCTGTAGTTGTCGCCTCGTTTCAAATTGTTTTTTCGAAAATCAAGCGTGTGTGTTTGCACGCCTTCCGTGGTTGCTGTCGTTACTGCGTCGGTTGGTTGCAGACACCTCTTTTCGTCGACTATATCTTTCTTTCGCCCTCGTCTTTTACATCTACTCCCATTCGTTCTCTCATCTCCCTATATATTTGTTTTTCCCACCCGCGGCTCTTCCTCTACCTCACTCCCTCGGTGCGTGTGGTGGTGGTTCGCCTCTCTTGTCGATTCCTGTAGTTGTCGCCTCGTTTCAAATTGTTTTTTCGAAAATCAAGCGTGTGTGTTTGCACGCCTTCCGTGGTTGCTGTCGTTACTGCGTCGGTTGGTTGCAGACACCTCTTTTCGTCGACTATATCTTTCTTTCGCCCTCGTCTTTTACATCTACTCCCATTCGTTCTCTCATCTCCCTATATATTTGTTTTTCCCACCCGCGGCTCTTCCTCTACCTCACTCCCTCGGTGCGTGTGGTGGTGGTTCGCCTCTCTTGTCGATTCCTGTAGTTGTCGCCTCGTTTCAAATTGTTTTTTCGAAAATCAAGCGTGTGTGTTTGCACGCCTTCCGTGGTTGCTGTCGTTACTGCGTCGGTTGGTTGCAGACACCTCTTTTCGTCGACTATATCTTTCTTTCTTTCGCCCTCGTCTTTTACATCTACTCCCATTCGTTCTCTCATCTCCCTATATATTTGTTTTTCCCACCCGCGGCTCTTCCTCTCCCTCACTCCCTCGGTGCGTGTGGTGGTGGTTCGCCTCTCTTGTCGATTCCTGTAGTTGTCACCTCGTTTCAAATTGTTTTTTCGAAAATCAAGCGTGTGTGTTTGCACGCCTTCCGTGGTTGCTGTCGTTACTGCGTCGGTTGGTTGCAGACACCTCTTTTCGTCGACTATATCTTTCTTTCTTTCGCCCTCGTCTTTTACA
Seq_4_LinJ.22_plus,LinJ.22,,1001,1000,782138,,,,,765137,766137,,,plus,TACCTCACTCCCTCGGTGCGTGTGGTGGTGGTTCGCCTCTCTTGTCGATTCCTGTAGTTGTCGCCTCGTTTCAAATTGTTTTTTCGAAAGTCAAGCGTGTGTGTTTGCACGCCTTCCGTGGTTGCTGTCGTTACTGCGTCGGTTGGTTGCAGACACCTCTTTTCGTCGACTATATCTTTCTTTCCTTCGCCCTCGTCTTTTACATCTACTCCCATTCGTTCTCTCATCTCCCTATATATTTGTTTTTCCCACCCGCGGCTCTTCCTCTACCTCACTCCCTCGGTGCGTGTGGTGGTGGTTCGCCTCTCTTGTCGATTCCTGTAGTTGTCGCCTCGTTTCAAATTGTTTTTTCGAAAATCAAGCGTGTGTGTTTGCACGCCTTCCGTGGTTGCTGTCGTTACTGCGTCGGTTGGTTGCAGACACCTCTTTTCGTCGACTATATCTTTCTTTCTTCGCCCTCGTCTTTTACATCTACTCCCATTCGTTCTCTCATCTCCCTATATATTTGTTTTTCCCACCCGCGGCTCTTCCTCTACCTCACTCCCTCGGTGCGTGTGGTGGTGGTTCGCCTCTCTTGTCGATTCCTGTAGTTGTCGCCTCGTTTCAAATTGTTTTTTCGAAAGTCAAGCGTGTGTGTTTGCACGCCTTCCGTGGTTGCTGTCGTTACTGCGTCGGTTGGTTGCAGACACCTCTTTTCGTCGACTATATCTTTCTTTCCTTCGCCCTCGTCTTTTACATCTACTCCCATTCGTTCTCTCATCTCCCTATATATTTGTTTTTCCCACCCGCGGCTCTTCCTCTACCTCACTCCCTCGGTGCGTGTGGTGGTGGTTCGCCTCTCTTGTCGATTCCTGTAGTTGTCGCCTCGTTTCAAATTGTTTTTTTCGAAAATCAAGCGTGTGTGTTTGCACGCCTTCCGTGGTTGCTGTCGTTACTGCGTCGGTTGGTTGCAGACACCTCTTTTCGTCGACTATATCTTTCTTTCTTCGCCCTCGTCTTTT
Seq_4_LinJ.22_plus,LinJ.22,,1000,1000,782138,,,,,760332,761331,,,plus,CTCTCCCTCACTCCCTCGGTGCGTGTGGTGGTGGTTCGCCTCTCTTGTCGATTCCTGTAGTTGTCGCCTCGTTTCAAATTGTTTTTTCGAAAATCAAGCGTGTGTGTTTGCACGCCTTCCGTGGTTGCTGTCGTTACTGCGTCGGTTGGTTGCAGACACCTCTTTTCGTCGACTATATCTTTCTTTCTTCGCCCTCGTCTTTTACATCTACTCCCATTCGTTCTCTCATCTCCCTATATATTTGTTTTTCCCACCCGCGGCTCTTCCTCTCCTCACTCCCTCGGTGCGTGTGGTGGTGGTTCGCCTCTCTTGTCGATTCCTGTAGTTGTCGCCTCGTTTCAAATTGTTTTTTCGAAAGTCAAGCGTGTGTGTTTGCACGCCTTCCGTGGTTGCTGTCGTTACTGCGTCGGTTGGTTGCAGACACCTCTTTTCGTCGACTATATCTTTCTTTCCTTCGCCCTCGTCTTTTACATCTACTCCCATTCGTTCTCTCATCTCCCTATATATTTGTTTTTCCCACCCGCGGCTCTTCCTCTCCCTCACTCCCTCGGTGCGTGTGGTGGTGGTTCGCCTCTCTTGTCGATTCCTGTAGTTGTCGCCTCGTTTCAAATTGTTTTTTCGAAAATCAAGCGTGTGTGTTTGCACGCCTTCCGTGGTTGCTGTCGTTACTGCGTCGGTTGGTTGCAGACACCTCTTTTCGTCGACTATATCTTTCTTTCCTTCGCCCTCGTCTTTTACATCTACTCCCATTCGTTCTCTCATCTCCCTATATATTTGTTTTTCCCACCCGCGGCTCTTCCTCTCCTCACTCCCTCGGTGCGTGTGGTGGTGGTTCGCCTCTCTTGTCGATTCCTGTAGTTGTCGCCTCGTTTCAAATTGTTTTTTCGAAAGTCAAGCGTGTGTGTTTGCACGCCTTCCGTGGTTGCTGTCGTTACTGCGTCGGTTGGTTGCAGACACCTCTTTTCGTCGACTATATCTTTCTTTCCTTCGCCCTCGTCTT
Seq_4_LinJ.22_plus,LinJ.22,,1000,1000,782138,,,,,755933,756932,,,plus,CGTTACTGCGTCGGTTGGTTGCAGACACCTCTTTTCGTCGACTATATCTTTCTTTCGCCCTCGTCTTTTACATCTATTCCCATTCGTTCTCTCATCTCCCTATATATTTGTTTTTCCCACCCGCGGCTCTTCCTCTCCCTCACTCCCTCGGTGCGTGTGGTGGTGGTTCGCCTCTCTTGTCGATTCCTGTAGTTGTCGCCTCGTTTCAAATTGTTTTTTTCGAAAGTCAAGCGTGTGTGTTTGCACGCCTTCCGTGGTTGCTGTCGTTACTGCGTCGGTTGGTTGCAGACACCTCTTTTCGTCGACTATATCTTTCTTTCTTCGCCCTCGTCTTTTACATCTACTCCCATTCGTTCTCTCATCTCCCTATATATTTGTTTTTCCCACCCGCGGCTCTTCCTCTACCTCACTCCCTCGGTGCGTGTGGTGGTGGTTCGCCTCTCTTGTCGATTCCTGTAGTTGTCGCCTCGTTTCAAATTGTTTTTTTCGAAAGTCAAGCGTGTGTGTTTGCACGCCTTCCGTGGTTGCTGTCGTTACTGCGTCGGTTGGTTGCAGACACCTCTTTTCGTCGACTATATCTTTCTTTCTTTCGCCCTCGTCTTTTACATCTACTCCCATTCGTTCTCTCATCTCCCTATATATTTGTTTTTCCCACCCGCGGCTCTTCCTCTCCTCACTCCCTCGGTGCGTGTGGTGGTGGTTCGCCTCTCTTGTCGATTCCTGTAGTTGTCGCCTCGTTTCAAATTGTTTTTTTCGAAAGTCAAGCGTGTGTGTTTGCACGCCTTCCGTGGTTGCTGTCGTTACTGCGTCGGTTGGTTGCAGACACCTCTTTTCGTCGACTATATCTTTCTTTCTTCGCCCTCGTCTTTTACATCTACTCCCATTCGTTCTCTCATCTCCCTATATATTTGTTTTTCCCACCCGCGGCTCTTCCTCTCCCTCACTCCCTCGGTGCGTGTGGTGGTGGTTCGCCTCTCTTGTCGATTCCTGTAGTTGTCGC
Seq_4_LinJ.22_plus,LinJ.22,,1000,1000,782138,,,,,753930,754929,,,plus,CGCGGCTCTTCCTCTCCCTCACTCCCTCGGTGCGTGTGGTGGTGGTTCGCCTCTCTTGTCGATTCCTGTAGTTGTCGCCTCGTTTCAAATTGTTTTTTCGAAAATCAAGCGTGTGTGTTTGCACGCCTTCCGTGGTTGCTGTCGTTACTGCGTCGGTTGGTTGCAGACACCTCTTTTCGTCGACTATATCTTTCTTTCTTCGCCCTCGTCTTTTACATCTACTCCCATTCGTTCTCTCATCTCCCTATATATTTGTTTTTCCCACCCGCGGCTCTTCCTCTCCCTCACTCCCTCGGTGCGTGTGGTGGTGGTTCGCCTCTCTTGTCGATTCCTGTAGTTGTCGCCTCGTTTCAAATTGTTTTTTTCGAAAGTCAAGCGTGTGTGTTTGCACGCCTTCCGTGGTTGCTGTCGTTACTGCGTCGGTTGGTTGCAGACACCTCTTTTCGTCGACTATATCTTTCTTTTCGCCCTCGTCTTTTACATCTACTCCCATTCGTTCTCTCATCTCCCTATATATTTGTTTTTCCCACCCGCGGCTCTTCCTCTACCTCACTCCCTCGGTGCGTGTGGTGGTGGTTGCGCCTCTCTTGTCGATTCCTGTAGTTGTCACCTCGTTTCAAATTGTTTTTTCGAAAGTCAAGCGTGTGTGTTTGCACGCCTTCCGTGGTTGCTGTCGTTACTGCGTCGGTTGGTTGCAGACACCTCTTTTCGTCGACTATATCTTTCTTTCTTCGCCCTCGTCTTTTACATCTACTCCCATTCGTTCTCTCATCTCCCTATATATTTGTTTTTCCCACCCGCGGCTCTTCCTCTACCTCACTCCCTCGGTGCGTGTGGTGGTGGTTCGCCTCTCTTGTCGATTCCTGTAGTTGTCACCTCGTTTCAAATTGTTTTTTTTCGAAAATCAAGCGTGTGTGTTTGCACGCCTTCCGTGGTTGCTGTCGTTACTGCGTCGGTTGGTTGCAGACACCTCTTTTCGTCGACTATATCTTTCTTTCGC
Seq_10_LinJ.22_plus,LinJ.22,,1000,508,782138,,,,,661207,662206,,,plus,GCCACTTGCGTCCGATGCAGCCCATTCAGTTACCTCGTGGGTCATACCCTGCATGCACTGCCAAAACGCACCAACAACAATTCGGGACTTCTAGAGAAGCCAAATCAGCATGCGGACAATATTCATATCTCCCTTCGCTACTTCCACAGCGCCACAGGCGTGAAGCCCCATAAAAGTCCCCCACTCCATTTGCCAAAATCCGCAAACCTTACTTGGAGAGGGGGGCCGCATGCTGGTGATATAATGGGGCCCAGCACCCGCCCCGTGGGGGAGCCCAGCAGCCCCACACCCCACCGGCGCCGAACCACTTTTTGGTGGCGCCAGGGCCAGGTACCCTACGACGTGGGGTGGGGGGGGTGAGAGCGATTCGTGGCTACTGACGCCGGCGGCCCGGTCCTGGATGACGTGGCGTCGGGGCGGCCTGCGACAGGGCACGCGTGTGTGCCATCCATATGCGTGTTTAAGTGTCGGCGCGACCCGTGCGTGCCCAACCCGGCCTTCGCGCTGCCTACTGGTTGGGGGCCCTGGGCCACCCCGAGGCAGATGGCCCGGGTGGCGGCCGGCGCCATCGGGGCGACCGTGGCGCGTCCAGCGGGGCGGGTGGCGGGCTGAATGTGGGACGCGGGCCGTGCTCAGGTGGCTGCGCCGGCGTTGCCGCAGCACGTGCTTAGGGTTGCTTTTCCCCACCCGCTGGGGCCCGCGATGAGCAGGGCAACGTGGAGTTCGGCTTCAAGTTCACTGGAAAAAGCGCGCAATGGAAAAGCAGAAGCAAAAAGTGAGGGCAGCGTGGCTGCTCACGTTGCCTCCCCCCTTCGTTCTCCCTTACATGCCGAATTTTTAGTTCCAGACACGCAAACCTTTGGGCGAGAACGAACACAGGCGTGTCCTTTAGTGGCATTTGAAAGGTTGGTTAAAACCTTTCCTCAACGGCATTTTCTACAAACAGGGTGGGATGTGAAGCTATACACGCTGCGCCCGCAAAAGGACCCATTGGGGTTAA
Seq_26_LinJ.22_plus,LinJ.22,,1001,493,782138,,,,,376095,377095,,,plus,AAACTTTCAATCATTGGTCTTGCCTTCGCAAAGCATGAGGCGTGGAGAGGGGGCACCGGCAGACGTTACAAGCATCACAGAAAATACCAACGGAGGTGTTTCCAGTTTCACAGGAGTTTGCTCCATTCACAAAAGCTCTTCAATGAGGGTCACGGGGAAGGATGGGGGGATTATACTGCGGCCGACGATGTTTCCAAAACATAATTCTACTAGTTTCACATATAATGTTCCCAATTGCCATCATGGTTGGTTAGCCTCAGTGCGCTTTATCGATATCTTAGGACCCACTCTGCGAGGAAGCCAAGCAGCCCCCCTGCCCCTGTCCCTGCCAAGTGCAGAGCCACTTCCGGTGGTGACAGGGTCAGGCGCCGACGACGTGGAGAAGCCAGAGCGATCTATCGCCGCTGATGTGGGCGGTCCGGTCCTGGGTGGCGTTGCGTCGGCGCTACCTGCGACGGTGAACGCGTTTCCATCATGTATGTGATGGGGCAGAGTGCCCGCGTGACTCGAGCGTGTATCCCACCCGACCCTCCACTGCCTGCTGGTGGGGAGCCTGCGCCACCCCGAGGGACGCACCAGGTGGCCACCGGCGAGGCGGGCGGGGGGGGCGGGTAGAGTTGGAGGCGGAGGCCGTACTCGGATGGATGAGGGGCACTGCTGCAACGCGTGCTTACGGCTGCTTGGCGCCACGCGATGAGGCCTGTGACAGGCCGGGTGGAGTGGTGTCTGAGTTCATGTTGCATGGCTAATCAAACTCGTGGAATCAGAAAAAGAAAACCTGCGCCACCGACCAACTTGTTGTTTGGCACACATTTTTTTACTGGTTTTCAAGGAGATGCAGCAGACGGCTCTAAGACAGGCACTTTGTTTGATCGTGTGACGGCTGAGATACAACTTGCTGTACAGAGACCGGTGGGAATAATGCCCGGCTCAGGAGGACACTGCGAATGAAGACAAATAATCCCTGTCTGGCGCAGGGCAAGAGAACTGAAAGAGGAGGG
Seq_12_LinJ.36_plus,LinJ.22,,1001,726,782138,,,,,716704,717704,,,plus,ATGGCGAGGCGCACCCCATCAGCACATCGCGGCAGGTGCAGATCCACCCTATGCAAGTGACTCGGCTGCCCAAGAAGTCCATCTGATTACCACCGCCACTGCCGCCATGGAAGCACACGCCGAAGTGCGTCCCCCAAGCTCTTTTTCCTGGCCCTCCGCTCTAACTGAAGCAGGCCCCCGGATGCAAGAATCCGAGTACTGTGCGCACACGCTGCCAAGGACAGCTGACAAGGCGTATCACATTCACGCAAGGCATCGAGAGGTCAGCAGAGCAGGAGTAGTCGACGGAAAAGGCACGAAGAGATGCATGCCAATCAACCCCAAAGTGCATATGCGCGGAATATGCGGCATCTTGTACATCCGACCGGGTGAGCTGATGAGGCGCAGATGCCGGAACGATGACGAGAACAGCCCAAGTTACACCATCGAGCCCACCAGACCCCGATGTGAAGAGTCTCCACAACACATTATGGATTGCAGCGGCTTGAGGCGAGTGAGGGCGATGCATGGCATACAGGCTGGGTGCGGGGTCTCATAGGGCCTTAACCTGAGGCTGGCCAACTTCCTCCTCGGGCCCATGCGGCATACGCCTCGAGTGCCCTCTACTATCCGCACGACGGACGCCCGCCGCCTCCGCCCTCGAGCAGGAGCGTGGACGCGGCCCGCTTGGATCAAGGCGTGCAGCACACCGAAGTCTCCGTCTGGCGCCGATCGCACAGCACGCATGCGCAGAAGGGATGGGGAGGGGCAGGAAGAGCCCGCTGGACGCGTGGCCCGATTCAATAGCAGGATGGTTTCTCCTAGAAGAGCACGATTTAGCTGTATTCCAAGAGCGGTGGGTGAGGTGTGTTTGCGCGTGTCGGCTTGCCTTCTGGGAGAGTGAAACGCTAAAGAAGAGGCAACTTTGCTCTAACTTGACGACTAAAGATGGCGCTCGTCTGCCGGATCCCACATGCACCACTGTCTCTCTCCGTGGCTCGTGCAACGGCTGAAGTTTTGCC
Seq_15_LinJ.14_plus,LinJ.22,,1001,607,782138,,,,,675108,676108,,,plus,TTGTGCGAACAGGGGCGAGGGGGGAGGCCTGACAAAAACACGCACGGCACGCTCACCCCTTGCCTCTCCCTCCTTGTTCCTATTTCAGATATGTCACTGTGGTGTTTCTCTTGCTTTTCAATCGCTGCTCGCCGAGGTCTCTGTACAGCGCCCCTTTCCGCTGTAGAGGCCAGCCGCTTTGCTTTGTTCGAGTCTTCGTGTACAAGTGAAAGAGCCTGTCCTCCACCTTTTTCTTTTTTTTGTCACTCGATAGTTCAGCCCTGATAAGAGTAAGAAACACCTCAGTGCGTGGCATCACAGGGCCCAGCACCCGCCCCGTGGGGGAGCCCAGCAGCCCCACACCCCACCGGCGCCGAACCACTTTTTGGTGGCGCCAGGGCCAGGTACCCTACGACGTGGGGTGGGGGGGTGAGAGCGATTCGTGGCTACTGACGCCGGCGGCCCGGTCCTGGATGACGTGGCGTCGGGGCGGCCTGCGACAGGGCACGCGTGTGTGCCATCCATATGCGTGTTTAAGTGTCGGCGCGACCCGTGCGTGCCCAACCCGGCCTTCGCGCTGCCTACTGGTTGGGGGCCCTGGGCCACCCCGAGGCAGATGGCCCGGGTGGCGGCCGGCGCCATCGGGGCGACCGTGGCGCGTCCAGCGGGGCGGGTGGCGGGCTGAATGTGGGACGCGGGCCGTGCTCAGGTGGCTGCGCCGGCGTTGCCGCAGCACGTGCTTAGGGTTGCTTTTCCCCACCCGCTGGGGCCCGCGATGAGCAGGGCAACATGGAGTTCGGCTTCAAGTTCACTGGAAAAAGCGCGCGCCGGAAGAAACGAAAAAACGTTTCTGGGCTAGCGCTTCGTCTTTGAAAGTGCTCGAAACTGCGTTGTCTTGTGTCTACACTACTTGTGTGTGATCCCTGGAGTTTTTTTATTCCGGCATCTGTGATGACGTGCGCAGTGGCACGCACCGATTCTTCTCAAACATGCAAAAAAATGCGCCCATTCAAAGCTTCAAT
Seq_18_LinJ.20_minus,LinJ.22,,1000,792,782138,,,,,382484,383483,,,plus,CGCGAAAATTGCCGTGAAGGCTGTTCCATCTGGTAGAGCCGCTTATAGACCGTTCTGGACTCCAAAACTGACGCGATCAGAGGCATGTCTTGCGAAAGTACCCTAGGCGTCGCCCGAGCATCGCCCTCTCCAGGATGTGTTCATCAAGCAGGGCCAAAGAGTCAGCCTTGAAGGATGGGTGCCCTCTGCAACTCACTCGCTCCCATCGACCCTCGATCGCGCGCACTCATCTTGGCTATCCATGACCCCGTGCACTGCGCAAACCAGCAATGAGACAAGGCGACCGCCACCTCAATCCGAAAGGGCAGCTCAATGTATCGGTGAGGATCTACCGGCAGAAGTCAGTGCAACATCCGGCAGCCTCACCCCGCGCCCCACTGAGACAGCTCTACACCCTTCAACTCGCTCACGGTGGGTGACCTCGAATATGGCGCGCCGTGAAGTCCGCTGCGGCTCCGCCCCAGGCGCCCACGAAATTCACCGCGAGAGTGGCAGGGGCACTACCGGTGTGCTGAAAGAGCGCGGCTGAACGTTTAAAACCAGAGCGTTCCCACCGGCTGCGCCGCTGCTACATGGAAAGAATGGCGCGTTGTGCCCCTCTTGAAGCCGCACAAGCCAGATGGTGGTCCCGCGCCTCACTCTCTTTGACGCCGACCAGCAACCTGTACAAGTTACTTGAACAAAAGGCCTCGCGACGACTGCGCGACCAACTGGAAAACAAGCTCCCACCACGGCAGTGTCTGGCTTCCGTCTTCACCGCTCTGCTTTAGACCTCCTGCGCTTTCTCCACCGCGCATTAACCCAGCTACCGCCACGTGCTGAGGTAGGACTCGTATTTTTGGACTACGTTCGTACGTTTAACTCGTCGGATAACGGCGCTGAAGAAGTTCAGCGTACAGTCACACCTCACCAACAGGATCCTGGATCCCTCAGACAACCGCCGCTGCCTCATCCTCGCTGGCGCCGCTGCCCGCGGACGAACACGTGGCAGATGTGCAAG
Seq_31_LinJ.22_plus,LinJ.22,,1000,225,782138,,,,,745087,746086,,,plus,AACCAGCCGGCCGAGTACCCCACTGTCTCTAGGGAAGCCCAGCAGCCCCCCTCCCCACTTCCTGTGGTGGCAAGCGCCAGCACCTACAACGTAGAGGACGTCAGAGCGATCTATCGCTACCGATATCGGCGGCCCAGTGATGAATGCCGTGGCGTCGGAGCGGACTGCGACAGCGAATACGCTTGCAGCATGTTGTGGGCAAAGGTTCAGCGTGACTCGGACGCATTCCACCCCCGACCCTCGCTGCCTACTGATCAGTGTTTGTGTCTGTGTGTGAGGGGGGGAGGGGACTGAGCCACCGTGAGAGATTCACCACGTGGCGCCCGGCATGATGAAGGCGGCCGTGAGGTGACCTGCGAAGCGTTTAGGTGGGCACAGGACGAGTAAGGGGCCGCGTTCTCAGATGACTGAGCGGGCGTCGCTCCAGCGCCTGGGTCTACGGCTGCTTCGCACCAGGCGATGGGCCTGTGGTGAGCCGGGCCACGTTGGGTTCCGTTACTGCGCTATGACAGCGAATGAACATACACACACCGAAAACGGGAAAAAACTTTTTCGTCTCGGAGAGCTGCATGATCTGCGCAACGACTGCCGCGCCACCTCACCTCTATCAACTCTATAAGCCTGAATCGATACATCTCTCATTTTCCTTCATCCCCTTTATTTCTCCCTCATCTGCTCCCCACGTACGTGCGTCTGAGTGTGTGGGTGGTGCACCCCCCCTCTCTGCCCTCACTTCCTCGGTGCGTGTGGTGGTGGTTGCGCCTCTCTTGTCGATTCCTGTAGTTTTCACCTCGTTTCAAATTGTTTTTTCGAAAATCAAGCGTGTGTGTTTGCACGCCTTCCGTGGTTGCTGTCGTTACTGCGTCGGTTGGTTGCAGGCACCTCTTTTCGTCGACTATATATATATATTTCTTTGGTCCTCGTCTTGTGCATTTACGCGCATTCTCTCATATTCTTTTTTTTGGTCAGATCTGAGCCTGACGCTGTCTCGCGAGGCGCT
Seq_15_LinJ.13_plus,LinJ.22,,1001,695,782138,,,,,62107,63107,,,plus,ATCCGCAGCGATGCATCGCTCTGACCACTCCCTACGCCGTAGGGTGCTTGTCGCCACCGAAGGCGATTCGGGACTGGCAGGGGATGGGGCTTGCTTGGCTTTATCACAGAGTGGGGTGCTGGACCCAGATATACCCCGCGCTACGGTGCCTTCTCTACCTGTCATGAGGGTAAAAAAGATCCTTTTTTTTTTCAGCCTCTCCATTCCACCACGAACACGTCCACAAATGTATACGCGTGCACACAACCACAGGTGCCCTACCTCTGCTGCACCATTGCCTCATCCTGGTCGTCGAGGATGAACCGTGCTGACATTGACTTGCGCCGTGCACCCCACCGACTGTCCTCCTCCTTTTTCGTCTCCCCTTTGGATAAATGCTGCGCGGTAGGCGCCAGACGGACTCAGGGTGCACCACTTGCCTTCATCCAAAGCGGGCCGTATCCAGGGTCCTGCTCGAGGGCGGAAGCGGTGGAGCTTGCATCATGCGGGTTGCAGCGCGTGGTCCAGGTGCATGCCGGATGTGCGCAAGGAGGAAATCGGGCAGCCTCAAGTCAGCACCCTCTCGGAAACCCTGCACCCTGCCCATAGGCCGTGCGTCTTCCTCAGTCGCATTAAGCGGGGCCGCATTCCATAGTATGCTCGGGTGACTGGTTACATTCGGGTCTGGAGGACCCTCCCCCTCCTTTCCCCTCCGATGATGCAGCGTGGGGGTTCTCTCGCCGTGCCTCTGGCATCTGTGCGGCACCCGCCCACCCGGCCAACCGTCCGAGATGCCGCACATGTCGCGCACGTGCACTTTGGGGCTGATTGGTGTGGTGCTCGAGAGTGGAATAGAAGGAAAGAGAGGCGACGGAGAAGTGATGACAGTAGAAACGGAAGCGGGTGGGGTGAGGGACAGTAAAACGCCGCTGGCGCCACCATCCGAAAGGAAACGCGATCAGGCCTGACCTACCGCGCCCATAACGAGGGAGCGCCTCAACTGGCTCAGAAGAGAGAGGCGC
Seq_25_LinJ.22_plus,LinJ.22,,1000,712,782138,,,,,402117,403116,,,plus,GGTGACAACAGGGATAGCTGCAATGTGGCAGACAGCGCTGGAGGGCCGAGAGCTCTGGCAGCGCCTGTGCCACGGGGCAGGGAGCGTGCTGAGCGGCACACCGAGAAGGAAGACTTGGAAGAGGAGCACGCCTTCCAGGATGACGAAGAGCTCGATGAGGAATACAAGGACGAGGAGTGCGGCGATTATGAAGGGTCGTCGCAACGCCACAGCGGTGGCGTGTACGTCCCTGGCGCCTAATCCGCCACATGCCCTGCAGCACCTCGTTCTCTTAGCTAAAAGAAGGTGATACGATCAACGCAGGCGGTCTCATGTTTGTCGCCATCGTGGTTTTGCGTGCGGGGAGCGATGGCGTCTGTCCATGCGCGAGTGTCTACGTGGGCTCTTCTCCGAGAGAGCGTGAGGGACGCATCAGGACGTTTTTCCGCTTTCCTTTCGTTGCTGCGGCCCCTCATGACGGAGAGGGGGAGGGGCCCACACACCTCTCTCAGCGCGTGGCATCTCAGGGTCCAGTACCCCCTCCACTTTCTCTGGGGAGAAGCCAGGCGACCCCTCCTTTATCCTTGCCAATGCCGCGCCACCATCAGAAGTGGCAGGGCCAGGTCCTGGATGGTGTTGCGTCGGAGCTAACTGCAACAGTGAGCTGGCTTGTGTCATCGATGTGGCGGGCGAAGTGTCAACGAGACTTGAGTGCGTCCCATACCGGGCCCTCGCACTGCCTACTGGTGGGAGGCCCGAGCCACCCCGAAGGGGATGCACCACATGGCGATCGGCATGATTGTGAGCGGCTATGAGACGACCTGCGACGCGGGGGCTGGGTATAGTTTAGGGCAGAGGCCCGTGCTCAAATGACTGAATGGGCGCACTGCTGTGGCGCGCGCGTCTAGCGCCGCATCACGCGATATTGGGTTTTTGACATGACCGAATAGAGGGACGCTGCACTCGTGCTTTTATGGCTTAATGGAGACACTCAAGCGAGGCTGCTCCTCCTCCACCGTAA
Seq_33_LinJ.22_plus,LinJ.22,,1000,1000,782138,,,,,397238,398237,,,plus,TGGCCACAGCACCACGCTCCTGCGACACTCCGTGGGGTGTGTGTGACCGTGGCTGCTGTTGCCAGGCGGATCAACTGCGAGGGCCACAGCAGCGCAAGTGCCGCTTCCAACCTTGCGACTTTCACGCCACAGACGCATAGCAGCGCCCTGCCTGTCGCGGCGCATGCGGGCAAGCCATCTAGATGCGCCTCTCCACGACATGGCCGGAGGCGGCAGATGAAGGCAGCGACCCCTTTTCCCCGGCCACGACGCCGCGCTGAGGCGGGCCCCACAGCGCAGAACTGCGAGCGCGGTGCGCGGGCGCTGTGACGCACAGCCGGCACGCAGCGTACCGCACGCAGACAGTGCATGGGGAGGCCGGAGGAGCAAGAGCGGTGGACGGGAACGGCGCGAAGCATGCGGCACGCCCTCGATGTGCCTGTGTGGGCTGATGAGGCGCGGATGCCGGAAGCGTGGCGAGTGCATCCCGAGTTGCACCGTCGAGCCCTCCAGGCCCGAATGTGGCGAGCCTGCGGGGAGCAGATTATGGGATGCGGCTGCTCGAAGCGACCGAGGGCGCTGACCGGAAGGTGGCCGACTTCCTCCTCGGGCCTGTGCGGCATGCACCCTCGATCGGGAGCCCGAATGGTGGCCGCGTGGGTGAAGGCGTGCCGCCCACCCGCGTCTCCGTGTGGCGCCGATGGCGCAGCGCGCACCCGGGGAAGGGGCGAGGAAGGCCATGAGGAGGCCGCTGCGCGCGTGGCCCGATTCGACGGCAGGCGGCTCGTCCGAGACGGCCGGGACGAAGCCGTGGCGCCGCTGGGGGCAGGTGCGCTGTGGCTGTGTATGTGCGCTGATGTGCTGACTTGTTCGTGGTGGGCTATGGGCACGGTGAGGGGCGACGTTGGCCCTTGCTGACTTCCTCTGCTTTCTTATTATTCTCAGTGCCCCCGCTGGATTGGGCTGCATCGGCGGTCTGTATCGCGCTTGTCTCTCTCATTTGACGGCTGCGCACTCCCGC
Seq_26_LinJ.07_minus,LinJ.22,,1001,814,782138,,,,,353484,354484,,,plus,AGACTATTCATCCGCCTTCTATCTGCACACTCCACCACGAACAAGTCAGCACATCAGCGCACATACACAGCCACAGCGCACCTGCCCCCAGCGGCGCCACGGCTTCGTCCCGGCCGTCTCGGACGAGCCGCCTGCCGTCGAATCGGGCCACGCGCGCAGCGGCCTCCTCATGGCCTTCCTCGCCCCTTCCCCGGGTGCGCGCTGCGCCATCGGCGCCACACGGAGACGCGGGTGGGCGGCACGCCTTCACCCACGCGGCCACCATTCGGGCTCCCGATCGAGGGTGCATGCCGCACAGGCCCGAGGAGGAAGTCGGCCACCTTCCGGTCAGCGCCCTCGGTCGCTTCGAGCAGCCGCATTCCATAATCTGCTCCCCGCAGGCTCGCCACATTCGGGCCTGGAGGGCTCGACGGTGCAACTCGGGATGCCCTCGCCACGCTTCCGGCATCCGCGCCTCATCAGCCCACACAGGCACATCGAGGGCGTGCCGCATGCTTCGCGCCGTTCCCGTCCACCGCTCTTGCTCCTCCGGCCTCCCCATGCACTGTCTGCGTGCGGTACGCTGCGTGCCGGCTGTGCGTCACAGCGCCCGCGCACCGCGCTCGCAGTTCTGCGCTGTGGGGCCCGCCTCAGCGCGGCGTCGTGGCCGGGGGAGAGGGCCGCCGGTGAGCATGTGCCGGCGCACAAAGAGCTCACAGCACGTCGCTCCGACGGAGCACAGGGGGCAGCGGTAGGCACCCGGCGGGGGAAGCCCATGCAGCGCGAGCGGGATGTGCGTGGCCAGGTCACTGCGTGCAAGATCATAGCGCGAAACCAGGTGTGCCTCATGAGTTCAGCAGCCTTGTTCTCCGCGTGTGGGGCAGCGGCCGCCAAGTGCCTCTTGCCGCTGTGCCCGTCAGTGTATTAGTAGCATGGCGCACCGCCGCCGCTCCTGGCCCCATGTCTGCCTGTGCCGCACCATCCGCCCACAGCCCGCCAGCCACTGATGCGTTGAAGCGCAC
Seq_22_LinJ.18_plus,LinJ.22,,1001,475,782138,,,,,318484,319484,,,plus,CGGTGACGAGCAGGGGGAGCCTGCGAGGCACACTGGCGCGTGTATCTGTGTGAGTGTACGGCGTTGCACTCCGCTCCAGCCCCCCGCCGCAATGCAGCGCTCACGCATGTCAGCAGTCTCAGTCCTCCTCCGCATTTTCTGCGCGGTTTGCGCACTTTGCACTTTTCGTTTTTTCCCTCTGCGCCTCGTGCCATTTTCCTCGCCACCTCTTCAGGCGCGTATTCGAATACCGCACCAGCGCCGGAGGCTGGCGCCGGAACGCCAAAGCGCATTTTGCCGTTTACGTGCCCGCCCACCACGAACAAGTCAACGCACACACGCATGCGCAGCCACAGCCCATCCGCATCTGCTGCACGCCACGGCTATGCCAAGCAGCAGGGCCGGCCAGCACCGCCTGGCGCCGCTCAGCCCACCGCAATGCCGCTGCGTGCAGCGCAGGCTAGGCCCCGGGACCACGCTCAGCACCACCGCAGCGCAGCAAAGGCAGAAAGGCAGTAGGTGGATGCGCGCATTCGTTGAATCGTCGGCATGATCCGCAGTGAGCTGGTCCAAGCGTCATCATGACCGTTGGTGTCACCGGCACAGCGCCAGCCCACACCTGTCCGCTGGCACCAAGAGTCCACAGCCGTGCTCATGGGCAGGCTGCAGGCTACTTGGCCTGCCCACAAAGAGTGGGCGCTGGGCCCTGACACCGCGGTGAGGTGGCCGGCATCGTCAGGAAGCCAAAGCAAAAGCACGTGTAAAAATAAATGCAGAGATGATAAGAGGGGGAACGGCCTCCAGGCGAGCAGCAACGTTCGGCTGTGAAAAAGGAAGCGCTTGGAAGAGAGAAGCGAAGGGAGGGGAGAGAGACCGCCGGCAACGGCGCTCGCGACACGCAGACAGGCAGGCGCACAGAATGGGGCGGGAGAGAGAACGAGGAAGCATAGCGCGCGGGTGCGGATGCGCGTCTCTGACGACGTCTCTGATTCCCGTAGTCCGCAGTCTCAAGAGAGAAAAGA
Seq_22_LinJ.18_plus,LinJ.22,,1001,475,782138,,,,,311040,312040,,,plus,CGGTGACGAGCAGGGGGAGCCTGCGAGGCACACTGGCGCGTGTATCTGTGTGAGTGTACGGCGTTGCACTCCGCTCCAGCCCCCCGCCGCAATGCAGCGCTCACGCATGTCAGCAGTCTCAGTCCTCCTCCGCATTTTCTGCGCGGTTTGCGCACTTTGCACTTTTCGTTTTTTCCCTCTGCGCCTCGTGCCATTTTCCTCGCCACCTCTTCAGGCGCGTATTCGAATACCGCACCAGCGCCGGAGGCTGGCGCCGGAACGCCAAAGCGCATTTTGCCGTTTACGTGCCCGCCCACCACGAACAAGTCAACGCACACACGCATGCGCAGCCACAGCCCATCCGCATCTGCTGCACGCCACGGCTATGCCAAGCAGCAGGGCCGGCCAGCACCGCCTGGCGCCGCTCAGCCCACCGCAATGCCGCTGCGTGCAGCGCAGGCTAGGCCCCGGGACCACGCTCAGCACCACCGCAGCGCAGCAAAGGCAGAAAGGCAGTAGGTGGATGCGCGCATTCGTTGAATCGTCGGCATGATCCGCAGTGAGCTGGTCCAAGCGTCATCATGACCGTTGGTGTCACCGGCACAGCGCCAGCCCACACCTGTCCGCTGGCACCAAGAGTCCACAGCCGTGCTCATGGGCAGGCTGCAGGCTACTTGGCCTGCCCACAAAGAGTGGGCGCTGGGCCCTGACACCGCGGTGAGGTGGCCGGCATCGTCAGGAAGCCAAAGCAAAAGCACGTGTAAAAATAAATGCAGAGATGATAAGAGGGGGAACGGCCTCCAGGCGAGCAGCAACGTTCGGCTGTGAAAAAGGAAGCGCTTGGAAGAGAGAAGCGAAGGGAGGGGAGAGAGACCGCCGGCAACGGCGCTCGCGACACGCAGACAGGCAGGCGCACAGAATGGGGCGGGAGAGAGAACGAGGAAGCATAGCGCGCGGGTGCGGATGCGCGTCTCTGACGACGTCTCTGATTCCCGTAGTCCGCAGTCTCAAGAGAGAAAAGA
Seq_22_LinJ.18_plus,LinJ.22,,1001,475,782138,,,,,302972,303972,,,plus,CGGTGACGAGCAGGGGGAGCCTGCGAGGCACACTGGCGCGTGTATCTGTGTGAGTGTACGGCGTTGCACTCCGCTCCAGCCCCCCGCCGCAATGCAGCGCTCACGCATGTCAGCAGTCTCAGTCCTCCTCCGCATTTTCTGCGCGGTTTGCGCACTTTGCACTTTTCGTTTTTTCCCTCTGCGCCTCGTGCCATTTTCCTCGCCACCTCTTCAGGCGCGTATTCGAATACCGCACCAGCGCCGGAGGCTGGCGCCGGAACGCCAAAGCGCATTTTGCCGTTTACGTGCCCGCCCACCACGAACAAGTCAACGCACACACGCATGCGCAGCCACAGCCCATCCGCATCTGCTGCACGCCACGGCTATGCCAAGCAGCAGGGCCGGCCAGCACCGCCTGGCGCCGCTCAGCCCACCGCAATGCCGCTGCGTGCAGCGCAGGCTAGGCCCCGGGACCACGCTCAGCACCACCGCAGCGCAGCAAAGGCAGAAAGGCAGTAGGTGGATGCGCGCATTCGTTGAATCGTCGGCATGATCCGCAGTGAGCTGGTCCAAGCGTCATCATGACCGTTGGTGTCACCGGCACAGCGCCAGCCCACACCTGTCCGCTGGCACCAAGAGTCCACAGCCGTGCTCATGGGCAGGCTGCAGGCTACTTGGCCTGCCCACAAAGAGTGGGCGCTGGGCCCTGACACCGCGGTGAGGTGGCCGGCATCGTCAGGAAGCCAAAGCAAAAGCACGTGTAAAAATAAATGCAGAGATGATAAGAGGGGGAACGGCCTCCAGGCGAGCAGCAACGTTCGGCTGTGAAAAAGGAAGCGCTTGGAAGAGAGAAGCGAAGGGAGGGGAGAGAGACCGCCGGCAACGGCGCTCGCGACACGCAGACAGGCAGGCGCACAGAATGGGGCGGGAGAGAGAACGAGGAAGCATAGCGCGCGGGTGCGGATGCGCGTCTCTGACGACGTCTCTGATTCCCGTAGTCCGCAGTCTCAAGAGAGAAAAGA
Seq_43_LinJ.22_plus,LinJ.22,,1001,435,782138,,,,,262565,263565,,,plus,TCATGGTAGCGTGGCACAAACGGCGCCAGGTACGGCACCAAGACCAGATCCTCACTGATCAGGTAGACGTGCTCGTTGATCATTGGTAACGAAACACGGTGTTCTTGAAGTAGACAGCGGGAACGCGAGAGATCAGCGGAGAGAAGGGAGGCAGAGAGTCGTAGGAGAGGCGAGCGCTCGCCTGGCTGCATGGCAACGGCTACACCACAACCGACAGAGGTGAAGCGCGTCGCCAGTTGAAACAGTCATAGAGGGGTAAAAGCGTTTCTCCCTTCTGCGTTCCTTTACGTGCCCGTCCACCACGAACAAGTCAACGCACACACGCATGCACAACCACAGCTCATCTGCATCTGCTGCACGCCACGGCTATGCCAAGCAGCAGGGCCGGCCAGCACCGCCTGGCGCCGCTCAGCCCACCGCAATGCCGCTGCGTACAGCGCAGGCTAGGCCCCGGGACCACGCTCAGCACCACCGCAGCGCAGCAAAGGCAGAAAGGCAGTAGGTGGATGCGCGCATTCGTTGAATCGTCGGCATGATCCGCAGTGAGCTGGTCCAAGCGTCATCATGACCGTTGGTGTCACCGGCACAGCGCCAGCCCACACCTGTCCGCTGGCACCAAGAGTCCACAGCCGTGCTCATGGGCAGGCTGCAGGCTACTTGGCCTGCCCACAAAGAGTGGGCGCTGGGCCCTGACACCGCGGTGAAGTGTGCCCGGCAGACACCAGGGAGGTGGGAGAACGAAAGATGTGAGGAAATAAAATACGAGAGCAAGCGCTAGAGCACGGCAAATTGGCAAGAGCAGCAGCGAAACCAGCTCAACGCGCGCTAGCCGGTGAAAAGCATCTTCCGTCAATCATACTCAGAGGAGGCGCCGGTAGGAAGACATTGGCTGGCACTCCCCTTCCTCTCCGCTCCGTCACGCCCACCTTTTCTATCCACGACGGTACCTCGCAAACTTTCTCTCGTTTTCCTCTGCTAGTTTTGCCCATTTACCTTGCATG
Seq_33_LinJ.20_minus,LinJ.22,,1000,1001,782138,,,,,303984,304983,,,plus,GGCCTGCCTTCCTGTTGCTGCTGCTGCTTTGTCTGCTCGCTCGGCAGTCCCTCATCTGAATTCTTGCACGCGGTGCACACAACACAGAGCCCGGCCGTGCCTCCATCCCACAGCACGAGTGGGAGGGGCGGGAGTGCGCAGCCGTCAAATGAGAGAGACAAGCGCGATACAGACCGCCGATGCAGCCCAATCCAGCGGGGGCACTGAGAATAATAAGAAAGCAGAGGAAGTCAGCAAGGGCCAACGTCGCCCCTCACCGTGCCCATAGCCCACCACGAACAAGTCAGCACATCAGCGCACATACACAGCCACAGCGCACCTGCCCCCAGCGGCGCCACGGCTTCGTCCCGGCCGTCTCGGACGAGCCGCCTGCCGTCGAATCGGGCCACGCGCGCAGCGGCCTCCTCATGCCCTTCCTCGCCCCTTCCCCGGGTGCGCGCTGCGCCATCGGCGCCACACGGAGACGCGGGTGGGCGGCACGCCTTCACCCACGCGGCCACCATTCGGGCTCCCGATCGAGGGCGCATGCCGCACAGGCCCGAGGAGGAAGTCGGCCACCTTCCGGTCAGCGCCCTCGGTCGCTTCGAGCAGCCGCATCCCATAATCTGCTCCCCGCAGGCTCGCCACATTCGGGCCTGGAGGGCTCGACGGTGCAACTCGGGATGCCCTCGCCACGCTTCCGGCATCCGCGCCTCATCAGCCCACACAGGCACATCGAGGGCGTGCCGCATGCTTCGCGCCGTTCCCGTCCACCGCTCTTGCTCCTCCGGCCTCCCCATGCACTGTCTGCGTGCGGTACGCTGCGTGCCGGCTGTGCGTCACAGCGCCCGCGCACCGCGCTCGCAGTTCTGCGCTGTGGGGCCCGCCTCAGCGCGGCGTCGTGGCCGGGGAAAAGGGGTCGCTGCCTTCATCTGCCGCCTCCGGCCATGTCGTGGAGAGGCGCATCTAGATGGCTTGCCCGCATGCGCCGCGACAGGCAGGGCGCTGCTATGCGTCTGTG
Seq_34_LinJ.22_plus,LinJ.22,,1000,968,782138,,,,,312118,313117,,,plus,CACGCGGTGCACACAACACAGAGCCCGGCCGTGCCTCCATCCCACAGCACGAGTGGGAGGGGCGGGAGTGCGCAGCCGTCAAATGAGAGAGACAAGCGCGATACAGACCGCCGATGCAGCCCAATCCAGCGGGGGCACTGAGAATAATAAGAAAGCAGAGGAAGTCAGCAAGGGCCAACGTCGCCCCTCACCGTGCCCATAGCCCACCACGAACAAGTCAGCACATCAGCGCACATACACAGCCACAGCGCACCTGCCCCCAGCGGCGCCACGGCTTCGTCCCGGCCGTCTCGGACGAGCCGCCTGCCGTCGAATCGGGCCACGCGCGCAGCGGCCTCCTCATGCCCTTCCTCGCCCCTTCCCCGGGTGCGCGCTGCGCCATCGGCGCCACACGGAGACGCGGGTGGGCGGCACGCCTTCACCCACGCGGCCACCATTCGGGCTCCCGATCGAGGGCGCATGCCGCACAGGCCCGAGGAGGAAGTCGGCCACCTTCCGGTCAGCGCCCTCGGTCGCTTCGAGCAGCCGCATCCCATAATCTGCTCCCCGCAGGCTCGCCACATTCGGGCCTGGAGGGCTCGACGGTGCAACTCGGGATGCCCTCGCCACGCTTCCGGCATCCGCGCCTCATCAGCCCACACAGGCACATCGAGGGCGTGCCGCATGCTTCGCGCCGTTCCCGTCCACCGCTCTTGCTCCTCCGGCCTCCCCATGCACTGTCTGCGTGCGGTACGCTGCGTGCCGGCTGTGCGTCACAGCGCCCGCGCACCGCGCTCGCAGTTCTGCGCTGTGGGGCCCGCCTCAGCGCGGCGTCGTGGCCGGGGAAAAGGGGTCGCTGCCTTCATCTGCCGCCTCCGGCCATGTCGTGGAGAGGCGCATCTAGATGGCTTGCCCGCATGCGCCGCGACAGGCAGGGCGCTGCTATGCGTCTGTGGCGTGAAAGTCGCAAGGTTGGAAGCGGCACTTGCGCTGCTGTGGCCCTCGCAGTTCATCCGCCTGG
Seq_33_LinJ.20_minus,LinJ.22,,1000,1001,782138,,,,,319496,320495,,,plus,GGCCTGCCTTCCTGTTGCTGCTGCTGCTTTGTCTGCTCGCTCGGCAGTCCCTCATCTGAATTCTTGCACGCGGTGCACACAACACAGAGCCCGGCCGTGCCTCCATCCCACAGCACGAGTGGGAGGGGCGGGAGTGCGCAGCCGTCAAATGAGAGAGACAAGCGCGATACAGACCGCCGATGCAGCCCAATCCAGCGGGGGCACTGAGAATAATAAGAAAGCAGAGGAAGTCAGCAAGGGCCAACGTCGCCCCTCACCGTGCCCATAGCCCACCACGAACAAGTCAGCACATCAGCGCACATACACAGCCACAGCGCACCTGCCCCCAGCGGCGCCACGGCTTCGTCCCGGCCGTCTCGGACGAGCCGCCTGCCGTCGAATCGGGCCACGCGCGCAGCGGCCTCCTCATGCCCTTCCTCGCCCCTTCCCCGGGTGCGCGCTGCGCCATCGGCGCCACACGGAGACGCGGGTGGGCGGCACGCCTTCACCCACGCGGCCACCATTCGGGCTCCCGATCGAGGGCGCATGCCGCACAGGCCCGAGGAGGAAGTCGGCCACCTTCCGGTCAGCGCCCTCGGTCGCTTCGAGCAGCCGCATTCCATAATCTGCTCCCCGCAGGCTCGCCACATTCGGGCCTGGAGGGCTCGACGGTGCAACTCGGGATGCCCTCGCCACGCTTCCGGCATCCGCGCCTCATCAGCCCACACAGGCACATCGAGGGCGTGCCGCATGCTTCGCGCCGTTCCCGTCCGCCGCTCTTGCTCCTCCGGCCTCCCCATGCACTGTCTGCGTGCGGTACGCTGCGTGCCGGCTGTGCGTCACAGCGCCCGCGCACCGCGCTCGCAGTTCTGCGCTGTGGGGCCCGCCTCAGCGCGGCGTCGTGGCCGGGGAAAAGGGGTCGCTGCCTTCATCTGCCGCCTCCGGCCATGTCGTGGAGAGGCGCATCTAGATGGCTTGCCCGCATGCGCCGCGACAGGCAGGGCGCTGCTATGCGTCTGTG
Seq_40_LinJ.26_plus,LinJ.22,,1000,660,782138,,,,,434261,435260,,,plus,CTTCACTGTGCATACTTGTGTCCGTTGTCATCGATCGCGGTGCGCTCTTCTTGGGACGCAACGGTGCAAGTAAATCGCGGGGAAGTGATGGTGTGTGGTGATGTTGAGGGGTGCACGTCCGAGCTCTCCGGTTCTCCAATGGAAGCGAGATGATTGTTCTAAGTTTCAGTGCTGCGTCTGGTTTTCGGTTTTATCTGCGGAACGGCCGCAGTGACCTCATTGTCCCCTTCTCTCTCGCTATTGTTGTTGTCTGTGCCTTTCGAGTAAGGCCACGACTCAACCGACCTCTCTGCACCGCTCTCCCCTCCCCCTTCATGTCTCCACACGGTGAGACAAGCAGCTAAAAGAGTATGAGACTGCGCACTCTCGCCGTTACACAGAGGCACAGACACAGCCGCGTATGTCGACTTTTGCCCAGAAAAGGTGCGCTCGATGCCTGCCGGTGTTGGGCCCTCTCGGTGTGTCGGCGGCTCGATCACTCGTGCACACACACACACACACCACCCCACAGAAATCTGATCGACTGAGCCGAATACGCGGACTCGCTCAACGGCCTCGGCTGAACCGCCCTCTCTTGCATGCTGGCGAAAGGAAAGGGAGTACACAGAAATGCACCCCGACGCTCCCGTGCAGTTTCAAGGTGACTCGATGCGGAGAGACGAGAAGGAAGAGAAAAAAAGCAGCAAGCGGCGACAGGGGGCCACGGGCGGGTGCATCCGTAGCATGGCCACCTCGCTCCCTCGCCATGTTTTCTGGAGTGGCCTGCTGTCCCCCATGCGCTGCTGCTTGTTTTTTTCTGTCTCCGACTGGAGCGCGTCGGCCATCACAGACACAGGCACACACACGCTCTTTGCGCTTCCCGTGCAATCTTCCCGTGCCGCCTCCCTCCCCCTCCCCTATTCTCTGCGTGTTTGCTCGCGTCCTCCCACTCTTCTTCCGCGGCCTCCATCCTCGCTCTCCCCCTCCCGTACACACATATGCCCACCCACTGATACACACG
Seq_6_LinJ.06_plus,LinJ.22,,1000,1000,782138,,,,,5461,4462,,,minus,TCCCTTCGCCGGCCTCACTTCCACCATTTTTCTGTTTGCTCACTACCCCGTGCGTGTTCAAAGTATAGACGCAAAAGCCTGGCTCAGTTGTCTGCATCAACAGAAGTTCCCTTGTAACCATTCTCAATGTGAAAGAAGACAAAGTGCAAACGCCCCGAAACCTGTTGGACGTACGAGTTTAGCGACTTTACTTATAAATATTGAGTAGAGATACTACACCAGGAAAAAGACAAAAGATGCTTTCGTGACATGCACTACGGATACTCTTCTGCTGCTTTTTGCTCCTGATGTCGGAGGACACCTCAGTGCGTGGCACCGGTGCCCAGTACCATACTCTATGCGGGAAGACAGGCAGCTCTTCTATCCCAGTCAGTGCACAGCCACTTCTAGTGGTGACGGCATCAGGCACCTAGGGCGTGGTGATGTCAGAGCGATGCAGCGCTACTAATGCCGGCGGTCAGATGGTGGATAGCGTTGCGTTGGCGTCATCTGCGGCAGTGGGCACGCTTGTTCCATCCATTTGATGGGCAGAGCGTCAGCGTGACCCGAACACCACCCACCCGACTCTCAAGCTGTCTGCTCGCTTGGGGAGTCTGAGTGCCACCCCGAGGGGGATGCACCACGTAGCGACCTGCGAGGCGGCTCGGTGGCGTTTGAGACAGGGGCCGTGCTGAGATGATTGCGTTGACGCGTTGCTGTCCCGCGTCTCCACAGATGCTTTGCACCAGCTGATGGGGCTTGTGACACAGTCGGGTGGCGTGGCGCTCAACTCATGTTGTACCGCCGAATGAACACTTTGTTGAGGATCTCTCTTTCACGTATCAGCTACTTTCCCTCACCCTGTACCCCTTTCTCTTATACTTACAACACACGCCGAAACACATCCTCAGCATTCCTTCTCAGTCAGAAAAGTATCCACGCACCGCCAGCACTCTATGCATGCCCAATAGCACGCCTCCGTTTCCGCACTTCCTGTCGTTGCCCCTCCTCAGTAACAAGC
Seq_15_LinJ.22_minus,LinJ.22,,1000,678,782138,,,,,717705,716706,,,minus,AGGCAAAACTTCAGCCGTTGCACGAGCCACGGAGAGAGACAGTGGTGCATGTGGGATCCGGCAGACGAGCGCCATCTTTAGTCGTCAAGTTAGAGCAAAGTTGCCTCTTCTTTAGCGTTTCACTCTCCCAGAAGGCAAGCCGACACGCGCAAACACACCTCACCCACCGCTCTTGGAATACAGCTAAATCGTGCTCTTCTAGGAGAAACCATCCTGCTATTGAATCGGGCCACGCGTCCAGCGGGCTCTTCCTGCCCCTCCCCATCCCTTCTGCGCATGCGTGCTGTGCGATCGGCGCCAGACGGAGACTTCGGTGTGCTGCACGCCTTGATCCAAGCGGGCCGCGTCCACGCTCCTGCTCGAGGGCGGAGGCGGCGGGCGTCCGTCGTGCGGATAGTAGAGGGCACTCGAGGCGTATGCCGCATGGGCCCGAGGAGGAAGTTGGCCAGCCTCAGGTTAAGGCCCTATGAGACCCCGCACCCAGCCTGTATGCCATGCATCGCCCTCACTCGCCTCAAGCCGCTGCAATCCATAATGTGTTGTGGAGACTCTTCACATCGGGGTCTGGTGGGCTCGATGGTGTAACTTGGGCTGTTCTCGTCATCGTTCCGGCATCTGCGCCTCATCAGCTCACCCGGTCGGATGTACAAGATGCCGCATATTCCGCGCATATGCACTTTGGGGTTGATTGGCATGCATCTCTTCGTGCCTTTTCCGTCGACTACTCCTGCTCTGCTGACCTCTCGATGCCTTGCGTGAATGTGATACGCCTTGTCAGCTGTCCTTGGCAGCGTGTGCGCACAGTACTCGGATTCTTGCATCCGGGGGCCTGCTTCAGTTAGAGCGGAGGGCCAGGAAAAAGAGCTTGGGGGACGCACTTCGGCGTGTGCTTCCATGGCGGCAGTGGCGGTGGTAATCAGATGGACTTCTTGGGCAGCCGAGTCACTTGCATAGGGTGGATCTGCACCTGCCGCGATGTGCTGATGGGGTGCGCCTCGCC
Seq_23_LinJ.22_plus,LinJ.22,,1001,507,782138,,,,,663550,662550,,,minus,GGGCGCATTCTTAATACCCGCTAGCCAACAAAAAAGCCTTCAAACAAAAAATATTTAGATAAGATGTGCCTACCGGCTCTGCCTTCCCTGCTTCTCAAAAATAATCTTAACAAAAGCCCGCGGTCGTTAAGCGCTGGCGCTTTTCGTCGCTCAAAAAAAAAGCCCTGCAACCCACTTGTTTGAAAAAAAAAATACCCGCTTGTTATCTATAGATTATCTGCTTTACGTGAAAATCAGATGCCCCATCACCCCACAAAATATGAGCGACACATTTTCAAATTCAAAGAAAACAGCCCCACACCCCACCGGCGCCGAACCACTTTTTGGTGGCGCCAGGGCCAGGTACCCTACGACGTGGGGTGGGGGGGTGAGAGCGATTCGTGGCTACTGACGCCGGCGGCCCGGTCCTGGATGACGTGGCGTCGGGGCGGCCTGCGACAGGGCACGCGTGTGTGCCATCCATATGCGTGTTTAAGTGTCGGCGCGACCCGTGCGTGCCCAACCCGGCCTTCGCGCTGCCTACTGGTTGGGGGCCCTGGGCCACCCCGAGGCAGATGGCCCGGGTGGCGGCCGGCGCCATCGGGGCGACCGTGGCGCGTCCAGCGGGGCGGGTGGCGGGCTGAATGTGGGACGCGGGCCGTGCTCAGGTGGCTGCGCCGGCGTTGCCGCAGCACGTGCTTAGGGTTGCTTTTCCCCAGCCGCTGGGGCTCGGAAAAGGCTGGGTGGCGGACAGTTTTGATTATGCTTGTGGTAAAACAATTCCGTTCGAAAAGTTTAGGTTTTTCGCAATTTCCGTGGAAAGCGAGTTGGCGAGTGCTGCGGGAAAAAAGAAGGGCATCATTGTTGCACAGGAAGACAACGCGGGCGTAGCATCATTTTGCTAAGGTCTTTCAATTGACGAGGACTTGGAATTATGACGGAGAGGCGGCTGGGGGGGGGGTTTCGCTCCCCTCGCTGCGCGAAACTTGCGCAAAGAATCTGGGTTTTCTAGCTTCAACTTC
Seq_28_LinJ.22_minus,LinJ.22,,1000,740,782138,,,,,594557,593558,,,minus,CTGGTGATATGTGTTTGTGCTTCATCTTTATTCTTTTTTGTTTAAGTGAAGGGGACGAGGTGGTGGCTGAAGTTGCGAGCCGTAGCTGTTTGCATGCCGGCGGTCTCTCCCTTTCACCGCCTTCATCATCGCGCCTGCCGTTTGCGACGGAGCGGATTGGTGGCTCGCCGTGATACCGCGCAGCCGCATCGCAGGCGCACATGCGCACACATCCACGCATGCGCCCTCCCGTTTGATTCGTGTTTTACTGCACCCTCCCTGAAGACGGCCGGACGCACGCCTCAGCGCGCGGCACCACGGGGTCCAGCACCCCTTCCACTCTGTGTGCGGAGGCCACGCAGCCCCCCTTATCCCTGCCACTGCCGGCCGGCGTGTGGTGGGGACAGGGCCAGGCACCCGTGTCGTGGGGGAGGTGGATGCAATGAATCACTGCTGATGTCGGCGGCGACGTCGTGGACGGTGTTGCGTGGGCGATACCTGCGACCGTGAGCACGCTTGCACGGCCCATATGAGGGGCAGAGTGGCAGCGTGACTCGAGCGTATCCCACCCCTCGGCCATGACTGCCTCCCGGTGGGGAGTCTGGGCCACGGCGAGAGATGCGCCAGGTGGTGGCCAGCCCAATGGGGGAGCGGCTGTGGGGCGACGTGCGAAGCGGTGAGGGGGGCGGGTGGGGGTTGAGGGGCCGAGCGCATGCGGAGCCGACTGCGTCGGCGCATTTGCTGCCGCGTGCGCGCGTGTGTGCGTGTGCGGCCGCTTCGCACCACGCGACGGTGCCTGTGACGGGGCCATCGCCGGGGGAGGGGAGAGGGGGCGGAGAGTGGTGGAGTGGAGCTGCGGACATGTTGTGTGGCAGAGAGGGGGGCTTGTGAACAACATGTCTTTGCTTTTCTTGCCCTGCGTAGTTTTCTTCCGCTGTGCCTTGCCTCGCTGCTGCTACCCTGCTCGCACTGTTTTCTTTGTGTGTGATGGCCTAGCCTCCGTAAGGTCGACGTGCTCGAC
Seq_29_LinJ.22_minus,LinJ.22,,1000,658,782138,,,,,586255,585256,,,minus,CACCTCTATGACTGTGCAAGCTTGTAAGTCGTCGTGCGTGTGTTTGTTAACGTGTGGTGGCTGGCTGCGAGTGACCCCCCATTCCTCCTTCAGTGTTGTGCACACTGGGAGGCGTTAAGGAGACACGCAGCGGCGCGTATCTCTCTGTCTACCTGTGTGAGTATGCATACGTGTGCCTTTCCGTTTGATTCGTGTTTTACTGCACCCTCCCTGAAGACGGCCGGACGCACGCCTCAGCGCGCGGCACCACGGGGTCCAGCACCCCTTCCACTCTGTGTGCGGAGGCCACGCAGCCCCCCTTATCCCTGCCACTGCCGGCCGGCGTGTGGTGGGGACAGGGCCAGGCACCCGTGTCGTGGGGGAGGTGGATGCAATGAATCACTGCTGATGTCGGCGGCGACGTCGTGGACGGTGTTGCGTGGGCGATACCTGCGACCGTGAGCACGCTTGCACGGCCCATATGAGGGGCAGAGTGGCAGCGTGACTCGAGCGTATCCCACCCCTCGGCCATGACTGCCTCCCGGTGGGGAGTCTGGGCCACGGCGAGAGATGCGCCAGGTGGTGGCCAGCCCAATGGGGGAGCGGCTGTGGGGCGACGTGCGAAGCGGTGAGGGGGGCGGGTGGGGGTTGAGGGGCCGAGCGCATGCGGAGCCGACTGCGTCGGCGCATTTGCTGCCGCGTGCGCGCGTGTGTGCGTGTGCGGCCGCTTCGCACCACGCGACGGTGCCTGTGACGGGGCCATCGCCGGGGGAGGGGAGAGGGGGCGGAGAGTGGTGGAGTGGAGCTGCGGACATGTTGTGTGGCAGAGAGGGGGGCTTGCGGAGAGAAGAATCGAATCTCTTGGCTTTATGTTCGCTGTTACCGCCTCGCTGGTCTTGTGCATATATATATATATATATGCGCGCGTGTCTCGCGGGTCACCGGCGTTTTGCTGAGACGTTCTTTCGGCGGCGCTTCTGGGTCTCTCGCTGAACATGCATAAACGCGTTCTTTTCAGTGC
Seq_28_LinJ.22_minus,LinJ.22,,1000,740,782138,,,,,573814,572815,,,minus,GGGACCTTGCCACAACGGACCCCATACGGCAGGTAAAGCTGCACGACGGTCTCGTCATGTCATCGGCGGTGTCGCCCTCGCGCGACTTGCTCGCCACCGGCACTGACCGCGGAGAACTTCGTGTGTGGCGCCTGCCGTTTGCGACGGAGCGGATTGGTGGCTCGCCGTGATACCGCGCAGCCGCATCGCAGGCGCACATGCGCACACATCCACGCATGCGCCCTCCCGTTTGATTCGTGTTTTACTGCACCCTCCCTGAAGACGGCCGGACGCACGCCTCAGCGCGCGGCACCACGGGGTCCAGCACCCCTTCCACTCTGTGTGCGGAGGCCACGCAGCCCCCCTTATCCCTGCCACTGCCGGCCGGCGTGTGGTGGGGACAGGGCCAGGCACCCGTGTCGTGGGGGAGGTGGATGCAATGAATCACTGCTGATGTCGGCGGCGACGTCGTGGACGGTGTTACGTGGGCGATACCTGCGACCGTGAGCACGCTTGCACGGCCCATATGAGGGGCAGAGTGGCAGCGTGACTCGAGCGTATCCCACCCCTCGGCCATGACTGCCTCCCGGTGGGGAGTCTGGGCCACGGCGAGAGATGCGCCAGGTGGTGGCCAGCCCAATGGGGGAGCGGCTGTGGGGCGACGTGCGAAGCGGTGAGGGGGGCGGGTGGGGGTTGAGGGGCCGAGCGCATGCGGAGCCGACTGCGTCGGCGCATTTGCTGCCGCGTGCGCGCGTGTGTGCGTGTGCGGCCGCTTCGCACCACGCGACGGTGCCTGTGACGGGGCCATCGCCGGGGGAGGGGAGAGGGGGCGGAGAGTGGTGGAGTGGAGCTGCGGACATGTTGTGTGGCAGAGAGGGGGGCTTGTGGAGAGAATAGACTGCGTATTGACGAGAAGCTAAGCGGATTAATTAAGCGAATGCAGCTTGCGGATACGGAGAGGAGGTCATCCAGAGGGATGAGGGGAGAGGGCCGGTGTGAGTGTCCATATTGTGGCATCGGT
Seq_26_LinJ.22_plus,LinJ.22,,1000,493,782138,,,,,368949,367950,,,minus,TTCTCGCCCTTGGTTCCTCTGGACCTCTTCGTGTGTGTGTGTGCATGCGATCAGACAGCGTCTTCTTGCACCGTTTTGTTTTCCCTGGCAGAGAAAAAAAGGCGGGAAAAAGGAGAGCAGGGAGGGGGTAGGAGAGAGGCTTCGGTGTGGCGTATATGTGGTGCATTGCCGTCTATCACAGTCGCGCGGAGGTTGAATTTTCATTTTGTTTGCCTCTTGTATGCAACCCCTGAGAACGGGCAACACCTAAGTGCGCTTTATCGATATCTTAGGACCCACTCTGCGAGGAAGCCAAGCAGCCCCCCTGCCCCTGTCCCTGCCAAGTGCAGAGCCACTTCCGGTGGTGACAGGGCCAGGCGCCGACGACGTGGAGAAGCCAGAGCGATCTATCGCCGCTGATGTGGGCGGTCCGGTCCTGGGTGGCGTTGCGTCGGCGCTACCTGCGACGGTGAACGCGTTTCCATCATGTATGTGATGGGGCAGAGTGCCCGCGTGACTCGAGCGTGTATCCCACCCGACCCTCCACTGCCTGCTGGTGGGGAGCCTGCGCCACCCCGAGGGACGCACCAGGTGGCCACCGGCGAGGCGGGCGGGGGGGGCGGGTAGAGTTGGAGGCGGAGGCCGTACTCGGATGGATGAGGGGCACTGCTGCAACGCGTGCTTACGGCTGCTTGGCGCCACGCGATGAGGCCTGTGACAGGCCGGGTGGAGTGGTGTCTGAGTTCATGTTGCGTGGCGGACTGGAGGCGTTGATCGCATGAAAAAAAACGCTGGTCGCTGTCCTCGAAGTCTCCGAGAGCTGATGGGCGAGCAGACGTATACAGAGAGAGAACTATGCGTGTAAAGTGAGGTGGAGCGCAGCTGTGCAGCACTGGCTCACGTTGTAGAGCCACGAAACTGTGCCAATGAAGTTAATAAAGGAAACGGGTATGAACGAGGGCAAGGATGCCGACGCGCATAGCTGGTACACTCACACGCACCGACACTCTCGAACACATGA
Seq_32_LinJ.22_minus,LinJ.22,,1000,536,782138,,,,,352956,351957,,,minus,CCCATTTTCCCTCTCGCCCTTGTCCTTTTTCTTTTTTTTTTAACCCTTACCCGTCTTCTACACCGCCTTTGTCAATGCACAGGTGACGCTCTTGTCCCTCTTCCTCCTCCTTTCCCCTAGGGCGTCTTCAAACTTATTTTCTTTCGCCTCTGTCTGTGTGTTTGCGTGCCCTTGTTTGGTTAACCGATCTCGTTGCTTTCTTTGTGTTTCACCCTCTACCCCTCATGACAGGGGGAGAGGAACATCTCGGTGTGTGGCATCTCAGAGTTTATTAACTCCACTCTGTGAGGAAGCCAAGCAGCCCCCCTGCCCCTGTCCCTGCCAAGTGCAGAGCCACTTCCGGTGGTGACAGGGCCAGGCGCCGACGACGTGGAGAAGCCAGAGCGATCTATCGCCGCTGATGTGGGCGGTCCGGTCCTGGGTGGCGTTGCGTCGGCGCTACCTGCGACGGTGAACGCGTTTCCATCATGTATGTGATGGGGCAGAGTGCCCGCGTGACTCGAGCGTGTATCCCACCCGACCCTCCACTGCCTGCTGGTGGGGAGCCTGCGCCACCCCGAGGGACGCACCAGGTGGCCACCGGCGAGGCGGGCGGGGGGGGCGGGTAGAGTTGGAGGCGGAGGCCGTACTCGGATGGATGAGGGGCACTGCTGCAACGCGTGCTTACGGCTGCTTGGCGCCACGCGATGAGGCCTGTGACAGGCCGGGTGGAGTGGTGTCTGAGTTCATGTTGCGTGGCGGACTGGAGGCGTTGATCAGGACAGGGAACGGACGACCGTTCGGGTGAGTGAGGCCAGACGAAGAGAAGGGGTAGCAATGGCGTGTGAAAGCGTTCCCTCCTTCCCTTGTTCCGCAAGGGGAAACAACGAACCACGGCTGCCCATGTCTCTCTATGCCTAGGTGAGCTGGTATGCGTGTCTATGCAGACGCTGCTCATCAGGCATGTGCGTCTGTGTCACTCTCTGTGTGTGTATGCGTCGGCTTGTGTCCATCTTCCCTC
Seq_32_LinJ.22_minus,LinJ.22,,1000,536,782138,,,,,342643,341644,,,minus,TATTATTATGATTATTTTTATTATTTTAGGGTCCGTTTTTCCCCCTCCCCTCCCCCGTCACTTTGCTCAAAAAAAAACAACCAGTCATCGTCTTTCACGTGTTTCGGCTTGTCCCCCCTCCTTCCTCTTTTTTTTTTCTATCTCCCTCTCTGAACTTGGCGATGTCCAGTCTTGTCTGCTGGGGGCTGCCCTTGTTTTCCTCTCGGTCTTGACGTCAGTAATGGCGTGGGGTGGGAGAGAAACATCTCGGTGTGTGGCATCTCAGAGTTTATTAACTCCACTCTGTGAGGAAGCCAAGCAGCCCCCCTGCCCCTGTCCCTGCCAAGTGCAGAGCCACTTCCGGTGGTGACAGGGCCAGGCGCCGACGACGTGGAGAAGCCAGAGCGATCTATCGCCGCTGATGTGGGCGGTCCGGTCCTGGGTGGCGTTGCGTCGGCGCTACCTGCGACGGTGAACGCGTTTCCATCATGTATGTGATGGGGCAGAGTGCCCGCGTGACTCGAGCGTGTATCCCACCCGACCCTCCACTGCCTGCTGGTGGGGAGCCTGCGCCACCCCGAGGGACGCACCAGGTGGCCACCGGCGAGGCGGGCGGGGGGGGCGGGTAGAGTTGGAGGCGGAGGCCGTACTCGGATGGATGAGGGGCACTGCTGCAACGCGTGCTTACGGCTGCTTGGCGCCACGCGATGAGGCCTGTGACAGGCCGGGTGGAGTGGTGTCTGAGTTCATGTTGCGTGGCGGACTGGAGGCGTTGATCAGGACAGGGAATTTGTGCTTTTCCCTTGTCCCTCCGTTCCTCCTTGATGACTCTTTGCACGAGAGATGACGAAAAAGAAGTAAAGGAAGCGAAGCTATCACTAACAGCACGACTGTATGCAAGGACATCAAGGAAAAAAAAAACAACGTGCGGTGAAACGGCGGAGCGGGAAAGCGGGAAGCACCCTCCTGCGCTCCTCACCATACACAGCTGAGCAGGGGAAAGAACAGTGCACGTTTTGCC
Seq_28_LinJ.22_minus,LinJ.22,,1000,538,782138,,,,,222204,221205,,,minus,CGTGCCCGCTGGTGCTCGCAGCTGTGTCTGTGGATTTCAAGACGGATGCGTTCTGCGTTCGCGTGCACAGGGGCGTTCTTGTAGGCCGCATTGCGCGTTTGTGCACTGATCGACTCACTCACGTGCGCGCCTACGCAGGGAAGGTCGTCTTTCGCACCGCCATTTTTTCTTTGGTGCATCCTCGAGCCAGAGGCCATGCCACGCCTTGCGTCTTTTCCTCTCACTCTGCATGCCCCTCATGACGGGAAGCGGGCGTGCCTCAGCGCGTGACAGCGCAGGATCGAGTGCACCCTCTCCCCATCCCCTGCGAATGCTGCACCACCTCTGGCGGTGACAGGGGCCCGGTGACTAGGACGTGGGGAGGTCAGAGCGAGTCGTCGTCGCGGATGCCGGCGGCCAGGTCTTGGATGGCGCTGCTTCGGAGCGACCCGCGACAGTGAGCACGTTTGCATGACCCATACGATGCTTGCGAGCTGTCAGCGTGGCTTGCGCGCATCCGCCCTCCCTCCTCCGGCCCTCGCACTGCCTACTGGTGCGGTGAGCCTGAGGAGCCACCGTGAGGGCGACGCACAATACGACGACCGGCATGATGGGTGCGGCGGTGGGGCGACCTGCGAGGCGGCGCGTGGTGGGTGGGGAGCTCTGAGGCAGAGGGCATGCCCTCAGATGACTGGGTGGGCGCATTGCTGTGACGTGTGTCTAGCGCTGCGTCGCACCACGCGGATGTGGGCCTGCGACAGGGCCTGGGGGTGCGGAAGGAAGAGTGGGAGGTAGCATAGCGGTCTGACCGACGGTCTATGGCAGGAGGACGCGTATTGGTAAGGCCGAAAAACCAATGTTTTCGGGTTTCGGTCTATCACGATCAGGTTATGGGGTGGCGGTGATTCACTCACAAAGTAATGGTCCGCGCGGTTCTGTGCAGACAGACGTAGATATGGATATGCGCCCCACCGAGGACTTGAAACATATCAGAGCCAACGACAGCATTAACGAAAGCCAA
Seq_57_LinJ.35_minus,LinJ.22,,1001,551,782138,,,,,90937,89937,,,minus,GTGACGGCGTTGTACTCGACACGCATGAGGAGCCTTAGACGTACTTTTCGTATGCGAAACGCCAAAAAAGGAAGGACATGGGAAAATAAGGCACAACTTAAACGGAAAAGGGGAGACGGAGCGGTACATACACGACAGCAACACTAAAATTTTCACGAATGTTTTTTTTTTATTGCTTGCTTTTGTTTCGCTTTACGTAGCCATCATCACAAGGAAACACTTCAGGGCGTGGCATCTCCGGGTCCAGTGCCTCCAGTTTATCTGGGGGAGCCAAGCAGCACCCCTACTCCATCGCCCCTGCCAATGCCGAACCACCTCTGGCGGTGGCAGGGTCGGAGACCCTACGGCGTAGGCAGTGGTCAGAGCGAGGCATCGCTTCGGATGTCGGTGGTCAGGCCCTGGATGGCATTGCCTCTAAGCGACATGCAGCAGTGGACACATTTGCACCATCCATATGATGGGGCAGCGTATCAGCGTGACTCAAGCATCTCCCGTCCCCCCCCCCGGCCCTCACACTGCCTACTGATGTGGGCAGCCTGAGAGCCACTCCGAGGTGAATGCGCGAGGTGTCGACCGGCATGATGGGCGCCGCTGTGAGGCGGGCTTCGATTCGGGTGGAGGTGAGTAGAACTTGAGGCACGATGCCATGCTCAACTGACTGAGTCAGCGCATTGCTGTAACGCGCGTGCCCACGGCCGCTTGGCACCAGCTAAGGGGGCCTGTGGCACGCCAGGGGTAGTGTGGAGTTCAGCCCATGACGTATGGGCAGAGAATGGGCGTGTTGAAAAAAAAACAGAATCGCTTTGCGTTCGCGCCTGTGCCGCGTTGTCTCTACTCACGGATGAACCTCAACTTCTTTTTTTTTTCCGCGTGTCCGTTTCTGTTGCCATCTCTACTGCGTAAAAAATTTGTTAGTGTCGGTGTGTGTGTGTGTGCGTGTGCGTAGGTTGGTGGGCTGCAAGGCACGGGACAGCGTTTCTTGTCTGGATTCACTGCGTCGT
Seq_25_LinJ.22_plus,LinJ.22,,1001,712,782138,,,,,300149,299149,,,minus,GAGCGTGCTGAGCGGCACACCGAGAAGGAAGACTTGGAAGAGGAGCACGCCTTCCAGGATGACGAAGAGCTCGATGAGGAATACAAGGACGAGGAGTGCGGCGATTATGAAGGGTCGTCGCAACGCCACAGCGGTGGCGTGTACGTCCCTGGCGCCTAATCCGCCACATGCTCTGCAGCACCTCGTTCTCTTAGCTAAAAGAAGGTGATACGATCAACGCAGGCGGTCTCATGTTTGTCGCCATCGTGGTTTTGCGTGCGGGGAGCGATGGCGTCTGTCCATGCGCGAGTGTCTACGTGGGCTCTTCTCCGAGAGAGCGTGAGGGACGCATCAGGACGTTTTTCCGCTTTCCTTTCGTTGCTGCGGCCCCTCATGACGGAGAGGGGGAGGGGCCCACACACCTCTCTCAGCGCGTGGCATCTCAGGGTCCAGTACCCCCTCCACTTTCTCTGGGGAGAAGCCAGGCGGCCCCTCCTTTATCCTTGCCAATGCCGCGCCACCATCAGAAGTGGCAGGGCCAGGTCCTGGATGGTGTTGCGTCGGAGCTAACTGCAACAGTGAGCTGGCTTGTGTCATCGATGTGGCGGGCGAAGTGTCAACGAGACTTGAGTGCGTCCCATACCGGGCCCTCGCACTGCCTACTGGTGGGAGGCCCGAGCCACCCCGAAGGGGATGCACCACATGGCGATCGGCATGATTGTGAGCGGCTATGAGACGACCTGCGACGCGGGGGCTGGGTATAGTTTAGGGCAGAGGCCCGTGCTCAAATGACTGAATGGGCGCACTGCTGTGGCGCGCGCGTCTAGCGCTGCGCCGCATCACGCGATATCGGACCTTTGACAGGGAAGGGGGGGCGAGAAATAAGGTGGGCGGTATGCCCCATGCTCTGTGTGGGAGAGAAAGGCACACAAGAAAGTGAGTAGCAGATTCTCGGTGTTGCTGCTTTTCGCAGTCGCGGCGCCGCCATCCCCCTCTCACGTTGTCTTTCAGGTTCGAGGTGT
Seq_35_LinJ.22_minus,LinJ.22,,1001,537,782138,,,,,157402,156402,,,minus,TCTTCCTCATCACCGTTCCATCGCCGTTCCACACAGAGCGCAGTGAATTGCCCGCGAGACAGCGCTCGTATCACAGCACGGTAGCCGCGCTGCTGATCTTGTATTTCTCGCCTTTCGCGCTGCTGCACATCATTAGTGGCACGGCATCCACCGCTTCATGAGTGCGGCGCCCGAGGGCCTCGAGACTTCTCATTTCTTTTTGTGATAGGCTCTCGGTAGCCCCCATGACGGGAAGCGGGCGCGCCTCAGCGCGTGGCAGCGCAGGATCGAGTGCACCCTCTCCCCATCCCCTGCGAATGCTGCACCACCTCTGGCGGTGACAGGGGCCCGGTGACTAGGACGTGGGGAGGTCAGAGCGAGTCGTCGTCGCGGATGCCGGCGGCCAGGTCTTGGATGGCGCTGCTTCGGAGCGACCCGCGACAGTGAGCACGTTTGCATGACCCATACGATGCTTGCGAGCTGTCAGCGTGGCTTGCGCGCATCCGCCCTCCCTCCTCCGGCCCTCACACTGCCTACTGGTGCGGTGAGCCTGAGGAGCCACCGTGAGGGCGACGCACAATACGACGACCGGCATGATGGGTGCGGCGGTGGGGCGACCTGCGAGGCGGCGCGTGGTGGGTGGGGAGCTCTGAGGCAGAGGGCATGCCCTCAGATGACTGGGTGGGCGCATTGCTGTGACGTGTGTCTAGCGCTGCGTCGCACCACGCGGATGTGGGCCTGCGACAGGGCCTGGGGGTGCGGGAGGTAGAGTGGGGTTTAACTCGTGCTGTGTGGCAGAGACGGTATACGTTTTGGAACAGCGCTGAATCTAGAGTTAGTGCAAGAAGTGATGACGTTGGCCGCCGACTGTCCTCGCCACGGGGTCTTCGCACATCTGTGCGACCTGCGAGGCCTCCGGAAAGCACCGCGATGGACGTTCCCGCGGAAGGCTTGGTGGGTCTCTTCTACTTTTTGTTGAGACTTCAATAACGTGCTCATCATAATTTGTGTTCCACTGTACT
Seq_15_LinJ.27_plus,LinJ.22,,1000,794,782138,,,,,443670,442671,,,minus,GGTCAGCAGGAACCACAACGACTGTGAGTGCTTGTGATGCTCACCGAGGGACTTTTATCCCTTCAGCTTGTCCACACCTCTGCCACGAGCAAGTCAGCACATCAGCGCACATACACAGCCACAGCGCACCTGCCCCCAGCGGCGCCACGGCTTCGTCCCGGCCGTCTCGGACGAGCCGCCTGCCGTCGAATCGGGCCACGCGCGCAGCGGCCTCCTCATGCCCTTCCTCGCCCCTTCCCCGGGTGCGCGCTGCGCCATCGGCCCCACACGGAGACGCGGGTGGGCGGCACGCCTTCACCCGCGCGGCCACCATTCGGGCTCCCGATCGAGGGCGCATGCCGCACAGGCCCGAGGAGGAAGTCGGCCACCTTCCGGTCAGCGCCCTCGGTCGCTTCGAGCAGCCGCATCCCATAATCTGCTCCCCGCAGGCTCGCCACATTCGGGCCTGGAGGGCTCGACGGTGCAACTCGGGATGCCCTCGCCACGCTTCCGGCATCCGCGCCTCATCAGCCCACACAGGCACATCGAGGGCGTGCCGCATGCTTCGCGCCGTTCCCGTCCACCGCTCTTGCTCCTCCGGCCTCCCCATGCACTGTCTGCGTGCGGTACGCTGCGTGCCGGCTGTGCGTCACAGCGCCCGCGCACCGCGCTCGCAGTTCTGCGCTGTGGGGCCCGCCTCAGCGCGGCGTCGTGGCCGGGGGAGAGGCCCGCCGGCGAGCATGTGCCGGTGCACAAAGAGCTCACAGCACGTCGTTCCGACGGAGCACAGGGGGCAGCGGTAGGCACCCGGCGGGGGAAGCCCATGCAGCGCGAGCGGGATGTGCGTGGCCAGGTCACTGCGTGCAAGATCATAGCGCGAAACCAGGTGTGCCTCATGAGTTCAGCAGCCTTGTTCTCCGCGTGTGGGGCGGCGGCCGCCAAGTGCCTCTTGTCTCAGCGTGCCGTATCGCGTAGCGCGGCTCCGGGGGATGCCGACCTAACGCCTGGGGCCGGTGGCCGA
Seq_21_LinJ.07_plus,LinJ.22,,1001,734,782138,,,,,354484,353484,,,minus,GTGCGCTTCAACGCATCAGTGGCTGGCGGGCTGTGGGCGGATGGTGCGGCACAGGCAGACATGGGGCCAGGAGCGGCGGCGGTGCGCCATGCTACTAATACACTGACGGGCACAGCGGCAAGAGGCACTTGGCGGCCGCTGCCCCACACGCGGAGAACAAGGCTGCTGAACTCATGAGGCACACCTGGTTTCGCGCTATGATCTTGCACGCAGTGACCTGGCCACGCACATCCCGCTCGCGCTGCATGGGCTTCCCCCGCCGGGTGCCTACCGCTGCCCCCTGTGCTCCGTCGGAGCGACGTGCTGTGAGCTCTTTGTGCGCCGGCACATGCTCACCGGCGGCCCTCTCCCCCGGCCACGACGCCGCGCTGAGGCGGGCCCCACAGCGCAGAACTGCGAGCGCGGTGCGCGGGCGCTGTGACGCACAGCCGGCACGCAGCGTACCGCACGCAGACAGTGCATGGGGAGGCCGGAGGAGCAAGAGCGGTGGACGGGAACGGCGCGAAGCATGCGGCACGCCCTCGATGTGCCTGTGTGGGCTGATGAGGCGCGGATGCCGGAAGCGTGGCGAGGGCATCCCGAGTTGCACCGTCGAGCCCTCCAGGCCCGAATGTGGCGAGCCTGCGGGGAGCAGATTATGGAATGCGGCTGCTCGAAGCGACCGAGGGCGCTGACCGGAAGGTGGCCGACTTCCTCCTCGGGCCTGTGCGGCATGCACCCTCGATCGGGAGCCCGAATGGTGGCCGCGTGGGTGAAGGCGTGCCGCCCACCCGCGTCTCCGTGTGGCGCCGATGGCGCAGCGCGCACCCGGGGAAGGGGCGAGGAAGGCCATGAGGAGGCCGCTGCGCGCGTGGCCCGATTCGACGGCAGGCGGCTCGTCCGAGACGGCCGGGACGAAGCCGTGGCGCCGCTGGGGGCAGGTGCGCTGTGGCTGTGTATGTGCGCTGATGTGCTGACTTGTTCGTGGTGGAGTGTGCAGATAGAAGGCGGATGAATAGTCT
Seq_33_LinJ.22_plus,LinJ.22,,1000,1000,782138,,,,,320622,319623,,,minus,TGGCCACAGCACCACGCTCCTGCGACACTCCGTGGGGTGTGTGTGACCTTGGCTGCTGTTGCCAGGCGGATGAACTGCGAGGGCCACAGCAGCGCAAGTGCCGCTTCCAACCTTGCGACTTTCACGCCACAGACGCATAGCAGCGCCCTGCCTGTCGCGGCGCATGCGGGCAAGCCATCTAGATGCGCCTCTCCACGACATGGCCGGAGGCGGCAGATGAAGGCAGCGACCCCTTTTCCCCGGCCACGACGCCGCGCTGAGGCGGGCCCCACAGCGCAGAACTGCGAGCGCGGTGCGCGGGCGCTGTGACGCACAGCCGGCACGCAGCGTACCGCACGCAGACAGTGCATGGGGAGGCCGGAGGAGCAAGAGCGGCGGACGGGAACGGCGCGAAGCATGCGGCACGCCCTCGATGTGCCTGTGTGGGCTGATGAGGCGCGGATGCCGGAAGCGTGGCGAGGGCATCCCGAGTTGCACCGTCGAGCCCTCCAGGCCCGAATGTGGCGAGCCTGCGGGGAGCAGATTATGGAATGCGGCTGCTCGAAGCGACCGAGGGCGCTGACCGGAAGGTGGCCGACTTCCTCCTCGGGCCTGTGCGGCATGCGCCCTCGATCGGGAGCCCGAATGGTGGCCGCGTGGGTGAAGGCGTGCCGCCCACCCGCGTCTCCGTGTGGCGCCGATGGCGCAGCGCGCACCCGGGGAAGGGGCGAGGAAGGGCATGAGGAGGCCGCTGCGCGCGTGGCCCGATTCGACGGCAGGCGGCTCGTCCGAGACGGCCGGGACGAAGCCGTGGCGCCGCTGGGGGCAGGTGCGCTGTGGCTGTGTATGTGCGCTGATGTGCTGACTTGTTCGTGGTGGGCTATGGGCACGGTGAGGGGCGACGTTGGCCCTTGCTGACTTCCTCTGCTTTCTTATTATTCTCAGTGCCCCCGCTGGATTGGGCTGCATCGGCGGTCTGTATCGCGCTTGTCTCTCTCATTTGACGGCTGCGCACTCCCGC
Seq_58_LinJ.18_minus,LinJ.22,,1001,474,782138,,,,,319484,318484,,,minus,TCTTTTCTCTCTTGAGACTGCGGACTACGGGAATCAGAGACGTCGTCAGAGACGCGCATCCGCACCCGCGCGCTATGCTTCCTCGTTCTCTCTCCCGCCCCATTCTGTGCGCCTGCCTGTCTGCGTGTCGCGAGCGCCGTTGCCGGCGGTCTCTCTCCCCTCCCTTCGCTTCTCTCTTCCAAGCGCTTCCTTTTTCACAGCCGAACGTTGCTGCTCGCCTGGAGGCCGTTCCCCCTCTTATCATCTCTGCATTTATTTTTACACGTGCTTTTGCTTTGGCTTCCTGACGATGCCGGCCACCTCACCGCGGTGTCAGGGCCCAGCGCCCACTCTTTGTGGGCAGGCCAAGTAGCCTGCAGCCTGCCCATGAGCACGGCTGTGGACTCTTGGTGCCAGCGGACAGGTGTGGGCTGGCGCTGTGCCGGTGACACCAACGGTCATGATGACGCTTGGACCAGCTCACTGCGGATCATGCCGACGATTCAACGAATGCGCGCATCCACCTACTGCCTTTCTGCCTTTGCTGCGCTGCGGTGGTGCTGAGCGTGGTCCCGGGGCCTAGCCTGCGCTGCACGCAGCGGCATTGCGGTGGGCTGAGCGGCGCCAGGCGGTGCTGGCCGGCCCTGCTGCTTGGCATAGCCGTGGCGTGCAGCAGATGCGGATGGGCTGTGGCTGCGCATGCGTGTGTGCGTTGACTTGTTCGTGGTGGGCGGGCACGTAAACGGCAAAATGCGCTTTGGCGTTCCGGCGCCAGCCTCCGGCGCTGGTGCGGTATTCGAATACGCGCCTGAAGAGGTGGCGAGGAAAATGGCACGAGGCGCAGAGGGAAAAAACGAAAAGTGCAAAGTGCGCAAACCGCGCAGAAAATGCGGAGGAGGACTGAGACTGCTGACATGCGTGAGCGCTGCATTGCGGCGGGGGGCTGGAGCGGAGTGCAACGCCGTACACTCACACAGATACACGCGCCAGTGTGCCTCGCAGGCTCCCCCTGCTCGTCACCG
Seq_33_LinJ.22_plus,LinJ.22,,1000,1000,782138,,,,,313178,312179,,,minus,TGGCCACAGCACCACGCTCCTGTGACACTCCGTGGGGTGTGTGTGACCTTGGCTGCTGTTGCCAGGCGGATGAACTGCGAGGGCCACAGCAGCGCAAGTGCCGCTTCCAACCTTGCGACTTTCACGCCACAGACGCATAGCAGCGCCCTGCCTGTCGCGGCGCATGCGGGCAAGCCATCTAGATGCGCCTCTCCACGACATGGCCGGAGGCGGCAGATGAAGGCAGCGACCCCTTTTCCCCGGCCACGACGCCGCGCTGAGGCGGGCCCCACAGCGCAGAACTGCGAGCGCGGTGCGCGGGCGCTGTGACGCACAGCCGGCACGCAGCGTACCGCACGCAGACAGTGCATGGGGAGGCCGGAGGAGCAAGAGCGGTGGACGGGAACGGCGCGAAGCATGCGGCACGCCCTCGATGTGCCTGTGTGGGCTGATGAGGCGCGGATGCCGGAAGCGTGGCGAGGGCATCCCGAGTTGCACCGTCGAGCCCTCCAGGCCCGAATGTGGCGAGCCTGCGGGGAGCAGATTATGGGATGCGGCTGCTCGAAGCGACCGAGGGCGCTGACCGGAAGGTGGCCGACTTCCTCCTCGGGCCTGTGCGGCATGCGCCCTCGATCGGGAGCCCGAATGGTGGCCGCGTGGGTGAAGGCGTGCCGCCCACCCGCGTCTCCGTGTGGCGCCGATGGCGCAGCGCGCACCCGGGGAAGGGGCGAGGAAGGGCATGAGGAGGCCGCTGCGCGCGTGGCCCGATTCGACGGCAGGCGGCTCGTCCGAGACGGCCGGGACGAAGCCGTGGCGCCGCTGGGGGCAGGTGCGCTGTGGCTGTGTATGTGCGCTGATGTGCTGACTTGTTCGTGGTGGGCTATGGGCACGGTGAGGGGCGACGTTGGCCCTTGCTGACTTCCTCTGCTTTCTTATTATTCTCAGTGCCCCCGCTGGATTGGGCTGCATCGGCGGTCTGTATCGCGCTTGTCTCTCTCATTTGACGGCTGCGCACTCCCGC
Seq_58_LinJ.18_minus,LinJ.22,,1001,474,782138,,,,,312040,311040,,,minus,TCTTTTCTCTCTTGAGACTGCGGACTACGGGAATCAGAGACGTCGTCAGAGACGCGCATCCGCACCCGCGCGCTATGCTTCCTCGTTCTCTCTCCCGCCCCATTCTGTGCGCCTGCCTGTCTGCGTGTCGCGAGCGCCGTTGCCGGCGGTCTCTCTCCCCTCCCTTCGCTTCTCTCTTCCAAGCGCTTCCTTTTTCACAGCCGAACGTTGCTGCTCGCCTGGAGGCCGTTCCCCCTCTTATCATCTCTGCATTTATTTTTACACGTGCTTTTGCTTTGGCTTCCTGACGATGCCGGCCACCTCACCGCGGTGTCAGGGCCCAGCGCCCACTCTTTGTGGGCAGGCCAAGTAGCCTGCAGCCTGCCCATGAGCACGGCTGTGGACTCTTGGTGCCAGCGGACAGGTGTGGGCTGGCGCTGTGCCGGTGACACCAACGGTCATGATGACGCTTGGACCAGCTCACTGCGGATCATGCCGACGATTCAACGAATGCGCGCATCCACCTACTGCCTTTCTGCCTTTGCTGCGCTGCGGTGGTGCTGAGCGTGGTCCCGGGGCCTAGCCTGCGCTGCACGCAGCGGCATTGCGGTGGGCTGAGCGGCGCCAGGCGGTGCTGGCCGGCCCTGCTGCTTGGCATAGCCGTGGCGTGCAGCAGATGCGGATGGGCTGTGGCTGCGCATGCGTGTGTGCGTTGACTTGTTCGTGGTGGGCGGGCACGTAAACGGCAAAATGCGCTTTGGCGTTCCGGCGCCAGCCTCCGGCGCTGGTGCGGTATTCGAATACGCGCCTGAAGAGGTGGCGAGGAAAATGGCACGAGGCGCAGAGGGAAAAAACGAAAAGTGCAAAGTGCGCAAACCGCGCAGAAAATGCGGAGGAGGACTGAGACTGCTGACATGCGTGAGCGCTGCATTGCGGCGGGGGGCTGGAGCGGAGTGCAACGCCGTACACTCACACAGATACACGCGCCAGTGTGCCTCGCAGGCTCCCCCTGCTCGTCACCG
Seq_33_LinJ.22_plus,LinJ.22,,1000,1000,782138,,,,,305110,304111,,,minus,TGGCCACAGCACCACGCTCCTGTGACACTCCGTGGGGTGTGTGTGACCTTGGCTGCTGTTGCCAGGCGGATGAACTGCGAGGGCCACAGCAGCGCAAGTGCCGCTTCCAACCTTGCGACTTTCACGCCACAGACGCATAGCAGCGCCCTGCCTGTCGCGGCGCATGCGGGCAAGCCATCTAGATGCGCCTCTCCACGACATGGCCGGAGGCGGCAGATGAAGGCAGCGACCCCTTTTCCCCGGCCACGACGCCGCGCTGAGGCGGGCCCCACAGCGCAGAACTGCGAGCGCGGTGCGCGGGCGCTGTGACGCACAGCCGGCACGCAGCGTACCGCACGCAGACAGTGCATGGGGAGGCCGGAGGAGCAAGAGCGGTGGACGGGAACGGCGCGAAGCATGCGGCACGCCCTCGATGTGCCTGTGTGGGCTGATGAGGCGCGGATGCCGGAAGCGTGGCGAGGGCATCCCGAGTTGCACCGTCGAGCCCTCCAGGCCCGAATGTGGCGAGCCTGCGGGGAGCAGATTATGGGATGCGGCTGCTCGAAGCGACCGAGGGCGCTGACCGGAAGGTGGCCGACTTCCTCCTCGGGCCTGTGCGGCATGCGCCCTCGATCGGGAGCCCGAATGGTGGCCGCGTGGGTGAAGGCGTGCCGCCCACCCGCGTCTCCGTGTGGCGCCGATGGCGCAGCGCGCACCCGGGGAAGGGGCGAGGAAGGGCATGAGGAGGCCGCTGCGCGCGTGGCCCGATTCGACGGCAGGCGGCTCGTCCGAGACGGCCGGGACGAAGCCGTGGCGCCGCTGGGGGCAGGTGCGCTGTGGCTGTGTATGTGCGCTGATGTGCTGACTTGTTCGTGGTGGGCTATGGGCACGGTGAGGGGCGACGTTGGCCCTTGCTGACTTCCTCTGCTTTCTTATTATTCTCAGTGCCCCCGCTGGATTGGGCTGCATCGGCGGTCTGTATCGCGCTTGTCTCTCTCATTTGACGGCTGCGCACTCCCGC
Seq_58_LinJ.18_minus,LinJ.22,,1001,474,782138,,,,,303972,302972,,,minus,TCTTTTCTCTCTTGAGACTGCGGACTACGGGAATCAGAGACGTCGTCAGAGACGCGCATCCGCACCCGCGCGCTATGCTTCCTCGTTCTCTCTCCCGCCCCATTCTGTGCGCCTGCCTGTCTGCGTGTCGCGAGCGCCGTTGCCGGCGGTCTCTCTCCCCTCCCTTCGCTTCTCTCTTCCAAGCGCTTCCTTTTTCACAGCCGAACGTTGCTGCTCGCCTGGAGGCCGTTCCCCCTCTTATCATCTCTGCATTTATTTTTACACGTGCTTTTGCTTTGGCTTCCTGACGATGCCGGCCACCTCACCGCGGTGTCAGGGCCCAGCGCCCACTCTTTGTGGGCAGGCCAAGTAGCCTGCAGCCTGCCCATGAGCACGGCTGTGGACTCTTGGTGCCAGCGGACAGGTGTGGGCTGGCGCTGTGCCGGTGACACCAACGGTCATGATGACGCTTGGACCAGCTCACTGCGGATCATGCCGACGATTCAACGAATGCGCGCATCCACCTACTGCCTTTCTGCCTTTGCTGCGCTGCGGTGGTGCTGAGCGTGGTCCCGGGGCCTAGCCTGCGCTGCACGCAGCGGCATTGCGGTGGGCTGAGCGGCGCCAGGCGGTGCTGGCCGGCCCTGCTGCTTGGCATAGCCGTGGCGTGCAGCAGATGCGGATGGGCTGTGGCTGCGCATGCGTGTGTGCGTTGACTTGTTCGTGGTGGGCGGGCACGTAAACGGCAAAATGCGCTTTGGCGTTCCGGCGCCAGCCTCCGGCGCTGGTGCGGTATTCGAATACGCGCCTGAAGAGGTGGCGAGGAAAATGGCACGAGGCGCAGAGGGAAAAAACGAAAAGTGCAAAGTGCGCAAACCGCGCAGAAAATGCGGAGGAGGACTGAGACTGCTGACATGCGTGAGCGCTGCATTGCGGCGGGGGGCTGGAGCGGAGTGCAACGCCGTACACTCACACAGATACACGCGCCAGTGTGCCTCGCAGGCTCCCCCTGCTCGTCACCG
Seq_59_LinJ.22_minus,LinJ.22,,1001,435,782138,,,,,263564,262564,,,minus,ATGCAAGGTAAATGGGCAAAACTAGCAGAGGAAAACGAGAGAAAGTTTGCGAGGTACCGTCGTGGATAGAAAAGGTGGGCGTGACGGAGCGGAGAGGAAGGGGAGTGCCAGCCAATGTCTTCCTACCGGCGCCTCCTCTGAGTATGATTGACGGAAGATGCTTTTCACCGGCTAGCGCGCGTTGAGCTGGTTTCGCTGCTGCTCTTGCCAATTTGCCGTGCTCTAGCGCTTGCTCTCGTATTTTATTTCCTCACATCTTTCGTTCTCCCACCTCCCTGGTGTCTGCCGGGCACACTTCACCGCGGTGTCAGGGCCCAGCGCCCACTCTTTGTGGGCAGGCCAAGTAGCCTGCAGCCTGCCCATGAGCACGGCTGTGGACTCTTGGTGCCAGCGGACAGGTGTGGGCTGGCGCTGTGCCGGTGACACCAACGGTCATGATGACGCTTGGACCAGCTCACTGCGGATCATGCCGACGATTCAACGAATGCGCGCATCCACCTACTGCCTTTCTGCCTTTGCTGCGCTGCGGTGGTGCTGAGCGTGGTCCCGGGGCCTAGCCTGCGCTGTACGCAGCGGCATTGCGGTGGGCTGAGCGGCGCCAGGCGGTGCTGGCCGGCCCTGCTGCTTGGCATAGCCGTGGCGTGCAGCAGATGCAGATGAGCTGTGGTTGTGCATGCGTGTGTGCGTTGACTTGTTCGTGGTGGACGGGCACGTAAAGGAACGCAGAAGGGAGAAACGCTTTTACCCCTCTATGACTGTTTCAACTGGCGACGCGCTTCACCTCTGTCGGTTGTGGTGTAGCCGTTGCCATGCAGCCAGGCGAGCGCTCGCCTCTCCTACGACTCTCTGCCTCCCTTCTCTCCGCTGATCTCTCGCGTTCCCGCTGTCTACTTCAAGAACACCGTGTTTCGTTACCAATGATCAACGAGCACGTCTACCTGATCAGTGAGGATCTGGTCTTGGTGCCGTACCTGGCGCCGTTTGTGCCACGCTACCATGAA
Seq_37_LinJ.22_plus,LinJ.22,,1000,539,782138,,,,,398298,397299,,,minus,CACGCGGTGCACACAACACAGAGCCCGGCCGTGCCTCCATCCCACAGCACGAGTGGGAGGGGCGGGAGTGCGCAGCCGTCAAATGAGAGAGACAAGCGCGATACAGACCGCCGATGCAGCCCAATCCAGCGGGGGCACTGAGAATAATAAGAAAGCAGAGGAAGTCAGCAAGGGCCAACGTCGCCCCTCACCGTGCCCATAGCCCACCACGAACAAGTCAGCACATCAGCGCACATACACAGCCACAGCGCACCTGCCCCCAGCGGCGCCACGGCTTCGTCCCGGCCGTCTCGGACGAGCCGCCTGCCGTCGAATCGGGCCACGCGCGCAGCGGCCTCCTCATGGCCTTCCTCGCCCCTTCCCCGGGTGCGCGCTGCGCCATCGGCGCCACACGGAGACGCGGGTGGGCGGCACGCCTTCACCCACGCGGCCACCATTCGGGCTCCCGATCGAGGGTGCATGCCGCACAGGCCCGAGGAGGAAGTCGGCCACCTTCCGGTCAGCGCCCTCGGTCGCTTCGAGCAGCCGCATCCCATAATCTGCTCCCCGCAGGCTCGCCACATTCGGGCCTGGAGGGCTCGACGGTGCAACTCGGGATGCACTCGCCACGCTTCCGGCATCCGCGCCTCATCAGCCCACACAGGCACATCGAGGGCGTGCCGCATGCTTCGCGCCGTTCCCGTCCACCGCTCTTGCTCCTCCGGCCTCCCCATGCACTGTCTGCGTGCGGTACGCTGCGTGCCGGCTGTGCGTCACAGCGCCCGCGCACCGCGCTCGCAGTTCTGCGCTGTGGGGCCCGCCTCAGCGCGGCGTCGTGGCCGGGGAAAAGGGGTCGCTGCCTTCATCTGCCGCCTCCGGCCATGTCGTGGAGAGGCGCATCTAGATGGCTTGCCCGCATGCGCCGCGACAGGCAGGGCGCTGCTATGCGTCTGTGGCGTGAAAGTCGCAAGGTTGGAAGCGGCACTTGCGCTGCTGTGGCCCTCGCAGTTGATCCGCCTGG
Seq_28_LinJ.19_plus,LinJ.22,,1000,1000,782138,,,,,382636,381637,,,minus,CCCTGCTTGATGAACACATCCTGGAGAGGGCGATGCTCGGGCGACGCCTAGGGTACTTTCGCAAGACATGCCTCTGATCGCGTCAGTTTTGGAGTCCAGAACGGTCTATAAGCGGCTCTACCAGATGGAACAGCCTTCACGGCAATTTTCGCGATGAGTCCAGTTGTGAATGTAGCCTCATCTCTGAGTGACAGATTGTGGTTGTGTATGTGTGGTGGGTGTCACTGCATGGGCGATTCGCCTTTCTTCCCTGATGCGCTCTCGGTTTGTCTGTGTGTGATCGGGGTGGGGGAGGGGGGGGGCACACTGAAGCTCGCACGTCTTCGCTTCTGTGCTGCTGTGGTGTAGGCACGGTCTTTGCGGATCGATTTGGCAATAAGGGATAGTAAAGCTTCCAGTTCACTTTGTGGAAAGAGCATAATTGGGAACCATCCATCACTGGCGGCACCCGGGCCATATTCCTCCTCAGAGTAGACAATAAACTCGATTGCACAGCGGTCACTCGGCGCCGTGGTGGCGGTGCCCCAATCTTAGATGATGCAGTCGAGCCCCAAAGTGACGTTTCCGTGGCCCCGTCTGCGCCGTGCCATGTTGAAGTGTCATTTTTGTTGGCGCATGTCAATTATTTGTCAGTGAGCTAGTCGTGTAGAATGGCTCCAGCCCATTCGGGCCGTCTTTTCGTGTTCTGCACCTGGCGGCGCAGGCCGGCGCCTATCCCAGCAACGCGAGGGCTAGGCGCGATGCCGCTTCGTATTTGATAGGGAGCTTCTCATGTAACCATTTCACCCTTAGGTGAAAGGCCCGACATGAAGTGTACCCGTGTAGTAGGGCTAATCACAGCGAAGCCAGAACGCCACTGCGCCAACCTCGTCCTTGAGAACAGGGGGGAGGGCCCGCACACATATGTATCTTCTCTTGTTTCAGCACCGAGACGTCACCACCACGCTTCTTTTCTTTTTCTACACCACAGTGCCGAAAACCATACAAACAACATGCTTTG
Seq_34_LinJ.26_minus,LinJ.22,,1000,674,782138,,,,,435260,434261,,,minus,CGTGTGTATCAGTGGGTGGGCATATGTGTGTACGGGAGGGGGAGAGCGAGGATGGAGGCCGCGGAAGAAGAGTGGGAGGACGCGAGCAAACACGCAGAGAATAGGGGAGGGGGAGGGAGGCGGCACGGGAAGATTGCACGGGAAGCGCAAAGAGCGTGTGTGTGCCTGTGTCTGTGATGGCCGACGCGCTCCAGTCGGAGACAGAAAAAAACAAGCAGCAGCGCATGGGGGACAGCAGGCCACTCCAGAAAACATGGCGAGGGAGCGAGGTGGCCATGCTACGGATGCACCCGCCCGTGGCCCCCTGTCGCCGCTTGCTGCTTTTTTTCTCTTCCTTCTCGTCTCTCCGCATCGAGTCACCTTGAAACTGCACGGGAGCGTCGGGGTGCATTTCTGTGTACTCCCTTTCCTTTCGCCAGCATGCAAGAGAGGGCGGTTCAGCCGAGGCCGTTGAGCGAGTCCGCGTATTCGGCTCAGTCGATCAGATTTCTGTGGGGTGGTGTGTGTGTGTGTGTGCACGAGTGATCGAGCCGCCGACACACCGAGAGGGCCCAACACCGGCAGGCATCGAGCGCACCTTTTCTGGGCAAAAGTCGACATACGCGGCTGTGTCTGTGCCTCTGTGTAACGGCGAGAGTGCGCAGTCTCATACTCTTTTAGCTGCTTGTCTCACCGTGTGGAGACATGAAGGGGGAGGGGAGAGCGGTGCAGAGAGGTCGGTTGAGTCGTGGCCTTACTCGAAAGGCACAGACAACAACAATAGCGAGAGAGAAGGGGACAATGAGGTCACTGCGGCCGTTCCGCAGATAAAACCGAAAACCAGACGCAGCACTGAAACTTAGAACAATCATCTCGCTTCCATTGGAGAACCGGAGAGCTCGGACGTGCACCCCTCAACATCACCACACACCATCACTTCCCCGCGATTTACTTGCACCGTTGCGTCCCAAGAAGAGCGCACCGCGATCGATGACAACGGACACAAGTATGCACAGTGAAG
Seq_13_LinJ.22_plus,LinJ.22,,1000,1000,782138,,,,,340522,339523,,,minus,TATGATCTTGCACGCAGTGACCTGGCCACGCACATCCCGCTCGCGCTGCATGGGCTTCCCCCGCCGGGTGCCTACCGCTGCCCCCTGTGCTCCGTCGGAGCGACGTGCTGTGAGCTCTTTGTGCGCCGGCACATGCTCACCGGCGGCCCTCTCCCCCGGCCACGACGCCGCGCTGAGGCGGGCCCCACAGCGCAGAACTGCGAGCGCGGTGCGCGGGCGCTGTGACGCACAGCCGGCACGCAGCGTACCGCACGCAGACAGTGCATGGGGAGGCCGGAGGAGCAAGAGCGGTGGACGGGAACGGCGCGAAGCATGCGGCACGCCCTCGATGTGCCTGTGTGGGCTGATGAGGCGCGGATGCCGGAAGCGTGGCGAGGGCATCCCGAGTTGCACCGTCGAGCCCTCCAGGCCCGAATGTGGCGAGCCTGCGGGGAGCAGATTATGGGATGCGGCTGCTCGAAGCGACCGAGGGCGCTGACCGGAAGGTGGCCGACTTCCTCCTCGGGCCTGTGCGGCATGCGCCCTCGATCGGGAGCCCGAATGGTGGCCGCGTGGGTGAAGGCGTGCCGCCCACCCGCGTCTCCGTGTGGCGCCGATGGCGCAGCGCGCACCCGGGGAAGGGGCGAGGAAGGGCATGAGGAGGCCGCTGCGCGCGTGGCCCGATTCGACGGCAGGCGGCTCGTCCGAGACGGCCGGGACGAAGCCGTGGCGCCGCTGGGGGCAGGTGCGCTGTGGCTGTGTATGTGCGCTGATGTGCTGACTTGTTCGTGGTGGGCTATGGGCACGGTGAGGGGCGACGTTGGCCCTTGCTGACTTCCTCCGCTCTTCTCTGACTTGTCCCTTGCGTGCCCCTCTGAGGTGGGTGATGCTGTGTCTCCGTTGGGCGCTCTTTTTCATCGGTGCCTGCGGGCGAGTCATGTGGACGGCCGACAGTGAGGCCCCTCGAAAGGGTTTGTAGCTGCTGCCTCCCTAGCGAGGAAATCAAGGCGAAAAAGAGAGG
