1-24471d,LinJ.01,100.000,660,660,278268,0,0,1,660,24100,24759,0.0,1219,plus,GGCGGGGGAGGCGGGGGGCACGCACCTCCATGCGTGGCATCCCAGGGTCCAGCGCCCCCCCCCTCCACCCCCGCTCTCTCTGTGTACGGAAGCCCGGCAGCCCCCTCACCCTCTATCCCTGCCAACGCCGAACCACTTCTGGTGCTGACAGGGCTGGGCCCTTACGGCGTTGGGCGAGGTCGGCGCGACGTAGCGCCACGGATGCCGGCGGCCATGTCGTGCATGGCGCTGCGTCCGAGCCACCCGCGACAGTGAGCACAGGCTTGCACGGTCCATGCGATGGGCGGAGCGTGTCAGCGCGGCTCGAGCGTGTCGCAGCCGGCCCCTCACACTGGCCCACGGCGAGGGGTGCGGGGGCCTGAGTGTCACCGCGACGGGGAGACGCACCCAGGGAGGAGGTGGGGGGAGTGGGGACCGGCATGATGGAGGGGCGGCTGTGTGGCGATGTGTGTGTATGTGGGTGTCGTCGCGTTTGAGGCAGGAGCCGTGCTGCGACGACCGAGCCGGCGCACTGCTGCAGCGCGCGTGTGTCTTGCGCTGCTTCGCACCAGGCGATGAGAGTGGGGTGGGGTGCCTGCAGCACTCGGCGGCGGGGGGGTGCAGAGCGGCCTCCACCTCGCAGTGTGCGGCAGCGAAAACGGACACGCGGAAGAGCAAACA
1-24471d,LinJ.01,99.534,644,660,278268,3,0,17,660,55529,54886,0.0,1173,minus,GGCACGCACCTCCATGCGTGGCATCCCAGGGTCCAGCGCCCCCCCCCTCCACCCCCGCTCTCTCTGTGTACGGAAGCCCGGCAGCCCCCTCACCCTCTATCCCTGCCAACGCCGAACCACTTCTGGTGCTGACAGGGCTGGGCCCTTACGGCGTTGGGCGAGGTCGGCGCGACGTAGCGCCACGGATGCCGGCGGCCATGTCGTGCATGGCGCTGCGTCCGAGCCACCCGCGACAGTGAGCACAGGCTTGCACGGTCCATGCGATGGGCGGAGCGTGTCAGCGCGGCTCGAGCGTGTCGCAGCCGGCCCCTCACACTGGCCCACGGCGAGGGGTGCGGGGGCCTGAGTGTCACCGCGACGGGGAGACGCACCCAGGGAGGAGGTGGGGGGAGTGGGGACCGGCATGATGGAGGGGCGGCTGTGTGGCGATGTGTGTGTATGTGGGTGTCGTCGCGTTTGAGGCAGGAGCCGTGCTGCTATGACCGAGCCGGCGCACTGCTGCAGCGCGCGTGTGTCTTGCGCTGCTTCGCACCAGGCGATGAGAGTGGGGTGGGGTGCCTGCAGCACTCGGCGGCGGGGGGGTGCAGAGCGGCCTCCACCTCGCAGTGTGCGGCAGCGAAAACGGACACGCGGAAGACCAAACA
1-24471d,LinJ.01,99.192,619,660,278268,3,2,1,618,35934,35317,0.0,1114,minus,GGCGGGGGAGGCGGGGGGCACGCACCTCCATGCGTGGCATCCCAGGGTCCAGCGCCCCCCCCCCTCCACCCCCGCTCTCTCTGTGTACGGAAGCCCGGCAGCCCCCTCACCCTCTATCCCTGCCAACGCCGAACCACTTCTGGTGCTGACAGGGCTGGGCCCTTACGGCGTTGGGCGAGGTCGGCGCGACGTAGCGCCACGGATGCCGGCGGCCATGTCGTGCATGGCGCTGCGTCCGAGCCACCCGCGACAGTGAGCACAGGCTTGCACGGTCCATGCGATGGGCGGAGCGTGTCAGCGCGGCTCGAGCGTGTCGCAGCCGGCCCCTCACACTGGCCCACGGCGAGGGGTGCGGGGGCCTGAGTGTCACCGCGACGGGGAGACGCACCCATGGAGGAGGTGGGGGGAGTGGGGACCGGCATGATGGAGGGGCGGCTGTGTGGCGATGTGTGTGTATGTGGGTGTCGTCGCGTTTGAGGCAGGAGCCGTGCTGCGATGACCGAGCCGGCGCACTGCTGCAGCGCGCGTGTGTCTTGCGCTGCTTCGCACCAGGCGATGGGAGTGGGGTGGGGTGCCTGCAGCACTCGGCGGCGGGGGGG-GCAGAGCGGCCTCCACCTC
1-24471d,LinJ.01,98.441,449,660,278268,1,5,24,471,75924,76367,0.0,785,plus,ACCT-CA-GCGTGGCATCCCAGGGTCCAGCG--CCCCCCCTCCACCCCCGCTCTCTCTGTGTGCGGAAGCCCGGCAGCCCCCTCACCCTCTATCCCTGCCAACGCCGAACCACTTCTGGTGCTGACAGGGCTGGGCCCTTACGGCGTTGGGCGAGGTCGGCGCGACGTAGCGCCACGGATGCCGGCGGCCATGTCGTGCATGGCGCTGCGTCCGAGCCACCCGCGACAGTGAGCACAGGCTTGCACGGTCCATGCGATGGGCGGAGCGTGTCAGCGCGGCTCGAGCGTGTCGCAGCCGGCCCCTCACACTGGCCCACGGCGAGGGGTGCGGGGGCCTGAGTGTCACCGCGACGGGGAGACGCACCCAGGGAGGAGGTGGGGGGAGTGGGGACCGGCATGATGGAGGGGCGGCTGTGTGGCGATGTGTGTGTATGTGGGTGTGCG-CGCG
1-24471d,LinJ.01,86.207,174,660,278268,21,3,183,356,137680,137850,1.48e-47,185,plus,GCGCGAGTTAGGGCTACGGACGTCAGCGGCCATGTCGTGCATGGCGTTGCGTCGGGGCCACCCGCGACAGTGAGCGCAGGTTTGCACCGTCCATATGATGGGCAGAGCGTGTCAGCGCGGCTCGAGCGCATCGCGGCCGGCCCCTCACACTGGCCTACC-CG-GGGGTG-GGGG
1-24471d,LinJ.01,86.207,174,660,278268,21,3,183,356,205751,205921,1.48e-47,185,plus,GCGCGAGTTAGGGCTACGGACGTCAGCGGCCATGTCGTGCATGGCGTTGCGTCGGGGCCACCCGCGACAGTGAGCGCAGGTTTGCACCGTCCATATGATGGGCAGAGCGTGTCAGCGCGGCTCGAGCGCATCGCGGCCGGCCCCTCACACTGGCCTACC-CG-GGGGTG-GGGG
1-24471d,LinJ.01,85.632,174,660,278268,22,3,183,356,130371,130201,6.89e-46,180,minus,GCGCGAGTTAGGGCTACGGACGTCAGCGGCCATGTCGTGCATGGCGTTGCGTCGGGGCCACCCGCGACAGTGAGCGCAGGTTTGCACCGTCCATATGATGGGCAGAGCGTGCCAGCGCGGCTCGAGCGCATCGCGGCCGGCCCCTCACACTGGCCTACC-CG-GGGGTG-GGGG
1-24471d,LinJ.01,85.714,49,660,278268,7,0,183,231,113809,113761,1.57e-07,52.8,minus,GCGCGAGTTAGGGCTACGGACGTCAGCGGCCATGTCGTGCATGGCGCTG
1-24471d,LinJ.01,95.000,20,660,278268,1,0,445,464,123496,123515,0.20,32.5,plus,ATGTGTGTGTATGTGTGTGT
1-24471d,LinJ.01,100.000,16,660,278268,0,0,419,434,7326,7341,0.73,30.7,plus,CATGATGGAGGGGCGG
1-24471d,LinJ.01,91.304,23,660,278268,1,1,441,463,17441,17462,0.73,30.7,plus,GGCG-TTTGTGTGTATGTGGGTG
1-24471d,LinJ.01,100.000,15,660,278268,0,0,390,404,56806,56820,2.6,28.8,plus,AGGGAGGAGGTGGGG
1-24471d,LinJ.01,100.000,15,660,278268,0,0,74,88,71081,71067,2.6,28.8,minus,CTCTCTCTGTGTACG
1-24471d,LinJ.01,100.000,15,660,278268,0,0,485,499,88062,88076,2.6,28.8,plus,CCGTGCTGCGACGAC
1-24471d,LinJ.01,100.000,15,660,278268,0,0,444,458,123531,123545,2.6,28.8,plus,GATGTGTGTGTATGT
1-24471d,LinJ.04,83.673,49,660,466506,4,3,120,168,427063,427019,9.43e-05,43.6,minus,TGCCAA-GCC--ACC-CCTCTGGTGGTGACAGGGCTGGGCCCCTACCGC
1-24471d,LinJ.04,84.783,46,660,466506,3,3,120,165,437754,437795,9.43e-05,43.6,plus,TGCCAA-GCC--ACC-CCTCTGGTGGTGACAGGGCTGGGCCCCTAC
1-24471d,LinJ.04,82.222,45,660,466506,3,5,417,460,183096,183136,0.057,34.4,plus,GGCATGA-GGAGGGATTGGCT-TGT-GTG-TGTGTGTGTATGTGG
1-24471d,LinJ.04,95.000,20,660,466506,1,0,170,189,27620,27639,0.20,32.5,plus,TTGAGCGAGGTCGGCGCGAC
1-24471d,LinJ.04,94.737,19,660,466506,1,0,553,571,30799,30781,0.73,30.7,minus,CGAAGAGAGTGGGGTGGGG
1-24471d,LinJ.04,100.000,15,660,466506,0,0,67,81,165165,165151,2.6,28.8,minus,ACCCCCGCTCTCTCT
1-24471d,LinJ.04,100.000,15,660,466506,0,0,247,261,322403,322389,2.6,28.8,minus,CGACAGTGAGCACAG
1-24471d,LinJ.05,100.000,17,660,467711,0,0,618,634,99465,99481,0.20,32.5,plus,CGCAGTGTGCGGCAGCG
1-24471d,LinJ.05,100.000,15,660,467711,0,0,216,230,236254,236240,2.6,28.8,minus,GTCGTGCATGGCGCT
1-24471d,LinJ.05,100.000,15,660,467711,0,0,4,18,273237,273223,2.6,28.8,minus,GGGGGAGGCGGGGGG
1-24471d,LinJ.05,100.000,15,660,467711,0,0,559,573,308884,308870,2.6,28.8,minus,GAGTGGGGTGGGGTG
1-24471d,LinJ.03,100.000,16,660,389660,0,0,447,462,125268,125253,0.73,30.7,minus,GTGTGTGTATGTGGGT
1-24471d,LinJ.02,100.000,16,660,356299,0,0,449,464,21275,21290,0.73,30.7,plus,GTGTGTATGTGGGTGT
1-24471d,LinJ.02,100.000,15,660,356299,0,0,392,406,208630,208644,2.6,28.8,plus,GGAGGAGGTGGGGGG
1-24471d,LinJ.02,100.000,15,660,356299,0,0,480,494,216037,216051,2.6,28.8,plus,AGGAGCCGTGCTGCG
1-24471d,LinJ.02,100.000,15,660,356299,0,0,517,531,258604,258590,2.6,28.8,minus,GCAGCGCGCGTGTGT
1-24471d,LinJ.02,100.000,15,660,356299,0,0,95,109,268263,268277,2.6,28.8,plus,CGGCAGCCCCCTCAC
1-24471d,LinJ.02,100.000,15,660,356299,0,0,503,517,352183,352169,2.6,28.8,minus,GCCGGCGCACTGCTG
1-36305r,LinJ.01,99.517,621,621,278268,3,0,1,621,35934,35314,0.0,1131,minus,GGCGGGGGAGGCGGGGGGCACGCACCTCCATGCGTGGCATCCCAGGGTCCAGCGCCCCCCCCCCTCCACCCCCGCTCTCTCTGTGTACGGAAGCCCGGCAGCCCCCTCACCCTCTATCCCTGCCAACGCCGAACCACTTCTGGTGCTGACAGGGCTGGGCCCTTACGGCGTTGGGCGAGGTCGGCGCGACGTAGCGCCACGGATGCCGGCGGCCATGTCGTGCATGGCGCTGCGTCCGAGCCACCCGCGACAGTGAGCACAGGCTTGCACGGTCCATGCGATGGGCGGAGCGTGTCAGCGCGGCTCGAGCGTGTCGCAGCCGGCCCCTCACACTGGCCCACGGCGAGGGGTGCGGGGGCCTGAGTGTCACCGCGACGGGGAGACGCACCCATGGAGGAGGTGGGGGGAGTGGGGACCGGCATGATGGAGGGGCGGCTGTGTGGCGATGTGTGTGTATGTGGGTGTCGTCGCGTTTGAGGCAGGAGCCGTGCTGCGATGACCGAGCCGGCGCACTGCTGCAGCGCGCGTGTGTCTTGCGCTGCTTCGCACCAGGCGATGGGAGTGGGGTGGGGTGCCTGCAGCACTCGGCGGCGGGGGGGGCAGAGCGGCCTCCACCTCTCC
1-36305r,LinJ.01,98.708,619,621,278268,6,2,1,618,24100,24717,0.0,1098,plus,GGCGGGGGAGGCGGGGGGCACGCACCTCCATGCGTGGCATCCCAGGGTCCAGCG-CCCCCCCCCTCCACCCCCGCTCTCTCTGTGTACGGAAGCCCGGCAGCCCCCTCACCCTCTATCCCTGCCAACGCCGAACCACTTCTGGTGCTGACAGGGCTGGGCCCTTACGGCGTTGGGCGAGGTCGGCGCGACGTAGCGCCACGGATGCCGGCGGCCATGTCGTGCATGGCGCTGCGTCCGAGCCACCCGCGACAGTGAGCACAGGCTTGCACGGTCCATGCGATGGGCGGAGCGTGTCAGCGCGGCTCGAGCGTGTCGCAGCCGGCCCCTCACACTGGCCCACGGCGAGGGGTGCGGGGGCCTGAGTGTCACCGCGACGGGGAGACGCACCCAGGGAGGAGGTGGGGGGAGTGGGGACCGGCATGATGGAGGGGCGGCTGTGTGGCGATGTGTGTGTATGTGGGTGTCGTCGCGTTTGAGGCAGGAGCCGTGCTGCGACGACCGAGCCGGCGCACTGCTGCAGCGCGCGTGTGTCTTGCGCTGCTTCGCACCAGGCGATGAGAGTGGGGTGGGGTGCCTGCAGCACTCGGCGGCGGGGGGGTGCAGAGCGGCCTCCACCTC
1-36305r,LinJ.01,98.673,603,621,278268,6,2,17,618,55529,54928,0.0,1068,minus,GGCACGCACCTCCATGCGTGGCATCCCAGGGTCCAGCGCCCCCCCCC-TCCACCCCCGCTCTCTCTGTGTACGGAAGCCCGGCAGCCCCCTCACCCTCTATCCCTGCCAACGCCGAACCACTTCTGGTGCTGACAGGGCTGGGCCCTTACGGCGTTGGGCGAGGTCGGCGCGACGTAGCGCCACGGATGCCGGCGGCCATGTCGTGCATGGCGCTGCGTCCGAGCCACCCGCGACAGTGAGCACAGGCTTGCACGGTCCATGCGATGGGCGGAGCGTGTCAGCGCGGCTCGAGCGTGTCGCAGCCGGCCCCTCACACTGGCCCACGGCGAGGGGTGCGGGGGCCTGAGTGTCACCGCGACGGGGAGACGCACCCAGGGAGGAGGTGGGGGGAGTGGGGACCGGCATGATGGAGGGGCGGCTGTGTGGCGATGTGTGTGTATGTGGGTGTCGTCGCGTTTGAGGCAGGAGCCGTGCTGCTATGACCGAGCCGGCGCACTGCTGCAGCGCGCGTGTGTCTTGCGCTGCTTCGCACCAGGCGATGAGAGTGGGGTGGGGTGCCTGCAGCACTCGGCGGCGGGGGGGTGCAGAGCGGCCTCCACCTC
1-36305r,LinJ.01,97.333,450,621,278268,5,5,24,472,75924,76367,0.0,758,plus,ACCT-CA-GCGTGGCATCCCAGGGTCCAGCG---CCCCCCCTCCACCCCCGCTCTCTCTGTGTGCGGAAGCCCGGCAGCCCCCTCACCCTCTATCCCTGCCAACGCCGAACCACTTCTGGTGCTGACAGGGCTGGGCCCTTACGGCGTTGGGCGAGGTCGGCGCGACGTAGCGCCACGGATGCCGGCGGCCATGTCGTGCATGGCGCTGCGTCCGAGCCACCCGCGACAGTGAGCACAGGCTTGCACGGTCCATGCGATGGGCGGAGCGTGTCAGCGCGGCTCGAGCGTGTCGCAGCCGGCCCCTCACACTGGCCCACGGCGAGGGGTGCGGGGGCCTGAGTGTCACCGCGACGGGGAGACGCACCCAGGGAGGAGGTGGGGGGAGTGGGGACCGGCATGATGGAGGGGCGGCTGTGTGGCGATGTGTGTGTATGTGGGTGTGCG-CGCG
1-36305r,LinJ.01,86.286,175,621,278268,19,5,184,357,137680,137850,1.39e-47,185,plus,GCGCGA-GTTAGGGCTACGGACGTCAGCGGCCATGTCGTGCATGGCGTTGCGTCGGGGCCACCCGCGACAGTGAGCGCAGGTTTGCACCGTCCATATGATGGGCAGAGCGTGTCAGCGCGGCTCGAGCGCATCGCGGCCGGCCCCTCACACTGGCCTACC-CG-GGGGTG-GGGG
1-36305r,LinJ.01,86.286,175,621,278268,19,5,184,357,205751,205921,1.39e-47,185,plus,GCGCGA-GTTAGGGCTACGGACGTCAGCGGCCATGTCGTGCATGGCGTTGCGTCGGGGCCACCCGCGACAGTGAGCGCAGGTTTGCACCGTCCATATGATGGGCAGAGCGTGTCAGCGCGGCTCGAGCGCATCGCGGCCGGCCCCTCACACTGGCCTACC-CG-GGGGTG-GGGG
1-36305r,LinJ.01,85.714,175,621,278268,20,5,184,357,130371,130201,6.47e-46,180,minus,GCGCGA-GTTAGGGCTACGGACGTCAGCGGCCATGTCGTGCATGGCGTTGCGTCGGGGCCACCCGCGACAGTGAGCGCAGGTTTGCACCGTCCATATGATGGGCAGAGCGTGCCAGCGCGGCTCGAGCGCATCGCGGCCGGCCCCTCACACTGGCCTACC-CG-GGGGTG-GGGG
1-36305r,LinJ.01,86.000,50,621,278268,5,2,184,232,113809,113761,1.47e-07,52.8,minus,GCGCGA-GTTAGGGCTACGGACGTCAGCGGCCATGTCGTGCATGGCGCTG
1-36305r,LinJ.01,95.000,20,621,278268,1,0,446,465,123496,123515,0.19,32.5,plus,ATGTGTGTGTATGTGTGTGT
1-36305r,LinJ.01,91.304,23,621,278268,1,1,442,464,17441,17462,0.69,30.7,plus,GGCG-TTTGTGTGTATGTGGGTG
1-36305r,LinJ.01,100.000,16,621,278268,0,0,558,573,211635,211620,0.69,30.7,minus,GGGAGTGGGGTGGGGT
1-36305r,LinJ.01,100.000,15,621,278268,0,0,75,89,71081,71067,2.5,28.8,minus,CTCTCTCTGTGTACG
1-36305r,LinJ.01,100.000,15,621,278268,0,0,416,430,76797,76783,2.5,28.8,minus,CCGGCAAGATGGAGG
1-36305r,LinJ.01,100.000,15,621,278268,0,0,445,459,123531,123545,2.5,28.8,plus,GATGTGTGTGTATGT
1-36305r,LinJ.01,100.000,15,621,278268,0,0,192,206,224039,224025,2.5,28.8,minus,TTGCGCCACGGATGC
1-36305r,LinJ.04,83.673,49,621,466506,4,3,121,169,427063,427019,8.85e-05,43.6,minus,TGCCAA-GCC--ACC-CCTCTGGTGGTGACAGGGCTGGGCCCCTACCGC
1-36305r,LinJ.04,84.783,46,621,466506,3,3,121,166,437754,437795,8.85e-05,43.6,plus,TGCCAA-GCC--ACC-CCTCTGGTGGTGACAGGGCTGGGCCCCTAC
1-36305r,LinJ.04,91.667,24,621,466506,1,1,171,194,27620,27642,0.19,32.5,plus,TTGAGCGAGGTCGGCGCGAC-TTG
1-36305r,LinJ.04,94.737,19,621,466506,1,0,601,619,105057,105075,0.69,30.7,plus,CAGTGCGGCCTCCACCTCT
1-36305r,LinJ.04,100.000,15,621,466506,0,0,68,82,165165,165151,2.5,28.8,minus,ACCCCCGCTCTCTCT
1-36305r,LinJ.04,100.000,15,621,466506,0,0,447,461,183122,183136,2.5,28.8,plus,TGTGTGTGTATGTGG
1-36305r,LinJ.04,100.000,15,621,466506,0,0,392,406,228625,228639,2.5,28.8,plus,TGGAGGAGGTGGGGG
1-36305r,LinJ.04,100.000,15,621,466506,0,0,248,262,322403,322389,2.5,28.8,minus,CGACAGTGAGCACAG
1-36305r,LinJ.03,92.593,27,621,389660,2,0,439,465,161757,161783,0.001,39.9,plus,TGCGGCGATGTGTGTGTGTGTGTGTGT
1-36305r,LinJ.03,100.000,16,621,389660,0,0,448,463,125268,125253,0.69,30.7,minus,GTGTGTGTATGTGGGT
1-36305r,LinJ.05,100.000,18,621,467711,0,0,557,574,308887,308870,0.053,34.4,minus,TGGGAGTGGGGTGGGGTG
1-36305r,LinJ.05,100.000,15,621,467711,0,0,558,572,44497,44483,2.5,28.8,minus,GGGAGTGGGGTGGGG
1-36305r,LinJ.05,100.000,15,621,467711,0,0,429,443,223338,223324,2.5,28.8,minus,GGGGCGGCTGTGCGG
1-36305r,LinJ.05,100.000,15,621,467711,0,0,217,231,236254,236240,2.5,28.8,minus,GTCGTGCATGGCGCT
1-36305r,LinJ.05,100.000,15,621,467711,0,0,4,18,273237,273223,2.5,28.8,minus,GGGGGAGGCGGGGGG
1-36305r,LinJ.02,100.000,16,621,356299,0,0,450,465,21275,21290,0.69,30.7,plus,GTGTGTATGTGGGTGT
1-36305r,LinJ.02,100.000,16,621,356299,0,0,392,407,208629,208644,0.69,30.7,plus,TGGAGGAGGTGGGGGG
1-36305r,LinJ.02,100.000,15,621,356299,0,0,481,495,216037,216051,2.5,28.8,plus,AGGAGCCGTGCTGCG
1-36305r,LinJ.02,100.000,15,621,356299,0,0,518,532,258604,258590,2.5,28.8,minus,GCAGCGCGCGTGTGT
1-36305r,LinJ.02,100.000,15,621,356299,0,0,96,110,268263,268277,2.5,28.8,plus,CGGCAGCCCCCTCAC
1-36305r,LinJ.02,100.000,15,621,356299,0,0,504,518,352183,352169,2.5,28.8,minus,GCCGGCGCACTGCTG
1-55910r,LinJ.01,99.846,650,650,278268,0,1,1,650,55534,54886,0.0,1194,minus,CGGAAGGCACGCACCTCCATGCGTGGCATCCCAGGGTCCAGCGCCCCCCCCC-TCCACCCCCGCTCTCTCTGTGTACGGAAGCCCGGCAGCCCCCTCACCCTCTATCCCTGCCAACGCCGAACCACTTCTGGTGCTGACAGGGCTGGGCCCTTACGGCGTTGGGCGAGGTCGGCGCGACGTAGCGCCACGGATGCCGGCGGCCATGTCGTGCATGGCGCTGCGTCCGAGCCACCCGCGACAGTGAGCACAGGCTTGCACGGTCCATGCGATGGGCGGAGCGTGTCAGCGCGGCTCGAGCGTGTCGCAGCCGGCCCCTCACACTGGCCCACGGCGAGGGGTGCGGGGGCCTGAGTGTCACCGCGACGGGGAGACGCACCCAGGGAGGAGGTGGGGGGAGTGGGGACCGGCATGATGGAGGGGCGGCTGTGTGGCGATGTGTGTGTATGTGGGTGTCGTCGCGTTTGAGGCAGGAGCCGTGCTGCTATGACCGAGCCGGCGCACTGCTGCAGCGCGCGTGTGTCTTGCGCTGCTTCGCACCAGGCGATGAGAGTGGGGTGGGGTGCCTGCAGCACTCGGCGGCGGGGGGGTGCAGAGCGGCCTCCACCTCGCAGTGTGCGGCAGCGAAAACGGACACGCGGAAGACCAAACA
1-55910r,LinJ.01,99.380,645,650,278268,3,1,6,650,24116,24759,0.0,1168,plus,GGCACGCACCTCCATGCGTGGCATCCCAGGGTCCAGCG-CCCCCCCCCTCCACCCCCGCTCTCTCTGTGTACGGAAGCCCGGCAGCCCCCTCACCCTCTATCCCTGCCAACGCCGAACCACTTCTGGTGCTGACAGGGCTGGGCCCTTACGGCGTTGGGCGAGGTCGGCGCGACGTAGCGCCACGGATGCCGGCGGCCATGTCGTGCATGGCGCTGCGTCCGAGCCACCCGCGACAGTGAGCACAGGCTTGCACGGTCCATGCGATGGGCGGAGCGTGTCAGCGCGGCTCGAGCGTGTCGCAGCCGGCCCCTCACACTGGCCCACGGCGAGGGGTGCGGGGGCCTGAGTGTCACCGCGACGGGGAGACGCACCCAGGGAGGAGGTGGGGGGAGTGGGGACCGGCATGATGGAGGGGCGGCTGTGTGGCGATGTGTGTGTATGTGGGTGTCGTCGCGTTTGAGGCAGGAGCCGTGCTGCGACGACCGAGCCGGCGCACTGCTGCAGCGCGCGTGTGTCTTGCGCTGCTTCGCACCAGGCGATGAGAGTGGGGTGGGGTGCCTGCAGCACTCGGCGGCGGGGGGGTGCAGAGCGGCCTCCACCTCGCAGTGTGCGGCAGCGAAAACGGACACGCGGAAGAGCAAACA
1-55910r,LinJ.01,99.337,603,650,278268,3,1,6,608,35918,35317,0.0,1090,minus,GGCACGCACCTCCATGCGTGGCATCCCAGGGTCCAGCGCCCCCCCCCCTCCACCCCCGCTCTCTCTGTGTACGGAAGCCCGGCAGCCCCCTCACCCTCTATCCCTGCCAACGCCGAACCACTTCTGGTGCTGACAGGGCTGGGCCCTTACGGCGTTGGGCGAGGTCGGCGCGACGTAGCGCCACGGATGCCGGCGGCCATGTCGTGCATGGCGCTGCGTCCGAGCCACCCGCGACAGTGAGCACAGGCTTGCACGGTCCATGCGATGGGCGGAGCGTGTCAGCGCGGCTCGAGCGTGTCGCAGCCGGCCCCTCACACTGGCCCACGGCGAGGGGTGCGGGGGCCTGAGTGTCACCGCGACGGGGAGACGCACCCATGGAGGAGGTGGGGGGAGTGGGGACCGGCATGATGGAGGGGCGGCTGTGTGGCGATGTGTGTGTATGTGGGTGTCGTCGCGTTTGAGGCAGGAGCCGTGCTGCGATGACCGAGCCGGCGCACTGCTGCAGCGCGCGTGTGTCTTGCGCTGCTTCGCACCAGGCGATGGGAGTGGGGTGGGGTGCCTGCAGCACTCGGCGGCGGGGGGG-GCAGAGCGGCCTCCACCTC
1-55910r,LinJ.01,98.222,450,650,278268,1,5,13,461,75924,76367,0.0,780,plus,ACCT-CA-GCGTGGCATCCCAGGGTCCAGCG---CCCCCCCTCCACCCCCGCTCTCTCTGTGTGCGGAAGCCCGGCAGCCCCCTCACCCTCTATCCCTGCCAACGCCGAACCACTTCTGGTGCTGACAGGGCTGGGCCCTTACGGCGTTGGGCGAGGTCGGCGCGACGTAGCGCCACGGATGCCGGCGGCCATGTCGTGCATGGCGCTGCGTCCGAGCCACCCGCGACAGTGAGCACAGGCTTGCACGGTCCATGCGATGGGCGGAGCGTGTCAGCGCGGCTCGAGCGTGTCGCAGCCGGCCCCTCACACTGGCCCACGGCGAGGGGTGCGGGGGCCTGAGTGTCACCGCGACGGGGAGACGCACCCAGGGAGGAGGTGGGGGGAGTGGGGACCGGCATGATGGAGGGGCGGCTGTGTGGCGATGTGTGTGTATGTGGGTGTGCG-CGCG
1-55910r,LinJ.01,86.207,174,650,278268,21,3,173,346,137680,137850,1.46e-47,185,plus,GCGCGAGTTAGGGCTACGGACGTCAGCGGCCATGTCGTGCATGGCGTTGCGTCGGGGCCACCCGCGACAGTGAGCGCAGGTTTGCACCGTCCATATGATGGGCAGAGCGTGTCAGCGCGGCTCGAGCGCATCGCGGCCGGCCCCTCACACTGGCCTACC-CG-GGGGTG-GGGG
1-55910r,LinJ.01,86.207,174,650,278268,21,3,173,346,205751,205921,1.46e-47,185,plus,GCGCGAGTTAGGGCTACGGACGTCAGCGGCCATGTCGTGCATGGCGTTGCGTCGGGGCCACCCGCGACAGTGAGCGCAGGTTTGCACCGTCCATATGATGGGCAGAGCGTGTCAGCGCGGCTCGAGCGCATCGCGGCCGGCCCCTCACACTGGCCTACC-CG-GGGGTG-GGGG
1-55910r,LinJ.01,85.632,174,650,278268,22,3,173,346,130371,130201,6.78e-46,180,minus,GCGCGAGTTAGGGCTACGGACGTCAGCGGCCATGTCGTGCATGGCGTTGCGTCGGGGCCACCCGCGACAGTGAGCGCAGGTTTGCACCGTCCATATGATGGGCAGAGCGTGCCAGCGCGGCTCGAGCGCATCGCGGCCGGCCCCTCACACTGGCCTACC-CG-GGGGTG-GGGG
1-55910r,LinJ.01,85.714,49,650,278268,7,0,173,221,113809,113761,1.54e-07,52.8,minus,GCGCGAGTTAGGGCTACGGACGTCAGCGGCCATGTCGTGCATGGCGCTG
1-55910r,LinJ.01,95.000,20,650,278268,1,0,435,454,123496,123515,0.20,32.5,plus,ATGTGTGTGTATGTGTGTGT
1-55910r,LinJ.01,100.000,16,650,278268,0,0,409,424,7326,7341,0.72,30.7,plus,CATGATGGAGGGGCGG
1-55910r,LinJ.01,91.304,23,650,278268,1,1,431,453,17441,17462,0.72,30.7,plus,GGCG-TTTGTGTGTATGTGGGTG
1-55910r,LinJ.01,100.000,15,650,278268,0,0,380,394,56806,56820,2.6,28.8,plus,AGGGAGGAGGTGGGG
1-55910r,LinJ.01,100.000,15,650,278268,0,0,64,78,71081,71067,2.6,28.8,minus,CTCTCTCTGTGTACG
1-55910r,LinJ.01,100.000,15,650,278268,0,0,434,448,123531,123545,2.6,28.8,plus,GATGTGTGTGTATGT
1-55910r,LinJ.04,83.673,49,650,466506,4,3,110,158,427063,427019,9.28e-05,43.6,minus,TGCCAA-GCC--ACC-CCTCTGGTGGTGACAGGGCTGGGCCCCTACCGC
1-55910r,LinJ.04,84.783,46,650,466506,3,3,110,155,437754,437795,9.28e-05,43.6,plus,TGCCAA-GCC--ACC-CCTCTGGTGGTGACAGGGCTGGGCCCCTAC
1-55910r,LinJ.04,82.222,45,650,466506,3,5,407,450,183096,183136,0.056,34.4,plus,GGCATGA-GGAGGGATTGGCT-TGT-GTG-TGTGTGTGTATGTGG
1-55910r,LinJ.04,95.000,20,650,466506,1,0,160,179,27620,27639,0.20,32.5,plus,TTGAGCGAGGTCGGCGCGAC
1-55910r,LinJ.04,94.737,19,650,466506,1,0,543,561,30799,30781,0.72,30.7,minus,CGAAGAGAGTGGGGTGGGG
1-55910r,LinJ.04,100.000,15,650,466506,0,0,57,71,165165,165151,2.6,28.8,minus,ACCCCCGCTCTCTCT
1-55910r,LinJ.04,100.000,15,650,466506,0,0,237,251,322403,322389,2.6,28.8,minus,CGACAGTGAGCACAG
1-55910r,LinJ.05,100.000,17,650,467711,0,0,608,624,99465,99481,0.20,32.5,plus,CGCAGTGTGCGGCAGCG
1-55910r,LinJ.05,100.000,15,650,467711,0,0,206,220,236254,236240,2.6,28.8,minus,GTCGTGCATGGCGCT
1-55910r,LinJ.05,100.000,15,650,467711,0,0,549,563,308884,308870,2.6,28.8,minus,GAGTGGGGTGGGGTG
1-55910r,LinJ.03,100.000,16,650,389660,0,0,437,452,125268,125253,0.72,30.7,minus,GTGTGTGTATGTGGGT
1-55910r,LinJ.02,100.000,16,650,356299,0,0,439,454,21275,21290,0.72,30.7,plus,GTGTGTATGTGGGTGT
1-55910r,LinJ.02,100.000,15,650,356299,0,0,382,396,208630,208644,2.6,28.8,plus,GGAGGAGGTGGGGGG
1-55910r,LinJ.02,100.000,15,650,356299,0,0,507,521,258604,258590,2.6,28.8,minus,GCAGCGCGCGTGTGT
1-55910r,LinJ.02,100.000,15,650,356299,0,0,85,99,268263,268277,2.6,28.8,plus,CGGCAGCCCCCTCAC
1-55910r,LinJ.02,100.000,15,650,356299,0,0,493,507,352183,352169,2.6,28.8,minus,GCCGGCGCACTGCTG
1-112979r,LinJ.01,99.614,259,259,278268,0,1,1,259,114018,113761,3.80e-134,472,minus,GGGGTGAGGCGGCGGCGCACAGACACACACACACACACACACACGCACACACCTCCGTGCGTGGGGGGGGGG-TACCTCAGGCTGCAGGGCGCCCACCCACCCACCCACCCACCCCCCACTCCTCCCTCCGCCGTCCCGGCCCATGCCAGAACCACCTGTGGTGGCGACCAGGGCCGAGCATCTGTGACGTCAGGGAGTGCCCCGGCAGAGCGCGAGTTAGGGCTACGGACGTCAGCGGCCATGTCGTGCATGGCGCTG
1-112979r,LinJ.01,98.077,260,259,278268,1,1,1,256,137466,137725,1.78e-127,449,plus,GGGGTGGGGCGGCGGCGCACAGACACACACACACACACACACACACACGCACACACCTCCGTGCGTGGGGGGGGGGGTACCTCAGGCTGCAGGGCGCCCACCCACCCACCCACCCACCCCCCACTCCTCCCTCCGCCGTCCCGGCCCATGCCAGAACCACCTGTGGTGGCGACCAGGGCCGAGCATCTGTGACGTCAGGGAGTGCCCCGGCAGAGCGCGAGTTAGGGCTACGGACGTCAGCGGCCATGTCGTGCATGGCG
1-112979r,LinJ.01,97.619,252,259,278268,1,2,8,259,130569,130323,8.33e-121,427,minus,GGCGGCGGCGCACAGACACACACACACACACACACACGCACACACCTCCGTGCGTGGGGGGGGGG-TACCTCAGGCTGCAGGGCGCCCACCCACCCACCCACCC----CCCACTCCTCCCTCCGCCGTCCCGGCCCATGCCAGAACCACCTGTGGTGGCGACCAGGGCCGAGCATCTGTGACGTCAGGGAGTGCCCCGGCAGAGCGCGAGTTAGGGCTACGGACGTCAGCGGCCATGTCGTGCATGGCGTTG
1-112979r,LinJ.01,96.000,225,259,278268,0,1,32,256,205581,205796,1.11e-99,357,plus,CACACACACACACGCACACACCTCCGTGCGTGGGGGGGGGGGTACCTCAGGCTGCAGGGCGCCCACCCACCC---------CCCCCCACTCCTCCCTCCGCCGTCCCGGCCCATGCCAGAACCACCTGTGGTGGCGACCAGGGCCGAGCATCTGTGACGTCAGGGAGTGCCCCGGCAGAGCGCGAGTTAGGGCTACGGACGTCAGCGGCCATGTCGTGCATGGCG
1-112979r,LinJ.01,85.714,49,259,278268,7,0,211,259,24282,24330,5.86e-08,52.8,plus,GCGCGACGTAGCGCCACGGATGCCGGCGGCCATGTCGTGCATGGCGCTG
1-112979r,LinJ.01,85.714,49,259,278268,7,0,211,259,35751,35703,5.86e-08,52.8,minus,GCGCGACGTAGCGCCACGGATGCCGGCGGCCATGTCGTGCATGGCGCTG
1-112979r,LinJ.01,85.714,49,259,278268,7,0,211,259,55363,55315,5.86e-08,52.8,minus,GCGCGACGTAGCGCCACGGATGCCGGCGGCCATGTCGTGCATGGCGCTG
1-112979r,LinJ.01,85.714,49,259,278268,7,0,211,259,76079,76127,5.86e-08,52.8,plus,GCGCGACGTAGCGCCACGGATGCCGGCGGCCATGTCGTGCATGGCGCTG
1-112979r,LinJ.01,100.000,15,259,278268,0,0,6,20,58285,58271,0.99,28.8,minus,GAGGCGGCGGCGCAC
1-112979r,LinJ.05,100.000,15,259,467711,0,0,244,258,236254,236240,0.99,28.8,minus,GTCGTGCATGGCGCT
1-112979r,LinJ.04,100.000,15,259,466506,0,0,3,17,271968,271982,0.99,28.8,plus,GGTGAGGCGGCGGCG
1-129494r,LinJ.01,100.000,447,447,278268,0,0,1,447,130578,130132,0.0,826,minus,TGATGACGGGGCGGCGGCGCACAGACACACACACACACACACACACGCACACACCTCCGTGCGTGGGGGGGGGGTACCTCAGGCTGCAGGGCGCCCACCCACCCACCCACCCCCCACTCCTCCCTCCGCCGTCCCGGCCCATGCCAGAACCACCTGTGGTGGCGACCAGGGCCGAGCATCTGTGACGTCAGGGAGTGCCCCGGCAGAGCGCGAGTTAGGGCTACGGACGTCAGCGGCCATGTCGTGCATGGCGTTGCGTCGGGGCCACCCGCGACAGTGAGCGCAGGTTTGCACCGTCCATATGATGGGCAGAGCGTGCCAGCGCGGCTCGAGCGCATCGCGGCCGGCCCCTCACACTGGCCTACCCGGGGGTGGGGGAGGGGCCTGTGAAAGGGTTATTGAGGGCTGGCGTAGAGTCGGCGTTGGCGTGATGGGATGACTTCGCGC
1-129494r,LinJ.01,97.105,449,447,278268,4,3,8,447,137471,137919,0.0,749,plus,GGGGCGGCGGCGCACAGACACACACACACACACACACACACACGCACACACCTCCGTGCGTGGGGGGGGGGGTACCTCAGGCTGCAGGGCGCCCACCCACCCACCCACCCACCCCCCACTCCTCCCTCCGCCGTCCCGGCCCATGCCAGAACCACCTGTGGTGGCGACCAGGGCCGAGCATCTGTGACGTCAGGGAGTGCCCCGGCAGAGCGCGAGTTAGGGCTACGGACGTCAGCGGCCATGTCGTGCATGGCGTTGCGTCGGGGCCACCCGCGACAGTGAGCGCAGGTTTGCACCGTCCATATGATGGGCAGAGCGTGTCAGCGCGGCTCGAGCGCATCGCGGCCGGCCCCTCACACTGGCCTACCCGGGGGTGGGGGAGGGGCCTGTGGAAGGGTTATTGAGGGCTGGCGTAGAGTCGGCGTTGGCGTGATGGGATGACCTCACGC
1-129494r,LinJ.01,98.068,414,447,278268,2,2,34,446,205581,205989,0.0,715,plus,CACACACACACACGCACACACCTCCGTGCGTGGGGGGGGGGGTACCTCAGGCTGCAGGGCGCCCACCCACCC-----CCCCCCACTCCTCCCTCCGCCGTCCCGGCCCATGCCAGAACCACCTGTGGTGGCGACCAGGGCCGAGCATCTGTGACGTCAGGGAGTGCCCCGGCAGAGCGCGAGTTAGGGCTACGGACGTCAGCGGCCATGTCGTGCATGGCGTTGCGTCGGGGCCACCCGCGACAGTGAGCGCAGGTTTGCACCGTCCATATGATGGGCAGAGCGTGTCAGCGCGGCTCGAGCGCATCGCGGCCGGCCCCTCACACTGGCCTACCCGGGGGTGGGGGAGGGGCCTGTGGAAGGGTTATTGAGGGCTGGCGTAGAGTCGGCGTTGGCGTGATGGGATGACTTCGCG
1-129494r,LinJ.01,98.008,251,447,278268,1,1,10,256,114011,113761,3.19e-122,433,minus,GGCGGCGGCGCACAGACACACACACACACACACACACGCACACACCTCCGTGCGTGGGGGGGGGGTACCTCAGGCTGCAGGGCGCCCACCCACCCACCCACCCACCCCCCACTCCTCCCTCCGCCGTCCCGGCCCATGCCAGAACCACCTGTGGTGGCGACCAGGGCCGAGCATCTGTGACGTCAGGGAGTGCCCCGGCAGAGCGCGAGTTAGGGCTACGGACGTCAGCGGCCATGTCGTGCATGGCGCTG
1-129494r,LinJ.01,85.632,174,447,278268,22,3,208,378,24282,24455,4.59e-46,180,plus,GCGCGACGTAGCGCCACGGATGCCGGCGGCCATGTCGTGCATGGCGCTGCGTCCGAGCCACCCGCGACAGTGAGCACAGGCTTGCACGGTCCATGCGATGGGCGGAGCGTGTCAGCGCGGCTCGAGCGTGTCGCAGCCGGCCCCTCACACTGGCCCACGGCGAGGGGTGCGGGG
1-129494r,LinJ.01,85.632,174,447,278268,22,3,208,378,35751,35578,4.59e-46,180,minus,GCGCGACGTAGCGCCACGGATGCCGGCGGCCATGTCGTGCATGGCGCTGCGTCCGAGCCACCCGCGACAGTGAGCACAGGCTTGCACGGTCCATGCGATGGGCGGAGCGTGTCAGCGCGGCTCGAGCGTGTCGCAGCCGGCCCCTCACACTGGCCCACGGCGAGGGGTGCGGGG
1-129494r,LinJ.01,85.632,174,447,278268,22,3,208,378,55363,55190,4.59e-46,180,minus,GCGCGACGTAGCGCCACGGATGCCGGCGGCCATGTCGTGCATGGCGCTGCGTCCGAGCCACCCGCGACAGTGAGCACAGGCTTGCACGGTCCATGCGATGGGCGGAGCGTGTCAGCGCGGCTCGAGCGTGTCGCAGCCGGCCCCTCACACTGGCCCACGGCGAGGGGTGCGGGG
1-129494r,LinJ.01,85.632,174,447,278268,22,3,208,378,76079,76252,4.59e-46,180,plus,GCGCGACGTAGCGCCACGGATGCCGGCGGCCATGTCGTGCATGGCGCTGCGTCCGAGCCACCCGCGACAGTGAGCACAGGCTTGCACGGTCCATGCGATGGGCGGAGCGTGTCAGCGCGGCTCGAGCGTGTCGCAGCCGGCCCCTCACACTGGCCCACGGCGAGGGGTGCGGGG
1-129494r,LinJ.01,100.000,16,447,278268,0,0,8,23,205569,205584,0.49,30.7,plus,GGGGCGGCGGCGCACA
1-129494r,LinJ.01,100.000,15,447,278268,0,0,255,269,218165,218151,1.8,28.8,minus,TGCGTCGGGGCCACC
1-129494r,LinJ.02,87.500,40,447,356299,3,2,289,328,16693,16730,1.75e-05,45.4,plus,TTGCGCCATCCATATGATGGGCA-A-CGCGCCAGCGCGGC
1-129494r,LinJ.02,87.500,40,447,356299,3,2,289,328,27504,27541,1.75e-05,45.4,plus,TTGCGCCATCCATATGATGGGCA-A-CGCGCCAGCGCGGC
1-129494r,LinJ.02,87.500,40,447,356299,3,2,289,328,89975,89938,1.75e-05,45.4,minus,TTGCGCCATCCATATGATGGGCA-A-CGCGCCAGCGCGGC
1-129494r,LinJ.02,87.500,40,447,356299,3,2,289,328,103410,103373,1.75e-05,45.4,minus,TTGCGCCATCCATATGATGGGCA-A-CGCGCCAGCGCGGC
1-129494r,LinJ.02,95.000,20,447,356299,0,1,417,436,201962,201944,0.49,30.7,minus,TCGGCGTTGGCGTGA-GGGA
1-129494r,LinJ.03,100.000,17,447,389660,0,0,4,20,345164,345148,0.14,32.5,minus,TGACGGGGCGGCGGCGC
1-129494r,LinJ.05,100.000,16,447,467711,0,0,243,258,348484,348469,0.49,30.7,minus,CGTGCATGGCGTTGCG
1-129494r,LinJ.04,100.000,15,447,466506,0,0,322,336,182840,182854,1.8,28.8,plus,GCGCGGCTCGAGCGC
1-136422d,LinJ.01,100.000,461,461,278268,0,0,1,461,137459,137919,0.0,852,plus,TGACGACGGGGTGGGGCGGCGGCGCACAGACACACACACACACACACACACACACGCACACACCTCCGTGCGTGGGGGGGGGGGTACCTCAGGCTGCAGGGCGCCCACCCACCCACCCACCCACCCCCCACTCCTCCCTCCGCCGTCCCGGCCCATGCCAGAACCACCTGTGGTGGCGACCAGGGCCGAGCATCTGTGACGTCAGGGAGTGCCCCGGCAGAGCGCGAGTTAGGGCTACGGACGTCAGCGGCCATGTCGTGCATGGCGTTGCGTCGGGGCCACCCGCGACAGTGAGCGCAGGTTTGCACCGTCCATATGATGGGCAGAGCGTGTCAGCGCGGCTCGAGCGCATCGCGGCCGGCCCCTCACACTGGCCTACCCGGGGGTGGGGGAGGGGCCTGTGGAAGGGTTATTGAGGGCTGGCGTAGAGTCGGCGTTGGCGTGATGGGATGACCTCACGC
1-136422d,LinJ.01,97.105,449,461,278268,4,3,13,461,130571,130132,0.0,749,minus,GGGGCGGCGGCGCACAGACACACACACACACACACACAC----GCACACACCTCCGTGCGTGGGGGGGGGG-TACCTCAGGCTGCAGGGCGCCCACCCACCCACCCACCC----CCCACTCCTCCCTCCGCCGTCCCGGCCCATGCCAGAACCACCTGTGGTGGCGACCAGGGCCGAGCATCTGTGACGTCAGGGAGTGCCCCGGCAGAGCGCGAGTTAGGGCTACGGACGTCAGCGGCCATGTCGTGCATGGCGTTGCGTCGGGGCCACCCGCGACAGTGAGCGCAGGTTTGCACCGTCCATATGATGGGCAGAGCGTGCCAGCGCGGCTCGAGCGCATCGCGGCCGGCCCCTCACACTGGCCTACCCGGGGGTGGGGGAGGGGCCTGTGAAAGGGTTATTGAGGGCTGGCGTAGAGTCGGCGTTGGCGTGATGGGATGACTTCGCGC
1-136422d,LinJ.01,97.816,412,461,278268,0,1,43,454,205581,205983,0.0,702,plus,CACACACACACACGCACACACCTCCGTGCGTGGGGGGGGGGGTACCTCAGGCTGCAGGGCGCCCACCCACCC---------CCCCCCACTCCTCCCTCCGCCGTCCCGGCCCATGCCAGAACCACCTGTGGTGGCGACCAGGGCCGAGCATCTGTGACGTCAGGGAGTGCCCCGGCAGAGCGCGAGTTAGGGCTACGGACGTCAGCGGCCATGTCGTGCATGGCGTTGCGTCGGGGCCACCCGCGACAGTGAGCGCAGGTTTGCACCGTCCATATGATGGGCAGAGCGTGTCAGCGCGGCTCGAGCGCATCGCGGCCGGCCCCTCACACTGGCCTACCCGGGGGTGGGGGAGGGGCCTGTGGAAGGGTTATTGAGGGCTGGCGTAGAGTCGGCGTTGGCGTGATGGGATGAC
1-136422d,LinJ.01,97.338,263,461,278268,2,2,8,270,114018,113761,5.48e-125,442,minus,GGGGTGAGGCGGCGGCGCACAGACACACACACACACACACACAC----GCACACACCTCCGTGCGTGGGGGGGGGG-TACCTCAGGCTGCAGGGCGCCCACCCACCCACCCACCCACCCCCCACTCCTCCCTCCGCCGTCCCGGCCCATGCCAGAACCACCTGTGGTGGCGACCAGGGCCGAGCATCTGTGACGTCAGGGAGTGCCCCGGCAGAGCGCGAGTTAGGGCTACGGACGTCAGCGGCCATGTCGTGCATGGCGCTG
1-136422d,LinJ.01,86.207,174,461,278268,21,3,222,392,24282,24455,1.02e-47,185,plus,GCGCGACGTAGCGCCACGGATGCCGGCGGCCATGTCGTGCATGGCGCTGCGTCCGAGCCACCCGCGACAGTGAGCACAGGCTTGCACGGTCCATGCGATGGGCGGAGCGTGTCAGCGCGGCTCGAGCGTGTCGCAGCCGGCCCCTCACACTGGCCCACGGCGAGGGGTGCGGGG
1-136422d,LinJ.01,86.207,174,461,278268,21,3,222,392,35751,35578,1.02e-47,185,minus,GCGCGACGTAGCGCCACGGATGCCGGCGGCCATGTCGTGCATGGCGCTGCGTCCGAGCCACCCGCGACAGTGAGCACAGGCTTGCACGGTCCATGCGATGGGCGGAGCGTGTCAGCGCGGCTCGAGCGTGTCGCAGCCGGCCCCTCACACTGGCCCACGGCGAGGGGTGCGGGG
1-136422d,LinJ.01,86.207,174,461,278268,21,3,222,392,55363,55190,1.02e-47,185,minus,GCGCGACGTAGCGCCACGGATGCCGGCGGCCATGTCGTGCATGGCGCTGCGTCCGAGCCACCCGCGACAGTGAGCACAGGCTTGCACGGTCCATGCGATGGGCGGAGCGTGTCAGCGCGGCTCGAGCGTGTCGCAGCCGGCCCCTCACACTGGCCCACGGCGAGGGGTGCGGGG
1-136422d,LinJ.01,86.207,174,461,278268,21,3,222,392,76079,76252,1.02e-47,185,plus,GCGCGACGTAGCGCCACGGATGCCGGCGGCCATGTCGTGCATGGCGCTGCGTCCGAGCCACCCGCGACAGTGAGCACAGGCTTGCACGGTCCATGCGATGGGCGGAGCGTGTCAGCGCGGCTCGAGCGTGTCGCAGCCGGCCCCTCACACTGGCCCACGGCGAGGGGTGCGGGG
1-136422d,LinJ.01,96.296,27,461,278268,1,0,2,28,205558,205584,1.81e-05,45.4,plus,GATGACGGGGTGGGGCGGCGGCGCACA
1-136422d,LinJ.01,100.000,16,461,278268,0,0,10,25,220899,220884,0.51,30.7,minus,GGTGGGGCGGCGGCGC
1-136422d,LinJ.01,100.000,15,461,278268,0,0,269,283,218165,218151,1.8,28.8,minus,TGCGTCGGGGCCACC
1-136422d,LinJ.02,85.000,40,461,356299,4,2,303,342,16693,16730,8.40e-04,39.9,plus,TTGCGCCATCCATATGATGGGCA-A-CGCGCCAGCGCGGC
1-136422d,LinJ.02,85.000,40,461,356299,4,2,303,342,27504,27541,8.40e-04,39.9,plus,TTGCGCCATCCATATGATGGGCA-A-CGCGCCAGCGCGGC
1-136422d,LinJ.02,85.000,40,461,356299,4,2,303,342,89975,89938,8.40e-04,39.9,minus,TTGCGCCATCCATATGATGGGCA-A-CGCGCCAGCGCGGC
1-136422d,LinJ.02,85.000,40,461,356299,4,2,303,342,103410,103373,8.40e-04,39.9,minus,TTGCGCCATCCATATGATGGGCA-A-CGCGCCAGCGCGGC
1-136422d,LinJ.02,95.000,20,461,356299,0,1,431,450,201962,201944,0.51,30.7,minus,TCGGCGTTGGCGTGA-GGGA
1-136422d,LinJ.05,100.000,16,461,467711,0,0,257,272,348484,348469,0.51,30.7,minus,CGTGCATGGCGTTGCG
1-136422d,LinJ.04,100.000,16,461,466506,0,0,9,24,334686,334701,0.51,30.7,plus,GGGTGGGGCGGCGGCG
1-136422d,LinJ.04,100.000,15,461,466506,0,0,336,350,182840,182854,1.8,28.8,plus,GCGCGGCTCGAGCGC
1-136422d,LinJ.03,100.000,15,461,389660,0,0,2,16,370008,370022,1.8,28.8,plus,GACGACGGGGTGGGG
1-204526d,LinJ.01,100.000,432,432,278268,0,0,1,432,205558,205989,0.0,798,plus,GATGACGGGGTGGGGCGGCGGCGCACACACACACACGCACACACCTCCGTGCGTGGGGGGGGGGGTACCTCAGGCTGCAGGGCGCCCACCCACCCCCCCCCACTCCTCCCTCCGCCGTCCCGGCCCATGCCAGAACCACCTGTGGTGGCGACCAGGGCCGAGCATCTGTGACGTCAGGGAGTGCCCCGGCAGAGCGCGAGTTAGGGCTACGGACGTCAGCGGCCATGTCGTGCATGGCGTTGCGTCGGGGCCACCCGCGACAGTGAGCGCAGGTTTGCACCGTCCATATGATGGGCAGAGCGTGTCAGCGCGGCTCGAGCGCATCGCGGCCGGCCCCTCACACTGGCCTACCCGGGGGTGGGGGAGGGGCCTGTGGAAGGGTTATTGAGGGCTGGCGTAGAGTCGGCGTTGGCGTGATGGGATGACTTCGCG
1-204526d,LinJ.01,98.068,414,432,278268,2,2,24,432,130545,130133,0.0,715,minus,CACACACACACACGCACACACCTCCGTGCGTGGGGGGGGGG-TACCTCAGGCTGCAGGGCGCCCACCCACCCACCCACCCCCCACTCCTCCCTCCGCCGTCCCGGCCCATGCCAGAACCACCTGTGGTGGCGACCAGGGCCGAGCATCTGTGACGTCAGGGAGTGCCCCGGCAGAGCGCGAGTTAGGGCTACGGACGTCAGCGGCCATGTCGTGCATGGCGTTGCGTCGGGGCCACCCGCGACAGTGAGCGCAGGTTTGCACCGTCCATATGATGGGCAGAGCGTGCCAGCGCGGCTCGAGCGCATCGCGGCCGGCCCCTCACACTGGCCTACCCGGGGGTGGGGGAGGGGCCTGTGAAAGGGTTATTGAGGGCTGGCGTAGAGTCGGCGTTGGCGTGATGGGATGACTTCGCG
1-204526d,LinJ.01,97.816,412,432,278268,0,1,24,426,137501,137912,0.0,702,plus,CACACACACACACGCACACACCTCCGTGCGTGGGGGGGGGGGTACCTCAGGCTGCAGGGCGCCCACCCACCCACCCACCCACCCCCCACTCCTCCCTCCGCCGTCCCGGCCCATGCCAGAACCACCTGTGGTGGCGACCAGGGCCGAGCATCTGTGACGTCAGGGAGTGCCCCGGCAGAGCGCGAGTTAGGGCTACGGACGTCAGCGGCCATGTCGTGCATGGCGTTGCGTCGGGGCCACCCGCGACAGTGAGCGCAGGTTTGCACCGTCCATATGATGGGCAGAGCGTGTCAGCGCGGCTCGAGCGCATCGCGGCCGGCCCCTCACACTGGCCTACCCGGGGGTGGGGGAGGGGCCTGTGGAAGGGTTATTGAGGGCTGGCGTAGAGTCGGCGTTGGCGTGATGGGATGAC
1-204526d,LinJ.01,95.175,228,432,278268,1,2,24,242,113987,113761,8.87e-98,351,minus,CACACACACACACGCACACACCTCCGTGCGTGGGGGGGGGG-TACCTCAGGCTGCAGGGCGCCCACCCACCCACCCACCCACCCCCCACTCCTCCCTCCGCCGTCCCGGCCCATGCCAGAACCACCTGTGGTGGCGACCAGGGCCGAGCATCTGTGACGTCAGGGAGTGCCCCGGCAGAGCGCGAGTTAGGGCTACGGACGTCAGCGGCCATGTCGTGCATGGCGCTG
1-204526d,LinJ.01,86.207,174,432,278268,21,3,194,364,24282,24455,9.52e-48,185,plus,GCGCGACGTAGCGCCACGGATGCCGGCGGCCATGTCGTGCATGGCGCTGCGTCCGAGCCACCCGCGACAGTGAGCACAGGCTTGCACGGTCCATGCGATGGGCGGAGCGTGTCAGCGCGGCTCGAGCGTGTCGCAGCCGGCCCCTCACACTGGCCCACGGCGAGGGGTGCGGGG
1-204526d,LinJ.01,86.207,174,432,278268,21,3,194,364,35751,35578,9.52e-48,185,minus,GCGCGACGTAGCGCCACGGATGCCGGCGGCCATGTCGTGCATGGCGCTGCGTCCGAGCCACCCGCGACAGTGAGCACAGGCTTGCACGGTCCATGCGATGGGCGGAGCGTGTCAGCGCGGCTCGAGCGTGTCGCAGCCGGCCCCTCACACTGGCCCACGGCGAGGGGTGCGGGG
1-204526d,LinJ.01,86.207,174,432,278268,21,3,194,364,55363,55190,9.52e-48,185,minus,GCGCGACGTAGCGCCACGGATGCCGGCGGCCATGTCGTGCATGGCGCTGCGTCCGAGCCACCCGCGACAGTGAGCACAGGCTTGCACGGTCCATGCGATGGGCGGAGCGTGTCAGCGCGGCTCGAGCGTGTCGCAGCCGGCCCCTCACACTGGCCCACGGCGAGGGGTGCGGGG
1-204526d,LinJ.01,86.207,174,432,278268,21,3,194,364,76079,76252,9.52e-48,185,plus,GCGCGACGTAGCGCCACGGATGCCGGCGGCCATGTCGTGCATGGCGCTGCGTCCGAGCCACCCGCGACAGTGAGCACAGGCTTGCACGGTCCATGCGATGGGCGGAGCGTGTCAGCGCGGCTCGAGCGTGTCGCAGCCGGCCCCTCACACTGGCCCACGGCGAGGGGTGCGGGG
1-204526d,LinJ.01,96.296,27,432,278268,1,0,1,27,137460,137486,1.69e-05,45.4,plus,GACGACGGGGTGGGGCGGCGGCGCACA
1-204526d,LinJ.01,100.000,16,432,278268,0,0,9,24,220899,220884,0.47,30.7,minus,GGTGGGGCGGCGGCGC
1-204526d,LinJ.01,90.909,22,432,278268,1,1,96,117,212162,212182,1.7,28.8,plus,CCCCTC-CTCCTCCCTCCGCCG
1-204526d,LinJ.01,100.000,15,432,278268,0,0,241,255,218165,218151,1.7,28.8,minus,TGCGTCGGGGCCACC
1-204526d,LinJ.02,85.000,40,432,356299,4,2,275,314,16693,16730,7.85e-04,39.9,plus,TTGCGCCATCCATATGATGGGCA-A-CGCGCCAGCGCGGC
1-204526d,LinJ.02,85.000,40,432,356299,4,2,275,314,27504,27541,7.85e-04,39.9,plus,TTGCGCCATCCATATGATGGGCA-A-CGCGCCAGCGCGGC
1-204526d,LinJ.02,85.000,40,432,356299,4,2,275,314,89975,89938,7.85e-04,39.9,minus,TTGCGCCATCCATATGATGGGCA-A-CGCGCCAGCGCGGC
1-204526d,LinJ.02,85.000,40,432,356299,4,2,275,314,103410,103373,7.85e-04,39.9,minus,TTGCGCCATCCATATGATGGGCA-A-CGCGCCAGCGCGGC
1-204526d,LinJ.02,95.000,20,432,356299,0,1,403,422,201962,201944,0.47,30.7,minus,TCGGCGTTGGCGTGA-GGGA
1-204526d,LinJ.05,100.000,16,432,467711,0,0,229,244,348484,348469,0.47,30.7,minus,CGTGCATGGCGTTGCG
1-204526d,LinJ.04,100.000,16,432,466506,0,0,8,23,334686,334701,0.47,30.7,plus,GGGTGGGGCGGCGGCG
1-204526d,LinJ.04,100.000,15,432,466506,0,0,1,15,67615,67601,1.7,28.8,minus,GATGACGGGGTGGGG
1-204526d,LinJ.04,100.000,15,432,466506,0,0,308,322,182840,182854,1.7,28.8,plus,GCGCGGCTCGAGCGC
