Seq_2_LinJ.14_plus,LinJ.14,100.000,1000,1000,656122,0,0,1,1000,584116,585115,0.0,1847,plus,GAGAAGGGATGGTACACTGCTACCCGGGTGCCATACGCTTTTGTCCTACCTTTGCATTACCTTACCTTCTGCACGATCGTTGACCTCGCGATCGACACCACTGGCGCTGACACCATCGACCACTGCCAACCGATCGTGTGCGTGCGCTTCGCCATGCGTTCTTTGCTCACCCTTGCTATTCTGATGCCCCCGGTGACGACGCAGTGTGAGGGGGAAGGGGCGCACCTCGGTGCGTGGCATCCAGGGCCCACTCCCCACGCTGTGCGAGAGCAGGCCAGGCAGCCCCCGCGGCCCTTTTTGCCCCTGCCAATGCCGAGCCGCCGCTTCTGGTGGTGGCAGGGTGAGGCGCCTACAGCGTAGGGTGCGGTGAGAGCGACTCACCGCTGCCGATGTCGGCGGTGAGGTCCTGGATGGCGCCGCGTCGGAGCGGCCTGTCACGGTGGGCACGCTTGTGCCATCCATGTGGCGGGCAGAGTGCCGGCGTGACGGGAACGCATCTCACCGGGCCCCCCACACGGCCCACTGGTGGTGGGGCGCCTGGGCCACCCCGACGAGGATGCACCACGTGGCGATCGCCACAATGGGGTGGCGGGGTGGGGGGAGCGGCTGTGAGGAGACGTGCGAGGCGTGTGGTGTGTAGAAGGTGACGCAGGGGCCGTGCTCAGGTGACCGAGTCGGCGCGCTGCTGGAGCACGTGCCCCCCCTCGCTGCTTCGCACCACGCGATGGGGGCCTGTGACGGTGCGGGGGGAGGGGGAGGGAGGCCGAGCAGAGTCTGAGCGCGCGCTGCATGGTCGCCACGCTACACGTAAAAATAAATGCGGGAATGCGTAACACAAAATCTACTCGGATTGCCGGAGTTGACCGATGCTGTGGACCGCACACACGCACGCGCCCCGCGCACGCACTCGGCGCCATCGCCGACCCCTCCCTCCCGCTGCCTGATCCACTGCTATGCACGTCTTCGGCTCTTTCTACCCTCATGTCTTTTGTTCGGTGTC
Seq_3_LinJ.14_plus,LinJ.14,100.000,851,851,656122,0,0,1,851,580945,581795,0.0,1572,plus,CATGTCGTCTCCTTCCACTCCGCTATGTGTCTCTGTATGCGTATCTGCTCGTCTGCCTCCGTCAACGCCTCACGTAATCTCCTACTTGCTGCTGCCGTCACGCCCGCCCTCTTTCTTCTCCCTTAAGCGAGGAAGGGCGGCGTCGTCCGCTTCGGGCGCTCTTATTGCGGCTACTGCTTCTCCTCTGCCCGATGACGACGCAGTGTGAGGGGGAAGGGGCGCACCTCGGTGCGTGGCATCCAGGGCCCACTCCCCACGCTGTGCGAGAGCAGGCCAGGCAGCCCCCGCGGCCCTTTTTGCCCCTGCCAATGCCGAGCCGCCGCTTCTGGTGGTGGCAGGGTGAGGCGCCTACAGCGTAGGGTGCGGTGAGAGCGACTCACCGCTGCCGATGTCGGCGGTGAGGTCCTGGATGGCGCCGCGTCGGAGCGGCCTGTCACGGTGGGCACGCTTGTGCCATCCATGTGGCGGGCAGAGTGCCGGCGTGACGGGAACGCATCTCACCGGGCCCCCCACACGGCCCACTGGTGGTGGGGCGCCTGGGCCACCCCGACGAGGATGCACCACGTGGCGATCGCCACAATGGGGTGGCGGGGTGGGGGGAGCGGCTGTGAGGAGACGTGCGAGGCGTGTGGTGCGTAGAAGGTGACGCAGGGGCCGTGCTCAGGTGACCGAGTCGGCGCGCTGCTGGAGCACGTGCCCCCCCCTCGCTGCTTCGCACCACGCGATGGGGGCCTGTGACGGTGCGGGGGGAGGGGGAGGGAGGCCGAGCAGAGTCTGAGCGCGCGCTGCATGGCCGCCATAGCTCTCGTTGAAGTCATCTACTTGGCTGCATCTTTTTTTTAGTCGTCAGA
Seq_5_LinJ.14_plus,LinJ.14,100.000,665,665,656122,0,0,1,665,612784,613448,0.0,1229,plus,CTCCGATGACGATGCAGTGTGAGGGGGAAGGGGCGCACCTCGGTGCGTGGCATCCAGGGCCCACTCCCCACGCTGTGCGAGAGCAGGCCAGGCAGCCCCCGCGGCCCTTTTTGCCCCTGCCAATGCCGAGCCGCCGCTTCTGGTGGTGGCAGGGTGAGGCGCCTACAGCGTAGGGTGCGGTGAGAGCGACTCACCGCTGCCGATGTCGGCGGTGAGGTCCTGGATGGCGCCGCGTCGGAGCGGCCTGTCACGGTGGGCACGCTTGTGCCATCCATGTGGCGGGCAGAGTGCCGGCGTGACGGGAACGCATCTCACCGGGCCCCCCACACGGCCCACTGGTGGTGGGGCGCCTGGGCCACCCCGACGAGGATGCACCACGTGGCGATCGCCACAATGGGGTGGCGGGGTGGGGAGAGCGGCTGTGAGGAGACGTGCGAGGCGTGTGGTGCGTAGAAGGTGACGCAGGGGCCGTGCTCAGGTGACCGAGTCGGCGCGCTGCTGGAGCACGTGCCCCCCCCCTCGCTGCTTCGCACCACGCGATGGGGGCCTGTGACGGTGCGGGGGGAGGGGGAGGGAGGCCGAGCAGAGTCTGAGCGCGCGCTGCATGACCGAGAGCGGACACATGCGGAGACGGAACAAGGCGGCGATCCTCTTCGAGCGTGATT
Seq_5_LinJ.14_plus,LinJ.14,100.000,470,470,656122,0,0,1,470,18875,19344,0.0,869,plus,GACACCCCCGTATGTGGCATCTCACGATCCAGCACCCCACCCTCTAGCCCTGCCCGATGCCGAGCCGCTTCTGGTCGTGACAGGCTCTGGCGCCCACGACGTAGGATGGGGAGGTCAGAACGCGCTTGCGCCATCCATATGGTAGGCGGAGCGTCAGTGTGAGTCGAGCACACCCCACCTGACCCTCAATGCCTACCGGTGGTGGGGAGCCTGAGCCACCCCGAGGGGGATTCACCAGGTGGCGACCGGCAGAACGGGGGAGCGCCTGTGCGGCAACCTGCGAGGTTGGGGACGGATGGAGTTTGGTGCAGAGCCCGAGCTGGGATGTCTGGGTCGGTGCACAGCTGTAACGCATGTGCCTACGGCGTGCTGCTTTGCACCACGCGATGGGGGCCTGTGGCGGGCCCGGTAGAGCGGATTCGAATTCGTGTTGCGTGGCAGAAAATTCGCAGGCTGAGCAGCAAAGTTGT
Seq_5_LinJ.14_plus,LinJ.14,99.787,470,470,656122,1,0,1,470,41432,41901,0.0,863,plus,GACACCCCCGTATGTGGCATCTCACGATCCAGCACCCCACCCTCTAGCCCTGCCCGATGCCGAGCCGCTTCTGGTCGTGACAGGCTCTGGCGCCCACGACGTAGGATGGGGAGGTCAGAACGCGCTTGCGCCATCCATATGGTAGGCGGAGCGTCAGTGTGAGTCGAGCACACCCCACCTGACCCTCAATGCCTACCGGTGGTGGGGAGCCTGAGCCACCCCGAGGGGGATTCACCAGGTGGCGGCCGGCAGAACGGGGGAGCGCCTGTGCGGCAACCTGCGAGGTTGGGGACGGATGGAGTTTGGTGCAGAGCCCGAGCTGGGATGTCTGGGTCGGTGCACAGCTGTAACGCATGTGCCTACGGCGTGCTGCTTTGCACCACGCGATGGGGGCCTGTGGCGGGCCCGGTAGAGCGGATTCGAATTCGTGTTGCGTGGCAGAAAATTCGCAGGCTGAGCAGCAAAGTTGT
Seq_9_LinJ.14_plus,LinJ.14,100.000,640,640,656122,0,0,1,640,279607,280246,0.0,1182,plus,GTGTCCCGGACGACCTGGAGACACCCCAGCGTGGCATCTCAGGGTCCGGTGCCCCCCCCCCCAAATCACCCCCCACTCATTGTGGGGAGGAAGCCGAGCAGCCCCTTCGCCGTGCCAGCCACCGCGCCACTTCCGGTGGTGACAGTGTCGAGCACCTACGACGTAAGGGTGTGGGCTCCGTGCGATTTAGCGCCACTGAGGTTGGCGGTGAGGCCGTGGGATGGCGTTGCGTTGGAGCTGCATGCGACCGTGAACACGTTTGCACGATTCGTATGATGGGTAAAGCGTCTGCGCGACTCCAACGTACGCCACGCGGCCATGGCTGCCTACCGGTGCCGGGAGCCTGTGCCGCGCCGAGAGGGGGGAGGGATGCAGCACGTGCGCCCGGCATGATGGGGGAGCGGCTGTGAGGCGACCTGCGAGGCGGGCGGGTAGCGCTGGAGGCAGGGGCCGTGCTCCGATGGCCGGGTCGGCATTTTGCTGTAAGGCGTGTCCACCGGCTGCCTCGCACCACGCGATGGGGCCTGTGACGGGCCGGGGGGAGGGGGTAGGAGTGGCGTGTCACCCTGGTTGCACGGCGGAGAACGGACACGTTGAAAAGGCCGTTCTCCTGTCGGTCTGTCGAGGTGCGCATCGCTCC
Seq_11_LinJ.14_plus,LinJ.14,100.000,652,652,656122,0,0,1,652,144035,144686,0.0,1205,plus,CCACCACCGTCTCGCCTCGACCTTTTCTTCCCTCCCCTCCCCTTCTCTCTTGTACTCCTCCCCCCACACCATTTCTTCACGTCCCCATGCAAGCTGCGTTCGTTCTTTGCTGTTTTCTGTCTTTCTTTTCGTGTGCTTGTCCTCCCTGATGAGCGGTGGATACGCCAGCCCCAGTGCGTGGCATCTCGGGACCCGGTGCCCCCACTCTCTCCCCCTGCGGGGAGGCGGAGCGGCACCCCACCCCCTCTAGTCCTGCCCAATGCGGAGCCGCTTCCGGTCGTGACAGGGTCAAGCGCCGACGCCGTAGGGGAGGTCAGAGCGATGCATCGCCACTGACGCCGGCGGCCAGGTCCTGGACGGCGCTGCGTCGGTGCGACCCGCGGCCGTGAACACGCTTGCGCCATCCATGTGATGGGCAGCGTGTCGGCGTGACTCGAGCGTACCCCACACCCGGCCCCCACACTGCCCTGCTGGTGGTGGGTGGGGCTTGAGGCAGGGGCTGTGCTCAGATGACTGTGTCTGCGCACAGCCGTAGCGACGTGCCTGCCACTGCTTCAGTTCACGCGCCTGAGGTCTGTGCCAGGGCCCGGGCCAGAGGGAGGGTAGAGTGCTGTGTAGCGCGTGCTCTACGGTCAGAGAATGGTCATGTTGA
Seq_12_LinJ.14_plus,LinJ.14,100.000,1000,1000,656122,0,0,1,1000,140574,141573,0.0,1847,plus,CTTTCGATTCTGCAGCGTTGCAGCCCTAGCTATCAGCTCGCTCCACCTTCAATAATTGCTTCCGTTCCCTTCCCTCCCCTCCCCACCCACTGCCCTGCTGCTTCACAGCCCATGGCGCTTTATTAGTTACTGCGCCCTCTCGGTGTTGTGTGATGCCTTTGATTGGTGTACCGCCACCGTCTCGCCTCGACCTTTTCTTCCCTCCCCTCCCCTTCTCTCTTGTACTCCTCCCCCCACACCATTTCTTCACGTCCCCATGCAAGCTGCGTTCGTTCTTTGCTGTTTTCTGTCTTTCTTTTCGTGTGCTTGTCCTCCCTGATGAGCGGTGGATACGCCAGCCCCAGTGCGTGGCATCTCGGGACCCGGTGCCCCCACTCTCTCCCCCTGCGGGGAGGCGGAGCGGCACCCCACCCCCTCTAGTCCTGCCCAATGCGGAGCCGCTTCCGGTCGTGACAGGGTCAAGCGCCGACGCCGTAGGGGAGGTCAGAGCGATGCATCGCCACTGACGCCGGCGGCCAGGTCCTGGACGGCGCTGCGTCGGTGCGACCCGCGGCCGTGAACACGCTTGCGCCATCCATGTGATGGGCAGCGTGTCGGCGTGACTCGAGCGTACCCCACACCCGGCCCCCACACTGCCCTGCTGGTGGTGGGTGGGGCTTGAGGCAGGGGCTGTGCTCAGATGACTGTGTCTGCGCACAGCCGTAGCGACGTGCCTGCCGCTGCTTCAGTTCACGCGCCTGAGGTCTGTGCCAGGGCCCGGGCCAGAGGGAGGGTAGAGTGCTGTGTAGCGCGTGCTCTACGGTCAGAGAATGGTCACGTTGAACAAAACCTAACAAGATATGTAAAGCAGCGCTGCCCCACACCTGTGAGAGGTGGGGACTGCGTGATCGTGCATGTGTTGATGTACACCTTTGCGTGGCGGTGGAATGCGCTTGCGGGCAGCCATCCATGTTCCCCACACCACCATCCGATGGCCTCTCTCGCGTCACCTCTGCATCTA
Seq_12_LinJ.14_plus,LinJ.14,100.000,1000,1000,656122,0,0,1,1000,137075,138074,0.0,1847,plus,CTTTCGATTCTGCAGCGTTGCAGCCCTAGCTATCAGCTCGCTCCACCTTCAATAATTGCTTCCGTTCCCTTCCCTCCCCTCCCCACCCACTGCCCTGCTGCTTCACAGCCCATGGCGCTTTATTAGTTACTGCGCCCTCTCGGTGTTGTGTGATGCCTTTGATTGGTGTACCGCCACCGTCTCGCCTCGACCTTTTCTTCCCTCCCCTCCCCTTCTCTCTTGTACTCCTCCCCCCACACCATTTCTTCACGTCCCCATGCAAGCTGCGTTCGTTCTTTGCTGTTTTCTGTCTTTCTTTTCGTGTGCTTGTCCTCCCTGATGAGCGGTGGATACGCCAGCCCCAGTGCGTGGCATCTCGGGACCCGGTGCCCCCACTCTCTCCCCCTGCGGGGAGGCGGAGCGGCACCCCACCCCCTCTAGTCCTGCCCAATGCGGAGCCGCTTCCGGTCGTGACAGGGTCAAGCGCCGACGCCGTAGGGGAGGTCAGAGCGATGCATCGCCACTGACGCCGGCGGCCAGGTCCTGGACGGCGCTGCGTCGGTGCGACCCGCGGCCGTGAACACGCTTGCGCCATCCATGTGATGGGCAGCGTGTCGGCGTGACTCGAGCGTACCCCACACCCGGCCCCCACACTGCCCTGCTGGTGGTGGGTGGGGCTTGAGGCAGGGGCTGTGCTCAGATGACTGTGTCTGCGCACAGCCGTAGCGACGTGCCTGCCGCTGCTTCAGTTCACGCGCCTGAGGTCTGTGCCAGGGCCCGGGCCAGAGGGAGGGTAGAGTGCTGTGTAGCGCGTGCTCTACGGTCAGAGAATGGTCACGTTGAACAAAACCTAACAAGATATGTAAAGCAGCGCTGCCCCACACCTGTGAGAGGTGGGGACTGCGTGATCGTGCATGTGTTGATGTACACCTTTGCGTGGCGGTGGAATGCGCTTGCGGGCAGCCATCCATGTTCCCCACACCACCATCCGATGGCCTCTCTCGCGTCACCTCTGCATCTA
Seq_12_LinJ.14_plus,LinJ.14,99.900,1000,1000,656122,1,0,1,1000,133577,134576,0.0,1842,plus,CTTTCGATTCTGCAGCGTTGCAGCCCTAGCTATCAGCTCGCTTCACCTTCAATAATTGCTTCCGTTCCCTTCCCTCCCCTCCCCACCCACTGCCCTGCTGCTTCACAGCCCATGGCGCTTTATTAGTTACTGCGCCCTCTCGGTGTTGTGTGATGCCTTTGATTGGTGTACCGCCACCGTCTCGCCTCGACCTTTTCTTCCCTCCCCTCCCCTTCTCTCTTGTACTCCTCCCCCCACACCATTTCTTCACGTCCCCATGCAAGCTGCGTTCGTTCTTTGCTGTTTTCTGTCTTTCTTTTCGTGTGCTTGTCCTCCCTGATGAGCGGTGGATACGCCAGCCCCAGTGCGTGGCATCTCGGGACCCGGTGCCCCCACTCTCTCCCCCTGCGGGGAGGCGGAGCGGCACCCCACCCCCTCTAGTCCTGCCCAATGCGGAGCCGCTTCCGGTCGTGACAGGGTCAAGCGCCGACGCCGTAGGGGAGGTCAGAGCGATGCATCGCCACTGACGCCGGCGGCCAGGTCCTGGACGGCGCTGCGTCGGTGCGACCCGCGGCCGTGAACACGCTTGCGCCATCCATGTGATGGGCAGCGTGTCGGCGTGACTCGAGCGTACCCCACACCCGGCCCCCACACTGCCCTGCTGGTGGTGGGTGGGGCTTGAGGCAGGGGCTGTGCTCAGATGACTGTGTCTGCGCACAGCCGTAGCGACGTGCCTGCCGCTGCTTCAGTTCACGCGCCTGAGGTCTGTGCCAGGGCCCGGGCCAGAGGGAGGGTAGAGTGCTGTGTAGCGCGTGCTCTACGGTCAGAGAATGGTCACGTTGAACAAAACCTAACAAGATATGTAAAGCAGCGCTGCCCCACACCTGTGAGAGGTGGGGACTGCGTGATCGTGCATGTGTTGATGTACACCTTTGCGTGGCGGTGGAATGCGCTTGCGGGCAGCCATCCATGTTCCCCACACCACCATCCGATGGCCTCTCTCGCGTCACCTCTGCATCTA
Seq_12_LinJ.14_plus,LinJ.14,99.862,781,1000,656122,,,,,130297,131077,0.00e+00,892.0,plus,CCTCATGACCGGTACATACAAACATACCCGCACACAGTGCGTGGCATCTCGGGACCCGGTGCCCCCACTCTCTCCCCCTGCGGGGAGGCGGAGCGGCACCCCACCCCCTCTAGTCCTGCCCAATGCGGAGCCGCTTCCGGTCGTGACAGGGTCAAGCGCCGACGCCGTAGGGGAGGTCAGAGCGATGCATCGCCACTGACGCCGGCGGCCAGGTCCTGGACGGCGCTGCGTCGGTGCGACCCGCGGCCGTGAACACGCTTGCGCCATCCATGTGATGGGCAGCGTGTCGGCGTGACTCGAGCGTACCCCACACCCGGCCCCCACACTGCCCTGCTGGTGGTGGGGAGCCGGAGCCACCCCGAGGAGGATGCAGCACGTGGCGACCGGCACGATGGTAGCTGCTGTGAGGCCACCCGCGGGGCGGGTGGTGGGTGGGGCTTGAGGCAGGGGCTGTGCTCAGATGACTGTGTCTGCGCACAGCCGTAGCGACGTGCCTGCCGCTGCTTCAGTTCACGCGCCTGAGGTCTGTGCCAGGGCCCGGGCCAGAGGGAGGGTAGAGTGCTGTGTAGCGCGTGCTCTACGGTCAGAGAATGGTCACGTTGAACAAAACCTAACAAGATATGTAAAGCAGCGCTGCCCCACACCTGTGAGAGGTGGGGACTGCGTGATCGTGCATGTGTTGATGTACACCTTTGCGTGGCGGTGGAATGCGCTTGCGGGCAGCCATCCATGTTCCCCACACCACCATCCGATGGCCTCTCTCGCGTCACCTCTGCATCTA
Seq_17_LinJ.14_plus,LinJ.14,99.379,643,585,656122,,,,,108962,109604,0.00e+00,954.0,plus,TTCCTTCTTTGTTCATCGGATGTCCCTCATGACCGGTACACACAAACATACCCACACACACTGCGTGGCATCTCGGGACCCGGTGCCCCCACTCTCTCCCCCTGCGGGGAGGCGGAGCGGCACCCCACCCCCTCTAGTCCTGCCCAATGCGGAGCCGCTTCCGGTCGTGACAGGGTCAAGCGCCGACGCCGTAGGGGAGGTCAGAGCGATGCATCGCCACTGACGCCGGCGGCCAGGTCCTGGACGGCGCTGCGTCGGTGCGACCCGCGGCCGTGAACACGCTTGCGCCATCCATGTGATGGGCAGCGTGTCGGCGTGACTCGAGCGTACCCCACACCCGGCCCCCACACTGCCCTGCTGGTGGTGGGGAGCCGGAGCCACCCCGAGGAGGATGCAGCACGTGGCGACCGGCACGATGGTAGCTGCTGTGAGGCCACCCGCGGGGCGGGTGGTGGGTGGGGCTTGAGGCAGGGGCTGTGCTCAGATGACTGTGTCTGCGCACAGCCGTAGCGACGTGCCTGCCGCTGCTTCAGTTCACGCGCCTGAGGTCTGTGCCAGGGCCCGGGCCAGAGGGAGGGTAGAGTGCTGTGTAGCGCGTGCTCTACGGTCAGAGAATGGTCACGTTGAACAAGGCAGGAAAGCT
Seq_17_LinJ.14_plus,LinJ.14,99.731,646,585,656122,,,,,104410,105055,0.00e+00,878.0,plus,TGTTTTCTGCTTTACTTTTCGTGTGCTTGTCCTCCCTGATGAGCGGTGGATACGCCAGCCCCAGTGCGTGGCATCTCGGGACCCGGTGCCCCCACTCTCTCCCCCTGCGGGGAGGCGGAGCGGCACCCCACCCCCTCTAGTCCTGCCCAATGCGGAGCCGCTTCCGGTCGTGACAGGGTCAAGCGCCGACGCCGTAGGGGAGGTCAGAGCGATGCATCGCCACTGACGCCGGCGGCCAGGTCCTGGACGGCGCTGCGTCGGTGCGACCCGCGGCCGTGAACACGCTTGCGCCATCCATGTGATGGGCAGCGTGTCGGCGTGACTCGAGCGTACCCCACACCCGGCCCCCACACTGCCCTGCTGGTGGTGGGGAGCCGGAGCCACCCCGAGGAGGATGCAGCACGTGGCGACCGGCACGATGGTAGCTGCTGTGAGGCCACCCGCGGGGCGGGTGGTGGGTGGGGCTTGAGGCAGGGGCTGTGCTCAGATGACTGTGTCTGCGCACAGCCGTAGCGACGTGCCTGCCGCTGCTTCAGTTCACGCGCCTGAGGTCTGTGCCAGGGCCCGGGCCAGAGGGAGGGTAGAGTGCTGTGTAGCGCGTGCTCTACGGTCAGAGAATGGTCACGTTGAACAAGGCAGGAAAGCT
Seq_15_LinJ.14_plus,LinJ.14,79.070,215,607,656122,37,6,288,495,172023,172236,4.97e-33,141,plus,CGGCGCGACCCGAACGTACCCCACACTCGGCCCACACGCTGCCCTGCTGGTGGTGGAAAGCCGCCGCTACCCCGGGGGGGGGGATGCTGCACGCGGCTGCCCGCGCAAGGGGTGGGGGTGCTGTGGGGCAGCCCGCGGGGCGGGTGGTGGGCGGGGTCTGAGGCAGGAGCTGCGCCCAGACGGCCGTGTTAGCACACAGCCGTAGCAACGCGCC
Seq_16_LinJ.27_minus,LinJ.14,75.062,724,403,656122,,,,,622010,622733,1.30e-05,68.5,plus,GATGCCTCCGCGTGGTATCACAGGGACACACCAGTGCCACCACTCCGTGACGGGAGGCCACGCAGCACCCTCCCACTCTTCCTGCGAATGCCAAAGCACTTCTGGTGGTGACAGGGCCAGGCGCCTACGGCGTGGCGAGGCTAGAGCCGGTTTATCGTTGCTGATGTCGGCGGCGAGGTCCTGGCTGGCGCCACGTCGGGGCGACCTGCGACATTGAGCACGTCTACATTATGCATATCGTGGACGAGGCGCCAACGTGAGGCACCGATGACGGAAGCATAAGGAGAGCACCCCGAATTCGCGCCATCGAGTCCTCCAGACCTCCACGTGGAGAGTCACCACACCACATTGTGGAATGCCGCGGTGTAAAGCGATTGAAAGAGAAACACGCCACACTGGCAGGGTGTCCGGGGCCTCAGAGGGTCCTGGCCCCAAGCCGGCCAACCTCCCCCCATGAGCTCATCCGGCATTCAGCCGGACCAGACCCTGTTATCAGCACCACAGAGACGCCATCGCCTCCTGCCCTCGAGCAGGACCGCGAAGGCCGCTCCTTCGGATTACGGCATGTAGTCCACACGAGTGGTCTGTCTGGCGCCGATTGAGCAGCACGTATGCAAAGGAAGGATGAGAAAGAACAGGATGAGCCCATCAGACGCATGGCCCTGATTCGACAGCAGGCCAGCTCGTCGTAGGCGTCCAGCATGTAGGTGTACTGCGGCGGAGG
Seq_63_LinJ.29_minus,LinJ.14,86.269,602,457,656122,,,,,557927,558528,5.70e-11,567.2,plus,GGGGGACGGGGCGCACCTCGGTGCGTGGCATCCAGGGCCCACTCCCCACGCTGTGCGAGAGCAGGCCAGGCAGCCCCCGCGGCCCTTTTTGCCCCTGCCAATGCCGAGCCGCCGCTTCTGGTGGTGGCAGGGTGAGGCGCCTACAGCGTAGGGTGCGGTGAGAGCGACTCACCGCTGCCGATGTCGGCGGTGAGGTCCTGGATGGCGCCGCGTCGGAGCGGCCTGTCACGGTGGGCACGCTTGTGCCATCCATGTGGCGGGCAGAGTGCCGGCGTGACGGGAACGCATCTCACCGGGCCCCCCACACGGCCCACTGGTGGTGGGGCGCCTGGGCCACCCCGACGAGGATGCACCACGTGGCGATCGCCACAATGGGGTGGCGGGGTGGGGGGAGCGGCTGTGAGGAGACGTGCGAGGCGTGTGGTGTGTAGAAGGTGACGCAGGGGCCGTGCTCAGGTGACCGAGTCGGCGCACTGCTGGAGCACGTGCCCCCCTCGCTGCTTCGCACCACGCGATGGGGGCCTGTGACGGTGCGGGGGGAGGGGGAGGGAGGCCGAGCAGAGTCTGAGCGCGCGCTGCATGACCGAGAATGGGCATGCTGA
Seq_8_LinJ.14_minus,LinJ.14,87.999,448,406,656122,,,,,174690,175137,1.11e-28,421.8,plus,GGGAAACCCCGGCATGGCATCAGGGTCCGGTACTCCCTCGGTGTGGGGAAGCCAAGCGGCACCCCACCCCCTCTAGTCCTGCCCAATGCGGAGCCGCTTCCGGTCGTGACAGGGTCAAGCGCCGACGCCGTAGGGGAGGTCAGAGCGATGCATCGCCACTGACGCCGGCGGCCAGGCCCTGGACGGCGCTGCGTCGGTGCGACCCGCGGCCGTGAACACGCTTGCGCCATCCATGTGATGGGCAGCGTGTCGGCGTGACTCGAGCGTACCCCACACCCGGCCCCCACACTGCCCTGCTGGTGGTGGGTGGGGCTTGAGGCAGGGGCTGTGCTCAGATGACTGTGTCTGCGCACAGCCGTAGCGACGTGCCTGCCGCTGCTTCGCAGCACGTAAGAGACTTGTAGAGGGTTGGTTAAAGCGGAGTTTAGCTCGTGCTGCATGGCAGAGA
Seq_28_LinJ.16_minus,LinJ.14,82.286,154,232,656122,,,,,615483,615636,9.10e-19,101.3,plus,GGTGATACAGGAAGCTCGAAGGACGGCTGACTCCGCGCTCTCGTCCGTTGACAAGGGCACAGACATATACGCGTACCGATGCGCTTGTATGAAGAGACGCGCTCTAGTCTTGCGGGTGTGGCTGCCGGTGTGTAAGCAGTCCGATTGCATCACA
Seq_41_LinJ.19_plus,LinJ.14,74.409,171,473,656122,,,,,375871,376041,2.00e-03,50.0,plus,ACAAACGCCATCATCACCGCAAGTCTCCTCGGCACAGCCCTACCCCAGACTTGCCCGCTGACACCAAGAGCCCGCGCCGGCACCCGAGGTGCCGGCTGGCGGGTGCTCGGCTTCTCCAGAACGAGTGGGGGTTACTGGGCCCTCAGATGCCACGGTGAGGCTGCCGGCATC
Seq_16_LinJ.14_plus,LinJ.14,100.000,429,429,656122,0,0,1,429,286219,286647,0.0,793,plus,GATGATGCCGGCCACCTCACCCCGCAATATCACGCGGCCCAGTGCCCTCCCCTCATCTTCCCACTCGCTATGGGGCAAGCCAGGTAGCCTGCAGCCTACCCCTCGGGCACGGCTGGCGGAGTCTCAGTGCCCGGCGGACAGGCCTGGACTGGCGCTGTGCCGAAGGAGACGTGCGGTCATGGGCATGCTTTCCCCAGCGGCGTTTCTGCGTTCGCTGCGTTGCAGCGATGATGCCGGGCGCGATCCTGGACTGAGCCTGCGCTGCATGCGGTGGAATGGCAATGAGCTCAACGACGCCCCACAGCGCTGATTGGCCTGGTGCCTTGGCGTAGCCGCAGTGCAGCCGGGCCAGGGCGAACTACGGCTGTGCATCCGCAATCTTTGCTGTCATGCTCATGGCAGAGCGGGCACGCTGAAAGGAAAAAAAAA
Seq_33_LinJ.20_minus,LinJ.14,75.609,652,1001,656122,,,,,203271,203922,7.30e-10,127.5,plus,CACGAACAACTCCATAAATGTATACGCGTACACAACCACAGCTCATCTGCAGCCGCAGCGCCGTGGCTACATCCGCGTCGTCTAGGACGAACCGTCCTGCCATTGCATCGGGGCCGTGGGGCGCGATCGGGGACAGACGGAGGCCCGGGTGGGCCGCACGCATCGAACCAGGCGGGCAGTGTCTAGGGTCCTGCTCGAGGGCGGAAGCGGTGACGTCCGTCATGCGGGATAATAGGAGGCGGTCCGGGTGGATGCCGCATGAGCTCAGGGAGGATGCTGGAAAGCCTCAGGCCAGGGCCCTCTGGAGACATTGCACATCCTGCCTGCATGCCATGCTTCTCCCTCTCAGTTGCTTCAAGCTGCGGCATGCCGTAATACGGTGTGCAGGTTCTCCACATGGGAGTTTGGAGGACCCGATGGTGCAACTCGAGGGAACTCTTCATGCTTTCGGCATCTGTGCTTCATCAGTCTACCTGGTCAGACGTAGGAGATGCCGCATGGTTTGCACGCATGCACGTTGGGGTTGATTGGTGTGGGAATCCTTCGCGCCCTTCTCCGTCCATCCCTCCTGCTCTTCTCACCTCTGCATTCCTTCTTTCCGTATGATACACCATGTCAGTTGTGCTTGACCGCACGTGCGCACAGTGCTCGC
Seq_36_LinJ.30_plus,LinJ.14,72.443,352,364,656122,87,7,15,362,430124,430469,3.80e-22,104,plus,TGCCAGCCACCTCATCGCGGCATCTCAGGGCCCAGTGCCAACTCTTCGTGGGGATGCCAAAGGTCTGCCCCGCCTAGCCTGGGGTGCGACTGCGGGTTCTTGGTGTCAGCGGGCGGGTCTGGGCTAGCACTGTGCCGAAGGGACTTGCGATGATGATCAGGTTTGTGCGAGCTCACTACGATTCGTGTCGACGATTCAGCAAGCACGCGCTTGCACATGCTGTCTTTCGGCTTTAGCTTCGATGTCGTGATGTCGAGCGTGATACAGGGCCCACCCTGCGCTGTATGCCGTGGCATTGCAGCGGGCTGAACGGCGCCACACGGTGTTGGTTGGTCCGGTTCCTTGG
Seq_4_LinJ.14_minus,LinJ.14,100.000,851,851,656122,0,0,1,851,589318,588468,0.0,1572,minus,TAACAGATCAGCCGAGCACACGCCCCCACATTTGTTGGGTAGAGGAGAAGCGAGAGGAGCAAGAGATGTAAGGGAGGCACGCGCTAACGCTGCACTGACTACGTTCGACATGGCAGAGAACCAGCATGCAAGAACGGCACGCCGCCATTATCGCGCTCTTCAGCCCTTCCTGCATCGTCGTCGGCAACCCGATGACGATGCAGTGTGAGGGGGAAGGGGCGCACCTCGGTGCGTGGCATCCAGGGCCCACTCCCCACGCTGTGCGAGAGCAGGCCAGGCAGCCCCCGCGGCCCTTTTTGCCCCTGCCAATGCCGAGCCGCCGCTTCTGGTGGTGGCAGGGTGAGGCGCCTACAGCGTAGGGTGCGGTGAGAGCGACTCACCGCTGCCGATGTCGGCGGTGAGGTCCTGGATGGCGCCGCGTCGGAGCGGCCTGTCACGGTGGGCACGCTTGTGCCATCCATGTGGCGGGCAGAGTGCCGGCGTGACGGGAACGCATCTCACCGGGCCCCCCACACGGCCCACTGGTGGTGGGGCGCCTGGGCCACCCCGACGAGGATGCACCACGTGGCGATCGCCACAATGGGGTGGCGGGGTGGGGGGAGCGGCTGTGAGGAGACGTGCGAGGCGTGTGGTGTGTAGAAGGTGACGCAGGGGTCGTGCTCAGGTGACCGAGTCGGCGCGCTGCTGGAGCACGTGCCCCCCCCTCGCTGCTTCGCACCACGCGATGGGGGCCTGTGACGGTGCGGGGGGAGGGGGAGGGAGGCCGAGTAGAGTCTGAGCGCGCGCTGCATGGCCGCGAGTGGGCAGGTTCAAATAACAATCAATCGAAGGCGGCATCGGGAGCGCATGGG
Seq_11_LinJ.11_plus,LinJ.14,96.970,231,1000,656122,6,1,770,1000,187607,187378,9.67e-107,387,minus,TTGGGGAGAACTTGCACCGTCCTGTAGCCGTTCGAAATGGGGGATGATATGTCTGTGTGTGCCCATTCACATCGATGTCCCTGTCTCTGTCCTTATCAGCCCTACGGAGCATTCATCATCATCGTCACGACCACCACACACTAAGAAGCATGTGAATCGGCTCCCTGCCACATGAATCGATCCCACGGTGCATGAGTTAGGTATAGGAGCTGATCGAACGGCGCCGCACG
Seq_18_LinJ.14_minus,LinJ.14,99.44,496,468,656122,,,,,165992,165497,0.00e+00,693.0,minus,TTCTCGGATGTCCCTCATGACCGGTAGACACAAACATACCCGCACACAGTGCGTGGCATCTCGGGACCCGGTGCCCCCACTCTCTCCCCCTGCGGGGAGGCGGAGCGGCACCCCACCCCCTCTAGTCCTGCCCAATGCGGAGCCGCTTCCGGTCGTGACAGGGTCAAGCGCCGACGCCGTAGGGGAGGTCAGAGCGATGCATCGCCACTGACGCCGGCGGCCAGGTCCTGGACGGCGCTGCGTCGGTGCGACCCGCGGCCGTGAACACGCTTGCGCCATCCATGTGATGGGCAGCGTGTCGGCGTGACTCGAGCGTACCCCACACCCGGCCCCCACACTGCCCTGCTGGTGGTGGGTGGGGCTTGAGGCAGGGGCTGTGCTCAGATGACTGTCTGCGCACAGCCGTAGCGACGTGCCTGCCGCTGCTTCGCAGCACGTAAGAGACTTGTAGAGGGTTGGTTAAAGCGGAGTTTAGCTCGTGCTGCATGGCAGAGAA
Seq_6_LinJ.14_minus,LinJ.14,100.000,1000,1000,656122,0,0,1,1000,646707,645708,0.0,1847,minus,GACAGCGAGCCATGAACGACGAAGAACCGCAAAGGAAAGGGAAGCCCGAGAGGCGAAGGTTAGAGAGCCCCATTGGCGCGTATGAGGACATTATAGAAATAACAAACATTCAAAGCCCCGCGGCGCGTGCATAAAGTGCACCGTCTCGAAAGGGAAAAGGCTCGGTTCTTTGCAGGGCGTCATGGGACAGACCGCCGCGAAAGCCGACAAGAACGAAATGCGGCGGTGCGCCCCCCCCCCACTGCACCATTACAGAGGGGGCGGTTAATGGGAGATGTGTATTCAAGGCGAAGATCACAATAGTGGCCGCCAGGATTCGTTTTGTCCTCGCGCCTTTTCACATTTTTGTTCCCCACACAATGAGGGATACCTCAGCGCGTGGTATCCAGGGTCTAGTACCCTACTCTCTCTCTCTGTGTGTGTGTGTGTGTGCGTGGGGGGGGGAGGGGGAAGGCAGCCGCCACCACCCACACTTTATCTCTGAAAAATGCCGAACCACTTCTGGTGGTGAAGAGGTCAAGTGCCTATGGCATGGGGAAGCGAGGACAATTCACCGATGCTCATGTCGACCGTGAGGACCTGGACGGCGCAGCCTAAAAGCGACGTGTCTCAGTGAACACGCTTGTCGCATGCACACATCATGGGCAAAGTGTCAACCTGGCCGAAACGCATCTTGCAAGGCCCCCGCACCGCCTCTTGGTGGTGGGAAGCCGGAGCCGCCCCGATGGGGATGCACCGCGTGGCGACGGGCATGATGGGAGGAGCGGCTGTGATGCACGGAAGAGGTGGTAGAGCTTGAGGCACAGGCTGCATTCCGATGATTGAGGCACTGAGTTGCTGTAACGCCTGCCTGCCGCTACTTCCCACCGCTAAAGGGGGCGATGGGCAGGGTTTGGTTACGCTCAGGCTCAACGGTAGAGTGGACACGTGGAAGAAGGAAAAGAGAAAACATGCGTGCTGTGTCGTTGTGTGCGCCTTCGGCGTCGCCTGGGAGGCGGTG
Seq_16_LinJ.14_minus,LinJ.14,100.000,733,733,656122,0,0,1,733,271437,270705,0.0,1354,minus,AGCCGAGCAGCCCCTTCGCCGTGCCAGCCACCGCGCCACTTCCGGTGGTGACAGTGTCGAGCACCTACGACGTAAGGGTGTGGGCTCCGTGCGATTTAGCGCCACTGAGGTTGGCGGTGAGGCCGTGGGATGGCGTTGCGTTGGAGCTGCATGCGACCGTGAACACGTTTGCACGATTCGTATGATGGGTAAAGCGTCTGCGCGACTCCAACGTACGCCACGCGGCCATGGCTGCCTACCGGTGCCGGGAGCCTGTGCCGCGCCGAGAGGGGGGAGGGATGCAGCACGTGCGCCCGGCATGATGGGGGAGCGGCTGTGAGGCGACCTGCGAGGCGGGCGGGTAGCGCTGGAGGCAGGGGCCGTGCTCCGATGGCCGGGTCGGCATTTTGCTGTAAGGCGTGTCCACCGGCTGCCTCGCACCACGCGATGGGGCCTGTGACGGGCCGGGGGGAGGGGGTAGGAGTGGCGTGTCACCCTGGTTGCACGGCGGAGAACGGACACGTTGAAAAGGCCGTTCTCCTGTCGGTCTGTCGAGGTGCGCATCGCTCTAGCGCAAGCCCTGACTTCCTTACCGGTGTTGTGCGTGCGCGCTGCAGACTCCGCCACCCCTCTCCCTGTTCGGCTGTCTCTCTCTTTGTGTGTGTGTGTGTGTTCGCCGTTGGAAGGTCTCATTCGCCGCGGTTGACCGCTGTTTTTCTGTCTCCGTTTCCTTTGACGGTGCCGTTTTCTGGTC
Seq_18_LinJ.14_minus,LinJ.14,100.000,845,845,656122,0,0,1,845,263302,262458,0.0,1561,minus,CCGTGCACGTGCCCGGACGACCTGGAGACACCCCAGCGTGGCATCTCAGGGTCCGGTGCCCCCTCCCCCAAAAATCACCCCCCACTCATTGTGGGGAGGAAGCCGAGCAGCCCCTTCGCCGTGCCAGCCACCGCGCCACTTCCGGTGGTGACAGTGTCGAGCACCTACGACGTAAGGGTGTGGGCTCCGTGCGATTTAGCGCCACTGAGGTTGGCGGTGAGGCCGTGGGATGGCGTTGCGTTGGAGCTGCATGCGACCGTGAACACGTTTGCACGATTCGTATGATGGGTAAAGCGTCTGCGCGACTCCAACGTACGCCACGCGGCCATGGCTGCCTACCGGTGCCGGGAGCCTGTGCCGCGCCGAGAGGGGGGAGGGATGCAGCACGTGCGCCCGGCATGATGGGGGAGCGGCTGTGAGGCGACCTGCGAGGCGGGCGGGTAGCGCTGGAGGCAGGGGCCGTGCTCCGATGGCCGGGTCGGCATTTTGCTGTAAGGCGTGTCCACCGGCTGCCTCGCACCACGCGATGGGGCCTGTGACGGGCCGGGGGGAGGGGGTAGGAGTGGCGTGTCACCCTGGTTGCACGGCGGAGAACGGACACGTTGAAAAGGCCGTTCTCCTGTCGGTCTGTCGAGGTGCGCATCGCTCTAGCGTTCTTTGCGGGTAGCGTGGCGATGGTGGCGTTGGCGCGGATGTCTTGCCCCGCCCGTCCCCGCTGTTACGCCGACACGGTCTTGTTTTCTTTTGTTATTTGCTGGTGTTATTATCATTGTTATCATTATTTGCTCTGGCTGCCTGTTGCGTCTCTCTTTATAAAGTGTCTTCGCCTTAATCTCCACCCCTTA
Seq_18_LinJ.14_minus,LinJ.14,99.882,845,845,656122,1,0,1,845,261298,260454,0.0,1555,minus,CCGTGCACGTGCCCGGACGACCTGGAGACACCCCAGCGTGGCATCTCAGGGTCCGGTGCCCCCTCCCCCAAAAATCACCCCCCACTCATTGTGGGGAGGAAGCCGAGCAGCCCCTTCGCCGTGCCAGCCACCGCGCCACTTCCGGTGGTGACAGTGTCGAGCACCTACGACGTAAGGGTGTGGGCTCCGTGCGATTTAGCGCCACTGAGGTTGGCGGTGAGGCCGTGGGATGGCGTTGCGTTGGAGCTGCATGCGACCGTGAACACGTTTGCACGATTCGTATGATGGGTAAAGCGTCTGCGCGACTCCAACGTACGCCACGCGGCCATGGCTGCCTACCGGTGCCGGGAGCCTGTGCCGCGCCGAGAGGGGGGAGGGATGCAGCACGTGCGCCCGGCATGATGGGGGAGCGGCTGTGAGGCGACCTGCGAGGCGGGCGGGTAGCGCTGGAGGCAGGGGCCGTGCTCCGATGGCCGGGTCGGCATTTTGCTGTAAGGCGTGTCCACCGGCTGCCTCGCACCACGCGATGGGGCCTGTGACGGGCCGGGGGGAGGGGGTAGGAGTGGCGTGTCACCCTGGTTGCACGGCGGAGAACGGACACGTTGAAAAGGCCGTTCTCCTGTCGGTCTGTCGAGGTGCGCATCGCTCTAGCGTTCTTTGCGGGTAGCGTGGCGATGGTGGCGTTGGCGCGGATGTCTTGCCCCGCCCGTCCCCGCTGTTACGCCGACACGGTCTTGTTTTCTTTTGTTATTTGCTGGTGTTATTATAATTGTTATCATTATTTGCTCTGGCTGCCTGTTGCGTCTCTCTTTATAAAGTGTCTTCGCCTTAATCTCCACCCCTTA
Seq_18_LinJ.14_minus,LinJ.14,99.763,845,845,656122,1,1,1,845,259293,258450,0.0,1548,minus,CCGTGCACGTGCCCGGACGACCTGGAGACACCCCAGCGTGGCATCTCAGGGTCCGGTGCCCCCTCCCCCAAAAATCACCCCCCACTCATTGTGGGGAGGAAGCCGAGCAGCCCCTTCGCCGTGCCAGCCACCGCGCCACTTCCGGTGGTGACAGTGTCGAGCACCTACGACGTAAGGGTGTGGGCTCCGTGCGATTTAGCGCCACTGAGGTTGGCGGTGAGGCCGTGGGATGGCGTTGCGTTGGAGCTGCATGCGACCGTGAACACGTTTGCACGATTCGTATGATGGGTAAAGCGTCTGCGCGACTCCAACGTACGCCACGCGGCCATGGCTGCCTACCGGTGCCGGGAGCCTGTGCCGCGCCGAGAGGGGGAGGGATGCAGCACGTGCGCCCGGCATGATGGGGGAGCGGCTGTGAGGCGACCTGCGAGGCGGGCGGGTAGCGCTGGAGGCAGGGGCCGTGCTCCGATGGCCGGGTCGGCATTTTGCTGTAAGGCGTGTCCACCGGCTGCCTCGCACCACGCGATGGGGCCTGTGACGGGCCGGGGGGAGGGGGTAGGAGTGGCGTGTCACCCTGGTTGCACGGCGGAGAACGGACACGTTGAAAAGGCCGTTCTCCTGTCGGTCTGTCGAGGTGCGCATCGCTCTAGCGTTCTTTGCGGGTAGCGTGGCGATGGTGGCGTTGGCGCGGATGTCTTGCCCCGCCCGTCCCCGCTGTTACGCCGACACGGTCTTGTTTTCTTTTGTTATTTGCTGGTGTTATTATAATTGTTATCATTATTTGCTCTGGCTGCCTGTTGCGTCTCTCTTTATAAAGTGTCTTCGCCTTAATCTCCACCCCTTA
Seq_18_LinJ.14_minus,LinJ.14,99.882,845,845,656122,1,0,1,845,257289,256445,0.0,1555,minus,CCGTGCACGTGCCCGGACGACCTGGAGACACCCCAGCGTGGCATCTCAGGGTCCGGTGCCCCCTCCCCCAAAAATCACCCCCCACTCATTGTGGGGAGGAAGCCGAGCAGCCCCTTCGCCGTGCCAGCCACCGCGCCACTTCCGGTGGTGACAGTGTCGAGCACCTACGACGTAAGGGTGTGGGCTCCGTGCGATTTAGCGCCACTGAGGTTGGCGGTGAGGCCGTGGGATGGCGTTGCGTTGGAGCTGCATGCGACCGTGAACACGTTTGCACGATTCGTATGATGGGTAAAGCGTCTGCGCGACTCCAACGTACGCCACGCGGCCATGGCTGCCTACCGGTGCCGGGAGCCTGTGCCGCGCCGAGAGGGGGGAGGGATGCAGCACGTGCGCCCGGCATGATGGGGGAGCGGCTGTGAGGCGACCTGCGAGGCGGGCGGGTAGCGCTGGAGGCAGGGGCCGTGCTCCGATGGCCGGGTCGGCATTTTGCTGTAAGGCGTGTCCACCGGCTGCCTCGCACCACGCGATGGGGCCTGTGACGGGCCGGGGGGAGGGGGTAGGAGTGGCGTGTCACCCTGGTTGCACGGCGGAGAACGGACACGTTGAAAAGGCCGTTCTCCTGTCGGTCTGTCGAGGTGCGCATCGCTCTAGCGTTCTTTGCGGGTAGCGTGGCGATGGTGGCGTTGGCGCGGATGTCTTGCCCCGCCCGTCCCCGCTGTTACGCCGACACGGTCTTGTTTTCTTTTGTTATTTGCTGGTGTTATTATAATTGTTATCATTATTTGCTCTGGCTGCCTGTTGCGTCTCTCTTTATAAAGTGTCTTCGCCTTAATCTCCACCCCTTA
Seq_3_LinJ.16_plus,LinJ.14,82.286,154,231,656122,,,,,615636,615483,9.05e-19,101.3,minus,TGTGATGCAATCGGACTGCTTACACACCGGCAGCCACACCCGCAAGACTAGAGCGCGTCTCTTCATACAAGCGCATCGGTACGCGTATATGTCTGTGCCCTTGTCAACGGACGAGAGCGCGGAGTCAGCCGTCCTTCGAGCTTCCTGTATCACC
Seq_18_LinJ.14_minus,LinJ.14,87.691,478,468,656122,,,,,98013,97536,5.85e-24,499.0,minus,TTCGTTCACTGTTCATCGGATGTCCCTCATGACCGGTACACACAAACATACCCACACACACTGCGTGGCATCTCGGGACCCGGTGCCCCCACTCTCTCCCCCTGCGGGGAGGCGGAGCGGCACCCCACCCCCTCTAGTCCTGCCCAATGCGGAGCCGCTTCCGGTCGTGACAGGGTCAAGCGCCGACGCCGTAGGGGAGGTCAGAGCGATGCATCGCCACTGACGCCGGCGGCCAGGTCCTGGACGGCGCTGCGTCGGTGCGACCCGCGGCCGTGAACACGCTTGCGCCATCCATGTGATGGGCAGCGTGTCGGCGTGACTCGAGCGTACCCCACACCCGGCCCCCACACTGCCCTGCTGGTGGTGGGGAGCCGGAGCCACCCCGAGGAGGATGCAGCACGTGGCGACCGGCACGATGGTAGCTGCTGTGAGGCCACCCGCGGGGCGGGTGGTGGGTGGTGGGCTTGGGTAGAGCGCA
Seq_9_LinJ.14_plus,LinJ.14,84.793,436,640,656122,,,,,448734,448299,7.40e-07,359.4,minus,GAAGCTGAGCAGCCCCTTCGCCGTGCCAGCCACCGCGCCACTTCCGATGGTGACAGTGTCGAGCACCTACGACGTAAGGGTGTGGGCTCCGTGCGATTTAGCGCCACTGAGGTTGGCGGTGAGGCCGTGGGATGGCGTTGCGTTGGAGCTGCATGCGACCGTAAAGACGCTTGTGCCATCCATATGATGGGCAAAACGTCTGCGCGACTCCAACGTACGCCACGCGGCCATGGCTACCTTCGGGTGCCTGGAGCCTGTGCCGCGCCGAGAGGGGGGAGGGATGCAGCACGTGCGTCCGGCATGATGGGGGAGCGGCTGTGAGGCGACCTGCGAGGCGGGCGGGTAGCGCCTGAGGCAGGGGCCGTGCTCCGATGGCCGGGTCGGCATTTTGCTGTAAGGCGTCTCCACCGCTGCGCCGCACCACGCGATAGGCAGG
Seq_51_LinJ.29_plus,LinJ.14,85.457,547,586,656122,,,,,403555,403009,5.80e-07,519.2,minus,CAGGAGGGGGACACCTCTCCGTGCGTGGTACCTCAGGGTCTGGTGCCCCCCCAAATCACCACCCACTCATTGTGGGGAGGAAGCCGAGCAGCCCCTTCGCCGTGCCAGCCACCGCGCCACTTCCGGTGGTGACAGTGTCGAGCACCTGCGACGTAAGGGTGTGGGCTCCGTGCGATTTAGCGCCACTGAGGTTGGCGGTGAGGCCGTGGGATGGAGTTGCGTTGGAGCTGCATGCAACCGTGAACACGCTTGTGCCATCCATATGATGGGCAAAACGTCTGCGCGACTCCAACGTACGCCACGCGGCCATGGCTGCCTACCGGTGCCGGGAGCCTGTGCCGCGCCGAGAGGGGGGAGGGATGCAGCACGTGCGCCCGGCATGATGGGGGAGCGGCTGTGAGGCGACCTGCGAGGCGGGCGGGTAGCGCCTGAGGCAGGGGCCGTGCTAAGATAACTGAGTCGGCATTTTGCTGTGTGTGCCTGGGGCTGCTTCCCACCAGGCCATGGGGCCTGTGAAGGGCCGGAGGGGTGGTGTGGGTGCCGTGTT
Seq_20_LinJ.14_minus,LinJ.14,99.408,845,845,656122,3,2,1,845,265304,264462,0.0,1531,minus,CCGTGAACGTGCCCGGGCGACCTGGAGACACCCCAGCGTGGCATCTCAGGGTCCGGTGCCCCCCCCCCCAAATCACCCCCCACTCATTGTGGGGAGGAAGCCGAGCAGCCCCTTCGCCGTGCCAGCCACCGCGCCACTTCCGGTGGTGACAGTGTCGAGCACCTACGACGTAAGGGTGTGGGCTCCGTGCGATTTAGCGCCACTGAGGTTGGCGGTGAGGCCGTGGGATGGCGTTGCGTTGGAGCTGCATGCGACCGTGAACACGTTTGCACGATTCGTATGATGGGTAAAGCGTCTGCGCGACTCCAACGTACGCCACGCGGCCATGGCTGCCTACCGGTGCCGGGAGCCTGTGCCGCGCCGAGAGGGGGGAGGGATGCAGCACGTGCGCCCGGCATGATGGGGGAGCGGCTGTGAGGCGACCTGCGAGGCGGGCGGGTAGCGCTGGAGGCAGGGGCCGTGCTCCGATGGCCGGGTCGGCATTTTGCTGTAAGGCGTGTCCACCGGCTGCCTCGCACCACGCGATGGGGCCTGTGACGGGCCGGGGGGAGGGGGTAGGAGTGGCGTGTCACCCTGGTTGCACGGCGGAGAACGGACACGTTGAAAAGGCCGTTCTCCTGTCGGTCTGTCGAGGTGCGCATCGCTCTAGCGTTCTTTGCGGGTAGCGTGGCGATGGTGGCGTTGGCGCGGATGTCTTGCCCCGCCCGTCCCCGCTGTTACGCCGACACGGTCTTGTTTTCTTTTGTTATTTGCTGGTGTTATTATCATTGTTATCATTATTTGCTCTGGCTGCCTGTTGCGTCTCTCTTTATAAAGTGTCTTCGCCTTAATCTCCACCCCTTA
Seq_21_LinJ.20_plus,LinJ.14,75.609,652,989,656122,,,,,203922,203271,5.30e-10,127.5,minus,GCGAGCACTGTGCGCACGTGCGGTCAAGCACAACTGACATGGTGTATCATACGGAAAGAAGGAATGCAGAGGTGAGAAGAGCAGGAGGGATGGACGGAGAAGGGCGCGAAGGATTCCCACACCAATCAACCCCAACGTGCATGCGTGCAAACCATGCGGCATCTCCTACGTCTGACCAGGTAGACTGATGAAGCACAGATGCCGAAAGCATGAAGAGTTCCCTCGAGTTGCACCATCGGGTCCTCCAAACTCCCATGTGGAGAACCTGCACACCGTATTACGGCATGCCGCAGCTTGAAGCAACTGAGAGGGAGAAGCATGGCATGCAGGCAGGATGTGCAATGTCTCCAGAGGGCCCTGGCCTGAGGCTTTCCAGCATCCTCCCTGAGCTCATGCGGCATCCACCCGGACCGCCTCCTATTATCCCGCATGACGGACGTCACCGCTTCCGCCCTCGAGCAGGACCCTAGACACTGCCCGCCTGGTTCGATGCGTGCGGCCCACCCGGGCCTCCGTCTGTCCCCGATCGCGCCCCACGGCCCCGATGCAATGGCAGGACGGTTCGTCCTAGACGACGCGGATGTAGCCACGGCGCTGCGGCTGCAGATGAGCTGTGGTTGTGTACGCGTATACATTTATGGAGTTGTTCGTG
Seq_16_LinJ.14_plus,LinJ.14,99.767,429,429,656122,1,0,1,429,316880,316452,0.0,787,minus,GATGATGCCGGCCACCTCACCCCGCAATATCACGCGGCCCAGTGCCCTCCCCTCCTCTTCCCACTCGCTATGGGGCAAGCCAGGTAGCCTGCAGCCTACCCCTCGGGCACGGCTGGCGGAGTCTCAGTGCCCGGCGGACAGGCCTGGACTGGCGCTGTGCCGAAGGAGACGTGCGGTCATGGGCATGCTTTCCCCAGCGGCGTTTCTGCGTTCGCTGCGTTGCAGCGATGATGCCGGGCGCGATCCTGGACTGAGCCTGCGCTGCATGCGGTGGAATGGCAATGAGCTCAACGACGCCCCACAGCGCTGATTGGCCTGGTGCCTTGGCGTAGCCGCAGTGCAGCCGGGCCAGGGCGAACTACGGCTGTGCATCCGCAATCTTTGCTGTCATGCTCATGGCAGAGCGGGCACGCTGAAAGGAAAAAAAAA
Seq_20_LinJ.14_minus,LinJ.14,99.541,650,845,656122,,,,,268418,267769,0.00e+00,1097.0,minus,CCGTGAACGTGCCCGGGCGACCTGGAGACACCCCAGCGTGGCATCTCAGGGTCCGGTGCCCCCCCCCAAATCACCCCCCACTCATTGTGGGGAGGAAGCCGAGCAGCCCCTTCGCCGTGCCAGCCACCGCGCCACTTCCGGTGGTGACAGTGTCGAGCACCTACGACGTAAGGGTGTGGGCTCCGTGCGATTTAGCGCCACTGAGGTTGGCGGTGAGGCCGTGGGATGGCGTTGCGTTGGAGCTGCATGCGACCGTGAACACGTTTGCACGATTCGTATGATGGGTAAAGCGTCTGCGCGACTCCAACGTACGCCACGCGGCCATGGCTGCCTACCGGTGCCGGGAGCCTGTGCCGCGCCGAGAGGGGGGAGGGATGCAGCACGTGCGCCCGGCATGATGGGGGAGCGGCTGTGAGGCGACCTGCGAGGCGGGCGGGTAGCGCTGGAGGCAGGGGCCGTGCTCCGATGGCCGGGTCGGCATTTTGCTGTAAGGCGTGTCCACCGGCTGCCTCGCACCACGCGATGGGGCCTGTGACGGGCCGGGGGGAGGGGGTAGGAGTGGCGTGTCACCCTGGTTGCACGGCGGAGAACGGACACGTTGAAAAGGCCGTTCTCCTGTCGGTCTGTCGAGGTGCGCATCGCTCTAGCGC
Seq_31_LinJ.25_minus,LinJ.14,76.777,211,540,656122,42,7,155,361,430428,430221,3.45e-24,111,minus,CCCGCTGCAATGCCACGGCATACAGCGCAGGGTGGGCCCTGTATCACGCTCGACATCACGACATCGAAGCTAAAGCCGAAAGACAGCATGTGCAAGCGCGTGCTTGCTGAATCGTCGACACGAATCGTAGTGAGCTCGCACAAACCTGATCATCATCGCAAGTCCCTTCGGCACAGTGCTAGCCCAGACCCGCCCGCTGACACCAAGA
