Seq_1_LinJ.28_plus,LinJ.28,100.000,795,795,1205018,0,0,1,795,580358,581152,0.0,1469,plus,TTATATGTGTGTTGAATTGTCAGCACAGCGCCCGCCCAGACCTGCCCGCCGACGCCAAGAGCCCACAGCCGTGGCCGGAAGCTGCTCTTTGTTTTCATAGCTGCCATCGCAGGAAAGGCGCCCCCTAATGACGCGGGGAACACCCCGGCGTGGTATGTGTCAGGGCCCTGTGCACCCCGCACTCTCTGTGGAGAAGCCGAGCCGCCGCCGTCCCCCTATCCCTGCCAATGCCGAGCCACCGCACCTGGCCCCGACAGGGTCCAGCGCCTGCGACACGGGGAGGCCAGTGTGATGTATCGCTACGGATGCCGGCGGTCAGGTCCTGGATGGCGCTGCGTGAGAGCCACCGGCAACAGTGGAGATGTTTGCACCATGGGTATGCTCGGCAGAGTGTCAGCGTGGCTCGAGCGTGTGTCGCTCGGCGCAACGGGAGCGGCTGTGAGGCTGCCTGCGGAGCGGGGGTGGGTGGGTGGGGAGACAGGAGCCGTGCTCAGATGGACGAGTCGGCGCATCGCTGTAACGCGCGTCTACCGCTGCTTCACGCCACGTGATGGGTGGCCTGTGACGGGCCTGGGGTGTAGAGTGGCATTCAGCTCATGTTGTGCGGTAGAGAACGAACGCGCCGAGAAGGAAGAAGCGCTGACTTGATGTCCTCTGCGTCGGTGCTGCATCTCTGTGCCCGGAGCGCAACAGAGATGGTGGGCTCTTCGTCTTGTTTGTTTTTCCGTGTTTTTTCTATGGTCGCATTGGCGTCGGTGCGTCAGCTGGAACATGGCAAAACGGTGACGCTTGTCG
Seq_1_LinJ.28_plus,LinJ.28,94.666,563,561,1205018,,,,,952132,952694,0.00e+00,857.5,plus,TGCCACGCCTACGACCCCCGCCCTCTACTCTCTCTCTCTCTGTGTTGTGGAGGAGGGGGCGGCGGAAGCCAGGCAGCTCCTCCCTCCTCCAGCCCTGCCGATTGCCGGACCCCACTTCTCGCTGTGGCAGGGCCGCGCGCATGAGACTTGGGGAGGTCAGTGCGATGCATCGCTACTGATGCCGGCGGTGAGGTCGTGGGTGGTGCTGCCTCGGAGCGACCTGCGACCGTGCACACGCTTGTGCCACCCATGTGACTGGGCAGCGTGACTCGAACGCATCCCACACCCGACCCTCACACGGCCCACTGGTGCTGCGGGGAGCCTGCGCCACTCGTGGAGATGCACCAGGTGGCGGCCGACATGATGCGGCTGGCTGCGAGGCGACGTGCGAAGCGCAGGGGTGGGTGGGGTTGGAGGCAAAGGCCGCGCCGATATGACCTTGCCTGCATTGTTATCGCGCATATGCACACGGCTGCCTCGCGCCGCGCGGATGGGCGTGTGTGTGTGTGTGACCGGCGGGGCAGAGTGCGGCGTTCAGCTCATGCTGCATGGCGGAGAAATGT
Seq_13_LinJ.28_plus,LinJ.28,100.000,674,674,1205018,0,0,1,674,29159,29832,0.0,1245,plus,GCCACCCAGCGCGCTACTCTCGGCTCTCTCGAAGTCTAGGGGATTGGTGCGTGTCTCTCTTCTCTGGTACTCTTATGTTGTCCTTGATGACGTGGGCGCGGGCACCTGGGGGCGTGGTATGAGGGCCCAGCCCCCGCTCTGTGAGGAAGCCAAGCAGCCCCCCTACCCTCGCCAACGCCGAACCACTGCCGGCCGTGACCGGGCCGTGTGCCTGCGATGTGTGGGGAAGTGAGAGCGATGCATCGCTGATGAAATGCTGACGACCAGGTCCTGAACGGCGTTGCGTCGAAGAGAACCGCGGTAGTGGACACACGTGTGCCACTCATATGATTAGGCAGAGTGTCAGCGGGACTCGACCTAATCGCACCCATACCTCACTTCCTACTGGTGCTGGGACCTGGGCGTCACCGCGAGGGGGCGCACTAAGTGGCGGCCGGCATAATGGGAGCGGCTTTGAGGCGACTTGCGTGCCAGTGGTGGGTGAGTATCGTTTGAGGCAGAGGCCGTGCTCTTCGATGATTGAGTCGGCGCACTGCTGTAGCGCGTGTGCCCACGACCGCTTCGCACGACGCGATGGGGCGTGTGACAGGCCTGGGTGGAGCTGAGTTGAATCGCTGCTGTATGGCAGAGAGTGGGCATGTTGAACAAAAGACAATGTATCATTTCATGTTTGG
Seq_116_LinJ.30_minus,LinJ.28,73.173,409,979,1205018,,,,,305261,305669,1.20e-08,76.8,plus,GGTGTGGGGTGCCAGACGCCCCCTCTTCCCCCTCTTATCCCTGCCAATGCCGAACCCCGCTTCTGGTCGTCGCAGGGTCGGGTGCCTATGACGTAGCGAAGTCAGGGCTATGCATGGCTGCTCATGTGGGTGGCCAGGTCCTGGCTGGCGTTGCGTCGGAGCGACCTGCGACCTGCGACCGTGGACACGCCTGTGCCATCCATGCGATAGGCAAGGTGTCAGCGTGACTCGAACGCATCCGGCCCCCGGCCTGCGCTGCCTACTGGTGGGGAGCCTGGGCCGCCTTGAGGGATGCACCAGGTGGTGACCGGCACAATGGGAACGTCTGTGAGGCGACCTACTCCGCGGGTGTGGGTAGGGTTTGAGGCAGGGGTTGTGCTCCGACGGCTGAGTCAGCTCAGCGCTGTAA
Seq_93_LinJ.28_plus,LinJ.28,100.000,1000,1000,1205018,0,0,1,1000,421592,422591,0.0,1847,plus,TCCTCCTCTCGTCTACTCCCGCCCTCTTACCCGGACGCGTCGTGTCAACGGAGAAGGCGGTCTTGCGGTGCGGCAATTGTAGTCGGAGCGAGCTATGCGGCATTATAGGCCGGTGGGGTGGAGCCGCAAACGAACGCGCAAAAAAAGTCGGATGGCCACGAAACACGACAAGATTGCCACGACATACCGTCGCCTGTTTTATCATCCTTTCTTTTACCATTATTGTGGTTCCACCTCCCTTCCTCTATACCGTTAGGATGGTTGAACGCCTTAACGTGGTGTTTCAGGGCCCACTGCCCCTCCCCTTCCCTCTGCCACTCTCTCTGCCTGGGAAAGCCAGGCAGCCCCTCCCTACCCCTGCCAAATGCCGCGCCACTTCGGATGGTGCCAGTGCCTGGTGCCTGTGACGTAGATGTCAGAGCGATGCATCGCTGCTGACGTCGGTAGCCAGGCTCCGAATGGCGTTGCGTCGGAGCGACCTGCGACCGTGAGCACGCGTGCGCCATCCATGCGGTGGGCAGAGTGTCAGCGGGACTGGAGCGTGCATCATCCCCGGCCCTCGCCCTGCCTGCTGGTGCGGGGGGAGCCTGAGGGTTGCCCCGAGGGGGCTGCACCAGGTGGGGACAGGCATGATGGGCGAGCGGCCGTGCGGCGGCCTGCTCAGCGGAGGTGGATAGAGCTCGATGCAGGTGTGGCGCTGCGACGACTGCGTCGCCGTCGCGGTAGCACGTGTGTGCGGCTGCTTGGCATCACGCAAACGAGCCGGCGACGGGCCCGGGCCGAGTTCTGTTGGGCCCCATGCTCTGCAGCAGAGAGCGGGCACGTTGTCGTTAAAAGTCGTTATCAGCAGTCCTCGACAACTCAAAAATAGAAAAGGTAACCCCCAGCGTTAAAAGGAATGCCACCAGCCGCGTGCCCGCGGCGGGAGGGAGGCACCTCAGGTGGGTGATAGCCAGTAATCACCTTTAGCGTACCTCCAAGCACTGTCGATGGGCTTCCT
Seq_69_LinJ.28_minus,LinJ.28,85.891,611,560,1205018,,,,,996706,997316,1.84e-04,586.2,plus,ACCCTGATGATGCCGGCTCATCTCCGTGTGTGAAATCCGAGTGCCCGCGCACGTCCCACACCCTCTACTCTCTCTCTCTGTGTTGTGGAGGAGGGGGCGGCGGAAGCCAGGCAGCCCCTCCCTCCTCCAGCCCTGCCGATTGCCGGACCCCACTTCTCGCTGTGGCAGGGCCGCGCGCATGAGACTTGGGGAGGTCAGTGCGATGCGTCGCTACTGATGCCGGCGGGTGAGGTCGTGGGTGGTGCTGCCTCGGAGCGACCTGCGACCGTGCACACGCTTGTGCCACCCATGTGACTAGGCCGCGTGACTCGAACGCATCCCACACCCGACCCTCACACGGCCCACTGGTGCTGCGGGGAGCCTGCGCCACTCGTGGGGACGCACCAGGTGGCGGCCGACATGATGCGGCTGGCTGCGAGGCGACGCGCGAAGCGCAGGGGTGGGTGGAGCTGGAGGCAGGGGCCTTGCGCAGGTCACCGAGTCGGTGCATTGCCGTACCTCTTGTCAACGTCTGCCTCGCGCCGCGCGGATGGGAGGGGGACCTGTGCCCGGCCCGCGGGCGATCGAGTGTGGCGTTCAGCTCATGTTCCGTGGCATCGAATGAACACGTT
Seq_16_LinJ.28_plus,LinJ.28,100.000,1000,1000,1205018,0,0,1,1000,147863,148862,0.0,1847,plus,TCTTCTTGCTCCCCCCTCTTTCCCCTGTGTCGTTGAAGAAGGGGGCCCCTCGCTTCTCTATCCCATTTCTCGCCCTGCGCTTTCCACCCGCTGCGCACGCGCTCAAAAAAAGCCTTCATACTTCCCCACTCTCCGCGCTTCTCCTTACCGTTCGCCTTTCCTTCCACACCTTTGCATCCCCGGCCGAGAGTTGGCCCAACGCTTCACCGCACGACATGACTCTTCACCTCCGCTCCAAGGAGACACCACATGATGTGGTAAGGTGAGGGGGGCGGGGCACTCGACATATTCTCCCCGAAGCTGCTCTTTGCGTCATGCGTGTGTGCGTGGACTGCACCCCCACTTCATCGTCCGCCCTCATGACGTGCGGGGGTGGGGAGGGGCCACTTCAGCGTGGCATCTCAGGACACAGGGGGGGGGCGCTCGCTCTCTCTCTCTCTGTGTGCGGAGGAGCGAAGCAGCCCCCCACCGCCCACCCTCTTCGCTATCCCTGCCAATGCGAGGCCACTTCTGGTGGTGGCAAGCTCAAACGCGCCCTCATGATGTGTCGGAGGCGCCAGAGCGATGCGTCGCTGCTGACGCCGGCGGCCAGGTCCCGGAGTGGGGCGGTGTCGGTGCGACCTGCGACCGTGAACACGTCTGTGCCGCCCACATCGATGGGCAAAGCGCCAGCGGGAGTCGAGCGAATCCCACCCAACCCTCACACCGCCCACTGCGGGGGGGGGCCGGGGTGTCGCCCCGCGAGGGGTGCACCGCAGGGGTGGCGGCCGGCATAATGGGCCGGCTGTGAGGCGGCCTGCGCACCGGCGGGTGCCGGGTGGAGAGAAGCTTGGCTCACGCTGTATGTTATAACGGACATGTAGAAGAGTCTGCTGGCTAAGTGTTTCGTGTGTATGTGTGTGCACGGTGAGTTTTCCCGAGTGCCCACCCCCTTCGGCTTCTCCCCTCCCCTTCCCTGAACTGCACCCGCTGTCTTCCTGTCGGTGTTACACAGGTTGTT
Seq_7_LinJ.28_plus,LinJ.28,100.000,342,342,1205018,0,0,1,342,143024,143365,0.0,632,plus,CGCCCTCATGATGTGTCGGAGGCGCCAGAGCGATGCGTCGCTGCTGACGCCGGCGGCCAGGTCCCGGAGTGGGGCGATGTCGGTGCGACCTGCGACCGTGAACACGTCTGTGCCGCCCACATCGATGGGCAAAGCGCCAGCGGGAGTCGAGCGAATCCCACCCAACCCTCACACCGCCCACTGCGGGGGGGGGGCCGGGGTGTCGCCCCGCGAGGGGTGCACCGCAGGGGTGGCGGCCGGCATAATGGGCCGGCTGTGAGGCGGCCTGCGCACCGGCGGGTGCCGGGTGGAGAGAAGCTTGGCTCATGTCGTGCGGCAGAGAACGGACACGTTGGACGAAAT
Seq_38_LinJ.29_plus,LinJ.28,72.928,285,905,1205018,,,,,505488,505772,6.50e-06,63.9,plus,CATTGCGTGCTGGTGTTGAGAGCCTGAATGTCACCCCCGAGAGGGGATGCAGCAGGGGGCGGCCAGCACAGTGCGGGTGCGGCTGTGAGGCGAACTGCGGAGCACGGTGTGGATGGGTAGAGGTTGGAGTCAGAGGCCGTTCTCCAGTGACTGAGTCGGCGCGCTGCCGCACAGCGTGTATCAACTGCTACTTCGCACCACGCGATGGGGGGCCTGTGACAGGGCGGGCGGTAGAGAGGCGCTTGCATCCATGCACTATGGTCGAGAAATGGACACGCTGCAGGA
Seq_14_LinJ.28_plus,LinJ.28,94.241,391,374,1205018,,,,,769941,770331,1.49e-60,460.5,plus,CGAACACGTAAACAGATATACACGCATACACAATCACAGGTCTCGTGTCTCTGTGGCACTGCAGCTATGCCAGGGAGCCGGCCCCGCTAGCACCGCGTGGCGTCGTTCCGTCCATTGCAACGTCACTGCCTCACAGCGCAGCCGAGGTCCCGGATCACGCTCAACATCACTGCAGCGCAGCAAAGGCAGAAAAGCGGTAGGCGGGTGCATATGTTTTCCGAATCGTCGCGCGGGGTTCGTAGTGCGCCGGCCCAAGCGTGACCATCACGACGGCGCATCTCTTCCGCACAGCGCCGCCCCAGACCCGTCCGCCGACACCGAGAGTGGGTACTACGCCCTGATTCCGCGGTGAGGTGGTTAGTATCATGAGGGCCAGCGCTACGGTCAAGAA
Seq_30_LinJ.28_plus,LinJ.28,100.000,1000,1000,1205018,0,0,1,1000,607302,608301,0.0,1847,plus,AGCCGTTGGGTTGGACCGCTGCGCATCTGCCGAAACCGCCGCAGCTGTCTTTGAGAGCGACGATTCGGCGTTTACGCTCACTGCCGCCGTCGATCGCAGCCTTGGCAGTCGTGTTCGATAGTGGTGCTTACTAGAGCAGGTGTGCACCGCGGTGCTGCCAGCATGAGTCAGGTGGCCCAAGCGGGCCTGATTCAGTGGCGTAGCCACTGAGTAAGTTAAAGCGCCCGTGCTCTGCTTAATGCTGGTGGTGCTGGCAGAGCTCCTGGAAGCTCCCGAGGCGAGCACAACCGCAGGTGGGAGCGAATCGTCTGTGGCGACTTGGACGGTGTCGCTACACTTTTCAACCGCCGTCGCAAGCGGCGTTGCACTGTGCATTGAAGTGCCTGAAGAATGCTGGCGCGCCTGCTGATGCTCCAGCTCATCTTCGCACTCTCGATGCAAGAGAATGCCCTTGAGCCGATCTGGCATATGTACGCGAGCGGGTGTGTGTGTGTGTATGTGTGTGTGTGCGCGCGTCTGTCTGTAATGAGCTCAAGCAACACAGTGAGTAGTCACGAGGCCGATCTGCCCATGCCCTCTCCCTTTTCTTCCTCGCTCCGCCGCAACCCCCCCCCCCTCTTCTCACCGCTTCGCTGCTCTGCGCTCGGTGCGGCGGGGAGAGACGGATAGAGGTGGACCCGATGGAGCGAGTGCAGGTAAGCGTATCTAGGTCGGTGCGAATACGCGGAGGAGATGAAGAAAATCCCCGCACCGAGTACGCTCACGGCAACGGGAGAAGCGCACACATGCAACCGAGACGAATAACAGGCGTCGCGGCACAACGTTCCCTCCTCCTCTCTCTCCTTGCACGCGCGCTTTACCTTCTGTGGTCTGGGCTCTGAACTGGTGAGCCGCGCGCGCCGGATGGTCAAAAGATGGCAGCGGCAGCGGCGGCGAAAAGAGGAGCGCGGGAGCACCGTGAGGCACACAGAACGAAAAAGAAGCCGATGAAGAATGATGA
Seq_7_LinJ.28_plus,LinJ.28,100.000,598,598,1205018,0,0,1,598,947199,947796,0.0,1105,plus,CGTGTGTGAAATTCGAGTGTCCGCGTACGCCCCCCACCCTCTACTCTCTCTCTCTCTGTGTTGTGGAGGAGGGGGCGGCGGAAGCCAGGCAGCTCCTCCCTCCTCCAGCCCTGCCGATTGCCGGACCCCACTTCTCGCTGTGGCAGGGCCGCGCGCATGAGACTTGGGGAGGTCAGTGCGATGCATCGCTACTGATGCCGGCGGTGAGGTCGTGGGTGGTGCTGCCTCGGAGCGACCTGCGACCGTGCACACGCTTGTGCCACCCATGTGACTGGGCAGCGTGACTCGAACGCATCCCACACCCGACCCTCACACGGCCCACTGGTGCTGCGGGGAGCCTGCGCCACTCGTGGAGATGCACCAGGTGGCGGCCGACATGATGCGGCTGGCTGCGAGGCGACGTGCGAAGCGCAGGGGTGGGTGGGGTTGGAGGCAAAGGCCGCGCCGATATGACCTTGCCTGCATTGTTATCGTGCATATGCACACGGCTGCCTCGCGCCGCACGGATGGGCGTGTGTGTGTGTGTGACCGGCGGGGCAGAGTGCGGCGTTCAGCTCATGCTGCATGGCGGAGAAATGGCATCGCTGAACGAACAAGA
Seq_8_LinJ.28_plus,LinJ.28,94.939,602,599,1205018,,,,,927174,927775,0.00e+00,914.0,plus,CTCCGTGCTGCGATATCCGAGTGCCCACGTACGCCCCCCACCCTCTACTCTCTCTCTCTCTGTGTTGTGGAGGAGGGGGCGGCGGAAGCCAGGCAGCCCCTCCCTCCTCCAGCCCTGCCGATTGCCGGACCCCACTTCTCGCTGTGGCAGGGCCGCGCGCATGAGACTTGGGGAGGTCAGTGCGATGCATCGCTACTGATGCCGGCGGTGAGGTCGTGGGTGGTGCTGCCTCGGAGCGACCTGCGACCGTGCACACGCTTGTGCCACCCATGTGACTGGGCAGCGTGACTCGAACGCATCCCACACCCGACCCTCACACGGCCCACTGGTGCTGCGGGGAGCCTGCGCCACTCGTGGAGATGCACCAGGTGGCGGCCGACATGATGCGGCTGGCTGCGAGGCGACGTGCGAAGCGCAGGGGTGGGTGGAGTTGGAGGCAAAGGCCGCGCCGATATGACCTTGCCTGCATTGTTATCGCGCATATGCACACGGCTGCCTCGCGCCGCGCGGATGGGCGTGTGTGTGTGTGTGACCGGCGGGGCAGAGTGCGGCGTTCAGCTCATGCTGCATGGCGGAGAAATGGCATCGCTGAATGAACAAGG
Seq_1_LinJ.25_minus,LinJ.28,73.261,563,1000,1205018,,,,,849532,850094,1.67e-09,90.0,plus,CCAAGGTGATGGGCGACACCTCAGCGTGGTATCTGGGCCCAGTGCCCACTCTCTCTGTGGGGAAGCCAAGCAGCCCCTATTCCTGCCACTGCACAACCACCTCTGGTGGTGACAGGGTCAGGTGCGCGTGACGTAGGGACGTCAGAGCGATGTATCACTGCCGATGCCCGCAGTGTCCGGTGCTGGACGGCGTGGCGCCGGAGCGACCCGCGGCCGCGCACACGTTTTCGCCATCCACAGGATGGGCGGAGTGTCGGCGTGACTCGAACGCGTCCCACCCCCGGCCCTCACTGCCCACTGGGGGCGGGGTGAGTCTGGGCCCCCCGAGAGGGATGCCCCGGGTGATGGCCAGCATAATGTGCGTGGCTGTGGGGCGACCTGTGGGGCGGGGTTGGGTAAGGTTCGAGGAAGAAGCCATGCACCGATGACCGGGTCTGGGCATTGCTGCACCTCGTGTGCCTACGGCTGTCTCGCGCCGCGCGACGGGGCCTGTGACCGGCCGGGCAGAGATGAGCTTAGCTCTTGTTGTGTGGTGGCATGGACACGTTGAAAAAAAAATCTTT
Seq_4_LinJ.16_plus,LinJ.28,71.023,176,314,1205018,43,6,99,270,201004,201175,0.12,36.2,plus,AACCGTCTGCCGTCGAGCCGGGCTGCACGTCACGCAGGTTCTTCCTCTTCTTCCTCACCCCTTCCTCTCGCATAGATGCAGCGCAACCGGCGCCGGTAGAAACTTAAGTGAGCTGCAGGCCGTGATCAGAGCGGGCCGCGTCCAGAGACCTGTTACAGGGCGGCGGCGGTGA
Seq_10_LinJ.16_plus,LinJ.28,73.203,153,630,1205018,31,8,362,509,894819,894966,1.16e-04,47.3,plus,CTTCACTCGGTGAGGCAGGAAGCTGGTATAGCAGGCGACCCTGCCCTCTCGTCTGCGCACACCAAGCACAGTCGTGCATACGTATCGATGCCTTTGTAAAAAAGAAGACGCGCTCTATTTTTGCCGGTGCGGCCTCTGTGTAAGCGGC
Seq_34_LinJ.36_plus,LinJ.28,72.178,381,456,1205018,80,18,7,379,532764,533126,1.05e-18,93.5,plus,ATGCCGGCCACCTCAGTGTGGTATCAGGGTCTAGCGCTCCCGTTGTGGAGAAGCCAAGCAGCTTGGACAGCCTGCCCTCGGGCACGGCTTCGGACTCGTGGTGTTGGAGAAGAGAGCTGTGCCGAAGAGGCTTGCGGTCACGATAACGCTTGGACCAGCTGACGGCGAATCTTGCCGACGATTCGACAGTTGCACGCATCCGCCGCCTGTTTTTATGCGTTAGGTGCGCCGCGGCGGTGATGCGGGACTCAAACCGGAACCCAGCCGGCGCTGTCTGCCGTGGAATCGCAGCGGGCCTGAACGACGCCCAACAGTCTTGGTTGGCCCCGTTCCTTGATGTAACCGTAGCGCAGACGAGGTAGG
Seq_12_LinJ.28_plus,LinJ.28,100.000,580,580,1205018,0,0,1,580,895587,896166,0.0,1072,plus,TCTCCCCGACGACGACGCGGGGGGGGCACATGCCTCTGTGCGTTGTGTCTCTGGGCCCAGTGCCCACTCTCTCTGTGGGGAAGCCAAGCAGCCCCTATTCCTGCCACTGCACAACCACCTCTGGTGGTGACAGGGTCAGGCGCGCGTGACGTAGGGACGTCAGAGCGATGTATCACTGCCGATGTCCGCAGTGTCCGGTGCTGGACGGCGTGGCGCCGGAGCGACCCGCGGCCGCGCACACGTTTTCGCCATCCACAGGATGGGCGGAGTGTCGGCGTGACTCGAACGCGTCCCACCCCCGGCCCTCACTGCCCACTGGGGGCGGGGTGAGCCTGGCCCCCCCCCGAGAGGGATGCCCCGGGTGATGGCCAGCATAATGTGCGTGGCTGTGGGGCGACCTGTGGGGCGGGGTTGGGTAAGGTTCGAGGCAGAAGCCATGCACCGATGACCGGGTCTGGGCATTGCTGCACCTCGTGTGCCTACGGCTGTCTCGCGCCGCGCGACGGGGCCTGTGACCGGCCGGGCAGAGATGAGCCTAAGCTATTGTTGTGTGGTGACATGGGCGTGGAAGGAAAACGAA
Seq_15_LinJ.28_plus,LinJ.28,87.072,384,374,1205018,,,,,811450,811833,8.95e-07,377.4,plus,AAGTCAGCAAATAGACGCATACACAATCACAGGTCTCGTGTCTCTGTGGCACTGCAGCTATGCCAGGGAGCCGGCCCCGCTAGCACCGCGTGGCGTCGTTCCGTCCATTGCAACGTCACTGCCTCACAGCGCAGCCGAGGTCCCGGATCACGCTCAACATCACTGCAGCGCAGCAAAGGCAGAAAAGCGGTAGGCGGGTGCATATGTTTTCCGAATCGTCGCGCGGGGTTCGTAGTGCGCCGGCCCAAGCGTGACCATCACGACGGCGCATCTCTTCCGCACAGCGCCGCCCCAGACCCGTCCGCCGACACCGAGAGTGGGTACTACGCCCTGATTCCGCGGTGAGGTGGTTAGTATCATGAGGGCCAGCGCTACGGTCAAGAT
Seq_15_LinJ.28_plus,LinJ.28,100.000,572,572,1205018,0,0,1,572,787557,788128,0.0,1057,plus,TTCCTTCCACGCCCATGCCACCACACAACAATAGCTTAGGCTCATCTCTGCCCGGCCGGTCACAGGCCCCGTCGCGCGGCGCGAGGCAGCCGTAGGCACACGAGGTGCAGCAATGCCCAGACCCGGTCATCGGTGCATGGCTTCTGCCTCGAACCTTACCCAACCCCGCCCCACAGGTCGCCCCACAGCCACGCACATTATGCTGGCCATCACCCGGGGCATCCCTCTCGGGGGGCCCAGACTCACCCCGCCCCCAGTGGGCAGTGAGGGCCGGGGGTGGGACGCGTTCGAGTCACGCCGACACTCCGCCCATCCTGTGGATGGCGAAAACGTGTGCGCGGCCGCGGGTCGCTCCGGCGCCACGCCGTCCAGCACCGGACACTGCGGGCATCGGCAGTGATACATCGCTCTGACGTCCCTACGTCACGCGCGCCTGACCCTGTCACCACCAAAGGTGGTTGTGCAGTGGCAGGAATAGGGGCTGCTTGGCTTCCCCACAGAGAGAGTGGGCACTGGGCCCAGAGACACAACGCACAGAGGCATGTGCCCCCCCCCCGCGTCGTCACCAGGGA
Seq_20_LinJ.34_minus,LinJ.28,86.157,619,1000,1205018,,,,,76385,77003,2.72e-22,506.5,plus,ATGTCGTGCGGGGGTGGGGAGGGGCCACCTCAGCGTGGCATCTCAGGACACAGGGGGGGGCGCTCGCTCGCTCTCTCTCTGTGTGCGGAGGAGCGAAGCAGCCCCCCACCGCCCACCCTCTTCGCTATCCCTGCCAATGCGAGGCCACTTCTGGTGGTGGCAAGCTCAAACGCGCCCTCATGATGTGTCCGGAGGCGCCAGAGCGATGCGTCGCTGCTGACGCCGGCGGCCAGGTCCCGGAGTGGGGCGGTGTCGGTGCGACCTGCGACCGTGAACACGTCTGTGCCGCCCACATCGATGGGCAAAGCGCCAGCGGGAGTCGAGCGAATCCCACCCAACCCTCACACCGCCCACTGCGGGGGGGGGCCGGGGTGTCGCCCCGCGAGGGGTGCACCGCAGGGGTGGCGGCCGGCATAATGGGCCGGCTGTGAGGCGGCCTGCACAGCGGCGGGGGTAGTGCGTAGAGTGCGAGCGGCGGTTGCCGTGGGCAGATGGCTGGGTCTGCGCATTGCCGTAGCGCGTGTGTCTGGCGCTGCTTGGCACCACGTGCATAGGGGAGGGGGGCCGTCAGAGGCCAGGCAGCGTGGGTTGGAGAGGTGCTTGACGCCTGTCGTATGGC
Seq_38_LinJ.28_plus,LinJ.28,100.000,560,560,1205018,0,0,1,560,601450,602009,0.0,1035,plus,CCGTCGCACGGCGACGAGAACGTCTTTTCTCTTTTTTTTTTCATTTTAACGCGTTCGTTCTCTGCCGCACAGCATGAGCTGAATGCCACTCTACACCCCAGGCCCGTCACAGGCCACCCATCACGTGGCGTGAAGCAGCGGTAGACGCGCGTTACAGCGATGCGCCGACTCGTCCATCTGAGCACGGCTCCTGTCTCCCCACCTACCCACCCCCGCTCCGCAGGCAGCCTCGCAGCCGCTCCCGTTGCGCCGAGCGACACACGCTCGAGCCACGCTGACACTCTGCCGAGCATACCCATGGTGCAAACATCTCCACTGTTGCCGGTGGCTCTCACGCAGCGCCATCCAGGACCTGACCGCCGGCATCCGTAGCGATACATCACACTGGCCTCCCCGTGTCGCAGGCGCTGGACCCTGTCGGGGCCAGGTGCGGTGGCTCGGCATTGGCAGGGATAGGGGGACGGCGGCGGCTCGGCTTCTCCACAGAGAGTGCGGGGTGCACAGGGCCCTGACACATACCACGCCGGGGTGTTCCCCGCGTCATTAGGGGGCGCCTTTCG
Seq_72_LinJ.28_minus,LinJ.28,99.55,604,555,1205018,,,,,591450,592053,0.00e+00,1015.5,plus,CCGTCGCACGGCGACGAGAACGTCTTTTCTCTTTTTTTTTTCATTTTAACGCGTTCGTTCTCTGCCGCACAGCATGAGCTGAATGCCACTCTACACCCCAGGCCCGTCACAGGCCACCCATCACGTGGCGTGAAGCAGCGGTAGACGCGCGTTACAGCGATGCGCCGACTCGTCCATCTGAGCACGGCTCCTGTCTCCCCACCCACCCACCCCCGCTCCGCAGGCAGCCTCACAGCCGCTCCCGTTGCGCCGAGCGACACACGCTCGAGCCACGCTGACACTCTGCCGAGCATACCCATGGTGCAAACATCTCCACTGTTGCCGGTGGCTCTCACGCAGCGCCATCCAGGACCTGACCGCCGGCATCCGTAGCGATACATCACACTGGCCTCCCCGTGTCGCAGGCGCTGGACCCTGTCGGGGCCAGGTGCGGTGGCTCGGCATTGGCAGGGATAGGGGGACGGCGGCGGCTCGGCTTCTCCACAGAGAGTGCGGGGTGCACAGGGCCCTGACACATACCACGCCGGGGTGTTCCCCGCGTCATTAGGGGGCGCCTTTCCTGCGATGGCAGCTATGAAAACAAAGAGCAGCTTCCGGCTACGGC
Seq_43_LinJ.19_minus,LinJ.28,74.506,934,575,1205018,,,,,538572,539505,4.53e-09,87.6,plus,CACCATCGCACAGAGGCAGGGTACAGGGTCTCAGTCGGCCCTGAGCGGGAGACCGGCCAACGTCCTCCTCGGGCTCATCCGGCATGCGCCTCTAAGCCACCACCCCCTGTTACCCGCACGGCAGACGCCACCACCCTCGCCCCAAAACAGGGCCCGGGGCCGCGGCCCCGCTTCGGATCAAGGCACGCAATCCGGCCCGGTCGGTGTGGCTGCTGATCGCGCAGCACGCATGCGAGGCAGAGGGACGAGGCAAGGGCAAGAGGAGCCCGTGAGGCGCACGGCCCGGTTCGGGGGCAGGACGGCTCGTCCTAGACGACCAGGACCGAGCCGCGGTGCAACACGCGGGTAGGTGCACCGTGTCGTTGTGTGCGTGTATATATACACACATACATGTATATAGGTGATGACGTGTTTGTGCCATGAGGGCGTTTCTTCTTCCTTCTCGGCGCGTTCGTTCTCTACCGCACAACATGAGCTGAATGCCACTCTACACCCCAGGCCCGTCACAGGCCACCCATCACGTGGCGTGAAGCAGCGGTAGACGCGCGTTACAGCGATGCGCCGACTCGTCCATCTGAGCACGGCTCCTGTCTCCCCACCCACCCACCCCCGCTCCGCAGGCAGCCTCACAGCCGCTCCTGTTGCGCCGAGCGACACACGCTCGAGCCACGCTGACACTCTGCCGAGCATACCCATGGTGCAAACATCTCCACTGTTGCCGGTGGCTCTCACGCAGCGCCATCCAGGACCTGACCGCCGGCATCCGTAGCGATACATCACACTGGCCTCCCCGTGTCGCAGGCGCTGGACCCTGTCGGGGCCAGGTGCGGTGGCTCGGCATTGGCAGGGATAGGGGGACGGCGGCGGCTCGGCTTCTCCACAGAGGGCGGTTCTGGATTCCGATACCACTTTGAGGTCTTTCCCCTCATCAGGG
Seq_76_LinJ.35_minus,LinJ.28,86.273,466,1000,1205018,,,,,524475,524940,1.08e-08,461.4,plus,CTGGTGGTTTCTCAGGCAGCCGGGGCCCCCTCCATCCTGTGATGTAAGAGCTCCTTGTCGCTACTACTTCGCGGCGGTCGGGCCCCGAATGGCGTTGCCTCGGAGCGACGCTCGACGGTGCGTACGTCTGTGTCATCCACAAGATTGGGCAGAGTGTCGGCATGACTCGAGCACAGCCCACCCCCACCCCTCACACCGCCTGCTGGTGTGGGAAGCCTGAATGCCACCCCCGAGAAGGGATGCACCAGGTGGCAACCTCCATGATGAGAGCGGCTGTGAGGCGGCCTGCGAGGGGCGGGGTGGGTGGGTAGAGGTTGGGGTCAGAGGTCGTGCTCCGGCGCCTGAGTCGGCGCACTGCTGTAGCACCTGCCATTCGCTGCTTCGCATCACGCGACGGGGGGCCTGTGACAGGGCGGGAGGTAGAGTGGCGCTTGAACGGATGCGCTAAGGCAACGAATTGGTCGCG
Seq_66_LinJ.19_minus,LinJ.28,73.316,784,914,1205018,,,,,1153742,1154525,4.18e-15,144.8,plus,CACATGCGCGCACACCACCACACACCACCAGCTTCTGCTGCACCGCGGCTAAATCGTGGTCGCCTAGGATGCACCGTCTTGCTGTAGAATCAGCGCCATGCGTCGGCCGGACTCATCGTGTCCGTCCTTGTCCATTCATCGCACGTGTGCTGCGCGATCGGCGCCACACGGAGGCTCGGGTGTACGGCATGCCTTCATTCGAATCGGGCCGCGTGCAGGGTCCTGTTCAAGGGCGGAAGCAGTGGCGTCTGTCGTGCGGAGTAGCAGTGGGGTGGTGGTCTCTCGGTGCATGCCGGATGCGCGCAGGGAGGAAGTTGGCCAGCTGCAGGCCATATCCCTCGGAGACCCTGCGCACCCTGCCCGTGTGCCGTGCTTCGCTCTCTCAGTCGCCTAAAGCCGCCGCATCCCGTTAATACGGTGTGGTGACTCGCAACAGGAGAGTCGGGAGGGCTTGATGGTGGAACTCGAGGGCACTCTCGTCATGCTTCCGGCGTCTGTGCCTCATGAGCCCTCCAGGTTGAATGCAGCAGATGCAGCACGCTCCGCACACATGCGCTTGGGGGCTGATCCGTATATTGGGTCTCCTCGCGCCTTGTTCGTCCACCACTCCTGCTCTTTGGACCTCTGAGTGCCTTGCTTGGATGCGATTCACCACGCCAGTTGTGCTTCACAGCGCCTGCGCACAGTGCTTGCATTTTTGCATCCCGGGGCCTGCTTCAGAACGACTTCGGAGTCTGAGGAAAGGGGGGCTTCTGTCTTCATCCTCCATTTCCGTCCATGTCAC
Seq_17_LinJ.36_plus,LinJ.28,85.997,454,540,1205018,,,,,843819,844272,5.30e-07,458.7,plus,GCCCCACAAAAACACTGAGCTGAACTCGTCTCCGCCCGGCCGGTCACAGGCCCCGTCGCGCGGCGCGAGACAGCCGTAGGCACACGAGGTGCAGCAATGCCCAGACCCGGTCATCGGTGCATGGCTTCTGCCTCGAACCTTACCCAACCCCGCCCCACAGGTCGCCCCACAGCCACGCACATTATGCTGGCCATCACCCGGGGCATCCCTCTCGGGGGGCCCAGACTCACCCCGCCCCCAGTGGGCAGTGAGGGCCGGGGGTGGGACGCGTTCGAGTCACGCCGACACTCCGCCCATCCTGTGGATGGCGAAAACGTGTGCGCGGCCGCGGGTCGCTCCGGCGCCACGCCGTCCAGCACCAGACACTGCGGGCATCGGCAGTGATACATCGCTCTGACGTCCCTACGTCACGCGCACCTGACCCTGTCACCACCAGAGGTGGTTGTGCTTTGGC
Seq_16_LinJ.05_plus,LinJ.28,74.203,552,541,1205018,,,,,835620,836171,1.80e-07,81.2,plus,CTCCTCTCTGCCACACAACAAGAGCTAAGCTCATCTCTGCCCGGCCGGTCACAGGCCCCGTCGCGCGGCGCGAGACAGCCGTAGGCACACGAGGTGCAGCAATGCCCAGACCCGGTCATCGGTGCATGGCTTCTGCCTCGAACCTTACCCAACCCCGCCCCACAGGTCGCCCCACAGCCACGCACATTATGCTGGCCATCACCCGGGGCATCCCTCTCGGGGGGGGGGGGCCAGGCTCACCCCGCCCCCAGTGGGCAGTGAGGGCCGGGGGTGGGACGCGTTCGAGTCACGCCGACACTCCGCCCATCCTGTGGATGGCGAAAACGTGTGCGCGGCCGCGGGTCGCTCCGGCGCCACGCCGTCCAGCACCGGACACTGCGGACATCGGCAGTGATACATCGCTCTGACGTCCCTACGTCACGCGCGCCTGACCCTGTCACCACCAGAGGTGGTTGTGCAGTGGCAGGAATAGGGGCTGCTTGGCTTCCCCACAGAGAGAGTGGGTACTGGACCCTGATACCACGCTGAGGTGTCCCCCGTTATCAGGGAGAC
Seq_22_LinJ.07_minus,LinJ.28,72.755,534,596,1205018,,,,,651691,652224,1.17e-05,67.8,plus,CCACTTTACCATCACAACCACCAGGTCCTGGCACAGTCCCCACCCGCGTGATGCAAAGCAGCGCTAGACACGTGGTGCAGCGTTGCGCAGACTCAGTCATCGGAGCGCGCCCCCTGTCCCAAGTACAACTCACCCGCCCACCCACGCTTCGCAGGTCGCCTCATAGCCGCTTCCCGCCATGCCGGTCGCCACCTGGTGCATCCCCTCCCCTCGGGGGGTGACACGCACGCTCCCCACACCAGTAGGCAGCGAGGGCCGAGGGTGAGATACGATCGAGTCGCGCTGACACTCTGCCTCGTCGTAGAAATGATAGCAACGCGCTCACTGTCGCAGGTTTCTCCGATGCAGCTCCATGCACATAGCGGCTGGCATGAGTACGGATACATCGCCCTGGGCTCCCTAAGCCGCAGGCACTTGACCCTGTCAACACCTGAAATGGGTTTGGCATTGGCAAGGATATGGAGAAGCTGCTCAACCCCCACCCACCCAGAGAGAGCGGCATTACTGGGCCCTGATATGCCACGCGCTGAGAGG
Seq_48_LinJ.28_plus,LinJ.28,100.000,460,460,1205018,0,0,1,460,520051,520510,0.0,850,plus,CTGGTGGTTTCTCAGGCAGCCGGGGCCCCCTCCATCCTGTGATGTAAGAGCTCCTTGTCGCTACTACTTCGCGGCGGTCGGGCCCCGAATGGCGTTGCCTCGGAGCGACGCTCGACGGTGCGTACGTCTGTGTCATCCACAAGATTGGGCAGAGTGTCGGCATGACTCGAGCACAGCCCACCCCCACCCCTCACACCGCCTGCTGGTGTGGGAAGCCTGAATGCCACCCCCGAGAAGGGATGCACCAGGTGGCAACCTCCATGATGAGAGCGGCTGTGAGGCGGCCTGCGAGGGGCGGGGTGGGTGGGTAGAGGTTGGGGTCAGAGGTCGTGCTCCGGCGCCTGAGTCGGCGCACTGCTGTAGCACCTGCCATTCGCTGCTTCGCATCACGCGACGGGGGGGGGCCTGTGACAGGGCGGGAGGTAGAGTGGCGCTTGAACGGATGTGCTAAGGCAGCGAG
Seq_51_LinJ.28_plus,LinJ.28,98.547,307,295,1205018,,,,,509557,509863,2.17e-78,418.0,plus,CCCCAGCCACCGCCACCGCCTCCGCCCCGAAACAGGGCCCGGGGCCGCGGCCCCGCTTCGGATCAAGGCACGCAGTCCGGCCCGGTCGGTGTGGCTGCTGATCGCGCAGCACGCATGCGAGGCAGAGGGACGAGGCAAGGGCAAGAGGAGCCCGTGAGGCGCACGGCCCGGTTCGGGGGCAGGACGGCTCGTCCTAGACGACCAGGACCGAGCCGCGGTGCAACACGCGGGTAGGTGCACCGTGTCGTTGTGTGCGTGTATATATACACACATACATGTATATAGGTGATGACGTGTTCGTGGCAGG
Seq_11_LinJ.28_plus,LinJ.28,85.747,592,174,1205018,,,,,433101,433692,5.30e-04,183.8,plus,CGACGGTGGCCCGTCGCGTGCATCTCTCCCGTTCAGAGTGTCGGTGGCCATTGTGACATGGTGTACAACGACGAGGTGGTCGTGACTGCAAAGCCAGCCATGCCAGAGGCGCCGACGCTAAGTGCATGGACGGCGGATCTGGTCGCCGGCCTCAGACGCCAGGCCGCCATCCCCCGAAACCGCGCCACATGCTGAGACAAGAGGTTCTTGGCAGCAACGGTCCCACATCAAAAGAGCGCGGATGCTGAGCTTGCAAGACGACAGGCGACCATGCTCCCCTGGCTCCGCACGGGCACGCGCCCGCACTTTGGATCGCTGCAGCGGCGGGTGGCTGTCAGCGACCACCATGGGGGGCGAGGATGGCGTGCTGCCTGCTGTTCTGCTAGCACCGCAGTACTCCCCCCCTCCACCGCCGGAGCCTCTGCCCCGAAACAGGGCCCGGGGCCGCGGCCCCGCTTCGGATCAAGGCACGCAATCCGGCCCGGTCGGTGTGGCTGCTGATCGCGCAGCACGCATGCGAGGCAGAGGGACGAGGCAAGGGCAAGAGGAGCCCGTGAGGCGCACGGCCCGGCTTGACGGCAGGAAGGCTCGG
Seq_75_LinJ.27_plus,LinJ.28,72.523,566,555,1205018,,,,,276454,277019,7.50e-01,59.8,plus,TCTGCCTTTCAGCATGACGCCAACGCCACTCTACCCGGCCTGCCACAGGCCTATACGCCTAGTGCAAAGGAGCACGAGAGCCGCGTTTTCACCGCGATGCGCCGACTCAGCCATCGGAGCACAACCCCTGCCTCAAACCCTACCCACACCCGCGGAGTAGGTCGCCTCACAGACGTTCCCATTGTGCCGGTCACCACCTGGTGCATCCCTCAAGGCGGCCCAGGCTCCCCACCAGTAGGCAGCGCAGGCCGGGGGCCGGATGCGTTCGAGTCACGCTGACACCTTGCCTATCGCATGGATGGCACAGGCGTGTCCACGGTCGCAGGTCGCAGGTCGCTCCGACGCAACGCCAGCCAGGACCTGGCCACCCACATGAGCAGCCATGCATAGCCCTGACTTCGCTACGTCATAGGCACCCGACCCTGCGACGACCAGAAGCGGGGTTCGGCATTGGCAGGGATAAGAGGGGGAAGAGGGGGCGTCTGGCACCCCACACCCACGCACACACACACACCGAGCGGGCACTGGGCCCTGCGATGCCACGCGCTGAGGTGCCCCCCTCCCCC
Seq_54_LinJ.28_plus,LinJ.28,99.779,485,505,1205018,,,,,166519,167003,0.00e+00,859.5,plus,CGGCACCCGCCGCTCGCACTCTACGCACTACCCCCGCCGCTGTGCAGGCCGCCTCACAGCCGGCCCATTATGCCGGCCGCCACCCCTGCGGTGCACCCCTCGCGGGGCGACACCCCGGCCCCCCCCCGCAGTGGGCGGTGTGAGGGTTGGGTGGGATTCGCTCGACTCCCGCTGGCGCTTTGCCCATCGATGTGGGCGGCACAGACGTGTTCACGGTCGCAGGTCGCACCGACACCGCCCCACTCCGGGACCTGGCCGCCGGCGTCAGCAGCGACGCATCGCTCTGGCGCCTCCGACACATCATGAGGGCGCGTTTGAGCTTGCCACCACCAGAAGTGGCCTCGCATTGGCAGGGATAGCGAAGAGGGTGGGCGGTGGGGGGCTGCTTCGCTCCTCCGCACACAGAGAGAGAGAGAGCGAGCGCCCCCCCTGTGTCCTGAGATGCCACGCTGAAGTGGCCCCTCCCCACCCCCGCACGTCATGAG
Seq_54_LinJ.28_plus,LinJ.28,98.974,514,505,1205018,,,,,155300,155813,1.12e-168,761.5,plus,TTTTGTCCAACGTGTCCGCTCTCTGTCGTACAACATGAGCCAAGCTTCTCTCCACCCGGCACCCGCCGGTGCGCAGGCCGCCTCACAGCCGGCCCATTATGCCGGCCGCCACCCCTGCGGTGCACCCCTCGCGGGGCGACACCCCGGCCCCCCCCCGCAGTGGGCGGTGTGAGGGTTGGGTGGGATTCGCTCGACTCCCGCTGGCGCTTTGCCCATCGATGTGGGCGGCACAGACGTGTTCACGGTCGCAGGTCGCACCGACACCGCCCCACTCCGGGACCTGGCCGCCGGCGTCAGCAGCGACGCATCGCTCTGGCGCCTCCGACACATCATGAGGGCGCGTTTGAGCTTGCCACCACCAGAAGTGGCCTCGCATTGGCAGGGATAGCGAAGAGGGTGGGCGGTGGGGGGCTGCTTCGCTCCTCCGCACACAGAGAGAGAGAGAGCGAGCGCCCCCCCTGTGTCCTGAGATGCCACGCTGAAGTGGCCCCTCCCCACCCCCGCACGTCATGAG
Seq_55_LinJ.28_plus,LinJ.28,98.542,521,510,1205018,,,,,151910,152430,3.14e-164,758.5,plus,TTTCGTCCTGTACGTGTCCGCTCTCTGCCGTACGACATGAGCCCAGCTTCTCTCCACCCGGCACCCGCCGGCGCGCAGGCCGCCTCACAGCCGGCCCGTTATGCCGGCCGCCACCCCTGCGGTGCACCCCTCGCGGGGCGACACCCCGGCCCCCCCCCGCAGTGGGCGGTGTGAGGGTTGGGTGGGATTCGCTCGACTCCCGCTGGCGCTTTGCCCATCGATGTGGGCGGCACAGACGTGTTCACGGTCGCAGGTCGCACCGACACCGCCCCACTCCGGGACCTGGCCGCCGGCGTCAGCAGCGACGCATCGCTCTGGCGCCTCCGACACATCATGAGGGCGCGTTTGAGCTTGCCACCACCAGAAGTGGCCTCGCATTGGCAGGGATAGCGAAGAGGGTGGGCGGTGGGGGGCTGCTTCGCTCCTCCGCACACAGAGAGAGAGAGAGAGCGAGCGCCCCCCCCCTGTGTCCTGAGATGCCACGCTGAAGTGGCTCCTCCCCACCCCCGCACGTCATGAGG
Seq_59_LinJ.28_plus,LinJ.28,99.778,560,515,1205018,,,,,1132879,1133438,0.00e+00,885.5,plus,GTCAAACTCAGCTTGACCCGGCATATCCAGAGGTGCGAAGCTACCGTGGGCACGCATTACAGCAATGCCGACTCAGTCCTCGAGAAAGGCCCCTGACTCAAACGCTAACCAAGCCCTGCACTGCACGTCACCTCACGACCTCTCCCATTGTGCCGGTCGCCACCTGGTGCATCCCCCCTCATGGTGTCCCAGGCTTACCCCGCCAGGAGGCAGTGAGGGCCCGGCGGACTACGTTCCAGTCATTCGGGCACTTTGCCTATCATATGGACGGCACAAGCGTGTTCACAGTCGCAGGTCGCCCCACAATGCAACGCCATCCAGAACCTCACCGCCGACATCAGTGGCGATACATCGCTCTGGCCTCCCCCCAAGTCGTAGGTGCCTAGCCTTGTCACCACCAGAGGCTTGCTCGGCATCGGCATTGGATAGGTGGGAGCTGCGTCGCTTCTGCCCTGAGATAGGGTAGGGGGTGTGCAATACCCTGAGGTGCCACGCTGAGGTGTCCCCCTCCCCCACCACTGTCATGAGGGGAGGGGGTCCGACACTCGAAGGAAAGCGAC
Seq_78_LinJ.29_minus,LinJ.28,89.325,459,535,1205018,37,7,54,508,407590,408040,6.06e-161,566,plus,CCCAGGACAGGGCCGCGAGGTGCGCGTTCTCATGATCCAGCAGCCCACCCCCTCCTTGCCTGCATGGCCTCTGGCGTCTATCCTGTCCTCTGCTCGCACAGCGTGGCAGCTGCAATGCACACACACGCCCCTCTCGCTCCGCGCACTCTCTCTTCCCCTCTCTTTCTGCAGACGATGCCCCAGCTCAACGGAACGAGTGTTTCGGCTCATCGCTTCACCAGTCACCACCCCGACAGAGACCGCCACCGTCAAGCATGTTGGGTGCACCGAGTCCGGCAGCAGGCGAATTCAGACGCCGTCTTGCACGGCTTCAGAGGTGAAGGGCGGACTAGGCAGCAGAGGCACTAACGGGCCGAGGATCCTGGCAGTTCTCTCCGCGCTGAGGAGCTCCAGCCGCAATAGCAACCCTCAGAGAGTTTGGAAGACAGGGCTGCCCGTCGGGTGGTCCGGT
Seq_16_LinJ.28_minus,LinJ.28,100.000,455,455,1205018,0,0,1,455,844272,843818,0.0,841,minus,GCCAAAGCACAACCACCTCTGGTGGTGACAGGGTCAGGTGCGCGTGACGTAGGGACGTCAGAGCGATGTATCACTGCCGATGCCCGCAGTGTCTGGTGCTGGACGGCGTGGCGCCGGAGCGACCCGCGGCCGCGCACACGTTTTCGCCATCCACAGGATGGGCGGAGTGTCGGCGTGACTCGAACGCGTCCCACCCCCGGCCCTCACTGCCCACTGGGGGCGGGGTGAGTCTGGGCCCCCCGAGAGGGATGCCCCGGGTGATGGCCAGCATAATGTGCGTGGCTGTGGGGCGACCTGTGGGGCGGGGTTGGGTAAGGTTCGAGGCAGAAGCCATGCACCGATGACCGGGTCTGGGCATTGCTGCACCTCGTGTGCCTACGGCTGTCTCGCGCCGCGCGACGGGGCCTGTGACCGGCCGGGCGGAGACGAGTTCAGCTCAGTGTTTTTGTGGGGCT
Seq_92_LinJ.28_minus,LinJ.28,100.000,1000,1000,1205018,0,0,1,1000,411261,410262,0.0,1847,minus,CTACGCGGAGAGGAGGAGCAGGGAAGGATGAGCTGCACCGGGGGCGGCTGCAGTGATGCGTCACCTGTGTCAAAGAGACATTACCGAGGACACGGAAGAAAGCAACAAAAAAGTACGTGAGAGGCACGCAGGCAGGCCGGCGTTCGCCCCCCGCCCCGCCCCAGCTTTCCCTACGATTGGCGACTTTTCGTTCCTTTTTGTCCTTTCTCTCCTGCTCTTCCCTCCACGAAGGGCCAGGAGGCGCGGGGGAGGGAGGGCACCCACTCCTTCAATGGGCGGCATAGCAGGGCCCACTGCCCCTCCCCTTCCCTCTGCCACTCTCTCTGCCTGGGAAAGCCAGGCAGCCCCTCCCTACCCCTGCCAAATGCCGCGCCACTTCGGATGGTGCCAGTGCCTGGTGCCTGTGACGTAGATGTCAGAGCGATGCATCGCTGCTGACGTCGGTAGCCAGGCTCCGAATGGCGTTGCGTCGGAGCGACCTGCGACCGTGAGCACGCGTGCGCCATCCATGCGGTGGGCAGAGTGTCAGCGGGACTGGAGCGTGCATCATCCCCGGCCCTCGCCCTGCCTGCTGGTGCGGGGGGAGCCTGAGGGTTGCCCCGAGGGGGCTGCACCAGGTGGGGACAGGCATGATGGGCGAGCGGCCGTGCGGCGGCCTGCTCAGCGGAGGTGGATAGAGCTCGATGCAGGTGTGGCGCTGCGACGACTGCGTCGCCGTCGCGGTAGCACGTGTGTGCGGCTGCTTGGCATCACGCAAACGAGCCGGCGACGGGCCCGGGCCGAGTTCTGTTGGGCCCCATGCTCTGCAGCAGAGAGCGGGCACGCTTGGGAAAAGAAACATTGTCCTCTCTTCCGTCTTTCCGCATACCCCTTCACATGTACGTTGAATAGAATGCAGGCACCACCGTGTGGTCGTGCGCAGGGTGAGGGGTTCGTCCAGCTCGTGCACCAGTGACGCTGTGCCCGCTTCGTTATTGTCTAGGTAGGCGTCGCCCAATAG
Seq_17_LinJ.28_minus,LinJ.28,100.000,1000,1000,1205018,0,0,1,1000,152780,151781,0.0,1847,minus,GTGAGGCCGTGCAGGCGTTCTTTGAGCATGCGTTCTGCGGTGCTCTGCCGATAACACACACCGACCTCGTCCACAGCGCCTACAGCCCACTCATGGAGGATGCCCCGCACGATGAGGATGCGCTGGCGTCGGATGTTGCCGTGGAGTGTCAACGCTTGCAACAGAGGTGGACGATGCAAGCGGAGCAGTGGGAGGAACTGCTAGGCGGCAGACACGATCTCGCGGATGCCCAGTACGGCCTCTGTCCGCGTTCGTGCACATGGGTGAAGGACATGTTGGCAGGCGACGCTTACGACTTGTGAAGGAAAAACGTCTCGCAACGCTCCTCTTTTTTCTTGTTCATCGTCCGCCCTCATGACGTGCGGGGGTGGGGAGGAGCCACTTCAGCGTGGCATCTCAGGACACAGGGGGGGGGCGCTCGCTCTCTCTCTCTCTCTGTGTGCGGAGGAGCGAAGCAGCCCCCCACCGCCCACCCTCTTCGCTATCCCTGCCAATGCGAGGCCACTTCTGGTGGTGGCAAGCTCAAACGCGCCCTCATGATGTGTCGGAGGCGCCAGAGCGATGCGTCGCTGCTGACGCCGGCGGCCAGGTCCCGGAGTGGGGCGGTGTCGGTGCGACCTGCGACCGTGAACACGTCTGTGCCGCCCACATCGATGGGCAAAGCGCCAGCGGGAGTCGAGCGAATCCCACCCAACCCTCACACCGCCCACTGCGGGGGGGGGCCGGGGTGTCGCCCCGCGAGGGGTGCACCGCAGGGGTGGCGGCCGGCATAACGGGCCGGCTGTGAGGCGGCCTGCGCGCCGGCGGGTGCCGGGTGGAGAGAAGCTGGGCTCATGTCGTACGGCAGAGAGCGGACACGTACAGGACGAAAAACTTTGTCGGCTGCTCATTAGCCCGAAGTGTGTGGACGTGAGGAGGAGACGCAGCAAGACGAATGGATCAATTAAGATCGCAATTATGTGCGATGGCAGATAGACCGCTCTTTCCACGTCGCCTCACA
Seq_18_LinJ.28_minus,LinJ.28,100.000,1000,1000,1205018,0,0,1,1000,156168,155169,0.0,1847,minus,CTCTCCATAATAACGGGCTCTGAGGGAAAGCACCGGGTCCTTTACGCCCCTCCCTTTCACCTTTCGGGTCTCTCTCTTTCTCTTACTCCGCACTTCTCCGGCCCCCATCACCGACGCCGTCGCTCCTCGTCTGCACGCCTCCTGCTTTGCTCGTCTTGTTGTCCCCTATATATGTCTCGACGCGCAGCAAGATGCCGGTCGGCAACGCTACCCCCGCCCCTCCCTCACGCGCGAACCACGCTGGTGTGTGTGTGTGGCTGTGTCTTCCACCTTCTCTTCCCTGTTAGTCTATTCTGCCTTTCCGTTTGGTAACCTCTCCCTCTTCTCTTCTCGCACGTCTCTGCACCCCCACCCGCTCATGACGTGCGGGGGTGGGGAGGGGCCACTTCAGCGTGGCATCTCAGGACACAGGGGGGGCGCTCGCTCTCTCTCTCTCTGTGTGCGGAGGAGCGAAGCAGCCCCCCACCGCCCACCCTCTTCGCTATCCCTGCCAATGCGAGGCCACTTCTGGTGGTGGCAAGCTCAAACGCGCCCTCATGATGTGTCGGAGGCGCCAGAGCGATGCGTCGCTGCTGACGCCGGCGGCCAGGTCCCGGAGTGGGGCGGTGTCGGTGCGACCTGCGACCGTGAACACGTCTGTGCCGCCCACATCGATGGGCAAAGCGCCAGCGGGAGTCGAGCGAATCCCACCCAACCCTCACACCGCCCACTGCGGGGGGGGGCCGGGGTGTCGCCCCGCGAGGGGTGCACCGCAGGGGTGGCGGCCGGCATAATGGGCCGGCTGTGAGGCGGCCTGCGCACCGGCGGGTGCCGGGTGGAGAGAAGCTTGGCTCATGTTGTACGACAGAGAGCGGACACGTTGGACAAAAGCCGTTTGTGTGTTCACTGATCTCTCTTTGGCCTCTTCACCTGACTTTCGTTTCTGGTCTGCACTCCAGCACATGAACACAGGCGCATAGCTGCACATACGTAGTGTCTCCTCCTCTTTTGTGCTCATAGT
Seq_19_LinJ.28_minus,LinJ.28,100.000,1000,1000,1205018,0,0,1,1000,167358,166359,0.0,1847,minus,TTTCACCTCCTTCCCTTCGTTTTTCCTCTGTGCGGGCGGATCTGTGTAGTGTTGGTCTCTTCTATACCCCCTCTCTCTCTTTCTCTTGTTTTAGCTGATTTCATTATTCTTATTTTTCATCGTCTTATTGCTTTTTCTTCCCTCGCGACCTCCGTTCCGTCTATACACGATCACACATATACACACACACACAAGGCCGACACAACAACCTACTTATCTCCCACCCCAACACCAACTTTATCACTTCTGCTCCCACACACACACGCCACACCAAAAGAACAATAAAAAATAAACCGAGAGAATGTCTCCATTCTTTATCCTGTGCTTTTGCGTTGCTTTCGCTGACTCGACTCCACTCATGACGTGCGGGGGTGGGGAGGGGCCACTTCAGCGTGGCATCTCAGGACACAGGGGGGGCGCTCGCTCTCTCTCTCTCTGTGTGCGGAGGAGCGAAGCAGCCCCCCACCGCCCACCCTCTTCGCTATCCCTGCCAATGCGAGGCCACTTCTGGTGGTGGCAAGCTCAAACGCGCCCTCATGATGTGTCGGAGGCGCCAGAGCGATGCGTCGCTGCTGACGCCGGCGGCCAGGTCCCGGAGTGGGGCGGTGTCGGTGCGACCTGCGACCGTGAACACGTCTGTGCCGCCCACATCGATGGGCAAAGCGCCAGCGGGAGTCGAGCGAATCCCACCCAACCCTCACACCGCCCACTGCGGGGGGGGGCCGGGGTGTCGCCCCGCGAGGGGTGCACCGCAGGGGTGGCGGCCGGCATAATGGGCCGGCTGTGAGGCGGCCTGCACAGCGGCGGGGGTAGTGCGTAGAGTGCGAGCGGCGGGTGCCGGGTGGAGAGAAGCTTGGCTCATGCCGTACGGCAGAGAACGAACACGTTGGAAAAACAAAATGTGTAGTTTTTCCGGCATCGGCCTCCCTCCTCCTCTTCATTTTTTCTTTGCCTTTTAGCGGGTGTTGTGAGGGTCCTCGTCCGGTCATCAGGATCCACC
Seq_28_LinJ.28_minus,LinJ.28,100.000,342,342,1205018,0,0,1,342,143364,143023,0.0,632,minus,TTTCGTCCAACGTGTCCGTTCTCTGCCGCACGACATGAGCCAAGCTTCTCTCCACCCGGCACCCGCCGGTGCGCAGGCCGCCTCACAGCCGGCCCATTATGCCGGCCGCCACCCCTGCGGTGCACCCCTCGCGGGGCGACACCCCGGCCCCCCCCCCGCAGTGGGCGGTGTGAGGGTTGGGTGGGATTCGCTCGACTCCCGCTGGCGCTTTGCCCATCGATGTGGGCGGCACAGACGTGTTCACGGTCGCAGGTCGCACCGACATCGCCCCACTCCGGGACCTGGCCGCCGGCGTCAGCAGCGACGCATCGCTCTGGCGCCTCCGACACATCATGAGGGCGG
Seq_29_LinJ.28_minus,LinJ.28,98.911,459,459,1205018,2,1,1,459,524930,524475,0.0,817,minus,TCGTTGCCTTAGCGCATCCGTTCAAGCGCCACTCTACCTCCCGCCCTGTCACAGGCCCCCCGTCGCGTGATGCGAAGCAGCGAATGGCAGGTGCTACAGCAGTGCGCCGACTCAGGCGCCGGAGCACGACCTCTGACCCCAACCTCTACCCACCCACCCCGCCCCTCGCAGGCCGCCTCACAGCCGCTCTCATCATGGAGGTTGCCACCTGGTGCATCCCTTCTCGGGGGTGGCATTCAGGCTTCCCACACCAGCAGGCGGTGTGAGGGGTGGGGGTGGGCTGTGCTCGAGTCATGCCGACACTCTGCCCAATCTTGTGGATGACACAGACGTACGCACCGTCGAGCGTCGCTCCGAGGCAACGCCATTCGGGGCCCGACCGCCGCGAAGTAGTAGCGACAAGGAGCTCTTACATCACAGGATGGAGGGGGCCCCGGCTGCCTGAGAAACCACCAG
Seq_17_LinJ.28_minus,LinJ.28,94.852,601,598,1205018,,,,,927774,927174,0.00e+00,910.0,minus,CTTGTTCATTCAGCGATGCCATTTCTCCGCCATGCAGCATGAGCTGAACGCCGCACTCTGCCCCGCCGGTCACACACACACACACGCCCATCCGCGCGGCGCGAGGCAGCCGTGTGCATATGCGCGATAACAATGCAGGCAAGGTCATATCGGCGCGGCCTTTGCCTCCAACTCCACCCACCCCTGCGCTTCGCACGTCGCCTCGCAGCCAGCCGCATCATGTCGGCCGCCACCTGGTGCATCTCCACGAGTGGCGCAGGCTCCCCGCAGCACCAGTGGGCCGTGTGAGGGTCGGGTGTGGGATGCGTTCGAGTCACGCTGCCCAGTCACATGGGTGGCACAAGCGTGTGCACGGTCGCAGGTCGCTCCGAGGCAGCACCACCCACGACCTCACCGCCGGCATCAGTAGCGATGCATCGCACTGACCTCCCCAAGTCTCATGCGCGCGGCCCTGCCACAGCGAGAAGTGGGGTCCGGCAATCGGCAGGGCTGGAGGAGGGAGGGGCTGCCTGGCTTCCGCCGCCCCCTCCTCCACAACACAGAGAGAGAGAGAGTAGAGGGTGGGGGGCGTACGTGGGCACTCGGATATCGCAGCACGGAG
Seq_18_LinJ.28_minus,LinJ.28,100.000,598,598,1205018,0,0,1,598,947795,947198,0.0,1105,minus,CTTGTTCGTTCAGCGATGCCATTTCTCCGCCATGCAGCATGAGCTGAACGCCGCACTCTGCCCCGCCGGTCACACACACACACACGCCCATCCGTGCGGCGCGAGGCAGCCGTGTGCATATGCACGATAACAATGCAGGCAAGGTCATATCGGCGCGGCCTTTGCCTCCAACCCCACCCACCCCTGCGCTTCGCACGTCGCCTCGCAGCCAGCCGCATCATGTCGGCCGCCACCTGGTGCATCTCCACGAGTGGCGCAGGCTCCCCGCAGCACCAGTGGGCCGTGTGAGGGTCGGGTGTGGGATGCGTTCGAGTCACGCTGCCCAGTCACATGGGTGGCACAAGCGTGTGCACGGTCGCAGGTCGCTCCGAGGCAGCACCACCCACGACCTCACCGCCGGCATCAGTAGCGATGCATCGCACTGACCTCCCCAAGTCTCATGCGCGCGGCCCTGCCACAGCGAGAAGTGGGGTCCGGCAATCGGCAGGGCTGGAGGAGGGAGGAGCTGCCTGGCTTCCGCCGCCCCCTCCTCCACAACACAGAGAGAGAGAGAGTAGAGGGTGGGGGGCGTACGCGGACACTCGAATTTCACACACGT
Seq_17_LinJ.28_minus,LinJ.28,94.04,562,598,1205018,,,,,952693,952132,0.00e+00,836.5,minus,CATTTCTCCGCCATGCAGCATGAGCTGAACGCCGCACTCTGCCCCGCCGGTCACACACACACACACGCCCATCCGCGCGGCGCGAGGCAGCCGTGTGCATATGCGCGATAACAATGCAGGCAAGGTCATATCGGCGCGGCCTTTGCCTCCAACCCCACCCACCCCTGCGCTTCGCACGTCGCCTCGCAGCCAGCCGCATCATGTCGGCCGCCACCTGGTGCATCTCCACGAGTGGCGCAGGCTCCCCGCAGCACCAGTGGGCCGTGTGAGGGTCGGGTGTGGGATGCGTTCGAGTCACGCTGCCCAGTCACATGGGTGGCACAAGCGTGTGCACGGTCGCAGGTCGCTCCGAGGCAGCACCACCCACGACCTCACCGCCGGCATCAGTAGCGATGCATCGCACTGACCTCCCCAAGTCTCATGCGCGCGGCCCTGCCACAGCGAGAAGTGGGGTCCGGCAATCGGCAGGGCTGGAGGAGGGAGGAGCTGCCTGGCTTCCGCCGCCCCCTCCTCCACAACACAGAGAGAGAGAGAGTAGAGGGCGGGGGTCGTAGGCGTGGCA
Seq_26_LinJ.28_minus,LinJ.28,100.000,1000,1000,1205018,0,0,1,1000,1112899,1111900,0.0,1847,minus,CGGCGGTGCGTCCTCTGGCCCCAAGGTCGAGGAGGTCGACTAAATCGCCCGAGTGCGCCGGAGGTGCTGCAGAGCGCCTGCTCACCTCGTCCCTGCTGGCTGCTCCAGCCTGCGGGGGTGAGGGCTCTCTCTCTCTTGCATCTTCGCTCTCCTGTGCGTGCTGATGTGTACTTGGGCGTGGTGGTGGGTGGTGTGCACCGCCGTTGCGCCGGCGCCGCTGCGGCTGTGGCGCGTGATACGGGGTTTGTGGCATGGACCATGGCATGAAGACCCAGAAGGCGCCACGCGGAGGAGGCGGCAGCCGCAGCGCGCAGGGGCATTGTGCACCTCCCTCCCCCCTTTCACCCCCCGATTCCTAGCAGATGCGAGCTGCCGGAGTGCGTGTGATGCGCGTGTGAGCGCATCTGCTCGTTTGCGAGCGAGCATGGCGGGCGTGCGGCAGCGGCGGCGTGTTGGCCGGTAGTGGTGGAGAGGCGGCGTGCTGGCAGCTGTGTGTGTGTGTGTGTGTATGTGCGTGCGAAGCAGGTGTGCTCGGCGTGGAATGCCCGCACACACACTGCTGCGCAAGCACTGCCTCTATCGTTGGCCTCTGTGCTGCTGCTCTTCCTCTACACTTCGCATGTGTGACTGGTGCGGTGTGCGTGTCCCTCCCGTGTGTGTGTGTGTGTGTGTGTGTATGTGTGTCTGTGCATCTCCTCGAACTGCACCGCCGCGGCTGAGGGCGCACACACGCAGTCCCATGTGCGCGTTGAGCGAGAGCGCTTGAGGCCGACCCTCTTTCCTCCCCCTACCCGTGTTCCGCGCTCCGTGTCCTACGACACCGACGAGGACCGCGCACACGGCCAGCACTCACCCTGACTGCCCGCCGCGCCTTTCTCTCCCTTGATGGAGTCCCTGTTAACCTTTACCGTCGCGCACGCACATGCCGATGCCGCACCATCAGCGTACGGCATCCCCCTTCGCTTTTGTGCGTGCGCGTGTGCGCTTCTCCTTTGTCTCT
Seq_36_LinJ.28_minus,LinJ.28,100.000,1000,1000,1205018,0,0,1,1000,1087773,1086774,0.0,1847,minus,GCCGGCGGTGCGTCCTCTGGCCCCAAGGTCGAGGAGGTCGACTAAATCGCCCGAGTGCGCCGGAGGTGCTGCAGAGCGCCTGCTCACCTCGTCCCTGCTGGCTGCTCCAGCCTGCGGGGGTGAGGGCTCTCTCTTTCTTGCATCTTCGCTCTCCTGTGCGTGCTGATGTGTACTTGGGCGTGGTGGTGGGTGGTGTGCACCGCCGTTGCGCCGGCGCCGCTGCGGCTGTGGCGCGTGATACGGGGTTTGTGGCATGGACCATGGCATGAAGACCCAGAAGGCGCCACGCGGAGGAGGCGGCAGCCGCAGCGCGCAGGGGCATTGTGCACCTCCCTCCCCCCTTTCACCCCCCGATTCCTAGCAGATGCGAGCTGCCGGAGTGCGTGTGATGCGCGTGTGAGCGCATCTGCTCGTTTGCGAGCGAGCATGGCGGGCGTGCGGCAGCGGCGGCGTGTTGGCCGGTAGTGGTGGAGAGGCGGCGTGCTGGCAGCTGTGTGTGTGTGTGTATGTGCGTGCGAAGCAGGTGTGCTCGGCGTGGAATGCCCGCACACACACTGCTGCGCAAGCACTGCCTCTATCGTTGGCCTCTGTGCTGCTGCTCTTCCTCTACACTTCGCATGTGTGACTGGTGCGGTGTGCGTGTCCCTCCCGTGTGTGTGTGTGTGTGTGTGTGTATGTGTGTCTGTGCATCTCCTCGAACTGCACCGCCGCGGCTGAGGGCGCACACACGCAGTCCCATGTGCGCGTTGAGCGAGAGCGCTTGAGGCCGACCCTCTTTCCTCCCCCTACCCGTGTTCCGCGCTCCGTGTCCTACGACACCGACGAGGACCGCGCACACGGCCAGCACTCACCCTGACTGCCCGCCGCGCCTTTCTCTCCCTTGATGGAGTCCCTGTTAACCTTTACCGTCGCGCACGCACATGCCGATGCCGCACCATCAGCGTACGGCATCCCCCTTCGCTTTTGTGCGTGCGCGTGTGCGCTTCTCCTTTGTCTCTTC
Seq_36_LinJ.28_minus,LinJ.28,100.000,1000,1000,1205018,0,0,1,1000,1091362,1090363,0.0,1847,minus,GCCGGCGGTGCGTCCTCTGGCCCCAAGGTCGAGGAGGTCGACTAAATCGCCCGAGTGCGCCGGAGGTGCTGCAGAGCGCCTGCTCACCTCGTCCCTGCTGGCTGCTCCAGCCTGCGGGGGTGAGGGCTCTCTCTTTCTTGCATCTTCGCTCTCCTGTGCGTGCTGATGTGTACTTGGGCGTGGTGGTGGGTGGTGTGCACCGCCGTTGCGCCGGCGCCGCTGCGGCTGTGGCGCGTGATACGGGGTTTGTGGCATGGACCATGGCATGAAGACCCAGAAGGCGCCACGCGGAGGAGGCGGCAGCCGCAGCGCGCAGGGGCATTGTGCACCTCCCTCCCCCCTTTCACCCCCCGATTCCTAGCAGATGCGAGCTGCCGGAGTGCGTGTGATGCGCGTGTGAGCGCATCTGCTCGTTTGCGAGCGAGCATGGCGGGCGTGCGGCAGCGGCGGCGTGTTGGCCGGTAGTGGTGGAGAGGCGGCGTGCTGGCAGCTGTGTGTGTGTGTGTATGTGCGTGCGAAGCAGGTGTGCTCGGCGTGGAATGCCCGCACACACACTGCTGCGCAAGCACTGCCTCTATCGTTGGCCTCTGTGCTGCTGCTCTTCCTCTACACTTCGCATGTGTGACTGGTGCGGTGTGCGTGTCCCTCCCGTGTGTGTGTGTGTGTGTGTGTGTATGTGTGTCTGTGCATCTCCTCGAACTGCACCGCCGCGGCTGAGGGCGCACACACGCAGTCCCATGTGCGCGTTGAGCGAGAGCGCTTGAGGCCGACCCTCTTTCCTCCCCCTACCCGTGTTCCGCGCTCCGTGTCCTACGACACCGACGAGGACCGCGCACACGGCCAGCACTCACCCTGACTGCCCGCCGCGCCTTTCTCTCCCTTGATGGAGTCCCTGTTAACCTTTACCGTCGCGCACGCACATGCCGATGCCGCACCATCAGCGTACGGCATCCCCCTTCGCTTTTGTGCGTGCGCGTGTGCGCTTCTCCTTTGTCTCTTC
Seq_36_LinJ.28_minus,LinJ.28,99.800,1000,1000,1205018,0,1,1,1000,1084183,1083186,0.0,1834,minus,GCCGGCGGTGCGTCCTCTGGCCCCAAGGTCGAGGAGGTCGACTAAATCGCCCGAGTGCGCCGGAGGTGCTGCAGAGCGCCTGCTCACCTCGTCCCTGCTGGCTGCTCCAGCCTGCGGGGGTGAGGGCTCTCTCTTTCTTGCATCTTCGCTCTCCTGTGCGTGCTGATGTGTACTTGGGCGTGGTGGTGGGTGGTGTGCACCGCCGTTGCGCCGGCGCCGCTGCGGCTGTGGCGCGTGATACGGGGTTTGTGGCATGGACCATGGCATGAAGACCCAGAAGGCGCCACGCGGAGGAGGCGGCAGCCGCAGCGCGCAGGGGCATTGTGCACCTCCCTCCCCCCTTTCACCCCCCGATTCCTAGCAGATGCGAGCTGCCGGAGTGCGTGTGATGCGCGTGTGAGCGCATCTGCTCGTTTGCGAGCGAGCATGGCGGGCGTGCGGCAGCGGCGGCGTGTTGGCCGGTAGTGGTGGAGAGGCGGCGTGCTGGCAGCTGTGTGTGTGTGTGTATGTGCGTGCGAAGCAGGTGTGCTCGGCGTGGAATGCCCGCACACACACTGCTGCGCAAGCACTGCCTCTATCGTTGGCCTCTGTGCTGCTGCTCTTCCTCTACACTTCGCATGTGTGACTGGTGCGGTGTGCGTGTCCCTCCCGTGTGTGTGTGTGTGTGTGTGTATGTGTGTCTGTGCATCTCCTCGAACTGCACCGCCGCGGCTGAGGGCGCACACACGCAGTCCCATGTGCGCGTTGAGCGAGAGCGCTTGAGGCCGACCCTCTTTCCTCCCCCTACCCGTGTTCCGCGCTCCGTGTCCTACGACACCGACGAGGACCGCGCACACGGCCAGCACTCACCCTGACTGCCCGCCGCGCCTTTCTCTCCCTTGATGGAGTCCCTGTTAACCTTTACCGTCGCGCACGCACATGCCGATGCCGCACCATCAGCGTACGGCATCCCCCTTCGCTTTTGTGCGTGCGCGTGTGCGCTTCTCCTTTGTCTCTTC
Seq_36_LinJ.28_minus,LinJ.28,99.800,1000,1000,1205018,0,2,1,1000,1094948,1093951,0.0,1834,minus,GCCGGCGGTGCGTCCTCTGGCCCCAAGGTCGAGGAGGTCGACTAAATCGCCCGAGTGCGCCGGAGGTGCTGCAGAGCGCCTGCTCACCTCGTCCCTGCTGGCTGCTCCAGCCTGCGGGGGTGAGGGCTCTCTCTTTCTTGCATCTTCGCTCTCCTGTGCGTGCTGATGTGTACTTGGGCGTGGTGGTGGGTGGTGTGCACCGCCGTTGCGCCGGCGCCGCTGCGGCTGTGGCGCGTGATACGGGGTTTGTGGCATGGACCATGGCATGAAGACCCAGAAGGCGCCACGCGGAGGAGGCGGCAGCCGCAGCGCGCAGGGGCATTGTGCACCTCCCTCCCCCTTTCACCCCCGATTCCTAGCAGATGCGAGCTGCCGGAGTGCGTGTGATGCGCGTGTGAGCGCATCTGCTCGTTTGCGAGCGAGCATGGCGGGCGTGCGGCAGCGGCGGCGTGTTGGCCGGTAGTGGTGGAGAGGCGGCGTGCTGGCAGCTGTGTGTGTGTGTGTATGTGCGTGCGAAGCAGGTGTGCTCGGCGTGGAATGCCCGCACACACACTGCTGCGCAAGCACTGCCTCTATCGTTGGCCTCTGTGCTGCTGCTCTTCCTCTACACTTCGCATGTGTGACTGGTGCGGTGTGCGTGTCCCTCCCGTGTGTGTGTGTGTGTGTGTGTGTATGTGTGTCTGTGCATCTCCTCGAACTGCACCGCCGCGGCTGAGGGCGCACACACGCAGTCCCATGTGCGCGTTGAGCGAGAGCGCTTGAGGCCGACCCTCTTTCCTCCCCCTACCCGTGTTCCGCGCTCCGTGTCCTACGACACCGACGAGGACCGCGCACACGGCCAGCACTCACCCTGACTGCCCGCCGCGCCTTTCTCTCCCTTGATGGAGTCCCTGTTAACCTTTACCGTCGCGCACGCACATGCCGATGCCGCACCATCAGCGTACGGCATCCCCCTTCGCTTTTGTGCGTGCGCGTGTGCGCTTCTCCTTTGTCTCTTC
Seq_91_LinJ.28_minus,LinJ.28,100.000,1000,1000,1205018,0,0,1,1000,135069,134070,0.0,1847,minus,CAGGAGGAGAGGGAGGTGCGGAGTCCACAGTAGACATAGGCCACAGAAAGGCAAACGGAGCAGTTGGCATACGGACACGCACACCCAAGACGCGTGTGTTCGTGGCGAGCGGTTGGGTCGGGAAGAAACGGCAAGACAGGAGCTGCGCTCTTTTCCTTCTTCTTTGGTGGTGGTTTAAATGCCGGCGCGCGCACGCACCCGTTACACGTAGAAACTAGTTGAAAGTTACCGAGAGCAGCAGTCACTAGCCCACGCCCCGGCACACCACCTTCAGTGCCATCGCTTAGGGGACTCCACACGCTCTCTCCCTTGCGTCGTGGAATCTCCACCACCCTCCGCAGAGAAGGGAGGTGGAGGGGGGATGCGCCGCGCAGTTGGTGGCGCTTATATTACCACTCTTACTCGGTGCGGTGACGCGGTTCGTAGAAGCCGCCGCCCATGCCACCGCGTCCTCGGGCGCCATCAAGCAACCGGCCGAAGCCGAAGCCGCGGTCGCGGCCCATGCCACGACCACGCATCGGACTACCGTTTTCGCCGAGGCCGTCGCGCTGACGCTTGCGGGCGATCCGCACCGCATCGGCATCGTGGCGGAAACTGCACCGCGTCCCCTTATCGCACTCCCCAAACCGGAGAAACGTGCGGCACACTGGAATCTCGTTTGGCGTGCAGTGCCAGTAGGGGCACTCCTCGGCGTTCAGGCAGCGGCCCTGAAGGAAGCGCCGGCACGGCACGCGACTCAGACGCTCCAATTCCTCCGGCTCCATCTCGCTCCGCTTGCGCATCTGCGGCCGCTCGCGCGGCACGCGAGTCTTCTTCGAGCGGAAACTGCTGCGAATTGCCTCCTTGTCTTCCTCCGTTACGAGGGTGAAGCGGTGCAGCTCGGATGCATGCACGACAACGAACACAGGGAACTCGCTGACGAAGAAAAGCCGGCGCAGATTCTCGTTGAGGGTATCGTAAGGGTCGAGCAAGAAGTACCGCGCGTTGTTGCCCAGCCGTT
Seq_45_LinJ.29_minus,LinJ.28,86.115,485,1000,1205018,,,,,1193487,1193003,1.29e-05,453.0,minus,CAGCATGGTATCAGGGTACGGTGACTACTCTGTGAAGAGGCGACGCAGCTCCCACCTATCCAATGCCGATGCCGAGCAAGCCTCTGGTGGTGACAAGGCTAGGCACCTACGACTTGGGGGGAGGCCAGAGCGATGTATCGCCACTGATGTCGGCGGTGAGGTTCTGGATGGCGTTGCATTGTGGGGCGACCTGCGACTGTGAACACGCTTGTGCCGTCCATATGATAGGCAAAGTGCCCGAATGACTGGAACGTAGTCCGCCGGGCCCTCACTGCCTCCTGGCGGGGTAAGCCTGGGACACCATGAGGGGGGATGCACCAGGTGGCGACCGGCACAATGGGAGAGGTCGTGAGGTGACGTGCAGTGCAGGGCTTGGTTAGCGTTTGAGTCAGGGGCCTTTCTCGAGGACTGAGTCGGCATTGCTGTAATGCGTGCCTACGGTAGCTTCGCACCTCTGGATATGCCGGGTCAAGCTGAGTTTGACT
Seq_97_LinJ.28_minus,LinJ.28,81.252,610,512,1205018,,,,,1171211,1170602,7.90e-07,284.8,minus,TCGTTTTCCTTAGAGTGTCGGACCCCCTCCCCTCATGACAGTGGTGGGGGAGGGGGACACCTCAGCGTGGCACCTCAGGGTATTGCACACCCCCTACCCTATCTCAGGGCAGAAGCGACGCAGCTCCCACCTATCCAATGCCGATGCCGAGCAAGCCTCTGGTGGTGACAAGGCTAGGCACCTACGACTTGGGGGGAGGCCAGAGCGATGTATCGCCACTGATGTCGGCGGTGAGGTTCTGGATGGCGTTGCATTGTGGGGCGACCTGCGACTGTGAACACGCTTGTGCCGTCCATATGATAGGCAAAGTGCCCGAATGACTGGAACGTAGTCCGCCGGGCCCTCACTGCCTCCTGGCGGGGTAAGCCTGGGACACCATGAGGGGGGATGCACCAGGTGGCGACCGGCACAATGGGAGAGGTCGTGAGGTGACGTGCAGTGCAGGGCTTGGTTAGCGTTTGAGTCAGGGGCCTTTCTCGAGGACTGAGTCGGCATTGCTGTAATGCGTGCCTACCGCTGCTTTGCGCCACACGACGGGCCTGTGACAGGGCCAGGTCAAGCGGAGTTTGATTTATATTGTATGGGCGAACAAACGCGCTGGTAAAGAAAA
Seq_97_LinJ.28_minus,LinJ.28,86.266,566,512,1205018,,,,,1133437,1132872,3.55e-16,487.8,minus,TCGCTTTCCTTCGAGTGTCGGACCCCCTCCCCTCATGACAGTGGTGGGGGAGGGGGACACCTCAGCGTGGCACCTCAGGGTATTGCACACCCCCTACCCTATCTCAGGGCAGAAGCGACGCAGCTCCCACCTATCCAATGCCGATGCCGAGCAAGCCTCTGGTGGTGACAAGGCTAGGCACCTACGACTTGGGGGGAGGCCAGAGCGATGTATCGCCACTGATGTCGGCGGTGAGGTTCTGGATGGCGTTGCATTGTGGGGCGACCTGCGACTGTGAACACGCTTGTGCCGTCCATATGATAGGCAAAGTGCCCGAATGACTGGAACGTAGTCCGCCGGGCCCTCACTGCCTCCTGGCGGGGTAAGCCTGGGACACCATGAGGGGGGATGCACCAGGTGGCGACCGGCACAATGGGAGAGGTCGTGAGGTGACGTGCAGTGCAGGGCTTGGTTAGCGTTTGAGTCAGGGGCCTTTCTCGAGGACTGAGTCGGCATTGCTGTAATGCGTGCCCACGGTAGCTTCGCACCTCTGGATATGCCGGGTCAAGCTGAGTTTGACCTCTGTG
Seq_24_LinJ.16_minus,LinJ.28,73.203,153,636,1205018,31,8,127,274,894966,894819,1.17e-04,47.3,minus,GCCGCTTACACAGAGGCCGCACCGGCAAAAATAGAGCGCGTCTTCTTTTTTACAAAGGCATCGATACGTATGCACGACTGTGCTTGGTGTGCGCAGACGAGAGGGCAGGGTCGCCTGCTATACCAGCTTCCTGCCTCACCGAGTGAAG
Seq_27_LinJ.16_plus,LinJ.28,71.348,178,318,1205018,39,9,47,218,201175,201004,0.12,36.2,minus,TCACCGCCGCCGCCCTGTAACAGGTCTCTGGACGCGGCCCGCTCTGATCACGGCCTGCAGCTCACTTAAGTTTCTACCGGCGCCGGTTGCGCTGCATCTATGCGAGAGGAAGGGGTGAGGAAGAAGAGGAAGAACCTGCGTGACGTGCAGCCCGGCTCGACGGCAGACGGTT
Seq_41_LinJ.28_minus,LinJ.28,94.241,390,373,1205018,,,,,770330,769941,1.49e-60,459.5,minus,TCTTGACCGTAGCGCTGGCCCTCATGATACTAACCACCTCACCGCGGAATCAGGGCGTAGTACCCACTCTCGGTGTCGGCGGACGGGTCTGGGGCGGCGCTGTGCGGAAGAGATGCGCCGTCGTGATGGTCACGCTTGGGCCGGCGCACTACGAACCCCGCGCGACGATTCGGAAAACATATGCACCCGCCTACCGCTTTTCTGCCTTTGCTGCGCTGCAGTGATGTTGAGCGTGATCCGGGACCTCGGCTGCGCTGTGAGGCAGTGACGTTGCAATGGACGGAACGACGCCACGCGGTGCTAGCGGGGCCGGCTCCCTGGCATAGCTGCAGTGCCACAGAGACACGAGACCTGTGATTGTGTATGCGTGTATATCTGTTTACGTGTTCG
Seq_92_LinJ.32_minus,LinJ.28,71.71,865,869,1205018,,,,,1154606,1153742,8.50e-22,130.2,minus,CTCCCGCCACACAGGCTTATAGCGGCGTCCAACCTGTCGAGAGATGTGCGGACACAACATCCAGACAGCCCCCCCCCCTTTGTGACATGGACGGAAATGGAGGATGAAGACAGAAGCCCCCCTTTCCTCAGACTCCGAAGTCGTTCTGAAGCAGGCCCCGGGATGCAAAAATGCAAGCACTGTGCGCAGGCGCTGTGAAGCACAACTGGCGTGGTGAATCGCATCCAAGCAAGGCACTCAGAGGTCCAAAGAGCAGGAGTGGTGGACGAACAAGGCGCGAGGAGACCCAATATACGGATCAGCCCCCAAGCGCATGTGTGCGGAGCGTGCTGCATCTGCTGCATTCAACCTGGAGGGCTCATGAGGCACAGACGCCGGAAGCATGACGAGAGTGCCCTCGAGTTCCACCATCAAGCCCTCCCGACTCTCCTGTTGCGAGTCACCACACCGTATTAACGGGATGCGGCGGCTTTAGGCGACTGAGAGAGCGAAGCACGGCACACGGGCAGGGTGCGCAGGGTCTCCGAGGGATATGGCCTGCAGCTGGCCAACTTCCTCCCTGCGCGCATCCGGCATGCACCGAGAGACCACCACCCCACTGCTACTCCGCACGACAGACGCCACTGCTTCCGCCCTTGAACAGGACCCTGCACGCGGCCCGATTCGAATGAAGGCATGCCGTACACCCGAGCCTCCGTGTGGCGCCGATCGCGCAGCACACGTGCGATGAATGGACAAGGACGGACACGATGAGTCCGGCCGACGCATGGCGCTGATTCTACAGCAAGACGGTGCATCCTAGGCGACCACGATTTAGCCGCGGTGCAGCAGAAGCTGGTGGTGTGTGGTGGTGTGCGCGCATGTG
Seq_43_LinJ.28_minus,LinJ.28,100.000,578,578,1205018,0,0,1,578,896166,895589,0.0,1068,minus,TTCGTTTTCCTTCCACGCCCATGTCACCACACAACAATAGCTTAGGCTCATCTCTGCCCGGCCGGTCACAGGCCCCGTCGCGCGGCGCGAGACAGCCGTAGGCACACGAGGTGCAGCAATGCCCAGACCCGGTCATCGGTGCATGGCTTCTGCCTCGAACCTTACCCAACCCCGCCCCACAGGTCGCCCCACAGCCACGCACATTATGCTGGCCATCACCCGGGGCATCCCTCTCGGGGGGGGGCCAGGCTCACCCCGCCCCCAGTGGGCAGTGAGGGCCGGGGGTGGGACGCGTTCGAGTCACGCCGACACTCCGCCCATCCTGTGGATGGCGAAAACGTGTGCGCGGCCGCGGGTCGCTCCGGCGCCACGCCGTCCAGCACCGGACACTGCGGACATCGGCAGTGATACATCGCTCTGACGTCCCTACGTCACGCGCGCCTGACCCTGTCACCACCAGAGGTGGTTGTGCAGTGGCAGGAATAGGGGCTGCTTGGCTTCCCCACAGAGAGAGTGGGCACTGGGCCCAGAGACACAACGCACAGAGGCATGTGCCCCCCCCGCGTCGTCGTCGGGGA
Seq_38_LinJ.28_plus,LinJ.28,85.804,591,560,1205018,,,,,997316,996726,1.84e-04,551.2,minus,AACGTGTTCATTCGATGCCACGGAACATGAGCTGAACGCCACACTCGATCGCCCGCGGGCCGGGCACAGGTCCCCCTCCCATCCGCGCGGCGCGAGGCAGACGTTGACAAGAGGTACGGCAATGCACCGACTCGGTGACCTGCGCAAGGCCCCTGCCTCCAGCTCCACCCACCCCTGCGCTTCGCGCGTCGCCTCGCAGCCAGCCGCATCATGTCGGCCGCCACCTGGTGCGTCCCCACGAGTGGCGCAGGCTCCCCGCAGCACCAGTGGGCCGTGTGAGGGTCGGGTGTGGGATGCGTTCGAGTCACGCGGCCTAGTCACATGGGTGGCACAAGCGTGTGCACGGTCGCAGGTCGCTCCGAGGCAGCACCACCCACGACCTCACCCGCCGGCATCAGTAGCGACGCATCGCACTGACCTCCCCAAGTCTCATGCGCGCGGCCCTGCCACAGCGAGAAGTGGGGTCCGGCAATCGGCAGGGCTGGAGGAGGGAGGGGCTGCCTGGCTTCCGCCGCCCCCTCCTCCACAACACAGAGAGAGAGAGTAGAGGGTGTGGGACGTGCGCGGGCACTCGGATTTCACACACGGAGA
Seq_22_LinJ.09_minus,LinJ.28,98.361,122,286,1205018,1,1,17,137,122,1,4.68e-55,213,minus,GGTTAGGGTTAGGGTTAGGGTTAGGGTTAGGGTTAGGGTTAGGGTTAGGGTTAGGGTTAGGGTTAGGGTTTTTTTCTCCACTGATTCCTTGCACAGCGACACCCTCTCCAACAGGACGGGGG
Seq_11_LinJ.29_plus,LinJ.28,73.022,552,580,1205018,,,,,850087,849536,6.40e-05,78.0,minus,TTTTTTTCAACGTGTCCATGCCACCACACAACAAGAGCTAAGCTCATCTCTGCCCGGCCGGTCACAGGCCCCGTCGCGCGGCGCGAGACAGCCGTAGGCACACGAGGTGCAGCAATGCCCAGACCCGGTCATCGGTGCATGGCTTCTTCCTCGAACCTTACCCAACCCCGCCCCACAGGTCGCCCCACAGCCACGCACATTATGCTGGCCATCACCCGGGGCATCCCTCTCGGGGGGCCCAGACTCACCCCGCCCCCAGTGGGCAGTGAGGGCCGGGGGTGGGACGCGTTCGAGTCACGCCGACACTCCGCCCATCCTGTGGATGGCGAAAACGTGTGCGCGGCCGCGGGTCGCTCCGGCGCCACGCCGTCCAGCACCGGACACTGCGGGCATCGGCAGTGATACATCGCTCTGACGTCCCTACGTCACGCGCACCTGACCCTGTCACCACCAGAGGTGGTTGTGCAGTGGCAGGAATAGGGGCTGCTTGGCTTCCCCACAGAGAGAGTGGGCACTGGGCCCAGATACCACGCTGAGGTGTCGCCCATCACC
Seq_11_LinJ.05_minus,LinJ.28,73.642,552,544,1205018,,,,,836171,835620,3.53e-07,82.8,minus,GTCTCCCTGATAACGGGGGACACCTCAGCGTGGTATCAGGGTCCAGTACCCACTCTCTCTGTGGGGAAGCCAAGCAGCCCCTATTCCTGCCACTGCACAACCACCTCTGGTGGTGACAGGGTCAGGCGCGCGTGACGTAGGGACGTCAGAGCGATGTATCACTGCCGATGTCCGCAGTGTCCGGTGCTGGACGGCGTGGCGCCGGAGCGACCCGCGGCCGCGCACACGTTTTCGCCATCCACAGGATGGGCGGAGTGTCGGCGTGACTCGAACGCGTCCCACCCCCGGCCCTCACTGCCCACTGGGGGCGGGGTGAGCCTGGCCCCCCCCCCCCGAGAGGGATGCCCCGGGTGATGGCCAGCATAATGTGCGTGGCTGTGGGGCGACCTGTGGGGCGGGGTTGGGTAAGGTTCGAGGCAGAAGCCATGCACCGATGACCGGGTCTGGGCATTGCTGCACCTCGTGTGCCTACGGCTGTCTCGCGCCGCGCGACGGGGCCTGTGACCGGCCGGGCAGAGATGAGCTTAGCTCTTGTTGTGTGGCAGAGAGGAG
Seq_29_LinJ.28_minus,LinJ.28,87.107,383,374,1205018,,,,,811832,811450,8.85e-07,378.4,minus,TCTTGACCGTAGCGCTGGCCCTCATGATACTAACCACCTCACCGCGGAATCAGGGCGTAGTACCCACTCTCGGTGTCGGCGGACGGGTCTGGGGCGGCGCTGTGCGGAAGAGATGCGCCGTCGTGATGGTCACGCTTGGGCCGGCGCACTACGAACCCCGCGCGACGATTCGGAAAACATATGCACCCGCCTACCGCTTTTCTGCCTTTGCTGCGCTGCAGTGATGTTGAGCGTGATCCGGGACCTCGGCTGCGCTGTGAGGCAGTGACGTTGCAATGGACGGAACGACGCCACGCGGTGCTAGCGGGGCCGGCTCCCTGGCATAGCTGCAGTGCCACAGAGACACGAGACCTGTGATTGTGTATGCGTCTATTTGCTGACTT
Seq_66_LinJ.28_minus,LinJ.28,97.902,572,580,1205018,9,3,5,574,788127,787557,0.0,987,minus,CCCTGGTGACGACGCGGGGGGGGGGCACATGCCTCTGTGCGTTGTGTCTCTGGGCCCAGTGCCCACTCTCTCTGTGGGGAAGCCAAGCAGCCCCTATTCCTGCCACTGCACAACCACCTTTGGTGGTGACAGGGTCAGGCGCGCGTGACGTAGGGACGTCAGAGCGATGTATCACTGCCGATGCCCGCAGTGTCCGGTGCTGGACGGCGTGGCGCCGGAGCGACCCGCGGCCGCGCACACGTTTTCGCCATCCACAGGATGGGCGGAGTGTCGGCGTGACTCGAACGCGTCCCACCCCCGGCCCTCACTGCCCACTGGGGGCGGGGTGAGTCTGGGCCCCCCGAGAGGGATGCCCCGGGTGATGGCCAGCATAATGTGCGTGGCTGTGGGGCGACCTGTGGGGCGGGGTTGGGTAAGGTTCGAGGCAGAAGCCATGCACCGATGACCGGGTCTGGGCATTGCTGCACCTCGTGTGCCTACGGCTGCCTCGCGCCGCGCGACGGGGCCTGTGACCGGCCGGGCAGAGATGAGCCTAAGCTATTGTTGTGTGGTGGCATGGGCGTGGAAGGAA
Seq_12_LinJ.07_plus,LinJ.28,73.981,518,596,1205018,,,,,652224,651707,3.07e-12,77.8,minus,CCTCTCAGCGCGTGGCATATCAGGGCCCAGTAATGCCGCTCTCTCTGGGTGGGTGGGGGTTGAGCAGCTTCTCCATATCCTTGCCAATGCCAAACCCATTTCAGGTGTTGACAGGGTCAAGTGCCTGCGGCTTAGGGAGCCCAGGGCGATGTATCCGTACTCATGCCAGCCGCTATGTGCATGGAGCTGCATCGGAGAAACCTGCGACAGTGAGCGCGTTGCTATCATTTCTACGACGAGGCAGAGTGTCAGCGCGACTCGATCGTATCTCACCCTCGGCCCTCGCTGCCTACTGGTGTGGGGAGCGTGCGTGTCACCCCCCGAGGGGAGGGGATGCACCAGGTGGCGACCGGCATGGCGGGAAGCGGCTATGAGGCGACCTGCGAAGCGTGGGTGGGCGGGTGAGTTGTACTTGGGACAGGGGGCGCGCTCCGATGACTGAGTCTGCGCAACGCTGCACCACGTGTCTAGCGCTGCTTTGCATCACGCGGGTGGGGACTGTGCCAGGACCTGGTGGT
Seq_69_LinJ.28_minus,LinJ.28,100.000,560,560,1205018,0,0,1,560,602008,601449,0.0,1035,minus,GAAAGGCGCCCCCTAATGACGCGGGGAACACCCCGGCGTGGTATGTGTCAGGGCCCTGTGCACCCCGCACTCTCTGTGGAGAAGCCGAGCCGCCGCCGTCCCCCTATCCCTGCCAATGCCGAGCCACCGCACCTGGCCCCGACAGGGTCCAGCGCCTGCGACACGGGGAGGCCAGTGTGATGTATCGCTACGGATGCCGGCGGTCAGGTCCTGGATGGCGCTGCGTGAGAGCCACCGGCAACAGTGGAGATGTTTGCACCATGGGTATGCTCGGCAGAGTGTCAGCGTGGCTCGAGCGTGTGTCGCTCGGCGCAACGGGAGCGGCTGCGAGGCTGCCTGCGGAGCGGGGGTGGGTAGGTGGGGAGACAGGAGCCGTGCTCAGATGGACGAGTCGGCGCATCGCTGTAACGCGCGTCTACCGCTGCTTCACGCCACGTGATGGGTGGCCTGTGACGGGCCTGGGGTGTAGAGTGGCATTCAGCTCATGCTGTGCGGCAGAGAACGAACGCGTTAAAATGAAAAAAAAAAGAGAAAAGACGTTCTCGTCGCCGTGCGACGGC
Seq_1_LinJ.28_plus,LinJ.28,99.73,605,556,1205018,,,,,592053,591449,0.00e+00,1022.0,minus,GCCGTAGCCGGAAGCTGCTCTTTGTTTTCATAGCTGCCATCGCAGGAAAGGCGCCCCCTAATGACGCGGGGAACACCCCGGCGTGGTATGTGTCAGGGCCCTGTGCACCCCGCACTCTCTGTGGAGAAGCCGAGCCGCCGCCGTCCCCCTATCCCTGCCAATGCCGAGCCACCGCACCTGGCCCCGACAGGGTCCAGCGCCTGCGACACGGGGAGGCCAGTGTGATGTATCGCTACGGATGCCGGCGGTCAGGTCCTGGATGGCGCTGCGTGAGAGCCACCGGCAACAGTGGAGATGTTTGCACCATGGGTATGCTCGGCAGAGTGTCAGCGTGGCTCGAGCGTGTGTCGCTCGGCGCAACGGGAGCGGCTGTGAGGCTGCCTGCGGAGCGGGGGTGGGTGGGTGGGGAGACAGGAGCCGTGCTCAGATGGACGAGTCGGCGCATCGCTGTAACGCGCGTCTACCGCTGCTTCACGCCACGTGATGGGTGGCCTGTGACGGGCCTGGGGTGTAGAGTGGCATTCAGCTCATGCTGTGCGGCAGAGAACGAACGCGTTAAAATGAAAAAAAAAAGAGAAAAGACGTTCTCGTCGCCGTGCGACGGT
Seq_20_LinJ.28_plus,LinJ.28,99.89,570,454,1205018,,,,,580994,580425,0.00e+00,929.5,minus,CTTCTTCCTTCTCGGCGCGTTCGTTCTCTACCGCACAACATGAGCTGAATGCCACTCTACACCCCAGGCCCGTCACAGGCCACCCATCACGTGGCGTGAAGCAGCGGTAGACGCGCGTTACAGCGATGCGCCGACTCGTCCATCTGAGCACGGCTCCTGTCTCCCCACCCACCCACCCCCGCTCCGCAGGCAGCCTCACAGCCGCTCCCGTTGCGCCGAGCGACACACGCTCGAGCCACGCTGACACTCTGCCGAGCATACCCATGGTGCAAACATCTCCACTGTTGCCGGTGGCTCTCACGCAGCGCCATCCAGGACCTGACCGCCGGCATCCGTAGCGATACATCACACTGGCCTCCCCGTGTCGCAGGCGCTGGACCCTGTCGGGGCCAGGTGCGGTGGCTCGGCATTGGCAGGGATAGGGGGACGGCGGCGGCTCGGCTTCTCCACAGAGAGTGCGGGGTGCACAGGGCCCTGACACATACCACGCCGGGGTGTTCCCCGCGTCATTAGGGGGCGCCTTTCCTGCGATGGCAGCTATGAAAACAAAGAGCAGCTTCCGGCCACGGC
Seq_29_LinJ.22_minus,LinJ.28,75.472,106,380,1205018,19,7,275,376,116620,116518,2.45e-04,45.4,minus,CCAAGAGTTCGCAGCCGTGCCGGAGGCCGGGCGGCAGGCCCTTGACCTCCCCACACAGAGTGAGTACAAACCCCTGGGCATCAAAGTGAGGTGGCCGGCATCA
Seq_74_LinJ.28_minus,LinJ.28,100.000,439,439,1205018,0,0,1,439,520488,520050,0.0,811,minus,TCAAGCGCCACTCTACCTCCCGCCCTGTCACAGGCCCCCCCCCGTCGCGTGATGCGAAGCAGCGAATGGCAGGTGCTACAGCAGTGCGCCGACTCAGGCGCCGGAGCACGACCTCTGACCCCAACCTCTACCCACCCACCCCGCCCCTCGCAGGCCGCCTCACAGCCGCTCTCATCATGGAGGTTGCCACCTGGTGCATCCCTTCTCGGGGGTGGCATTCAGGCTTCCCACACCAGCAGGCGGTGTGAGGGGTGGGGGTGGGCTGTGCTCGAGTCATGCCGACACTCTGCCCAATCTTGTGGATGACACAGACGTACGCACCGTCGAGCGTCGCTCCGAGGCAACGCCATTCGGGGCCCGACCGCCGCGAAGTAGTAGCGACAAGGAGCTCTTACATCACAGGATGGAGGGGGCCCCGGCTGCCTGAGAAACCACCAGA
Seq_115_LinJ.29_minus,LinJ.28,72.928,285,572,1205018,,,,,505772,505488,4.05e-06,63.9,minus,TCCTGCAGCGTGTCCATTTCTCGACCATAGTGCATGGATGCAAGCGCCTCTCTACCGCCCGCCCTGTCACAGGCCCCCCATCGCGTGGTGCGAAGTAGCAGTTGATACACGCTGTGCGGCAGCGCGCCGACTCAGTCACTGGAGAACGGCCTCTGACTCCAACCTCTACCCATCCACACCGTGCTCCGCAGTTCGCCTCACAGCCGCACCCGCACTGTGCTGGCCGCCCCCTGCTGCATCCCCTCTCGGGGGTGACATTCAGGCTCTCAACACCAGCACGCAATG
Seq_54_LinJ.28_plus,LinJ.28,98.97,489,505,1205018,,,,,148706,148218,0.00e+00,868.5,minus,TACAGCGTGAGCCAAGCTTCTCTCCACCCGGCACCCGCCGGTGCGCAGGCCGCCTCACAGCCGGCCCATTATGCCGGCCGCCACCCCTGCGGTGCACCCCTCGCGGGGCGACACCCCGGCCCCCCCCCGCAGTGGGCGGTGTGAGGGTTGGGTGGGATTCGCTCGACTCCCGCTGGCGCTTTGCCCATCGATGTGGGCGGCACAGACGTGTTCACGGTCGCAGGTCGCACCGACACCGCCCCACTCCGGGACCTGGCCGCCGGCGTCAGCAGCGACGCATCGCTCTGGCGCCTCCGACACATCATGAGGGCGCGTTTGAGCTTGCCACCACCAGAAGTGGCCTCGCATTGGCAGGGATAGCGAAGAGGGTGGGCGGTGGGGGGCTGCTTCGCTCCTCCGCACACAGAGAGAGAGAGAGCGAGCGCCCCCCCCCTGTGTCCTGAGATGCCACGCTGAAGTGGCCCCTCCCCACCCCCGCACGTCATGAGG
Seq_21_LinJ.27_plus,LinJ.28,77.778,216,895,1205018,38,10,106,312,509781,509567,7.47e-28,124,minus,TGTTGCACCGCGGCTCGGTCCTGGTCGTCTAGGACGAGCCGTCCTGCCCCCGAACCGGGCCGTGCGCCTCACGGGCTCCTCTTGCCCTTGCCTCGTCCCTCTGCCTCGCATGCGTGCTGCGCGATCAGCAGCCACACCGACCGGGCCGGACTGCGTGCCTTGATCCGAAGCGGGGCCGCGGCCCCGGGCCCTGTTTCGGGGCGGAGGCGGTGGCG
Seq_87_LinJ.33_minus,LinJ.28,74.469,450,820,1205018,,,,,992656,993105,8.75e-09,71.8,plus,GCCACGAACACGTCAACAGGTATACACGCATACACAACCACAGGTCTCCTGCCTCTGTGGCACTGCAGCTGTGCCAGGGAACCGGCCCGTCAGCGCCGCGTGACGTCGTTCAGTTCATTGCAATGCCACTGCCTCACAGCGCAGGCAAGGTCCCGGCTCGCGCTCAACATCACCGCAGCGCAGCCAAAGGCAGAGACAAAGAAAAGAGCAGTGGTTGTATGTGTACATTTGTTGAATCATCGACACGATTTCGTAGTGAGCTGGTCCTAACCTGATTATCTCATGCCCACGTGTCTCTTCCGCACAGCGCCAGCTCAGACCGCTCCGCGGGCACCAAGAGCCCCCGCAGCTGTAGCCGAGGGCAGGATATGCAGGCTGCTTGGCCTCCCCACATAAAGAGTAGGCACCGCACCCTGAATACTACGGTGCGGCGGCTCGCATCATGAGGGC
Seq_92_LinJ.33_minus,LinJ.28,73.915,1001,323,1205018,,,,,854544,855544,3.50e-03,87.6,plus,TCTCTCTCTGATGATGCCGGCCACCTCACCGCAGTATCACGGTGCAATACCCATTCTGTGGTGAAGCCGATAACCGGGAGCCTGGCCTCGGGTACGGTTGTGGTCTCTTGGTTCTGACGGACAATTTTGGGCTGGCGCCGTGCGGAAGAGACATGCGATCATGACCACGTTTGCACCAGCTCACTACACATCGTTCCGGCGATGCAACGAATCTACTCCTTCACCTACTGTTTTCTGCTTGTGCTGCGCTGCGGTGATGCTGAGTGTGACCATGAACCTAGCCTACGCTGCATGCAGTGGCGTTGAAATGGACACAAAGACGCCAAGCGGTGTTTGTGGGCCCGGTTCCCCCACATAGCCGACGTGTGGCAGAGGCAGGTGAACTGCGGTTGTGTATCTGTCTATTTGCTGACCTGTTTGTTCAACCATGAACACGTTAGAAGAAATACGTGTCCATGCCGCCACACAACAAGAGCTAAGCTCATTTCTGCCCGGCCGGTCACAGGCCCCGTCGCGCGGCGCGAGACAGCCGTAGGCACACGAGGTGCAGCAATGCCCAGACCCGGTCATCGGTGCATGGCTTCTGCCTCGAACCTTACCCAACCCCGCCCCACAGGTCGCCCCACAGCCACGCACATTATGCTGGCCATCACCCGGGGCATCCCTCTCGGGGGGGGGGCCAGGCTCACCCCGCCCCCAGTGGGCAGTGAGGGCCGGGGGTGGGACGCGTTCGAGTCACGCCGACACTCCGCCCATCCTGTGGATGGCGAAAACGTGTGCGCGGCCGCGGGTCGCTCCGGCGCCACGCCGTCCAGCACCGGACACTGCGGGCATCGGCAGTGATACATCGCTCTGACGTCCCTACGTCACGCGCACCTGACCCTGTCACCACCAGAGGTGGTTGTGCAGTGGCAGGAATAGGGGCTGCTTGGCTTCCCCACAGAGAGAGTGGGCACTGGGCCCTGATACCACGCTGAGGTGTCACCTATGTTATCAGGGAC
Seq_74_LinJ.30_minus,LinJ.28,84.874,582,635,1205018,,,,,801951,802532,2.85e-20,558.2,plus,TTCGTTTTCCTTCCACGCCCATGCCACCACACAACAAGAGCTAAGCTCATCTCTGCCCGGCCGGTCACAGGCCCCGTCGCGCGGCGCGAGGCAGCCGTAGGCACACGAGGTGCAGCAATGCCCAGACCCGGTCATCGGTGCATGGCTTCTGCCTCGAACCTTACCCAACCCCGCCCCACAGGTCGCCCCACAGCCACGCACATTATGCTGGCCATCACCCGGGGCATCCCTCTCGGGGGGGGCCAGGCTCACCCCGCCCCCAGTGGGCAGTGAGGGCCGGGGGTGGGACGCGTTCGAGTCACGCCGACACTCCGCCCATCCTGTGGATGGCGAAAACGTGTGCGCGGCCGCGGGTCGCTCCGGCGCCACGCCGTCCAGCACCGGACACTGCGGACATCGGCAGTGATACATCGCTCTGACGTCCCTACGTCACGCGCGCCTGACCCTGTCACCACCAGAGGTGGTTGTGCAGTGGCAGGAATAGGGGCTGCTTGGCTTCCCCACAGAGAGAGTGGGCACTGGGCTCAGAGACACGACGCACAGAGGCATGTGCCCCCCCCCGCGTCGTCATCAGGGGTGAAG
Seq_18_LinJ.28_plus,LinJ.28,86.859,300,292,1205018,,,,,59669,59968,1.32e-04,297.3,plus,GGAAGACACCGCCGCCTTTGCCCCCGCGCAGGAACCTGGGCGCTGCCCGCGAGGATGAAGGCGTGCAGTCCAACCGAGTGTATCTGGCGCCGACTGCGCAGCGCGTATGTAACGATGGGACGGGAAAGGACAAGAAGAGCCTGTCTGGTGCACGGCCCGATACCATGGCAGGACGGCTCGTCCCAGACACGACCGGGATGTGGCCGTAGTGCAGTGGAGTTCGGCGGACTGTGATCGTGTATGCGTGTGCGCTTGCTCACTTGCTCGTGCTAGAGTGGCCACGTCGAAAACGAAAGAAAG
Seq_51_LinJ.28_plus,LinJ.28,87.386,728,295,1205018,,,,,518978,519705,1.29e-22,341.5,plus,CGCGCTGCACGGGCTCCTCACCTGTCGAGTGTCTACGGCTGCCCCCCTACCCTTGCACCGCTCTGCGCAGCGACAAGCGGTGAGCTCTCCGTGCACCGGCACATGTCTCTCGTCGGGCCCCGTCCGGTCGACACGCCCACGCCTGTGAGAGGCGCGCGGGATCAGGAGACGGCGGAATGCCCATGCCTCCGCAGGCCCGTGAAAGCGTCCCCCGCCTGTCGCGGCGCGTGCGGGCAGGCAACCCAGACACGCAGCCCGGTGACATGGGCGGAAGTGAGGGATGAAGGCAGCGCGCCCGTCCCCCTCCCCCACCCACACACAACAGCTTCATCGTGAAGCAGGCCTCAGGATGCGCGGACGCGAGCACTGTGCATTGGCGGTGTCAAGCACAGCCAGCATGCGTCTAGGCCACCACCCCCTGTTACCCGCACGGCAGACACCACCGCCTCCGCCCCGAAACAGGGCCCGGGGCCGCGGCCCCGCTTCGGATCAAGGCACGCAGTCCGGCCCGGTCGGTGTGGCTGCTGATCGCGCAGCACGCATGCGAGGCAGAGGGACGAGGCAAGGGCAAGAGGAGCCCGTGAGGCGCACGGCCCGGTTCGGGGGCAGGACGGCTCGTCCTAGACGACCAGAACCGAGCCGCGGTGCAACACGCGGGTAGGTGCACCGTGTCGTGGGCGTGTATATATACACATACATATATATGGGTGATGACGTGTTCGTGGCAG
Seq_51_LinJ.28_plus,LinJ.28,87.242,1220,295,1205018,,,,,515266,516485,3.19e-08,423.8,plus,AGAGGCCGATCTCCTGCCCCTCGACTCCAGCGTGCTTCTGCGCCGACCCGCCTGTATCTTCTCTCCACAGCCACGCTAGGCGGCTACCTTGCGCATTTGGAGCGTGAGGTGCGCACGCCGCACGACGGCGCTGTCACGACGGTGTGGCGGCCCTCATTACACGCATGCAGGCATTGGCTCTCCCGTTTCACAGAGACGCCGTCCTCGCTGCGAGGCGGATGGTGCGGCACAGACAGACATCAAGTCGGAAGCGGCCGAAACGGTTTCCAATAGCAATACACTCGTAGATGCAGCGGCAAGAAGCTGCGGCCGCCTTACTTGCAGCTGCCGCGCTCACTGTGAGGCGAAAGAGAGGGAACCTGAGCTGCTGCAAAAACTGCCGGGCCGGCTAAGACGAGCAAGCGCATGTGTCATTGCTGCTACGGCCTCGCTCTTCCTCCTCATGGCGCTGCGCACGGGCCCTACAAGAGTGGAAGATGGCATGCTGCGACGCATCTTGACACAAGTGCCGGCGTCGCTGTGGCCCGTCGCGTGCATCTCTCCCGTTCAGAGTGTCGGTGGCCATTGTGACCTGGTGTACAACGACGAGGTGGCCGTGACTGCAAAGCCAGCCATGCCAGAGGCGCCGACGCTAAGTGCATGGACGGCGGATCTGGTCGCCGGCCTCAGACGCCAGGCCGCCATCCCCCGAAACCGCGCCACATGCTGAGACAAGAGGTTCTTGGCGGCAACGGTCCCACATCAAAAGAGCGCGGATGCTGAGCTTGCAAGACGACAGGCGACCATGCTCCCCTGGCTCCGCACGGGCACGCGCCCGCACTTTGGATCGCTGCAGCGGCGGGTGGCTGTCAGCGACCACCATGGGGGGCGAGGATGGCGTGCTGCCTGCTGTTCTGCTAGCACCGCAGTACTCCCCCCCTCCACCGCCGGAGCCTCCGCCCCGAAACAGGGCCCGGGGCCGCGGCCCCGCTTCGGATCAAGGCACGCAGTCCGGCCCGGTCGGTGTGGCTGCTGATCGCGCAGCACGCATGCGAGGCAGAGGGACGAGGCAAGGGCAAGAGGAGCCCGTGAGGCGCACGGCCCGGTTCGGGGGCAGGACGGCTCGTCCTAGACGACCAGGACCGAGCCGCGGTGCAACACGCGGGTAGGTGCACCGTGTCGTTGTGTGCGTGTATATATACACACATACATGTATATAGGTGATGACGTGTTCGTGGCAG
Seq_30_LinJ.17_plus,LinJ.28,86.199,588,658,1205018,,,,,410434,411021,6.50e-02,530.8,plus,CAAGCGTGCCCGCTCTCTGCTGCAGAGCATGGGGCCCAACAGAACTCGGCCCGGGCCCGTCGCCGGCTCGTTTGCGTGATGCCAAGCAGCCGCACACACGTGCTACCGCGACGGCGACGCAGTCGTCGCAGCGCCACACCTGCATCGAGCTCTATCCACCTCCGCTGAGCAGGCCGCCGCACGGCCGCTCGCCCATCATGCCTGTCCCCACCTGGTGCAGCCCCCTCGGGGCAACCCTCAGGCTCCCCCCGCACCAGCAGGCAGGGCGAGGGCCGGGGATGATGCACGCTCCAGTCCCGCTGACACTCTGCCCACCGCATGGATGGCGCACGCGTGCTCACGGTCGCAGGTCGCTCCGACGCAACGCCATTCGGAGCCTGGCTACCGACGTCAGCAGCGATGCATCGCTCTGACATCTACGTCACAGGCACCAGGCACTGGCACCATCCGAAGTGGCGCGGCATTTGGCAGGGGTAGGGAGGGGCTGCCTGGCTTTCCCAGGCAGAGAGAGTGGCAGAGGGAAGGGGAGGGGCAGTGGGCCCTGCTATGCCGCCCATTGAAGGAGTGGGTGCCCTCCCTCCCCCGCGC
Seq_15_LinJ.22_plus,LinJ.28,86.35,461,649,1205018,,,,,1193004,1193464,7.55e-19,462.8,plus,GTCAAACTCAGCTTGACCCGGCATATCCAGAGGTGCGAAGCTACCGTAGGCACGCATTACAGCAATGCCGACTCAGTCCTCGAGAAAGGCCCCTGACTCAAACGCTAACCAAGCCCTGCACTGCACGTCACCTCACGACCTCTCCCATTGTGCCGGTCGCCACCTGGTGCATCCCCCCTCATGGTGTCCCAGGCTTACCCCGCCAGGAGGCAGTGAGGGCCCGGCGGACTACGTTCCAGTCATTCGGGCACTTTGCCTATCATATGGACGGCACAAGCGTGTTCACAGTCGCAGGTCGCCCCACAATGCAACGCCATCCAGAACCTCACCGCCGACATCAGTGGCGATACATCGCTCTGGCCTCCCCCCAAGTCGTAGGTGCCTAGCCTTGTCACCACCAGAGGCTTGCTCGGCATCGGCATTGGATAGGTGGGAGCTGCGTCGCCTCTTCACAGAGTAGT
Seq_18_LinJ.28_plus,LinJ.28,89.029,1001,292,1205018,,,,,117861,118861,2.60e-05,284.8,plus,AGAGGCCAAGTTCCTGCCCCGGACCCCACAGCGCTGTTGTGCCGCACCTGCCTGCATCCGTCCGCGGCCACGCCAGGAGGCCGCCTTGCGCACTTGGCGTGGGGATGGGTGCACGCGCCGCATGGCAGTGCCGTCACAACGCCTCCGCAGCTCTCACGCCGGCGTGCAGGCATCGACACCCCTCGGTGCTCCGCACGCCCGTTGCGCAGCTCTCCCCTACCCGCTGGTGCACAGATGGTGCAGCACAGACACACAGCAGGTCACGTGCCGCCGTGATGCTCTATCGCGATCATGCACGCACAGATGCGCACGGGCAAGGGGCGGCGGCGCCCTTGCGTGCCGCGACAGCACCCAGCCTGCAGCAGTGGTGTCCACGCCTCACCTGCGGCGACAAAGAGAAGCACGTGTGGCCGCCCTTGCTGCGGGGTCGCTCTGCCGCCCTCATGGCACCCGACACGGCCCCCGCAACCATGGAGGACGGCTTGGTGCGACGGACCTGTGCACGTGCGCTGGCGCGACGGTGGCCCGTCGCGCGCGCCTCACATTTCAGCGTGCCGGTGGTCATTGTGTATGGAAACACAAGGACACAGGTGACAGTCTTGCCGAATCGGCAATGCCAGAGAGGCGCCGACGCCAACTGCACGGATGACGGACCCGGTCACCCGTCTCCAGCGCCCGGTCGACATTCACCGAAACTGCACGACGGATCCCACCGCCTTTGCCCCCGCGCAGGAACCTGGGCGCTGCCCGCGAGGATGAAGGCGTGCAGTCCAACCGAGTGTATCTGGCGCCGACTGCGCAGCGCGTATGTAACGATGGGACGGGAAAGGACAAGAAGAGCCTGTCTGGTGCACGGCCCGATACCATGGCAGGACGGCTCGTCCCAGACACGACCGGGATGTGGCCGTAGTGCAGTGGAGTTCGGCGGACTGTGATCGTGTATGCGTGTGCGCTTGCTCACTTGCTCGTGCTAGAGTGGCCACGTCGAAAACGAAAGAAAG
Seq_86_LinJ.34_minus,LinJ.28,73.306,415,397,1205018,,,,,111050,110636,1.63e-02,49.8,minus,GCAACTTGACCCATACACAACCACAGTTCGTCTGCCGATGCTGTAACATGGCTATGTCGAGGAACAGGGCCGACCGGCACCGTCTGATGTCGTTCAGACCATCGCGATGCGACTGCGTACAGTGCAGGCTAGGCCCTGGGTCATGTTCCACATCACCGCGACGCAGCCAAAGCAGAAAAGGGGTACTCGGAAGCATATGTTTGTCGAGTCGTCGGCACGATTTGTGGTGGACTAGCGCAAGCGGGATCATGACCCCAAGTCTGTCCGGCATAGCGCCAGCCCAACCTTTTTCACCGAAGCCAAGAGCCCGCAGCCGTTCCCGAGGGGAGACTGCCGACTTTCGTCCTCCCCACAAAGAGTGGGCGCGGGGCCCTGATACCTCGCACTGAGGTGGCCGGCACCATCAGGGATCAGA
Seq_23_LinJ.17_plus,LinJ.28,85.513,587,543,1205018,,,,,1012948,1012362,3.78e-16,570.6,minus,TGTCCATTCGATGCCACGGAACATGAGCTGAACGCCACACTCGATCGCCCGCGGGCCGGGCACAGGTCCCCCTCCCATCCGCGCGGCGCGAGGCAGACGTTGACAAGAGGTACGGCAATGCACCGACTCGGTGACCTGCGCAAGGCCCCTGCCTCCAGCTCCACTCACCCCTGCGCTTCGCGCGTCGCCTCGCAGCCAGCCGCATCATGTCGGCCGCCACCTGGTGCGTCCCCACGAGTGGCGCAGGCTCCCCGCAGCACCAGTGGGCCGTGTGAGGGTCGGGTGTGGGATGCGTTCGAGTCACGCGGCCTAGTCACATGGGTGGCACAAGCGTGTGCACGGTCGCAGGTCGCTCCGAGGCAGCACCACCCACGACCTCACCCGCCGGCATCAGTAGCGACGCATCGCACTGACCTCCCCAAGTCTCATGCGCGCGGCCCTGCCACAGCGAGAAGTGGGGTCCGGCAATCGGCAGGGCTGGAGGAGGGAGGGGCTGCCTGGCTTCCGCCGCCCCCTCCTCCACAACACAGAGAGAGAGAGTAGAGGGTGTGGGACGTGCGCGGGCACTCGGATTTCACACACGGAGA
