Seq_1_LinJ.03_plus,LinJ.03,96.703,273,274,389660,9,0,1,273,260645,260917,6.72e-128,455,plus,GGCGGTGGGGTCTTGGACGGCGTGGTGTCGGAGTGGTCTGCGACAGTGAGCACGTCTGTGCCATCCACATGATGGGGGAGCGGCTATGAGCTGGGTGGGTGGAGTTCGAGGCAGAGGCGGTGCCGAGAGGACTCTGGGGCGGTCGACGAGCGGTAACGCGCGCGTCTACGGCTGCTTGGCACCACGCGATGGGGTGCTGTGGGGCAGGGCCGGGTGGCTCGCGCGGCGTTTGAGCTCCTGGTGGGATGTATGGCAGCGAGACGGTGTGGACGC
Seq_3_LinJ.03_minus,LinJ.03,100.000,221,221,389660,0,0,1,221,317070,316850,4.19e-114,409,minus,GTGGCAGCCGACATGATAGGGGGAGCGGCTATGAGCTGGGTGGGTGGAGTTCGAGGCAGAGGCGGTGCCGAGAGGACTGAGGCGGCCCACGAGCGGTAACGCGCGCGTCTACGGCTGCTTGGCACCACGCGATGGGGTGCTGTGGGGCAGGGCCGGGTGGCTCGCGCGGTGTTTGAGCTCCTGGTGGGATGTATGGCAGCGAGACGGTGTGGACACACCGT
Seq_3_LinJ.03_minus,LinJ.03,96.847,277,221,389660,,,,,237641,237917,1.68e-90,418.0,plus,GGGGGTGAGGTCCCGGGCGGCGTGGTGTCGGAGTGGTCTGCGACAGTGAGCACGTCTGTGCCATCCACATGATGGGGGAGCGGCTATGAGCTGGGTGGGTGGAGTTCGAGGCAGAGGCGGTGCCGAGAGGACGCTGGGGCGGTCGACGAGCGGTAACGCGCGCGTCTACGGCTGCTTGGCACCACGCGATGGGGTGCTGTGGGGCAGGGCCGGGTGGCTCGCGCGGCGTTTGAGCTCCTGCTGGGATGTATGGCAGCGAGACGGTATGAACGCACCG
Seq_1_LinJ.03_plus,LinJ.06,77.570,107,274,525234,12,10,95,194,191061,191162,2.87e-07,54.7,plus,GTGGGCTGGGCTCGAGGCAGAGGCGGTGCTGAGACGACTGGGTCGGCGCATTGCTGCCGTGCGCGCGTGCGCCCAGGGCTGCTTGGCACCAGGCGGATGGGG
Seq_3_LinJ.03_minus,LinJ.06,76.056,142,221,525234,18,13,40,171,181469,181604,4.86e-09,60.2,plus,GTGGGCTGGGCTCGAGGCAGAGGCGGTGCTGAGACGACTGGGTCGGCGCATTGCTGCCATGCGCGCGTGCGCCCAGGGCTGCTTGGCACCAGGCGGATGGGGCACCTGTGGCAGGGGTCTGTGGTGGTGCGCGGTG
Seq_3_LinJ.03_minus,LinJ.06,76.056,142,221,525234,18,14,40,171,219224,219359,4.86e-09,60.2,plus,GTGGGCTGGGCTCGAGGCAGAGGCGGTGCTGAGACGACTGGGTCGGCGCATTGCTGCCGTGCGCGCGTGCCCCCAGGGCTGCTTGGCACCAGGCGGATGGGGCACCTGTGGCAGGGGTCTGTGGTGGTGCGCGGTG
Seq_3_LinJ.03_minus,LinJ.06,76.056,142,221,525234,18,14,40,171,247912,248047,4.86e-09,60.2,plus,GTGGGCTGGGCTCGAGGCAGAGGCGGTGCTGAGACGACTGGGTCGGCGCATTGCTGCCGTGCGCGCGTGCCCCCAGGGCTGCTTGGCACCAGGCGGATGGGGCACCTGTGGCAGGGGTCTGTGGTGGTGCGCGGTG
Seq_3_LinJ.03_minus,LinJ.10,74.312,109,221,588571,16,10,38,144,35148,35246,0.082,36.2,plus,GGGCGGGTAGAGTTTGAGGTAGAGGTCGTGCTCCGATGGCTGAGGGCACTGCTGTAACGTGCGACCTCGGCTGCTTGGCACCGCGGAATGGGGCCTGTG
Seq_1_LinJ.03_plus,LinJ.11,77.863,131,274,568610,19,9,90,214,528076,528202,7.91e-13,73.1,plus,GCGGGGTGGGTGGAGTTTGAGGCAGTCGGCCGTGCTCTCAGACGGCTGGGTCGGCGCATTGCTGTAACGCGGGTGCGTCTACGGCTGCTTCGCATCACGCGATGGGGGGTCTGTGTAGCACGCCGGG
Seq_1_LinJ.03_plus,LinJ.11,78.125,128,274,568610,18,9,93,214,555886,555763,7.91e-13,73.1,minus,GGGTGGGTGGAGTTTGAGGCAGTCGGCCGTGCTCTCAGACGGCTGGGTCGGCGCATTGCTGTAACGCGGGTGCGTCTACGGCTGCTTCGCATCACGCGATGGGGGGTCTGTGTAGCACGCCGGG
Seq_3_LinJ.03_minus,LinJ.11,76.699,103,221,568610,21,2,37,139,124771,124672,2.26e-07,54.7,minus,TGGGTGGGTAGAGTTCGAGGCAGAGGCCGTACTTGGATGACCGAGTCGGCATATTGCTGTAACGCGTGTCTCGGGCTGCTTCGCACGGCGCGATGTGGTG
Seq_3_LinJ.03_minus,LinJ.16,76.000,100,221,688194,21,2,39,136,141487,141389,1.05e-05,49.1,minus,GGTGGGTAGAGCTTGAGGCGGGGGCCGTGCTCCCCGACGACCGAGTCGGCGCACTGCTGTACCGTGTGCGTCTACGGCTGCTTCGCACCAGACGACGGG
Seq_3_LinJ.03_minus,LinJ.16,76.000,100,221,688194,21,2,39,136,185652,185554,1.05e-05,49.1,minus,GGTGGGTAGAGCTTGAGGCGGGGGCCGTGCTCCCCGACGACCGAGTCGGCGCACTGCTGTACCGTGTGCGTCTACGGCTGCTTCGCACCAGACGACGGG
Seq_3_LinJ.03_minus,LinJ.16,75.000,100,221,688194,22,2,39,136,167025,166927,4.89e-04,43.6,minus,GGTGGGTAGAGCTTGGGGCGGGGGCCGTGCTCCCCGACGACCGAGTCGGCGCACTGCTGTACCGTGTGCGTCTACGGCTGCTTCGCACCAGACGACGGG
Seq_2_LinJ.03_plus,LinJ.20,75.439,114,273,731246,23,5,92,201,26566,26454,3.69e-06,51.0,minus,TGGGTGGGTCGAGCTTGAGGCGGATGCCGTGCTCAGATGACTGAGTGGGCGCGTTGCCGTGGCGTGTGTGTGTGTGTGTGCGGCTGCTTGGCACCACGCGATGGGGCCCTGTG
Seq_2_LinJ.03_plus,LinJ.20,75.439,114,273,731246,23,5,92,201,38608,38496,3.69e-06,51.0,minus,TGGGTGGGTCGAGCTTGAGGCGGATGCCGTGCTCAGATGACTGAGTGGGCGCGTTGCCGTGGCGTGTGTGTGTGTGTGTGCGGCTGCTTGGCACCACGCGATGGGGCCCTGTG
Seq_1_LinJ.03_plus,LinJ.24,78.814,118,274,863800,16,9,88,202,26272,26383,2.85e-12,71.3,plus,GAGGTGGGTGGGTGTAGTTCGAGGCAGGGGCCGTGCTCGGGTGAGTGAGTCGGCGCATCTCGTGCACCGCGTGTGTCTACGGCTGCTTGGCACCACGCGATGGGGCCTGTGG
Seq_1_LinJ.03_plus,LinJ.24,78.814,118,274,863800,16,9,88,202,30690,30801,2.85e-12,71.3,plus,GAGGTGGGTGGGTGTAGTTCGAGGCAGGGGCCGTGCTCGGGTGAGTGAGTCGGCGCATCTCGTGCACCGCGTGTGTCTACGGCTGCTTGGCACCACGCGATGGGGCCTGTGG
Seq_3_LinJ.03_minus,LinJ.24,77.586,116,221,863800,19,6,47,160,705466,705356,3.76e-10,63.9,minus,GAGTTTGAGGCAGGGGCCGTGCTCCGATGGCTGAGTCGGCGCATCGCTGTAGCGCGTGTGCCTACGGCTGCTTCGCACCACGCGATGGGTGGCGTGTGGCACGGCGTGTGG
Seq_3_LinJ.03_minus,LinJ.24,78.641,103,221,863800,16,5,47,146,716012,715913,3.76e-10,63.9,minus,GAGTTTGAGGCAGGGGCCGTGCTCCGATGGCTGAGTCGGCGCATCGCTGTAGCGCGTGTGCCTACGGCTGCTTTGCACCACGCGATGGGTGGCGTGTGGG
Seq_3_LinJ.03_minus,LinJ.24,78.641,103,221,863800,16,5,47,146,730165,730066,3.76e-10,63.9,minus,GAGTTTGAGGCAGGGGCCGTGCTCCGATGGCTGAGTCGGCGCATCGCTGTAGCGCGTGTGCCTACGGCTGCTTCGCACCACGCGATGGGTGGCGTGTGGG
Seq_1_LinJ.03_plus,LinJ.27,75.728,103,274,1175405,15,8,94,191,18328,18425,6.20e-04,43.6,plus,GGTGGTGTGGAGTATGAGGCAGGGGCCGTGCTCGGATGGCTGAGCCGGCGCGTTGCTGTAGGGCGTGTGTGTGCAGGGCTGCTTGGCACCACGCGATG
Seq_1_LinJ.03_plus,LinJ.27,75.728,103,274,1175405,15,8,94,191,78345,78442,6.20e-04,43.6,plus,GGTGGTGTGGAGTATGAGGCAGGGGCCGTGCTCGGATGGCTGAGCCGGCGCGTTGCTGTAGGGCGTGTGTGTGCAGGGCTGCTTGGCACCACGCGATG
Seq_1_LinJ.03_plus,LinJ.27,75.728,103,274,1175405,15,8,94,191,83375,83472,6.20e-04,43.6,plus,GGTGGTGTGGAGTATGAGGCAGGGGCCGTGCTCGGATGGCTGAGCCGGCGCGTTGCTGTAGGGCGTGTGTGTGCAGGGCTGCTTGGCACCACGCGATG
Seq_1_LinJ.03_plus,LinJ.27,75.728,103,274,1175405,15,8,94,191,88549,88646,6.20e-04,43.6,plus,GGTGGTGTGGAGTATGAGGCAGGGGCCGTGCTCGGATGGCTGAGCCGGCGCGTTGCTGTAGGGCGTGTGTGTGCAGGGCTGCTTGGCACCACGCGATG
Seq_1_LinJ.03_plus,LinJ.27,75.728,103,274,1175405,15,8,94,191,108257,108354,6.20e-04,43.6,plus,GGTGGTGTGGAGTATGAGGCAGGGGCCGTGCTCGGATGGCTGAGCCGGCGCGTTGCTGTAGGGCGTGTGTGTGCAGGGCTGCTTGGCACCACGCGATG
Seq_1_LinJ.03_plus,LinJ.27,75.728,103,274,1175405,15,8,94,191,137700,137797,6.20e-04,43.6,plus,GGTGGTGTGGAGTATGAGGCAGGGGCCGTGCTCGGATGGCTGAGCCGGCGCGTTGCTGTAGGGCGTGTGTGTGCAGGGCTGCTTGGCACCACGCGATG
Seq_1_LinJ.03_plus,LinJ.27,75.728,103,274,1175405,15,8,94,191,142863,142960,6.20e-04,43.6,plus,GGTGGTGTGGAGTATGAGGCAGGGGCCGTGCTCGGATGGCTGAGCCGGCGCGTTGCTGTAGGGCGTGTGTGTGCAGGGCTGCTTGGCACCACGCGATG
Seq_1_LinJ.03_plus,LinJ.27,75.728,103,274,1175405,15,8,94,191,30502,30405,6.20e-04,43.6,minus,GGTGGTGTGGAGTATGAGGCAGGGGCCGTGCTCGGATGGCTGAGCCGGCGCGTTGCTGTAGGGCGTGTGTGTGCAGGGCTGCTTGGCACCACGCGATG
Seq_1_LinJ.03_plus,LinJ.27,75.728,103,274,1175405,15,8,94,191,55991,55894,6.20e-04,43.6,minus,GGTGGTGTGGAGTATGAGGCAGGGGCCGTGCTCGGATGGCTGAGCCGGCGCGTTGCTGTAGGGCGTGTGTGTGCAGGGCTGCTTGGCACCACGCGATG
Seq_1_LinJ.03_plus,LinJ.27,75.728,103,274,1175405,15,8,94,191,60252,60155,6.20e-04,43.6,minus,GGTGGTGTGGAGTATGAGGCAGGGGCCGTGCTCGGATGGCTGAGCCGGCGCGTTGCTGTAGGGCGTGTGTGTGCAGGGCTGCTTGGCACCACGCGATG
Seq_1_LinJ.03_plus,LinJ.27,75.728,103,274,1175405,15,8,94,191,130689,130592,6.20e-04,43.6,minus,GGTGGTGTGGAGTATGAGGCAGGGGCCGTGCTCGGATGGCTGAGCCGGCGCGTTGCTGTAGGGCGTGTGTGTGCAGGGCTGCTTGGCACCACGCGATG
Seq_3_LinJ.03_minus,LinJ.28,73.874,111,221,1205018,24,5,37,144,505597,505705,0.006,39.9,plus,TGGATGGGTAGAGGTTGGAGTCAGAGGCCGTTCTCCAGTGACTGAGTCGGCGCGCTGCCGCACAGCGTGTATCAACTGCTACTTCGCACCACGCGATGGGGGGCCTGTG
Seq_1_LinJ.03_plus,LinJ.29,74.627,134,274,1272412,26,7,87,217,886910,887038,1.03e-06,52.8,plus,TGAGCAGTGGTGGGCAGAGCTTGAGGCAGGGGCCGTGCTCAGATGGCTGGAGTCGGCACATTGCTGCAACGCGTGTGTCAACGGCTGTGTCGCACCACGCGATGGGGCCTATATGGCAGGGCGGGGTGG
Seq_2_LinJ.03_plus,LinJ.29,73.913,115,273,1272412,22,8,92,201,530289,530400,0.008,39.9,plus,TGGGTGGGTGGAGTTGGAGGGCAGAGGTCGTGCTCTCCGATGGCTCAGTGGGAGCCTTGTGCTGAAACGCGTGTGTTCACGGCTGCTTCGCACCGGGCGGTGGGGTCCTGTG
Seq_3_LinJ.03_minus,LinJ.29,76.364,110,221,1272412,19,5,75,180,283610,283716,8.13e-07,52.8,plus,GACCGAGTCGGCGCATGGCTGTAACGCGTGTGTCTAGGGCCTCTTCGCACCACGCGATGGGGGCACTGTGGCAGGCCGTGGGGGGAGGGTCGAGCGGGGTTGAGCTC
Seq_1_LinJ.03_plus,LinJ.29,74.775,111,274,1272412,21,6,87,194,883946,883840,6.20e-04,43.6,minus,TGAGCAGTGGTGGGCAGAGCTTGAGGCAGGGGCCGTGCTCAGATGGCTGGAGTCGGCACATTGCTGCAACGCGTGTGTCCACGGCTGTGTCGCACCACGCGATGGGG
Seq_1_LinJ.03_plus,LinJ.29,73.874,111,274,1272412,22,6,87,194,906950,906844,0.029,38.1,minus,TGAGCAGTGGTGGGCAGAGCTTGAGGCAGGGGCCGTGCTCAGATGGCTGGAGTCGGCACATTGCTGCAACGCGTGTGTCCACAGCTGTGTCGCACCACGCGATGGGG
Seq_3_LinJ.03_minus,LinJ.29,76.364,110,221,1272412,19,5,75,180,267693,267587,8.13e-07,52.8,minus,GACCGAGTCGGCGCATGGCTGTAACGCGTGTGTCTAGGGCCTCTTCGCACCACGCGATGGGGGCACTGTGGCAGGCCGTGGGGGGAGGGTCGAGCGGGGTTGAGCTC
Seq_3_LinJ.03_minus,LinJ.31,75.781,128,221,1529233,30,1,17,144,1007370,1007496,3.76e-10,63.9,plus,TAGTGGGCGCGGCTGTGAGGCGGGCGGGCAGAGTGTGAGGCAGCGGCCACGCTCAGGTGACTGAGTCGGTGCACGGCTGTAACGCGTGTGTGCAGGGCTGCTTCGCACCACGCGATGGGGGCCTGTG
Seq_3_LinJ.03_minus,LinJ.31,75.781,128,221,1529233,30,1,17,144,1044961,1044835,3.76e-10,63.9,minus,TAGTGGGCGCGGCTGTGAGGCGGGCGGGCAGAGTGTGAGGCAGCGGCCACGCTCAGGTGACTGAGTCGGTGCACGGCTGTAACGCGTGTGTGCAGGGCTGCTTCGCACCACGCGATGGGGGCCTGTG
Seq_3_LinJ.03_minus,LinJ.31,75.833,120,221,1529233,28,1,25,144,1035395,1035277,4.86e-09,60.2,minus,GCGGCTGTGAGGCGGGCGGGCAGAGTGTGAGGCAGCGGCCACGCTCAGGTGACTGAGTCGGTGCACGGCTGTAACGCGTGTGTGCAGGGCTGCTTCGCACCACGCGATGGGGGCCTGTG
Seq_1_LinJ.03_plus,LinJ.32,76.000,125,274,1544753,18,10,94,215,1278282,1278397,2.87e-07,54.7,plus,GGTGGGTGGAGTTCGAGGCAGGGGCCGTGCTCTCAGATGGCTGGGCCGGTGCATTGCTGCAACGCGTGTTTCACGCTGCTCCGCATCACGCGGATGGGGTCTATGGCAGGCCGGGT
Seq_1_LinJ.03_plus,LinJ.32,73.856,153,274,1544753,25,11,68,209,823806,823954,4.80e-05,47.3,plus,CATGATGGGGGAGCGGCCTGCGAGGCGGCCGTGGTGGGTAGAGTTTGAGGCAGAGGCCATGCTCAGATGGCTGAGTCGGCGCATTGCTGCAGCACGTGTGTCTCACGCTGCTTCGCACCAGGCGATGCGGTGCCTGTGACGGGCCAGGG
Seq_1_LinJ.03_plus,LinJ.33,75.735,136,274,1532280,20,11,108,240,775725,775850,7.97e-08,56.5,plus,GAGGCAGGGCCCGTGCTGAGATGGCTGCGCCGGCGCACGGCTGTGATGCGCGTGTCTCTAGCGCTGCTTCGCACCACGCGATGGGGGCCTGCGACGGGCCGGGGCTAGCGTGGCGTTGGGCTCCTG
Seq_1_LinJ.03_plus,LinJ.33,75.735,136,274,1532280,20,11,108,240,782572,782697,7.97e-08,56.5,plus,GAGGCAGGGCCCGTGCTGAGATGGCTGCGCCGGCGCACGGCTGTGATGCGCGTGTCTCTAGCGCTGCTTCGCACCACGCGATGGGGGCCTGCGACGGGCCGGGGCTAGCGTGGCGTTGGGCTCCTG
Seq_3_LinJ.03_minus,LinJ.33,76.699,103,221,1532280,21,3,37,137,986239,986340,2.26e-07,54.7,plus,TGGGTGGGTGTGGTGTGTGAGGCAGGGGCCGTGCTCCGATGAATGCGCCGGCGCATTGCTGTACCGTGCGCGCCTGCGGCTGCGTGGCACCACGCGATGGGG
Seq_3_LinJ.03_minus,LinJ.33,76.699,103,221,1532280,21,3,37,137,1004971,1005072,2.26e-07,54.7,plus,TGGGTGGGTGTGGTGTGTGAGGCAGGGGCCGTGCTCCGATGAATGCGCCGGCGCATTGCTGTACCGTGCGCGCCTGCGGCTGCGTGGCACCACGCGATGGGG
Seq_3_LinJ.03_minus,LinJ.33,74.766,107,221,1532280,21,6,53,157,716984,717086,4.89e-04,43.6,plus,GAGGCAGGGCCCGTGCTGAGATGGCTGCGCCGGCGCATGGCTGTGATGCGTGTGTCTCTAGCGCTGCTTCGCACCACGCGATGGGGGCCTGCGACGGGCCGGG
Seq_3_LinJ.03_minus,LinJ.33,74.766,107,221,1532280,21,6,53,157,727580,727682,4.89e-04,43.6,plus,GAGGCAGGGCCCGTGCTGAGATGGCTGCGCCGGCGCATGGCTGTGATGCGTGTGTCTCTAGCGCTGCTTCGCACCACGCGATGGGGGCCTGCGACGGGCCGGG
Seq_3_LinJ.03_minus,LinJ.33,74.766,107,221,1532280,21,6,53,157,732553,732655,4.89e-04,43.6,plus,GAGGCAGGGCCCGTGCTGAGATGGCTGCGCCGGCGCATGGCTGTGATGCGTGTGTCTCTAGCGCTGCTTCGCACCACGCGATGGGGGCCTGCGACGGGCCGGG
Seq_3_LinJ.03_minus,LinJ.33,73.832,107,221,1532280,22,6,53,157,742920,743022,0.023,38.1,plus,GAGGCAGGGCCCGTGCTGAGATGGCTGCGCCGGCGCATGACTGTGATGCGTGTGTCTCTAGCGTTGCTTCGCACCACGCGATGGGGGCCTGCGACGGGCCGGG
Seq_3_LinJ.03_minus,LinJ.33,76.699,103,221,1532280,21,3,37,137,988484,988383,2.26e-07,54.7,minus,TGGGTGGGTGTGGTGTGTGAGGCAGGGGCCGTGCTCCGATGAATGCGCCGGCGCATTGCTGTACCGTGCGCGCCTGCGGCTGCGTGGCACCACGCGATGGGG
Seq_1_LinJ.03_plus,LinJ.35,75.410,122,274,2019666,22,7,92,212,774080,774194,1.03e-06,52.8,plus,TGGGCGGGTGGAGTGTGAGGCGGGGGCCATGCCGAGATGACTGAGTCGGCGCATTGCTGTACTGGCCTGTCTACGGCTGCTTGGCCCCACGCGATGGCGCCTCTGTGGCAGGCCG
Seq_1_LinJ.03_plus,LinJ.35,75.410,122,274,2019666,22,7,92,212,781405,781519,1.03e-06,52.8,plus,TGGGCGGGTGGAGTGTGAGGCGGGGGCCATGCCGAGATGACTGAGTCGGCGCATTGCTGTACTGGCCTGTCTACGGCTGCTTGGCCCCACGCGATGGCGCCTCTGTGGCAGGCCG
Seq_3_LinJ.03_minus,LinJ.35,75.000,104,221,2019666,20,5,34,137,483573,483670,4.89e-04,43.6,plus,AGCGGGTGGGTAACGTTCGAGCCAGGGGCCGTGCTCAGGTGGCTGAGTCGGCACTGCTGTACCACGTGTCTACAGCTGCGCTGCACCACGCGATGGGG
Seq_3_LinJ.03_minus,LinJ.35,74.775,111,221,2019666,21,6,34,144,534340,534443,4.89e-04,43.6,plus,AGCGGGTGGGTAACGTTCGAGCCAGGGGCCGTGCTCAGGTGGCTGAGTCGGCACTGCTGTACCACGTGTCTACAGCTGCGCTGCACCACGCGATGGGGCCTGTG
Seq_3_LinJ.03_minus,LinJ.35,75.000,104,221,2019666,20,5,34,137,491732,491635,4.89e-04,43.6,minus,AGCGGGTGGGTAACGTTCGAGCCAGGGGCCGTGCTCAGGTGGCTGAGTCGGCACTGCTGTACCACGTGTCTACAGCTGCGCTGCACCACGCGATGGGG
Seq_3_LinJ.03_minus,LinJ.36,74.051,158,221,2743046,34,6,1,155,2049450,2049297,1.75e-08,58.4,minus,GTGGCGACCGGCACGATGGGGGAGCGGCTATGGGGTGGTTGGGTATCGCACGAGGCAGAGGCCGTGCTCTCCGATGACTGGGCCGGCGCACTGCTGTTTCACGTCTGTCTGTGGCCGCTTCGCACCACGCGATGTGGAGCCTGTGACAGGGCCG
Seq_3_LinJ.03_minus,LinJ.36,74.051,158,221,2743046,34,6,1,155,2121170,2121017,1.75e-08,58.4,minus,GTGGCGACCGGCACGATGGGGGAGCGGCTATGGGGTGGTTGGGTATCGCACGAGGCAGAGGCCGTGCTCTCCGATGACTGGGTCGGCGCACTGCTGTTTCACGTCTGTCTGTGGCCGCTTCGCACCACGCGATGTGGAGCCTGTGACAGGGCCG
Seq_3_LinJ.03_minus,LinJ.36,74.051,158,221,2743046,34,6,1,155,2171391,2171238,1.75e-08,58.4,minus,GTGGCGACCGGCACGATGGGGGAGCGGCTATGGGGTGGTTGGGTATCGCACGAGGCAGAGGCCGTGCTCTCCGATGACTGGGTCGGCGCACTGCTGTTTCACGTCTGTCTGTGGCCGCTTCGCACCACGCGATGTGGAGCCTGTGACAGGGCCG
