Seq_14_LinJ.16_plus,LinJ.16,,1001,761,688194,,,,,414738,415738,,,plus,TGTTGCCGTTCTTGGGTGTGCGCGTGCATTCTCCGTGCGGGCTGTCCAATGCGGTGGGGCGCATGTGGGCGCGTAAGCGTCCCCTTCCTCCCTTCCCCTCTCCCCACGGGTTGCACTCAACATCCTTGGCGCTCGACCACAGCCACTCGCCCTCTATTGCTGATATCTCTTTCTGTTTTCGTCTTCTTTCCATGGCATAAACTGTTTTTCTTTTTTTTTCTCATATGGTTTTCGTATCCGATGCCTTCATACTGGTGCCTTTCCTCATCTCTGTCTACCGTACACCCCTCGCACATCCTTCACTCCCCCGCCCTTCTATTCCCGGGCAAACGCCGCACCACTGCTGACGAGTGGCAGGGCCCAGGCACCCACGGCGTGGCGAGGTCAGAGCGATGTATTCCTGCTGATGTCGGCGGCCAGACCCTGGAGGGCGCTGCGTCGGAGCGACCTGCGACGACGCACACGTTGGCGCCGTCCACATCATGGGCGGGGTGTCGGCGTGACTCAGGTGTATGCCACCCCCAGCCCTGGCTGCCCTGCTGGTGGGGTGGGGGGAGCCTGAGGAGGATGGAGTGGGCAGAGCTTGCGGCAGGGGCGCTGCTGCGGTGACGGATTCGGCGCACTGCTGTACCGCGCGTGTCTGGCGGCTGCCTCGCACGGGGTGACGAGGGCTTGTGACTGGAGCCACTGCGAAGGCAGCCGGACCAGCGTAGACGCTGAAAAAAGTGGTGTGGCAGTCGCTGCGGACTGGACGCGTTGGAAAATACCTCACATAAGGAAGAATGTCTCCGGTACTTCCTTCTTGTGTGCTGCAGCTGTGCATCACGTGCTGTGGATGTCGTGTGCCCTTCGGTGTGTATCAGTGCGCGTGAGCCCGTGCGCTCGTGTGCCCTCCAACTTCTCCTTTCGAAAGGGAAACAACCGAACGCAGCGGTATATGTCTGTATGGTTTGCGGAAGGGGGGAGGAGGAGAACGAAGAGGCGGGGGCGACGCATCACCT
Seq_5_LinJ.16_plus,LinJ.16,,1000,1000,688194,,,,,199709,200708,,,plus,GGATGTCGATCACAGAGGCGCCGCAGAGTGTTGAGGTACACCATGAAGAGGCGCAGGAGGGCAGCGGCAGAGCGGGTGGTGTTGGGAGGGGGGGGGGCATGGCGCGCACGTAAAAGGGAGGCTTGGCGCCACGGCGTGCCTATACGTGTGTCTGGCGGCGGTCATCATCAAGACAGCAGTCGTGCACGATGAAAGCGTGCGTGTATGTGTGTGTGTGATCTTCTTTTGATGCTTCATGTGAGTAGCGCACCCCCCCACCCCAGCCCCGCTCCGTGTGCCAAGACGCCAGGGGATCTCCCCCGTCCCTGCCGAACGCCGCACCACCTCCGGCGGCGACAAGCTCAGGCACCTGCGACGTGGCGAGGTCAGAGCGACGTATCGCTACAGATGTCGGCGGTCAGGTCCTGGCCTGCGTGGCGTCGCGGCGGCATGCGAAGCGGCTGTTGGTGGGTAGAGCTTGAGGCGGGGGCCGTGCTCCCCGACGACCGAGTCGGCGCACTGCTGTACCGTGTGCGTCTACGGCTGCTTCGCACCAGACGACGGGCGCCCGTGGCAGGAGGGGCCGGAGGTGTGTGTGTGTGTGTCAGAGGTGGCGGTGTAGGGTGTGGTGTTTGGCCTCGCCTGGTGCACGGCAGACAGACGAGCTCACCTTGAAAGATAAAACTTCCACGCAACGCTCACGCGTGCACCTTGTCGAATACCAGCGGCACAGCACGTTTCTCTTCGTGCGTGTGTATGTTGCCGCCCCTCTGCTGTCGTCGCACCGCGCCTTTCGCCGTTGCCGCTTGGCGTGTGATGTCTTCATCTGTTGATGGGCGGGGCCCCTTCGCCACCCTCTTTGAGCGAAGCGCACGCTGCCTCTGCTTGTGTGCCTCTTCAGTCGGCATGCGCCTTAGTTATATGTCTTGTGCCGGCGGTGCTGACGGGTGGCACCTGTGGAGGGGAGGGTCGTGCACCCCCTCCCTCTCCGGCCACTTCAACACCCATCACCCACCTCCTC
Seq_3_LinJ.16_plus,LinJ.16,,1001,553,688194,,,,,672850,673850,,,plus,TATGATAGAGGTGTTGGGAGGTGGCAGTCGTCAACTCCCTTTTTCTGTTTTTTTTTTTGTCTCTCTGCCTGTTCACAGCGGGCGCAGCGGTGCTGATTCTTCGAGAAGGCACCACCGTATATATTCGTGCTCGGCCCTTCCGTTTGGATCACGTATTGTTTTCACATGGAAAAGCGGAGAAGCCCTACTCGCATGTCGTCTCTCATTTTGCTTTTTTTGTCTTTTTTCAAGATGCCCGTTTTGCTGCCGTGCAACACGGGCTCAAACGCCGCCCCAGCCGGAATGCCGCAGGCCCCCATCGCCTGGTGCGGTGCAGCGGGAGACACGCGTTAGAATGCTGCCGGCCCAGTCATCTGAGAGCGCGGCCCCTGCACCAAACTCTACCCAGCTCCGCTTCGCACGTCGCCTCACAGCCGCCCACATCATGCCGGTCCCCACCCCAGGTGCATGCAGCTCGGGGTGGCTCTCAGGCTCCGCACCACCAGCAAAGGCAGTGTGAGGGCCGGGGGAGCCGCGTCCGAGCCACGCTGACACCCCGCCCTCCGCGTGGACGGCACTAGTGTGTCTACTGCCGCAGGTCTCTCCGACGCAACGCCATCCACGATCTGGCACGGCCGACATCAGTAGCGATAGGTCGCCCTGACCTCCCTGTGGTGTAGGCACTCGGCCCTGTCACCGCCAGGGGTGGCTCGGCATTTCGCGGGGGCTGCATGGCTGCCGGGCTTCCCACCACGGAGGGTGCACCGGGCCCTGATAGCATGCTGAGGTGCCCCGTAGTCATTGGGGCGTATGTGTTTTCACAGCAAACGAACACAGAGTGAATTACCAGCGAGGACTTTATTTCGTGGTGGAGGCTTCTCAGATCAGTGTGAGTACACGGTGCTTTTGAAAGTGACTGCGAGACTGCGCTAGGGTAGGCGTGACCCCCGTTCAGACCTTCCTCTGCATGGCTCTCTCCTTTCACCCATTATGTACAACAGCTCTTTTCTCTCTGCTTCTCT
Seq_7_LinJ.16_plus,LinJ.16,,1000,216,688194,,,,,212976,213975,,,plus,GGAAGCGCAGGCCCTCCTTCTGCGCGCTCGACACCTCGCGCACCAGGCGCTGGAACGGCGCGCACTGGATCAGCAGGCTCGTACTCTTCTGGAACTTGCGGATCTCGCGGATCGCGCAGGTGCCCGGGCGCCAGCGGCGATGCGACTTCTTCACGCCGGACGCCCCGCTCGACGCCTTCTTGCTCTTCTTCGACGTGATGGTGCGCTTCGCGCGGGCGGTCTCCTTGGTGCGGGACATGGTGGTGCGGTGGGAGTGGTTGGGGGTTGGATGGCGGTGGTGAAAGCGACGAGCTGCAGATGTGCAGGCGACGAAGAGGGAAGAGTGGGCGTGCATGCGTGTGAGAGCGCGTGATGGACGGAGCGAGGAGGGGGAGGCAGGAAAGGGGCAAGCCGGATGTCGATCACAGAGGCGCCGCAGAGTGTTGAGGTACACCATGAAGAGGCGCAGGAGGGCAGCGGCAGAGCGGGTGGTGTTGGGAGGGGGGGGCATGGCGCGCACGTAAAAGGGAGGCTTGGCGCCACGGCGTGCCTATACGTGTGTCTGGCGGCGGTCATCATCAAGACAGCAGTCGTGCACGATGAAAGCGTGTGTGTGTGTATGTGTGTGTGTGCCTGGTTCGTGTATGTCTGTCGCGCTGCACGTTCGGGGAGCACGTGCCTGCCTCAACCTGCAGAACGGCCGTTGGAAGAGACGCTGGTAACGTAACGGCGCGCAAGAAGATGCGCTTAAGGCGTGACGGACGGCTTGTGCAGAGGAGGGAAACAATCGGAAAGGAGCTTGTGCAAGGTCGAAAGCCACGCACTGACTCTCTCTCTCTGTCTTCCCCCTTTTTGCTTTGGGGCAAGGTCGCGACTGCAGCACGTCGACGCGCATCTCTGGCAGCGGCAAGGGTTGGAAACACGTATCCTGTGTATGGTGTGTATGTGTAGGTGCGGGTTTGTGCCAGGGGCGGTGGGGCGCACCGCGGCGGGGCAAAGACTCACGTGAGATGGAGTGGAA
Seq_8_LinJ.16_plus,LinJ.16,,1001,247,688194,,,,,375729,376729,,,plus,TTGCGATGCGTGTGCGTGTGCGTCTCTCTTGTTGTTGTTGACACATGTTTTCTTAGTTTTCTCATCATTCTCTTTTCCAGTGATGTTTTTATCTTTTCCGCCTTGTTTTGGGGTACATGCTGATCGGCGCACGCTCTCGGGAGCGTGCGTGCGTGTGCAGTGCCCTCCCTCGAAGTGGTCAACACGGCTGTGCTGTGGTAAAGAGGGCAGACGGGAGTGGAGGGGTATCGCAGGATGCTGAGGTCAGTTACGGGGGAGCGAGAGGCAGGCTGCAGGTGGCGGGTGGTGATGTATTCCCCTGAGGACGTGCACGCGCAGTACAAAGGCTACCGCCCTTTTCGCCCCTTCCTCTCTTCACCGCTGCCGTTCTGCCTCCGTGCCCCCCTCCCTCCCTTCCGTCACGCGGTTTCTTTCTGGTGCCGCTTGCGAGCTCGCCGCACCGAATCCTCGCGCGGCGTCTTCGCCCTCCTTATCGGCGCGCGCGTTGATGGTCGTTTCCTTTTATTTTTTCCCGTGTCTGCTCATTGATGCTGAGGGATGGGGAGGGAGGGGGAGGGCGCCGCGGTGCGTGGTATTTTACATACACACACACGGGACAGCACCCCGCCCCCCGCCCCGTCCACCCCTTCTCTCCTCTTCCACCCCCGGAATACTTCTCAATCTCTCCGCCACGGAAAAGCAGCGGAAAAAGGCTGGTGATGTGTAGCAGGTGGAATGCGGTGGGTCCGTCTTGTTCTCTATTCGTTTTCGATTTGGAGTATGTATGTGTCGGAAGCGTTGCCGAGAGGTGCTCATGGACGATTTGTTGCTAGTGCCTCTCTGTCGTGTGTGCGTGTGCACCGCTCTGTCTCTTTTTCTCTGTCGTTGTTTTGACGTGTTGGAGGTGGAGAAGGGTGGAGCACGTGGAGCATGTTGCCGGCCGAGAATCACGGCGCCGAACCATAATAAGCCCGACTAGCGGGTCCTGCACGACAGTCCCGAAAACGGAGAGTAAGACAGCA
Seq_30_LinJ.16_plus,LinJ.16,,1000,998,688194,,,,,449363,450362,,,plus,CCGCCTGCGTGCGCAGACGGAGGTCGGGGGCGACGATGTAAAGCACAGAGTGAGAGAGAGGGGGGGGGGCATATACACACGCACGTACATGTGAGTAGAAGTGAGCGGGATGTCAGTGGGAATAAAAAGAGAGTCGTCAGTCGGTCTTAGTAGTTTAGCTTCGTGCGGCGCCAGTGGCGGCGCTTCTCGTTCCACTTGATGCGGTTGCCCGTGCGAAGGCGAATCCAGTACGGCACCGGCTTGTTCTGATTCATCTTCTTCGCGTACTTCTTCTTCACAGCAAGGGGCTTGAAGCGGCCCATGATTGCGCAGTCGAAGGAATGAGGGAAGGGGGAGGTGCTGTGGACGGGAAGGTTGGGTTGGTGGGGCGTTGCTGAAGTGATGGGCCGCTACGCAGACACACACGCACAACAGCAGCAGTAGCGTAAATACGGCTCTCGCTCTCTGTTCCCCGGGTGAGTTGACGTGTGTGTGTGTGTGTATGTGTGTGTGTGTGTGTATGTGTGTGTGTCGATGTTGTAGAGCGGCGGAGGACGAGCGGGAGGGAAGCGAAGTAGGGAGATGATGCAGACAAGAATCCAATATATATATATACCGCGCCACATCAGAAAAAGGGAGGCGCATGAGGAGGGGGGGGGAAGGGCGCAAATAATAGGCGGCTACGTGCATGTGCGGCTGCCGCTGCTCTGAAGCCCCGCTGCCGCACAAGGCGAGAGGGAAGAAGGAAAGGGGCGCCTGCAAAACGTGTGAGGTGCAGCGCACGGAGAGGGCTGCATCGGCGTGTTGGGCGTCGAGGGGTGTGCGTGAGGGTTGTCGCCCCGCGTGCGCATGTGCAGACGCTCGTGCGCCGCCGACGCCTGCAGCTTGGATCTCACTTGGGCCCACGTCCTTGTTCTGTTGGCGCTCTGGAAAGGCCAACCCAACACCCAACACGAATACAGACAGACAACACACAGTCACCTCCTCCCCTCTCTGCCCTGCTCTGCACGCGCGCCATCTT
Seq_9_LinJ.16_plus,LinJ.16,,1000,630,688194,,,,,366729,367728,,,plus,CACCCTCACTGAGGGCGCGAGAGCGGCACTCGCGTGTAGTTGACGGAAGGATGAAGACGAAGGAGAGCTGTCGCGAGTGGCGGCGATGCATGTGCTCATGGAGTGGCGGCTAGACAACAGCTGCGATGCGTGCCGCTGAACAGCTTTAAGAGAAACAAACCCGCATCCATCCTCCTGCCTACATGCATGTATACTCTCGTGAAGGCGCGCATGGGATAGCGAATGTTGGCGGCTACCTCTCACTCTCTCGCCCCTTCCTACGCCAGCGGAGGAGTGTGCACCGGCCCCTGCGGGTGGAGGCACACGCATCTTTTTTTGTTCTGTGTACGCATTCTTCGAGACACAGCGGTGCGCCGAGGTCAGGGGAGAGGGGCGATCGATTCTCTTTCTCGTCCAGCGCAATCGCGGTGCTTGCTCTGCCTGTCAGTGCCACTTCTGACTTGCGTTCGCTTTGGGAATGCGCCCCAGTGACGTCATGGTCCTCTTCTCTCTCGTTGTTTCCACTCGCCATGCCTTTCGAGTAAGTCATGCCCCCCCTTCTGACGCCTCCACCCAGTGAGTCAGGAAGCTGGAAGGACGAGCGGCTCCGCACTCCCGTCCGTGCACACAGGCACAGGCATATACACGTACCGATGCGCTTGTATGGAGAGACGCGCTCTGCTCCCGCTGGCATGGCCCTCTCTGTGTAAGCGGCACGACCGCACACATGGCAGAGGTCGGGCCGACTGGGACGCGTGTGCCGACTCGGTCAATGGCCTCGGGTGTACCTCGCTCTCCCGCCTCTTCTATCTGCACGCCTGTCGCGCTGGCGAAGTATAGGCGATATTAGGATGCACACGTGTACACTCTCTGCGCTCCCTCCGTCCCTCTTCTCGCTCTTCTCTTGTCCCCCTCTCTCTCTGTGTGTGCGTCGTCGCCTCTGGCATCTCGCCGGCGAGCAGAACGACGACAAACCCGTCACACCACAGGCAGCACGCGGCGCAAGGGAGCCTGCCTAGAC
Seq_10_LinJ.16_plus,LinJ.16,,1000,630,688194,,,,,407862,408861,,,plus,GAACGATGGCTTTACTGTGCTGTTACTGCCCTCTCTCTCTCACCCGGCCTCGAGGCTGCAGGGCCCGCTGTGTTTTTCCCGGCTGCCCTTATCCCTGCTGTTGACCCGCTCCACCACACCCCCGCCTGGCTCGCGCTTGGGGCGGGCCTCGCGGCACTTTGTGTTTACTTGGCTACAAGAGGAATCATGTATACTCTCGTGAAGGCGCGCATGGGATAGCGAATGTTGGCGGCTACCTCTCACTCTCTCGCCCCTTCCTACGCCAGCGGAGGAGTGTGCACCGGCCCCTGCGGGTGGAGGCACACGCATCTTTTTTTGTTCTGTGTACGCATTCTTCGAGACACAGCGGTGCGCCGAGGTCAGGGGAGAGGGGCGATCGATTCTCTTTCTCGTCCAGCGCAATCGCGGTGCTTGCTCTGCCTGTCAGTGCCACTTCTGACTTGCGTTCGCTTTGGGAATGCGCCCCAGTGACGTCATGGTCCTCTTCTCTCTCGTTGTTTCCACTCGCCATGCCTTTCGAGTAAGTCATGCCCCCCCTTCTGACGCCTCCACCCGGTGAGTCAGGAAGCTGGAAGGACGAGCGGCTCCGCACTCCCGTCCGTGCACACAGGCACAGGCATATACACGTACCGATGCGCTTGTATGGAGAGACGCGCTCTGCTCCCGCTGGTATGGCCCTCTCTGTGTAAGCGGCACGACCGCACACATGGCAGAGGTCGGGCCGACTGGGACGCGTGTGCCGACTCGGCCAATGGCCTCGGGTGTACCTCGCTCTCCCGCCTCTTCTATCTGCACGCCTGTCGCGCTGGCGAAGGAGAGGACGCACGCATCTCGAGGCCTGTCTGACCCTTTTTTTTTTCTTCTGTCCCGACCTGACCCCCCCCCCCCCCACCTCTCCACTGCCATCACCGCTGTCGCTTCTGCATCATCGCCGCACGGGTGAACCATCGCTGTAGCGCTGGGCCATATTAGCCACCGAGCGTTTTCTCATCAACATGGG
Seq_7_LinJ.16_plus,LinJ.16,,1000,434,688194,,,,,304611,305610,,,plus,ACAGGGCTCGGGAGCGCGCGAAGCTCGCGACAAGTCGATACGAAACGTGGAGACGACTATGATAACAGAGAGCAGCGACAGAATCACTTCATCCGGGGAGGAGGCGAGCACAGACACGCGCACACATGTACCGCCGACGCCCTTTATATTCGAAAGGATGCAGACGCGCAGGGAATCCACGACGTGGCGGTGTGGCCGGGTGCGCCATGCATGCAAGCACGCGTACGCGGGCGTCCGTTCGTTGAGAAGGTAGCGAACAAAACTGGGAAGAGAAGGGAGACACGTTTCCCTTTCTGCAGCGTGAGGCCATGCCCCACCCACCCCCTCTGCCGCACAGCACGCGCTCAACGCCACACTGCCCCCGGCCCCTCCTGCCACGGGCCCCATCGCGGGATGCGAAGCAGCCTTGGGCACACGCGGCACAGCAGCGCGCCGACTCGGTCATCAGGGAGCACGGCCCTCGCGACTCAAGCTCTACCCACCAACAGCCGTCTCGCAGGCTGCTCCGACGCCACGCAGGCCAGGACCTGACCGCCGACATCTGTAGCGATACGTCGCTCTGACCTCGCCATGTCGCAGGTGCCTGAGCCTGTCACCGCCGGAGGTGGTTCGGCGTTTGGCAGGAATAGGGGTGGGGGCTGCTGCTGGGCCTCCTCCCACACACAGAGTTGAGGGGGCACTGGGCCCTGAGATACCGCGCGCTGAGAGGGGTGGCCGGGAGAAAAGAAATGCCATTCTGGGTGCAGCCAGCGCACGGGCGAGAAAGGTGCGTGACGCGAGTACAGTGGGGGTGCAAAGACGGACACAGGATCTCGTGTGCCGTGCTTCGGTCCTTCTCTCTCTGAAGGCGGAGCACGGCACTGTTCATACCGACACACACACACACACATCCCTCTTAGCGGGGGCTTGGGACTCACTGGAACACTGATTTACTCGAAAGGAAAAGAATAGAAAGTAGGAGGGATGTGAACACGGGCAGAGACACTCACGTAGCATCGAT
Seq_8_LinJ.16_plus,LinJ.16,,1000,354,688194,,,,,443133,444132,,,plus,ATGAACAACATCTGCGCCGCCGGCGACGAGGCTGCGCTGGTGTTTTGGAAGAACACGGACACACTCCCTCGATTGGCGTCGGAGTTGCTGATCCGCAGCAGCATCTCAAGCGCGGACGGATCGCGGCACGTCACAGTTGCCCCGCGCTCCGCCTCCACACCCGTGAGCAATGCCTTCAACTGCACATCCGCCATGGCGCATGGGCACACTGGAAAGGTGGAGAACGGAAGTCGACGTGTGGTATGAGTGCTGTGTGTCGTAAGTTGAGAGAGAAGAAATGGGGATAAAGCGGTGATGGCGGCGGCGGAGGAGGGGGCGTCGGGCGGGGCCGTAGGACTCGCAGCACCTCTCCGCTGCGCTCCCATCGTTTCCAAGAGCCCATTCCATATGTGAGGTACTTTCCAACGCGTCCAGTCCGCGGCCGTGCAGCATCCGTCACACGCCCCCGCCATCCAGTGCGAGGCAGCCGCCAGACACGCGCGGTACAGCAGTGCGCCGAATCCGTCACCGCAGCAGCGCCCCTGCCGCAAGCTCTGCCCACTCCATGCTCCTCGGGCTTCCCCCCACCCTACCAGCAGGGCAGTCAGGGCTGGGGGTGGCATACACCTGAGTCACGCCGACACCCCGCCCATGATGTGGACGGCGCCAACGTGTGTGTCGTCGCAGGTCGCTCCGAAACAGAACAGAACGAACGCTGCGGAAGGAAGACGAGGGTTTGCCTTCTTCCACTCGCGTATAACCCGTACACGCCACACGCACGCTGTTGGACTCGCATGAAGCGCCTACATCGCCAGCGACCCCCTTCTGACCACAAGGGGAGACGGAGAGAGAGAGACAGATGCGTGTGTGTGCTGCGCGCCTCTCTCCAGATCACAGCAACGAGAGAGCGTCGCGCCCCGCGGCGATGACGGCACAGCGAGAAAGGCACATCGTCGACCGAGAGACCGAGAAAGAGAAGGCGTCGCCGAGACGCCACGGCTATGTACACAGAGGAAAGTAA
Seq_17_LinJ.22_plus,LinJ.16,,1001,998,688194,,,,,171036,172036,,,plus,TGAAAAAATGGGAGGCTGTCGAAGGATGGCGTTTGATGGAGCTTAGGCACCCTTATATGCACACACACATATATATATACATATGTGCGTGTGGGGAGGGGGCGAGGAAAGCACGAAAAACGAAAGAAAGAGAGTGGGGAGACGCAGATCGAAGCGGTGGCTGAAGGCGTTGCGCCATGCGCACATAGAGCGGCCACGCCAACGAGAGCAAACCCCGTGGGAGCGACGCAACGGCATGACGGGCACGAGACGCTTTCTTTCTTTTTCCTCCTCGGCGTGTGTCCGTTCGCCCACGGGCAGGTCAACCACACTACACGCATGCAGCCACAGTCGACCTAGGCCTGCTGCACATCGGCTGTGCCAAGGGAGCCGGGCCAGCCAGCACCGTCTGGCGCCGCTCAGCCCACCGTCATGTCACTACATGCAGCGCAGGCCACGCCCACAATCGCGTTCAGCACCACTGCAACGCGGCCAAGATACAAAAACAGCAGGCGGATGCCTCTACTCGTTCCTTCGCCGGCAAGATTCGTAGTGAGCGGGTACAAACGCCGTCATGGCGGCACGCCTCTTCCGCACACCGCCGTCCCAGCCCGCCGAAACGCCAAGAGTCCGCCAGCCGTACCCGACGGCAGGCTGCCGGCTGCGTGGCCTCCCCCACACCGAGCGCGTGTGGGACCCTGACACCGTGCTGAGGTGCCCCGCATCATCAGGGAACTACGCACTCGCACAAAGAAAAGGGTCAGTCGCGCGAAGTAGGCAGTAGAGAGCGAGAGGAACAGCGAGGGCGGCATGCTACACAACAGTGAGAGAAGCGGGGTTTGGTGGCGTGCAGAGGCGCAGTGCTGATTTTGCAGGAGTTCGCGTTGTCGTTACTGTCGGGGGCGGCGGCGATGTAGCCGCGGTAACAGTGCCCAATCCCTTCCAGAAGGAGCGTCATCAGGCAACCACCCGTGGCGGCATAGAGCAGGCCAAAGCGATCCAACAGCCTACACGTGGACTTC
Seq_18_LinJ.26_plus,LinJ.16,,593,232,688194,,,,,687602,688602,,,plus,TCTCACCGTCTGCGGCACCCAGCGGCTGGTCCTCGCTCCTCCCATGAGTGTGTTGGCTGTAGTGCCGGCTGTGCACCACAGCTGTTGTTCACATGCCTGGTACCTGTCGAAAGCCCTTGCAGGACACAGGAATGAGGGATGTGACTCCTTTTTGTGCCACCTGCGGTGCTCCGACATCTTCCTCGCATGTTTGCTTGTCGTCGCGGCCTTTGGTGCACTCGTGGTTGTGCCTGCGCGATCTGCCACACCACTGTGCAGATGCTTGGCTGCCCCGTGTTGTGTGGTTGTGCGCCTTGCCTCTGTGACAGAGGTGAGCGCACAGAGGGAGCCTGACTGCACCACCGCGCTAGTTGTTCTCCATCTTGTGGCTGTTTGGACGGCCGCTGTCTGCTCCATCTTCGAAGCTCTTTGCGTCGGCACGCGGGCGTGGCCCTCTCTGCTGTTCCACGATTAGGGTACACGTACAGGATAGGTTTTTTCACTCCACTGATTCCTTGCACAGCGACACCCTCTCCAACAGGACGGGGGCGTGACGGTGTACTGGTTAGGGTTAGGGTTAGGGTTAGGGTTAGGGTTAGGGTTAGGGTTAGGGT
Seq_29_LinJ.16_plus,LinJ.16,,1001,457,688194,,,,,79562,80562,,,plus,CGATACGCCTTCGCGCGTGCGACAGACAACGCATCCTGTCATGGGGGCGCCCCGCCGCAGAGGTGGAACGCGCGACTTCGAGGGAGTCCTCCTTCTCGCTCTCCCTCGGCGCCATCTTGCATGCGCCTGCATACTTGCGAATTCTTTCGAAGACACCGGCGCTTCCGAGCAGACGAACATACGCTCACAAGCATCAGCCCAGAAACACCTGCACGCACGGGTTAGAGGATCCCTCCCGCCAAAGCAACACAACGGCATAAGAGGTGGTTTCTGCTCTGCCCGTGCTGCGTCGCGCCCATCTAGCTGCCACGGCGGCATGGCTCCAGCGCCACTCGGCCCCACACACACACAGAGGGCCTGTCACAGCCCCACACCCCCCCCCCACACACACACACCAGCAGTAGGCAGTGTGACGGCCGGGTGGGATACGCTCGAGGCGCATGGTGGCCTTGCACACCACATACAAATAGCACAACCGTGCTCACACTGTCGCCGGTCGCCGCGACGCACAACGCCACCCGCGACCGGACAGCGGCAGCGACACCGCGCACGGGCCTCCCCCTCCCCCTCCCCGTACGCCGTCGCCACTTCACCCTGTCACCAAGAGAAGCGGTTCGGCACTGGCAGGGATATAGGAGGGAGGAGGGGCTGGCCTCTCCGCACACAGAGCGGGTGTGCTGAGCACTGTGATATCGCGCCCTTAGACACTCCCCCCCCTCGTCATCATCAGGGACGCCGTCCTGGGGCAGCGCGCATTCACAAGCACATGCACGGGGAAGCGCATACACTGAAAGCAATGGTGTCGTGAGCCACCACTGAAACCGACGTGAGCGCCGGCACAGACATGAACGAAGTCGCGCGCGCGCAAACAACAAACAACAAAGAAAAGTGTTAGTCGGCCTGCAGAGGAGACCAAAGACGTGAGAGACAGAGTGAGAAGTGGAAGGAGAAGCGGCAGGGCAGTGTGTGCGAAGGGGTTGTGGTGGTGGTGGGGGGGGGAA
Seq_10_LinJ.16_plus,LinJ.16,,1000,456,688194,,,,,63951,64950,,,plus,GCGAATCACAAAGAGCGCAACGGAAACAACAGAATACGTGCAGGTGACTGTGCGCAAGAGCCATCATCCTACCCCGCCTTTAGACGGTGCTGGCAGCAACACACTCAGTCGCGCTCTGCGAGGAGGCGGCACCGGCCACGGATTTAGCGGCAGCAAGAGGCTCTCGTTCACCAACACGGAAGAGAATTTTCGCCAACTTCGACCGAGAGAAACGCGCGACACCCACAAGCACAAACACACTAACCTCCGCCAAATCACTTAGCGAAAACGAAGCACTGCCCGTGCTGCGTCGCGCCCATCTAGCTGCCACGGCGGCATGGCTCCAGCGCCACTCGGCCCCACACACACACAGAGGGCCTGTCACAGCCCCACACCCCCCCCCCACACACACACACCAGCAGTAGGCAGTGTGACGGCCGGGTGGGATACGCTCGAGGCGCATGGTGGCCTTGCACACCACATACAAATAGCACAACCGTGCTCACACTGTCGCCGGTCGCCGCGACGCACAACGCCACCCGCGACCGGACAGCGGCAGCGATACAGCGCACGGGCCTCCCCCTCCCCCCTCCCCGTACGCCGTCGCCACTTCACCCTGTCACCAAGAGAAGCGGTTCGGCACTGGCAGGGATATAGGAGGGAGGAGGGGCTGGCCTCTCCGCACACAGAGCGGGTGTGCTGAGCACTGTGATATCGCGCCCTTAGACACTCCCCCCTCGTCATCATCGTGGGGGTGGAGAAAGGTCGAACAGACGAAGATCCACATCGAAGCAGTGAGCCGACACACCGTCCAGCTGCGCCGGGAGTGCCATCACAAGGCTCCGCCATGCCCACTCAACGTGGATGGCACATCTGCCGTCAGTGTGGACTCACGGGACAGCGCGCGGTTGCAGCTATCAAAGACGCCGAAGATAACTGCGTTAGAAGGGAAGGAACGGGCGGCCGTGAGGGTCCAGCCTCGATAGAGGGCGCGCAGGCCTTCCTTCTGATACACGCGCGT
Seq_29_LinJ.16_plus,LinJ.16,,1000,457,688194,,,,,59719,60718,,,plus,CTCTCTCTGTCTCCGATGCGCCCTCTGCTGCGTGTGTGCCGGTGTGCGTGCGAGACCCCATCCCTCAAACAGAAATAAGAAAACGACGGAGCGAAAGGAGAAGGCGTGGACCAGCAAGATGTTGGAGGGGCCGTATCACGATACCCCCTGCGAGGAAGCAACCGTCACAGTTGCAGACGGACAGGCGCACCCGAGTGCGCATGCGCCCATGCACATAAGAAGACGAAGGTGGAAGATTTATTTTCTGATTTGCCCCGTGCTGCGTCGCGCCCATCTAGCTGCCATGGCGGCATGGCTCCAGCGCCACTCGGCCCCACACACACACACAGAGGGCCTGTCACAGGCCCCCCCCCGCCTCGTGTAATGGCAGCCCTGGGCACACACGCTACAGCAATGCAGCGACCCTCTCATCCGAGAGCACGGCCTCTGCCTCGAGCTCTGCCGGCCCACCACCCGCTCCGCGGGTCGCCGCGCAGACGCTCCCCCATCATGCCGGTCGCTACCTCGTGCATCCCCCTCGGCGTGGCGCAGCCCCACCCCACACACACACACACACACCAGCAGTAGGCAGTGTGACGGCCGGGTGGGATACGCTCGAGGCGCATGGTGGCCTTGCACACCACATACAAATGGCACAACCGTGCTCACACTGTCGCCGGTCGCCGCGACGCACAACGCCACCCGCGACCGGACAGCGGCAGCGACACCGCGCACGGGCCTCCCCCTCCCCCCTCCCTGTAAGCCGTCCGTGAAAAACGGTTCGCCGCTATGCGAGTTGGCTGCCGCAGCAGTAGGTGCTAAAAAGCGAGGAATGGTGTCGGTCCCCTCTCCGGTGTGGCTGCTACCCCTCCACAAGGGCCATTAGAGGCGCTCAAGAGGCGCCCAGTACCGCTATCTGCCCACGCATGTCGCCCCCTCCTCTGCCGTTTTCCTCTCGCCTGCCCCTGAATCGTCGGACAACGTCCCGGACCGAGTGGAAGAGCATTCTAGTGGCAGGGTG
Seq_34_LinJ.16_plus,LinJ.16,,1001,491,688194,,,,,488093,489093,,,plus,CACACACACAGGGAGCGGAGATCCGTCAGTGATGACGCACAAGCGTGGAATTCGTCTGTGTGTGCCCGTGCGATGGAAAGATGCAAAAACCCAACAAGGCTGGACACGCATGCAGCGCCAGCCGGAGAGAGAGGGACGAAGGGTGCCCATGCAAAGACGGAAGGGGAGTAGTGGGTGGTGATGGGTGAAGCGTGTGAGTGATGACCAAAGAAGACGCAAGGGTGGTTGGGGCGAGCAGCGCGCGGGAAAAAAGAAGCGACGCAGCCGCCAGACACGCGCGGTACAGCAGTGCGCCGAATCCGTCACCGCAGCAGCGCCCCTGCCGCAAGCTCTGCCCACTCCATGCTCCTCGGGCTTCCCCCCACCCCACCAGCAGGGCAGTCAGGGCTGGGGGTGGCATACACCTGAGTCACGCCGACACCCCGCCCATGATGTGGACGGCGCCAACGTGTGCGTCGTCGCAGGTCGCTCCGACGCAGCGCCCTCCAGGGTCTGGCCGCCGACATCAGCAGGAATACATCGCTCTGACCTCGCCACGCCGTGGGTGCCTGGGCCCTGCCACTCGTCAGCAGTGGTGCGGCGTTTGCCCGGGAATAGAGGGGCGGGGGGGGTGCTGGCCCGTGTGCGTGTGTATGCGAGAGATACCGCGCACTGCGGCACCCTCCTCTCCCGTCATCAGAGACGGGGGCACATTGTGAAGAGAGAATAGAAGGGCATATTGCCGATAACAGGCGGGCTGGGCGGTCCCCCCAAAAACCTTTGGACAGGCAGGGAATCGGCGCCTTGGGCACCATCCCAACGAAGCCGGCGGTGTTAGCCCTCCTCCTCTTGTTGCTCCGTGCAGTGGTGGTGGTGATCCCCACTACCGGGCGCGGGGAGCAGGAGAGGATGGATGCGAAGGGTGACTCGGTGGGCGCTACAGCCAAGATGGGCTGCACGTGCGTGTGCCTTGCTCACCCTAGGTATGAATTCGTCTCTGTTTGGATGAGTGTTGTTGTGCC
Seq_34_LinJ.16_plus,LinJ.16,,1000,491,688194,,,,,445879,446878,,,plus,CGTTTACCGTGGTGGGAGAGAGGAAAGGATGTCTCAGCGGAGGGCACCTCATCGTGGGGCCAGATGAGCACCGCTACAACGCGGAGGTGGGTTTGGATATGCAACCCCGTGGGAAGTCCTGCACGACGAGTGTAGAGGGGGTGACGGACCCGGCAACGACCTTCTTCCAGGTGCTTCTTCCCATGCACCGGGGCCGCTGGACTCGCAGCACCTCTCCGCTGCGCTCCCATCGTTTCCAAGAGCCCATTCCATATGTGAGGTACTTTCCAACGCGTCCAGTCCGCGGCCGTGCAGCATCCGTCACACGCCCCCGCCATCCAGTGCGAGGCAGCCGCCAGACACGCGCGGTACAGCAGTGCGCCGAATCCGTCACCGCAGCAGCGCCCCTGCCGCAAGCTCTGCCCACTCCCTGCTCCTCGGGCTTCCCCCCACCCCACCAGCAGGGCAGTCAGGGCTGGGGGTGGCATACACCTGAGTCACGCCGACACCCCGCCCATGATGTGGACGGCGCCAACGTGTGCGTCGTCGCAGGTCGCTCCGACGCAGCGCCCTCCAGGGTCTGGCCGCCGACATCAGCAGGAATACATCGCTCTGACCTCGCCACGCCGTGGGTGCCTGGGCCCTGCCACTCGTCAGCAGTGGTGCGGCGTTTGCCCGGGAATAGAGGGGCGGGGGGGGTGCTGGCCCGTGTGCGTGTGTATGCGAGAGATACCGCGCACTGCGGCACCCTCCTCTCCCGTCATCAGAGACGGGGGCACATTGTGAAGAGAGAATAGAAGGGCATATTGCCGATAACAGGCGGGCTGGGCGGTTTTGACAGGTGCGCGAAGGTTACGAGCGAAGCAGAGTCGATGTCGTTGCATCTCACACACGTACACACACACACACACACATACCGACAGAGTGGGAGAACAAGCGACGGATGATGCAGCGGGGAAGGAGTGGGGTGTGCGTGAGGCGACATGAAACTGAAACATCGACGCGGATGCGGAGGGGAGAG
Seq_40_LinJ.23_plus,LinJ.16,,1000,780,688194,,,,,435959,436958,,,plus,GCGCGTGCCGTAGGACTTCGGCGTGTTCTCTCACCTGCTCGGTGCGTCTCTCGCTCTCCTTCGCCTTGACGCCTTTCTTCTCCGTTTGGTTAACTGGCTTCACTCCCTTGTGTGTGTGTGTTTCTCTCTCCTCTCGAAGCGAGACGAGTGCTACACGCTGCATGCTGAGTGCGCTGCCCACATGAAGGCAGCGCTGTCTGCCATTCTTGTGGGAGGGTGAGGATGTCTGCCTCTATGGTGGGTAGGCCCGGCTGCCCTCCTCCTCGACCCCTCGTCCCTCAACGACACGCGACCAGCCCCACATGGAGGGTCCTTTACGTACATCGACGATGCTATTCGACCTTCATGTCCACTTTCCCACGGGCACGCCCGCAAGCAGATGCACACACAGCCGCAGATCGCCTACCGCTGCGGCACCACGGATACACCCTGGCCGTCTAGGACGAACCGTCTGCCGTCGAATCGGGCCATGCGTGGTACGGGCTCCTCTTGTCCTTCCTCGTTCCTTCTTCCCATACGTGCGGCGCGGTCGGCGCCAGACGGACACTCCGGTGGGCTGCATGCCTTGATCCAAGCGCGCCGCGCTCAGAGCCGTGCTCAAGGGGCGGAAGCGGTGAGCTTTTGTGGTGTAGGCAGCAAGGTGTGGTTCAGGCGCGTGCCAGACAAGAAAAGACATGGCTAGCCAGAGAGGGCCATTGGCCGGGATGGACCGTCCTCCATCCATCCTCCTAATGGCGTGAGACGTCGCTCGGAGCTGCGCTGCTTCGGCCTTTTCCATCCTTTCCCGTCTTTGCCTTTACTCGCCACCCCTGCCTGCCCATCCAATCAACCGTGCCGGTGACTGGGGAGGCGCCAGGGTGATGGTGATGGGGGAGGGGCACCATTTTGGGAGGAGTCTTGAGAGAACGATTGGTAGTCGGCGGTGCTTGAATGGTGTACAAGTAGCCCGCTGCACGGCTTTCCTTGCCAGCGTCTCCGTTCTTCCTGCGCGCCTCTCTCT
Seq_15_LinJ.16_plus,LinJ.16,,1000,271,688194,,,,,38937,39936,,,plus,ACAACGGAAAATGGGAGGAGGACAAGAGCGGCGGCGAGTGATAGCGTTTGTTAGCGGTGGTAGAGATCAGCTGCGGAGCGCGCAGACACGGAACAATGCGTAAGGCAAGAGAGATTACAACAATGATGGTGATGATGGATGTGATGGGGGGGGGGCGATAATGTCAACGTGCCACGCGCCGCGTGTGCAGGCGTGTGTGTGTGTGTGTGTGTGTGTGTGTGTGTGTGTGGTGTAACAGAAAGAGGACGACGGGACAAATGCAGCGGCAGAGAAAGTAAAGCGATGCGCGGCGCGTTGATTACGGCAGCGACGCAGTGCGAAGACAGCAGGAGAGCATCTTGCGTCCCTTTAAATCGCGCCCATCTAGCTGCCATGGCGGCATGGCTCCAGCGCCACTCGCCCCCCCCACACACACACACCAGCAGTAGGCAGTGTGACGGCCGGGTGGGATACGCTCGAGGCGCATGGTGGCCTTGCACACCACATACAAATAGCACAAACGTGCTCACACTGTCGCCGGTCGCCGCGACGCACAACGCCACCCGCGACCGGACAGCGGCAGCGACACCGCGCACGGAGCTCCCCCTCCCCCTCCCCGTACGCCGTCGCCACTTCACCCTGTCACCCAGAATAGTTCGGTATTGGCACCGATAGGGCCAGCAGAGCATCAGGTAAGTAAATTCTCGTTCAGAGATGCGTACGTGGAGGGAGAGGATCAAAACATTAGCGGTGCGGAATCGCGATGCCTCTTGCCCTCATATGCGCTTGCACATGAGCTTGCAAAGCCGTTCGTAGGCCTCTCGCGGCTCTCTTTTTCTTTTGAAGGTCACAGGCTCAGTCTACAAGTAGCCGAGGTGGTGCGCAGCCACTGTCACCTCCTGTCGTGATTTGCGGTAGCTGCTTATCGGTTGCCCACGGAGATAGCGCAGGAAGGAAGGCGGCAGCGCCGGAAGCGCGCTCAGTCGCTGCCGTTGCTTGTAGTTGGTATTCCGCGTTGCGT
Seq_53_LinJ.19_plus,LinJ.16,,1000,885,688194,,,,,390229,391228,,,plus,CTGCTCTTGTGGCCAGTGTGGTGAAGTTGTCAGCGACAGTGACGTGGTGATGACCACAGTCACGCAACTACCGTACATGCATCATGTGCTAAACGTGTCCGTAGAGGGAGAGGGATGACCATGTGCAGGTCGTTCTGTGCCCCTCTTCCCTCATCGCTTCTCTTTTATCGGCTTCGGAGACGCTGATGACGCCGGCAGCCTCACCCTGGCATCAAGGTCAAGGACCCACTCTTTGCGATGAAGCGAAGGTTCTGCAGCCTGCCCTCGGGTGCCCGTTGCGAACTCGCGGTGTCGGCAGAGCGGACTGAGTGGGCGCTGTGTGGAGGAGACTGCCGGTCAAGCTGGTGCTTGCAACCCTTGACTGCGCATCGTGTCGGTGAGTCCACAGAAGACCAGGAAAAGCGAGCGACGCATGGCATACAGGCATGGTGCGCAGAGGGTCTCCAGAGGGTCCCTGGCCTGAGGCTGGCCAAGCTCCTCCTCCCTGAGCTCATCCGGCACGCGCCTGAACCACACCTTGCTGCCTACACCACAAAAGCTCACCGCTTCCGCCCCTTGAGAACGGCTCTGAGCGCGGCGCGCTTGGATCAAGGCATGCAGCCCACCGGAGTGTCCGTCTGGCGCCGACCGCGCCGCACGTATGGGAAGAAGGAACGAGGAAGGACAAGAGGAGCCCGTACCACGCATGGCCCGATTCGACGGCAGACGGTTCGTCCTAGACGGCCAGGGTGTATCCGTGGTGCCGCAGCGGTAGGCGATCTGCGGCTGTGTGTGCGCATCTGCTTGCGGGCGTGCCCGTGGGAGAGTGGACTCGCTGAGGAGCGCATCGGCTCTCCCCCTCTTCCCTTCCTTCTCTCGGAGCCTCCTGCCCCACGTGGCTTGCCTGCCGCCGATGCCGGCCTTGACCCCCTTTAAGGGACTGTGCCATATGCCAGTCCGTACCTTGCTTGTTTTCTGTCTTTCCCGATATCGTACCCCGTCCCGATGCGCCGTTCCAACC
Seq_8_LinJ.16_plus,LinJ.16,,1001,278,688194,,,,,20379,21379,,,plus,TTGAAGTTGTTGCGTACTACTCTTTGGCGCGCCTTCCACTGGGCCTCCTACACAGAGCGATAGCCGCCGCGGTCCCCGTCTGTTGTCAGAAGGAATGAAGGAAAAGGTGACGAGGACGCAGATCCGTGATGAGGTGGGGTCGAGGAACCTTGCACCCCAGCTCCGTGCTGGCAAGGAGAGCCGTGTGCGCAACATGTTCGACGAGTCACAGAACAGAGATCAAACAAGATAAGCTGAGCACCCGACACACGCAACAGTTGAGGCACGCCAAAAGCAGGCTCGTCAATACGCAGATCGCTCCCGCTGGTACTCATGCACGGCAACAGCATGCAAACGGACGCGTCGAGTACCCAAACAGCACAACGAAGACGCTTGTGCTGCATCGTGTCCGTCTAGCTGCTATCGCGGCATGGCTCCAGCGCCACTCGCCCCCCCACACACACACACCAGCAGTAGGCAGTGTGACGGCCGGGTGGGATACGCTCGAGGCGCATGGTGGCCTTGCACACCACATACAAATAGCACAAACGTGCTCACACTGTCGCCGGTCGCCGCGACGCACAACGCCACCCGCGACCGGACAGCGGCAGCGACACCGCGCACGGAGCTCCCCCACCCCGCGCGCCTCTCCTCCCATCCGATATGGCGCATACAAAACCCCTTGTCATTCGTTGTGAGCTGCTGCACCACATGTGTTCGAGCGCAAATCGCTATCTTCTTGCCTCAGCAGCTGAGCTTCCGTTTGGTAGGCGCGTTCAACCTCGTCATTGATTGCCTCGGCACGCTCCTCACACTTCAGCTTCTCAGCCCGTGAGCACCTCTTGTACGAGCGGGCTAACGCAGATGCGTCGCTGTACTGCGTGTAGGAGGAGAAGCTGCTGCGCTGGCTGAGCGCATACAGGTCGCCAGGGGACATGAAGGCAAGCCACCGCACGCTCTGTCGCAACATCGGGGCTGAGTACGGCAGGCGGGAGAGAGAGGGAGGGGGCAGGCAGGCAAAG
Seq_42_LinJ.16_plus,LinJ.16,,1001,459,688194,,,,,185171,186171,,,plus,GCTGCGGCTACCACGTTTATGCGTGTGTGTCGCCAGTGCAGGAAGCGTTCGTGTTTCTGAGCGCAGCTGATGCCTTCCGTTTCGTCCATGCAAGAAAAGGAGAAAACATGTATGAGAGAGGGAGGCAGAAGACGCTTGCACGCACGCGCACACACGTGAGTCGTGCCCCGCTCCGCAGCGTACGTGGATCGCATGCTCGCCTGCACCGCATCCCGCCTTTTCGTTTACGTTTACCGCCTCTTCGGCGCTGATCGACTTTTTCTCGCGCTTGCTTATCAGGGCGAGTTCGTCTGTCTGCCGTGCACCAGGCGAGGCCAAACACCACACCCTACACCGCCACCTCTGACACACACACGCACCTCCGGCCCCTCCTGCCACGGGCGCCCGTCGTCTGGTGCGAAGCAGCCGTAGACGCACACGGTACAGCAGTGCGCCGACTCGGTCGTCGGGGAGCACGGCCCCCGCCTCAAGCTCTACCCACCAACAGCCGCTTCGCATGCCGCCGCGACGCCACGCAGGCCAGGACCTGACCGCCGACATCTGTAGCGATACGTCGCTCTGACCTCGCCACGTCGCAGGTGCCTGAGCCTGTCACCGCCGGAGGTGGTGCGGCGTTCGGCAGGGACGGGGGAGATCCCCTGGCGTCTTGGCACACGGAGCGGGGCTGGGGTGGGGGGGTGCGCTACTCACATGAAGCATCAAAAGAAGATCACACACACACACACGCACACAAGCACCCGCCGAATGAGATGCCGGCTCTTGATAATCAAAGCAAGAGCCGGATATGCGGCGAAGCCCAAAACATCCGAGCGCAAGACCGATCCCCACTTCGCTCGCCCTCTCCCACATCCGAAGCAGTGCCGCTGCTTCGGTATCGTTGTTCGTCGATGCGGTCGCTGGTGCTGCGAGATGCCCTACCTCGCTCCACGCATCCCGTTCACGCGCGTCTGTATCGAGCGCATGAGCTGGAAGCTGAAATGGGCTGTGCAAGCAAGCAGCAA
Seq_18_LinJ.16_plus,LinJ.16,,1001,459,688194,,,,,166376,167376,,,plus,GGCCAACGCGGTGCAGGGCAAATGGCGTGGCCGCGACCAGGAGACACGGGGGAGAGGACAGACGCGGAACGCGGGCACACGCACTCACCACCGCCACGGTGCGGTCGACGAGTCAGCGGGCAGCAAGGCACAAGGCGGGGGAGGGGTGCCGGCGAGGACGGAGAACGTTGCGATAAGGATGCAAGCGAGGCGCAGGAGGGGGGGAGTGGAGAGGCCGAAAGGGAGAGCGGAAGACGGCAAAGGCGGTAACGAAGTAAGCCGAGCAGCACCAGCAACGCAAGAATGGGCGAAGTGTGAGCGCGGCGCGGTGCAGCGTCCTCGAAAGGTGCCCGAAGGGGTGCGGGAAACACCGAAATACAAGCAAAGCAGAGGCGCGCCGACCACGTCGCGGCCAGCCAAGGGAAGGTAGCGCACGTCCAAAGGCATTTTTCGTCGGCTTATGTGTTCTGTGCTTCACTGTCTGCCGTGCACCAGGCGAGGCCAAACACCACACCCTACACCGCCACCTCTGACACACACACACACACCTCCGGCCCCTCCTGCCACGGGCGCCCGTCGTCTGGTGCGAAGCAGCCGTAGACGCACACGGTACAGCAGTGCGCCGACTCGGTCGTCGGGGAGCACGGCCCCCGCCCCAAGCTCTACCCACCAACAGCCGCTTCGCATGCCGCCGCGACGCCACGCAGGCCAGGACCTGACCGCCGACATCTGTAGCGATACGTCGCTCTGACCTCGCCACGTCGCAGGTGCCTGAGCCTGTCACCGCCGGAGGTGGTGCGGCGTTCGGCAGGGACGGGGGAGATCCCCTGGCGTCTTGGCACACGGAGCGGGGCTGGGGTGGGGGGATGCTGGGCCCTGAGATGCCGCGCGTGGAGGCGACCGCCTCCCGTCGTCAAGGTCGCTGTGGAAGAACAAGTTAAGACCGAAAAGTCAGAGGAGGGGAGAAAGAAGATGAAGGTTAAGGGGCAACGCACTTGTGCCGCTGTGTGTCAGGTGTGTCC
Seq_44_LinJ.16_plus,LinJ.16,,1000,389,688194,,,,,146960,147959,,,plus,TCAGCTCCTGCTCCGTACACACAGCGACAGCAGCACCGCAACGGCAGAGGCGCTCAAGCGACTACGCAAGACCGGAGAGCCTGCCTTTTCCCAGCAGCCCACAAGCGATCTGCCGGGCATCGTGTGCTGCCAGCTGGAATAGACATGTCAGCCCTGGCCTCGCTTCCGCTTCGCGAATAAGTTAGCGAGATGAACTTTTTGTGTTGGGATTTGTCACGCGTACGTGCCGCGGTGTCGACACCAACACCATCGCACGAGACAAAACGGAGAGGCAGGCAAAGTAGAGAGACGAATACGTCCGCAGACGCACACACACGCACCTCCGGCCCCTCCTGCCACGGGCGCCCGTCGTCTGGTGCGAAGCAGCCGTAGACGCACACGGTACAGCAGTGCGCCGACTCGGTCGTCGGGGAGCACGGCCCCCCGCCCCAAGCTCTACCCACCAACAGCCGCTTCGCATGTCGGCCCGACGCCACGCAGGCCAGGACCTGACCGCCGACATCTGTAGCGATACGTCGCTCTGACCTCGCCACGTCGCAGGTGCCTGAGCCTGTCACCGCCGGAGGTGGTGCGGCGTTCGGCAGGGATGGGGGTGAGGGCTGCTGCTGGGTCTCCCCATACGGAGCGAGGCACCGTGCACTGGACACCACGCCAAGCGGTGTCTCTCCAGTCACCAGGGGAGGCCCCAAACCGGCAGTGCATGTGTATACGGATGTGGGTGCACATGCGCCCGCATCCCGCTCCTCTCTTGAGCACCCAATAAAACGCTTTCCCGCACCCTCTTCTTTCCTTGCGCAGCAGAGATCCATTCTCTTGGCACTCACTCCGGATGCCTTCGAACGCCAACGTGCTGAGCGGAGGGACTGGCGCGGGGGCGGTGGCACTACCGCGGCTCAGAGACCATCGACCTGCACACAAACGCAGACGCCCACACAACAACGCGGCCAGCGAGAGCGAGCTGCGGATGCACACAGCACAAAAATGACGCCGCTGCACCTTT
Seq_44_LinJ.16_plus,LinJ.16,,1000,389,688194,,,,,141016,142015,,,plus,TGTGTGGGCCACGCACGCGAAGGGGACCGGGTACGGAGAAGGGAGGCGCACAGGGTGTGCGCGGTGGCCGTAAAGCGTCATCATAGGCAGAGAGGCGGAGAGAGCAGTGGACAGAAGTAAAGAGATGCCCCCAACGTGGTGCAGCAACGAAAACGTGCATTCCTCCCGCTGCTGCCGCTGCTGCCGCCCGCATATGCGCCGTCATGCGACCCGCCATCACAACCATCTAACGTCCACACTGCACTTTTTTCCTTTTGCCAGCGTTAGACTGCCACTCTACCGTGCACCAGGCGAGGCCAAACACCACACCCTACACCGCCACCTCTGACACACACAGACACACATGCACCTCCGGCCCCTCCTGCCACGGGCGCCCGTCGTCTGGTGCGAAGCAGCCGTAGACGCACACGGTACAGCAGTGCGCCGACTCGGTCGTCGGGGAGCACGGCCCCCGCCTCAAGCTCTACCCACCAACAGCCGCTTCGCATGCCGCCGCGACGCCACGCAGGCCAGGACCTGACCGCCGACATCTGTAGCGATACGTCGCTCTGACCTCGCCACGTCGCAGGTGCCTGAGCCTGTCACCGCCGGAGGTGGTGCGGCGTTCGGCAGGGATGGGGGTGAGGGCTGCTGCTGGGTCTCCCCATACGGAGCGAGGCACCGTGCACTGGACACCACGCCAAGCGGTGTCTCTCCAGTCACCAGGGGAGGCCCCAAACCGGCAGCAAGAGTACGTGTGTGTGTTAGTTGCGTACCTCAGTGAGGCAACACTGTGAGGGGTGGCAGTGCGACACGCAGCGCATGCGAGGAAGCAGCTGTCTCTCTCCCCTTCTGCTTTTCTGACCCTGTGGCGTGCGTGTTTGTGGGTGCGACGGCGATGGTCGGGAGGAAGGGTGTAGGAGAGGGCGGCCTCCAGGTGCCATGTCCGTGCGTTCTGCGGCACACGCGCTTGGTTGTTGTTTCCTCAGTTCGTTTTTTTTTCGCTTCGCTTTACTCGTGC
Seq_19_LinJ.16_plus,LinJ.16,,1000,455,688194,,,,,152063,153062,,,plus,GAAAGCTCACGTTCATCGTGGCACACGGCTCTGTGGCTGTGTGTGACCGTGTCTGCGAGGGAGAGGCGAGGGCGAACTCGGAGCTCAGAAAAGAAGACGGAAGCCCGCGGAGGCACTGAAAGGCCAACGCGGTGCAGGGCAAATGGCGTGGCCGCGACCAGGAGACACGGGGGAGAGGACAGACGCGGAACGCGGGCACACGCACTCACCACCGCCACGGTGCGGTCGACGAGTCAGCGGGCAGCAAGGCACAAGGCGGGGGAGGGGTGCCGGCGAGGACGGAGAACGTTGCGATAAGGATGCAAGCGAGGCGCAGGAGGGGGGGAGTGGAGAGGCCGAAAGGGAGAGCGGAAGACGGCAAAGGCGGTAACGAAGTAAGCCGAGCAGCACCAGCAACGCAAGAATGGGCGAAGTGTGAGCGCGGCGCGGTGCAGCGTCCTCGAAAGGTGCCCGAAGGGGTGCGGGAAACACCGAAATACAAGCAAAGCAGAGGCGCGCCGACCACGTCGCGGCCAGCCAAGGGAAGGTAGCGCACGTCCAAAGGCATTTTTCGTCGGCTTATGTGTTCTGTGCTTCACTGTCTGCCGTGCACCAGGCGAGGCCAAACACCACACCCTACACCGCCACCTCTGACGCACACACATGCACCTCCGGCCCCTCCTGCCACGGGCGCCCGTCGTCTGGTGCGAAGCAGCCGTAGACGCACACGGTACAGCAGTGCGCCGACCACGTCGCGGCCAGCCAAGGGAAGGTAGCGCACGTCCAAAGGCGTTGGCAGGGGAAGAGGAAAAGGCATGCCAGCAAGGAAAAAAAGGAGCGCGCAGCCGCCCGTCCTTCCGTTTTTCTGCGTCTCTCGTCTTCTTGTGGCGCTGCGGACACACGCAGTGGCGCGCGCGTTCGTGAAAGGAGAAGAGTGTTCGTCGCCTCACGCGCGGGTCGCACAAGAAGGGGAAAGCGAGGGGAGGGAGCGCGCCGAGGCAAAGTGGACGCGGACTCACGA
Seq_10_LinJ.21_plus,LinJ.16,,1001,493,688194,,,,,619960,620960,,,plus,TTGTGGAGAGGGAGGACGGCACATACGAAAACGGGTGGGCGCCTCCTTACGCGGCGGCCATGTTCCGTTTCGCTGTTGCTCTCTTAGCTATGTGATGTCTCTATGGCAAGTCTTCTATGCAGGCAAAGGAAAAGCAGAGATGCTCGAAATCAAACCGGCAGAGGAGGGGACACCTGTGCCTCACTCGCCTACACTCGCAACGACGCAACTTGTCATCTGCATTCTTAAGATGCCCGTTTCGCTGCCGTGCAACACGGGCTCAAACGCCGCCGAAGCCGGAATGCCGCAGGCCCCCATCGCCTGGTGCGGTGCAGCGGGAGACACGCGTTAGAATGCTGCCGGCCCAGTCATCTGAGAGCGCGGCCCCTGCACCAAACTCTACCCAGCTCCGCTTCGCACGTCGCCTCACAGCCGCCCACATCATGCCGGTCCCCACCCCAGGTGCATGCAGCTCGGGTTGGCTCTCAGGCTCCGCACCACCAGCAAAGGCAGTGTGAGGGCCGGGGGAGCCGCGTCCGAGCCACGCTGACACCCCGCCCTCCGCGTGGACGGCACTAGTGTGTCTACTGCCGCAGGTCTCTCCGACGCAACGCCATCCACGATCTGGCACGGCCGACATCAGTAGCGATAGGTCGCCCTGGCCTCCCTGTGGTGTAGGCACTCGGCCCTGTCACCGCCAGGGGTGGCTCGGCATTTCGCGGGGGCTGCATGGCTGCCGGGCTTCCCACCACGGAGGGTGCACCGGGCCCTGATAGCATGCTGAGGTGTCCGAAGTCACCAGGAATTTGCAGTGGTACTAGAAATAGCACCAAAGAATATACGGCCACGAGGAGATGATACGCCTTTACAGTTTGCTGTGTAAACTCACGCAGACAACAGAAAAGCAAGGGAGATACTACTGAGCGTCTTCGGCCACCGAGATTCCTTTCGCGGCACCAAATAAGGGCGCCGCTACGGCACCCGGCTGGGCCGCTGTGGCAGCTGCCACGTCCTCAGTCTTT
Seq_93_LinJ.31_plus,LinJ.16,,1001,414,688194,,,,,611974,612974,,,plus,AACACACGGCCAACAGTCGAGTATTGCGTTCGCCTTCTTTCAAGATGCCCGTTTCGCTGCCGTGCAACACGGGCTCAAACGCCGCCGAAGCCGGAATGCCGCAGGCCCCCATCGCCTGGTGCGGTGCAGCGGGAGACACGCGTTAGAATGCTGCCGGCCCAGTCATCTGAGAGCGCGGCCCCTGCACCAAACTCTACCCAGCTCCGCTTCGCACGTCGCCTCACAGCCGCCCACATCATGCCGGTCCCCACCCCAGGTGCATGCAGCTCGGGTTGGCTCTCAGGCTCCGCACCACCAGCAAAGGCAGTGTGAGGGCCGGGGGAGCCGCGTCCGAGCCACGCTGACACCCCGCCCTCCGCGTGGACGGCACTAGTGTGTCTACTGCCGCAGGTCTCTCCGACGCAACGCCATCCACGATCTGGCACGGCCGACATCAGTAGCGATAGGTCGCCCTGGCCTCCCTGTGGTGTAGGCACTCGGCCCTGTCACCGCCAGGGGTGGCTCGGCATTTCGCGGGGGCTGCATGGCTGCCGGGCTGCACGGCCTCTTCAGAGAGAGTGCAGGTTTTTTTTTGTCGTTTTTCAAGGTGTCCATGCTACCACCAGCGCGTCCACAGATGTGCGGATGCACAACCACATTTCGTCTACCTCCGCTGCACTACGGCTGTATACCAAGGACATAAGGCCAGCCAACACCGCTTGGCGTCGTTCGCACTGCATGCAGTGGCAAGCCAGGTCCAGAATTGCGCTCAGCGCCACCGCCACACAGCCAACGCAGAGAGGTGGTAAGTGGATGCGCATACTTGTTGAGTCATCGGCACGATATTTGGTGAGCTGGCACGAACGTGATCATGCCAGAAAGTCTCTTCAGCACAGCGCCAGCCCAGCTCTGTCCGCCAAGACCATGAGTCCAAAACCGTACCCAATCGCAGGCGGCAGGCTCTTGGCTTCCCTACAGAGTGGGTACTGGACACTAGTGTCACGCTGCGGCCCTCCCTCATC
Seq_42_LinJ.24_plus,LinJ.16,,1000,439,688194,,,,,347979,348978,,,plus,AGCGCTTTCATAAGTCGCATCGCTTCTTCTTTCTCTCGCTTGCTTGTCGGTCTCGCCACCGTTTCAAACACACACACATACAGACACAAACGTTTGCACCGCCAAGGGTGGGGGGCACCGCTGAAACCCTCAGCAGCGCTAGACGGACTGCATAGTGTCAGCGGTTGTGGATCACTGAGACGAAGGCTTCTCCCCCCTCTCTTTACTTTTTCTATCCCCCACAGTTGCGCCCTTTACCTCTCCACAGCACGCTTGCTATGTAATTAAGATGTGAAGGTCTCAAGGAGCTCTACGCGGATGGCATGCCGAATCTGCCTATCACGAGCCTCGTCTATCAGGAGAGCTGCGCTACTTCCAAGAAGGTGGCAGACCGGTCCTATTGAACCTCTCTATATTTTTTCAACGCAGCCTTTCTGCCATACGTCATGAGCTCAACTCTACCCCCCCCCCCCCCCCCCCGTCACAGGCCCCCATCGCATGATGCAAAGAAGCCGTCGACACACGCCGGGGCAGCAATGCACCGACTCAGCCATTTTGAGCGCAGCCCCTGCCTCAAGCTTCCCCCCCCCCACACACGCCTAAAAGCGCTTTTCTTTCTCTACCCCAACGCTGCTATGATGGCAACCACCACCACAGTGTGTTGCGCATCGGCGGTCCGATTTCGCCACTTTGTAGGGACTCGAGCCTGTCTACAATTAGGCCCTTCTTTTGCGGCAGCGGGGCTGATACAGTTTCCATAAAATGATGAGAGTGGAGGATGCGCCGCACACGGCTGCCTACACCCGCAACGCACAGGAAGGCAAATTTGTGGAGGACTGTCACTCACACCGAAAAGGAAAGACGCACATGTGCGGCAGTGTCCAACCCTGAGTCACCGCGGCACGGAGGGGACGACGCTCTTGCCCGACCTTTCTCTTCTTCGCCACTCCCTCTCACCTCGCTATCATCCCTTCTTACCCTTCTTTCACGTTCTCTGCCGAATCACGGACAAACCTCGACT
Seq_30_LinJ.17_minus,LinJ.16,,1001,559,688194,,,,,316085,317085,,,plus,CCAGAAAGAGTGAAGAAAAGATAACAGCAGCTATCGCATAGCGAAAAATGCTTGAGAGGAAAGAGCCGGCAGACAGGAAAGAAGAGAGTCGTGTGCGCGCGCAAGCGCCACAGAGGAAGAGTCACAGAGGGCACGGAATGAAAGCGCGCAGCTCTGAGTTTAGTATGCAGGTACACAAAATGTGTGTTTCTGCGTTTGTGTATATCAATACCTTCTTTCCTTCGGCAGCGTGTGAAAAAGACAGTGAAGAGGCGTGCAGATAGAAGAGGCGGGAGAGCGAGGTACACCCGAGGCCATTGACCGAGTCGGCACACGCGTCCCAGTCGGCCCGACCTCTGCCATGTGTGCGGTCGTACCGCTTACACAGAGAGGGCCATACCAGCGGGAGCAGAGCGCGTCTCTCCATACAAGCGCATCGGTACGTGTATATGCCTGTGCCTGCGTGCACGGACGGGAGTGCGGAGCCGCTCGTCCTTCCAGTTACATATCGCACCCTCCCCGTGCCACCAGTTGTGGCCCTTGGCGCTTGGTGTGCAAGATCACGGCTCGGCCTGTCTGTGGGGCTCTCGCCGGATTTTATGCAACGGGCCGTGGTTCGCGCATGGACGGAGAGTCACGGAGTGAAGTCGCTCCGCGTTGGCTGTATGACTGTTTGAAGATAGCCCGTGAGGACAGCAGCGATGACAAAGGCGCCATCCAAATGAAGGGAAGCCGCAGCTCCAGCAGAGAAGAAAATAAAAGAACAGGCGCCTCCCATGAGCAGCGCACCTACACGGTCGGCTGGGCCGTGCCCCCATCGCGTGCCCGTAGCGTCACCCCGAGTTCCTGCCGCTCTGCGAGTGCGTGCTCTCTTCCTACCGCGCCCCCGTCTCGTGCTCCTCCTCGCGGTTAAACACATCAGGGCCACGAGGTCCATCGTCCGCTCGTCCCGGAAGCGTGCGCTGCAGAGAGTGAGCCTGTGCGAGACCCGCGCCTGAGTGAGGAGGCAGTCAAAGGCCCTC
Seq_9_LinJ.18_plus,LinJ.16,,1000,512,688194,,,,,262035,263034,,,plus,TATACTGAGCAACGGAAAAAAAGTCGAAAGAAAGCATCGGTCTGCCTCGGAGCAAGACGAGTAAGAAGCTGGAAGGAGGGCAGCAGACAACATCTACGTCCTGAGATGGTCATAGGGAGAGCAGGATCAGCGAGGTGCAGGCGGTGGTAGAGACGGCAAGGACACGGCAACGCACCTACGTCACACCGGATCCTTTCGATCGCTCGCACACGCACACGGCGAGGAATACGACGCCGTAGCGGCCACGACTATGCCCACGAAAACAACGGATACAATGTTCCCCTTTCTGCAGCGTGAGGCCATGCCCCACCCACCCCCTCTGCCGCACAGCACGCGCTCAACGCCACACTGCCCCCGGCCCCTCCTGCCACGGGCCCCATCGCGGGATGCGAAGCAGCCTTGGGCACACGCGGCACAGCAGCGCGCCGACTCGGTCATCAGGGAGCACGGCCCTCGCGACTCAAGCTCTACCCACCAACAGCCGTCTCGCAGACTGCTCCGACGCCACGCAGCCCAGGACCTGACCGCCGACATCTGTAGCGATACGTCGCTCTGACCTCGCCATGTCGCAGGTGCCTGAGCCTGTCACCGCCGGAGGTGGTTCGGCGTTTGGCAGGAATAGGGGTGGGGGCTGCTGCTGGGCCTCCTCCCACACACAGAGTTGAGGGGGCACTGGGCCCTGAGAAACCACGCGCTGAGAGAGGTGTGCCTCTCCTCCTCATCACCAGGGGAGAACATCGCGGTGAAAAACGAAAGCAAGAAGACAAGTCGCTTGCTCACAAACATTTTGAATGGTGCAATGCCTCTCCTCTCTCTCCCGCCCTCGGTGTAGGTGCGTGTGTTTGAGGATGCTCGCCAGCGTGGCATCACAGCCGCATGCACGCGTGCCTCCAGCCTGCACCGCTGTGCTCGATCTGCGCGGTACTGTGTGCGACTGCGGGCCGTATCGGCCATCCGATTGTGTGTCTCTCTCTCACCTATGCGTGTCCGCGTGCGTGTG
Seq_13_LinJ.01_plus,LinJ.16,,1000,645,688194,,,,,16556,17555,,,plus,GACACTGATCACCAACGGAGCTGTGGGCCGGCACGTGTCTGACTTCCCTCGCGCTGCACGTTGGCCGGAACGGTGCTGTCACACACATGCTTCACCCTTCTCAGCCGCACGTGCGCTGAGTGACCAACAATGTAACGACATCCACTACGAGAAAGGCGATGCACTCGCAGCAACATGGCCGCGCTAGAGCGCTTGCAGGGCGCAAGTCGTCGCAGAAGTCCTCTCGCGACTACAACACACGGACGCGTCATCGCGCTGTGTGAAGCTCTGCGACTGTGGATCGTTTTACCTGTGTTTACAGCGTTTATTCTCCGCCACGCTGGCATGGCTCCAGCGCCACTCGCCCCCCCACACACACACACCAGCAGTAGGCAGTGTGACGGCCGGGTGGGATACGCTCGAGGCGCATGGTGGCCTTGCACACCACATACAAATAGCACAAACGTGCTCACACTGTCGCCGGTCGCCGCGACGCACAACGCCACCCGCGACCGGACAGCGGCAGCGACACCGCGCACGGAGCTCCCCCTCCCCGTACGCCGTCGCCACTTCACCCTGTCACCCAGAATAGTTCGGTATTGGCAGGGATATAGGAGGGAGGAGGAGCTGTTCAGCTGCTTCACACAGACAGAGATACTGGGGAGGGGAGGGGGGGGGTGCACTGGACCTTCAGATGCCTCGCACTCAGCAGTGCTCCCCTCCCCCTCATCATATCGGTTTAGAGGAGGAGGGTGCGGCGGTGGGAAAGGAAAAGAAATCGTTCGCGCAGAAAAGAACATGAGCGACCCGCCAGCATGTGCATGATCGAGCCCCCCCCCAACTGCATGTAACGGCACGCGTACACCGGCAGCATAACCGATCGGGCGCTTCCTGTCGTTCTGTGTATTCTGCTCCGTAGCATTTCTTCCTGTGCTGACTGCTGTCACGGTGACAGCGCTGGTCCGTTTACGTGTCAGCCATCCTCGTCATGAGCATCGTCTTCTTTGTGGTCGGAGTTCTG
Seq_17_LinJ.35_plus,LinJ.16,,1001,554,688194,,,,,119598,120598,,,plus,ATCGTGATTCTCGTGCCGCCGCCCTGAGCTCAGTCGTCTGGGAGCGCCACCCTGACGAGGAGGAGAAGCACGTGAGGCTGCGGCGTTCGCTGTCGTCCCGCTCTACCGACACAGCGAAAACAGTTTTCCCTCAGCGTGCCCTTTCGTCGCGAACAAGCTAGCATACGCATACACATACACCCACAACCCATCTACCGCTGTGGCACCCCTGGCTACATCCTGCGTCGTCATGGATGAGCCGCCCTGCCGTTGAATCGGGTCACGCGTCTTGCGGGCTCTCTCTGTCCTTTCCCATCCCTCTCTCGCATGCGTGCTGCCAGATCGGCGCCAGTCGGAGAGAATCGCGTGGACGACATGCCTTGACCCAAGCGCACAGCGCCCAGGGCCCTGCTTGAGGGCTGGAGGCGGTGGGCATCCGTGGTGCGAGTAACAGGGGGTGTTCCAGGCGCATGCCGCATGGGTTCGAGGAGTACGTTGGCCAGCCTCCGGCCAGGGTCCTCTGAGACCTCGTCCACACTGCCTGGATGCCATGCCTCTGCTCTCAGTCACCTCCAGCCGCGGCATTCCACAAAGTGGTGTGGAGGCTCTCCACACGGGGGTCTGGAAGACTCCGTGGTGCAGCTTGGGGGAGGGGGGGGTGCTCTCGCCATGCCCTCGGCATCTGTGCTTCATATCGTACAGGCCCGGTCGGACGCAGGAGACACCGCATGCTCTTCGCGCACACGCACGGTGAGGCTGATTCGTATTGGGTCTCGTCACCCCTCTTTCGTCCATCACCCGTGCTCTGCTGGCCTCTGCGCGCCTTGCCTGCAGTGTGACACACCATGGCGTCTGACCATGAGAGCGCGTGTGCAGCTGGGAGAGGATGGTTTCCTGTCGCCTCGTAAGCGCCGCATCGCGTAGCGCGGTTGCAGGGGATGTCATCCTGGCGCCCGCGGCCGGTGGCAAAGTCAGTACACCATGCAAGGCGAAACAATACTGAAAAGCGAACGAGAGAAGCA
Seq_92_LinJ.35_plus,LinJ.16,,1001,631,688194,,,,,686547,687547,,,plus,CTATGATAGTAATACACCCATAGATGTAGCGACAGAAGACTGCTCCTCATCCCCTTGCGTGCAGCTACCGCGCTGTCTGTGAAGCAATGAAGCCGACACTCGGCCTGCTGCGAAGATGAATACGCCAACCAGGACGAAGTAAAAAAAAAGCCTTGTTGTTGCTACAGGCTCGTTTTCCCTCATGCCGCTCGACAAAGGCCCCACAAGAGTAGAGGATGACATACAGACACTTCTTTGCGCACAAGTACTCGCGCTGAAGGCCCGTCGCATGCCCCTTTCACTTCAGTTTGTTTGTGGTCACTCCTAACCGGAGCACGAATACACTGCCATGGAGCTTTCGCAATAGGCCATGTCAGGAGTGCCGACGCCAACTGTATGGACCATCGACCCGACCTTCAGTTTCAGGTGCCAGGCCCGCACCCCCCCCCCTCCCCCCCCACAGCCGCGATACACCACACGACATGCTACGGCAAAAGCTACTTTGTAGCAGCCGGCCCACACCAAACAGTTGGGATGATAAGCTTACCAGGCGACAGGACATCACCCTCGCTCAGTTCCGAACAGAGCACCTCTGCTTAGTTTGAATTCCAGCAGCAGAAGGTCACAGGCAAAGGCAAGAGGCAGATGGAGTGCCGCGTGGTGCTTCGATGGGATTGTGGTACCTCAACTCCTGCCAGAGCCCCTGCACCTCACCTATTTTTTGCTATAAGGGCGTCCGACCCCATGGTAAGTGCGATATGCCACGCAAGACTCGCAAATCCCACAACGCTCGAAGCACACCTCTCTTCACGATATACTCTTGCATGCAATGCCGCGATAATGCACGTCGCACCTGGGCTGCATGGCTTTCCTCGCCGAGTATCTATGGCTTCCCTCATGCGAACTTTATGAACGACAAACTATGAGCTCATTGTGCGGCAGCACGTGCTTGCCCATGGTTTCCCTCTGCTTTAAACAGCCATTCCTGTAAAAGGCGCTAGGAGTCAGCAGATGAAGGGATG
Seq_1_LinJ.16_minus,LinJ.16,,1000,850,688194,,,,,305607,304608,,,minus,GATGCTACGTGAGTGTCTCTGCCCGTGTTCACATCCCTCCTACTTTCTATTCTTTTCCTTTCGAGTAAATCAGTGTTCCAGTGAGTCCCAAGCCCCCGCTAAGAGGGATGTGTGTGTGTGTGTGTCGGTATGAACAGTGCCGTGCTCCGCCTTCAGAGAGAGAAGGACCGAAGCACGGCACACGAGATCCTGTGTCCGTCTTTGCACCCCCACTGTACTCGCGTCACGCACCTTTCTCGCCCGTGCGCTGGCTGCACCCAGAATGGCATTTCTTTTCTCCCGGCCACCCCTCTCAGCGCGCGGTATCTCAGGGCCCAGTGCCCCCTCAACTCTGTGTGTGGGAGGAGGCCCAGCAGCAGCCCCCACCCCTATTCCTGCCAAACGCCGAACCACCTCCGGCGGTGACAGGCTCAGGCACCTGCGACATGGCGAGGTCAGAGCGACGTATCGCTACAGATGTCGGCGGTCAGGTCCTGGCCTGCGTGGCGTCGGAGCAGCCTGCGAGACGGCTGTTGGTGGGTAGAGCTTGAGTCGCGAGGGCCGTGCTCCCTGATGACCGAGTCGGCGCGCTGCTGTGCCGCGTGTGCCCAAGGCTGCTTCGCATCCCGCGATGGGGCCCGTGGCAGGAGGGGCCGGGGGCAGTGTGGCGTTGAGCGCGTGCTGTGCGGCAGAGGGGGTGGGTGGGGCATGGCCTCACGCTGCAGAAAGGGAAACGTGTCTCCCTTCTCTTCCCAGTTTTGTTCGCTACCTTCTCAACGAACGGACGCCCGCGTACGCGTGCTTGCATGCATGGCGCACCCGGCCACACCGCCACGTCGTGGATTCCCTGCGCGTCTGCATCCTTTCGAATATAAAGGGCGTCGGCGGTACATGTGTGCGCGTGTCTGTGCTCGCCTCCTCCCCGGATGAAGTGATTCTGTCGCTGCTCTCTGTTATCATAGTCGTCTCCACGTTTCGTATCGACTTGTCGCGAGCTTCGCGCGCTCCCGAGCCCTGTCTC
Seq_2_LinJ.16_minus,LinJ.16,,1000,836,688194,,,,,263031,262032,,,minus,ACGCACGCGGACACGCATAGGTGAGAGAGAGACACACAATCGGATGGCCGATACGGCCCGCAGTCGCACACAGTACCGCGCAGATCGAGCACAGCGGTGCAGGCTGGAGGCACGCGTGCATGCGGCTGTGATGCCACGCTGGCGAGCATCCTCAAACACACGCACCTACACCGAGGGCGGGAGAGAGAGGAGAGGCATTGCACCATTCAAAATGTTTGTGAGCAAGCGACTTGTCTTCTTGCTTTCGTTTTTCACCGCGATGTTCTCCCCTGGTGATGAGGAGGAGAGGCACACCTCTCTCAGCGCGTGGTTTCTCAGGGCCCAGTGCCCCCTCAACTCTGTGTGTGGGAGGAGGCCCAGCAGCAGCCCCCACCCCTATTCCTGCCAAACGCCGAACCACCTCCGGCGGTGACAGGCTCAGGCACCTGCGACATGGCGAGGTCAGAGCGACGTATCGCTACAGATGTCGGCGGTCAGGTCCTGGGCTGCGTGGCGTCGGAGCAGTCTGCGAGACGGCTGTTGGTGGGTAGAGCTTGAGTCGCGAGGGCCGTGCTCCCTGATGACCGAGTCGGCGCGCTGCTGTGCCGCGTGTGCCCAAGGCTGCTTCGCATCCCGCGATGGGGCCCGTGGCAGGAGGGGCCGGGGGCAGTGTGGCGTTGAGCGCGTGCTGTGCGGCAGAGGGGGTGGGTGGGGCATGGCCTCACGCTGCAGAAAGGGGAACATTGTATCCGTTGTTTTCGTGGGCATAGTCGTGGCCGCTACGGCGTCGTATTCCTCGCCGTGTGCGTGTGCGAGCGATCGAAAGGATCCGGTGTGACGTAGGTGCGTTGCCGTGTCCTTGCCGTCTCTACCACCGCCTGCACCTCGCTGATCCTGCTCTCCCTATGACCATCTCAGGACGTAGATGTTGTCTGCTGCCCTCCTTCCAGCTTCTTACTCGTCTTGCTCCGAGGCAGACCGATGCTTTCTTTCGACTTTTTTTCCGTTGCTCAGTATATGA
Seq_8_LinJ.16_minus,LinJ.16,,1000,1000,688194,,,,,17673,16674,,,minus,GGCGCAGCTCCAGCTTGTCGAGGACCGCGAGAGGGAGGAGGCGAAGTTCTTTCGAGAGCGCCGGCTGCAGAAGGAGAGGGAGTGGGAGGAGTACGAAGAGGCCCAGCGGCGCCTCGAACAGAACTCCGACCACAAAGAAGACGATGCTCATGACGAGGATGGCTGACACGTAAACGGACCAGCGCTGTCACCGTGACAGCAGTCAGCACAGGAAGAAATGCTACGGAGCAGAATACACAGAACGACAGGAAGCGCCCGATCGGTTATGCTGCCGGTGTACGCGTGCCGTTACATGCAGTTGGGGGGGGGCTCGATCATGCACATGCTGGCGGGTCGCTCATGTTCTTTTCTGCGCGAACGATTTCTTTTCCTTTCCCACCGCCGCACCCTCCTCCTCTAAACCGATATGATGAGGGGGAGGGGAGCACTGCTGAGTGCGAGGCATCTGAAGGTCCAGTGCACCCCCCCCCTCCCCTCCCCAGTATCTCTGTCTGTGTGAAGCAGCTGAACAGCTCCTCCTCCCTCCTATATCCCTGCCAATACCGAACTATTCTGGGTGACAGGGTGAAGTGGCGACGGCGTACGGGGAGGGGGAGCTCCGTGCGCGGTGTCGCTGCCGCTGTCCGGTCGCGGGTGGCGTTGTGCGTCGCGGCGACCGGCGACAGTGTGAGCACGTTTGTGCTATTTGTATGTGGTGTGCAAGGCCACCATGCGCCTCGAGCGTATCCCACCCGGCCGTCACACTGCCTACTGCTGGTGTGTGTGTGTGGGGGGGCGAGTGGCGCTGGAGCCATGCCAGCGTGGCGGAGAATAAACGCTGTAAACACAGGTAAAACGATCCACAGTCGCAGAGCTTCACACAGCGCGATGACGCGTCCGTGTGTTGTAGTCGCGAGAGGACTTCTGCGACGACTTGCGCCCTGCAAGCGCTCTAGCGCGGCCATGTTGCTGCGAGTGCATCGCCTTTCTCGTAGTGGATGTCGTTACATTGTTGGTCACT
Seq_11_LinJ.16_minus,LinJ.16,,1000,453,688194,,,,,60718,59719,,,minus,CACCCTGCCACTAGAATGCTCTTCCACTCGGTCCGGGACGTTGTCCGACGATTCAGGGGCAGGCGAGAGGAAAACGGCAGAGGAGGGGGCGACATGCGTGGGCAGATAGCGGTACTGGGCGCCTCTTGAGCGCCTCTAATGGCCCTTGTGGAGGGGTAGCAGCCACACCGGAGAGGGGACCGACACCATTCCTCGCTTTTTAGCACCTACTGCTGCGGCAGCCAACTCGCATAGCGGCGAACCGTTTTTCACGGACGGCTTACAGGGAGGGGGGAGGGGGAGGCCCGTGCGCGGTGTCGCTGCCGCTGTCCGGTCGCGGGTGGCGTTGTGCGTCGCGGCGACCGGCGACAGTGTGAGCACGGTTGTGCCATTTGTATGTGGTGTGCAAGGCCACCATGCGCCTCGAGCGTATCCCACCCGGCCGTCACACTGCCTACTGCTGGTGTGTGTGTGTGTGTGTGGGGTGGGGCTGCGCCACGCCGAGGGGGATGCACGAGGTAGCGACCGGCATGATGGGGGAGCGTCTGCGCGGCGACCCGCGGAGCGGGTGGTGGGCCGGCAGAGCTCGAGGCAGAGGCCGTGCTCTCGGATGAGAGGGTCGCTGCATTGCTGTAGCGTGTGTGCCCAGGGCTGCCATTACACGAGGCGGGGGGGGGCCTGTGACAGGCCCTCTGTGTGTGTGTGTGGGGCCGAGTGGCGCTGGAGCCATGCCGCCATGGCAGCTAGATGGGCGCGACGCAGCACGGGGCAAATCAGAAAATAAATCTTCCACCTTCGTCTTCTTATGTGCATGGGCGCATGCGCACTCGGGTGCGCCTGTCCGTCTGCAACTGTGACGGTTGCTTCCTCGCAGGGGGTATCGTGATACGGCCCCTCCAACATCTTGCTGGTCCACGCCTTCTCCTTTCGCTCCGTCGTTTTCTTATTTCTGTTTGAGGGATGGGGTCTCGCACGCACACCGGCACACACGCAGCAGAGGGCGCATCGGAGACAGAGAGAG
Seq_11_LinJ.16_minus,LinJ.16,,1001,453,688194,,,,,64951,63951,,,minus,GACGCGCGTGTATCAGAAGGAAGGCCTGCGCGCCCTCTATCGAGGCTGGACCCTCACGGCCGCCCGTTCCTTCCCTTCTAACGCAGTTATCTTCGGCGTCTTTGATAGCTGCAACCGCGCGCTGTCCCGTGAGTCCACACTGACGGCAGATGTGCCATCCACGTTGAGTGGGCATGGCGGAGCCTTGTGATGGCACTCCCGGCGCAGCTGGACGGTGTGTCGGCTCACTGCTTCGATGTGGATCTTCGTCTGTTCGACCTTTCTCCACCCCCACGATGATGACGAGGGGGGAGTGTCTAAGGGCGCGATATCACAGTGCTCAGCACACCCGCTCTGTGTGCGGAGAGGCCAGCCCCTCCTCCCTCCTATATCCCTGCCAGTGCCGAACCGCTTCTCTTGGTGACAGGGTGAAGTGGCGACGGCGTACGGGGAGGGGGGAGGGGGAGGCCCGTGCGCTGTATCGCTGCCGCTGTCCGGTCGCGGGTGGCGTTGTGCGTCGCGGCGACCGGCGACAGTGTGAGCACGGTTGTGCTATTTGTATGTGGTGTGCAAGGCCACCATGCGCCTCGAGCGTATCCCACCCGGCCGTCACACTGCCTACTGCTGGTGTGTGTGTGTGGGGGGGGGGTGTGGGGCTGTGACAGGCCCTCTGTGTGTGTGTGGGGCCGAGTGGCGCTGGAGCCATGCCGCCGTGGCAGCTAGATGGGCGCGACGCAGCACGGGCAGTGCTTCGTTTTCGCTAAGTGATTTGGCGGAGGTTAGTGTGTTTGTGCTTGTGGGTGTCGCGCGTTTCTCTCGGTCGAAGTTGGCGAAAATTCTCTTCCGTGTTGGTGAACGAGAGCCTCTTGCTGCCGCTAAATCCGTGGCCGGTGCCGCCTCCTCGCAGAGCGCGACTGAGTGTGTTGCTGCCAGCACCGTCTAAAGGCGGGGTAGGATGATGGCTCTTGCGCACAGTCACCTGCACGTATTCTGTTGTTTCCGTTGCGCTCTTTGTGATTCGC
Seq_14_LinJ.16_minus,LinJ.16,,1000,278,688194,,,,,21378,20379,,,minus,TTTGCCTGCCTGCCCCCTCCCTCTCTCTCCCGCCTGCCGTACTCAGCCCCGATGTTGCGACAGAGCGTGCGGTGGCTTGCCTTCATGTCCCCTGGCGACCTGTATGCGCTCAGCCAGCGCAGCAGCTTCTCCTCCTACACGCAGTACAGCGACGCATCTGCGTTAGCCCGCTCGTACAAGAGGTGCTCACGGGCTGAGAAGCTGAAGTGTGAGGAGCGTGCCGAGGCAATCAATGACGAGGTTGAACGCGCCTACCAAACGGAAGCTCAGCTGCTGAGGCAAGAAGATAGCGATTTGCGCTCGAACACATGTGGTGCAGCAGCTCACAACGAATGACAAGGGGTTTTGTATGCGCCATATCGGATGGGAGGAGAGGCGCGCGGGGTGGGGGAGCTCCGTGCGCGGTGTCGCTGCCGCTGTCCGGTCGCGGGTGGCGTTGTGCGTCGCGGCGACCGGCGACAGTGTGAGCACGTTTGTGCTATTTGTATGTGGTGTGCAAGGCCACCATGCGCCTCGAGCGTATCCCACCCGGCCGTCACACTGCCTACTGCTGGTGTGTGTGTGTGGGGGGGCGAGTGGCGCTGGAGCCATGCCGCGATAGCAGCTAGACGGACACGATGCAGCACAAGCGTCTTCGTTGTGCTGTTTGGGTACTCGACGCGTCCGTTTGCATGCTGTTGCCGTGCATGAGTACCAGCGGGAGCGATCTGCGTATTGACGAGCCTGCTTTTGGCGTGCCTCAACTGTTGCGTGTGTCGGGTGCTCAGCTTATCTTGTTTGATCTCTGTTCTGTGACTCGTCGAACATGTTGCGCACACGGCTCTCCTTGCCAGCACGGAGCTGGGGTGCAAGGTTCCTCGACCCCACCTCATCACGGATCTGCGTCCTCGTCACCTTTTCCTTCATTCCTTCTGACAACAGACGGGGACCGCGGCGGCTATCGCTCTGTGTAGGAGGCCCAGTGGAAGGCGCGCCAAAGAGTAGTACGCAACAACTTCAA
Seq_18_LinJ.16_minus,LinJ.16,,1001,276,688194,,,,,39939,38939,,,minus,CCCACGCAACGCGGAATACCAACTACAAGCAACGGCAGCGACTGAGCGCGCTTCCGGCGCTGCCGCCTTCCTTCCTGCGCTATCTCCGTGGGCAACCGATAAGCAGCTACCGCAAATCACGACAGGAGGTGACAGTGGCTGCGCACCACCTCGGCTACTTGTAGACTGAGCCTGTGACCTTCAAAAGAAAAAGAGAGCCGCGAGAGGCCTACGAACGGCTTTGCAAGCTCATGTGCAAGCGCATATGAGGGCAAGAGGCATCGCGATTCCGCACCGCTAATGTTTTGATCCTCTCCCTCCACGTACGCATCTCTGAACGAGAATTTACTTACCTGATGCTCTGCTGGCCCTATCGGTGCCAATACCGAACTATTCTGGGTGACAGGGTGAAGTGGCGACGGCGTACGGGGAGGGGGAGGGGGAGCTCCGTGCGCGGTGTCGCTGCCGCTGTCCGGTCGCGGGTGGCGTTGTGCGTCGCGGCGACCGGCGACAGTGTGAGCACGTTTGTGCTATTTGTATGTGGTGTGCAAGGCCACCATGCGCCTCGAGCGTATCCCACCCGGCCGTCACACTGCCTACTGCTGGTGTGTGTGTGTGGGGGGGGCGAGTGGCGCTGGAGCCATGCCGCCATGGCAGCTAGATGGGCGCGATTTAAAGGGACGCAAGATGCTCTCCTGCTGTCTTCGCACTGCGTCGCTGCCGTAATCAACGCGCCGCGCATCGCTTTACTTTCTCTGCCGCTGCATTTGTCCCGTCGTCCTCTTTCTGTTACACCACACACACACACACACACACACACACACACACACACGCCTGCACACGCGGCGCGTGGCACGTTGACATTATCGCCCCCCCCCCATCACATCCATCATCACCATCATTGTTGTAATCTCTCTTGCCTTACGCATTGTTCCGTGTCTGCGCGCTCCGCAGCTGATCTCTACCACCGCTAACAAACGCTATCACTCGCCGCCGCTCTTGTCCTCCTCCCATTTTCCGTT
Seq_12_LinJ.16_minus,LinJ.16,,1000,454,688194,,,,,80562,79563,,,minus,TTCCCCCCCCCACCACCACCACAACCCCTTCGCACACACTGCCCTGCCGCTTCTCCTTCCACTTCTCACTCTGTCTCTCACGTCTTTGGTCTCCTCTGCAGGCCGACTAACACTTTTCTTTGTTGTTTGTTGTTTGCGCGCGCGCGACTTCGTTCATGTCTGTGCCGGCGCTCACGTCGGTTTCAGTGGTGGCTCACGACACCATTGCTTTCAGTGTATGCGCTTCCCCGTGCATGTGCTTGTGAATGCGCGCTGCCCCAGGACGGCGTCCCTGATGATGACGAGGGGGGGGAGTGTCTAAGGGCGCGATATCACAGTGCTCAGCACACCCGCTCTGTGTGCGGAGAGGCCAGCCCCTCCTCCCTCCTATATCCCTGCCAGTGCCGAACCGCTTCTCTTGGTGACAGGGTGAAGTGGCGACGGCGTACGGGGAGGGGGAGGGGGAGGCCCGTGCGCGGTGTCGCTGCCGCTGTCCGGTCGCGGGTGGCGTTGTGCGTCGCGGCGACCGGCGACAGTGTGAGCACGGTTGTGCTATTTGTATGTGGTGTGCAAGGCCACCATGCGCCTCGAGCGTATCCCACCCGGCCGTCACACTGCCTACTGCTGGTGTGTGTGTGTGGGGGGGGGGTGTGGGGCTGTGACAGGCCCTCTGTGTGTGTGTGGGGCCGAGTGGCGCTGGAGCCATGCCGCCGTGGCAGCTAGATGGGCGCGACGCAGCACGGGCAGAGCAGAAACCACCTCTTATGCCGTTGTGTTGCTTTGGCGGGAGGGATCCTCTAACCCGTGCGTGCAGGTGTTTCTGGGCTGATGCTTGTGAGCGTATGTTCGTCTGCTCGGAAGCGCCGGTGTCTTCGAAAGAATTCGCAAGTATGCAGGCGCATGCAAGATGGCGCCGAGGGAGAGCGAGAAGGAGGACTCCCTCGAAGTCGCGCGTTCCACCTCTGCGGCGGGGCGCCCCCATGACAGGATGCGTTGTCTGTCGCACGCGCGAAGGCGTATC
Seq_16_LinJ.16_minus,LinJ.16,,1000,354,688194,,,,,444131,443132,,,minus,TACTTTCCTCTGTGTACATAGCCGTGGCGTCTCGGCGACGCCTTCTCTTTCTCGGTCTCTCGGTCGACGATGTGCCTTTCTCGCTGTGCCGTCATCGCCGCGGGGCGCGACGCTCTCTCGTTGCTGTGATCTGGAGAGAGGCGCGCAGCACACACACGCATCTGTCTCTCTCTCTCCGTCTCCCCTTGTGGTCAGAAGGGGGTCGCTGGCGATGTAGGCGCTTCATGCGAGTCCAACAGCGTGCGTGTGGCGTGTACGGGTTATACGCGAGTGGAAGAAGGCAAACCCTCGTCTTCCTTCCGCAGCGTTCGTTCTGTTCTGTTTCGGAGCGACCTGCGACGACACACACGTTGGCGCCGTCCACATCATGGGCGGGGTGTCGGCGTGACTCAGGTGTATGCCACCCCCAGCCCTGACTGCCCTGCTGGTAGGGTGGGGGGAAGCCCGAGGAGCATGGAGTGGGCAGAGCTTGCGGCAGGGGCGCTGCTGCGGTGACGGATTCGGCGCACTGCTGTACCGCGCGTGTCTGGCGGCTGCCTCGCACTGGATGGCGGGGGCGTGTGACGGATGCTGCACGGCCGCGGACTGGACGCGTTGGAAAGTACCTCACATATGGAATGGGCTCTTGGAAACGATGGGAGCGCAGCGGAGAGGTGCTGCGAGTCCTACGGCCCCGCCCGACGCCCCCTCCTCCGCCGCCGCCATCACCGCTTTATCCCCATTTCTTCTCTCTCAACTTACGACACACAGCACTCATACCACACGTCGACTTCCGTTCTCCACCTTTCCAGTGTGCCCATGCGCCATGGCGGATGTGCAGTTGAAGGCATTGCTCACGGGTGTGGAGGCGGAGCGCGGGGCAACTGTGACGTGCCGCGATCCGTCCGCGCTTGAGATGCTGCTGCGGATCAGCAACTCCGACGCCAATCGAGGGAGTGTGTCCGTGTTCTTCCAAAACACCAGCGCAGCCTCGTCGCCGGCGGCGCAGATGTTGTTCATC
Seq_4_LinJ.16_minus,LinJ.16,,1000,1000,688194,,,,,186097,185098,,,minus,TGGAGCGAGGTAGGGCATCTCGCAGCACCAGCGACCGCATCGACGAACAACGATACCGAAGCAGCGGCACTGCTTCGGATGTGGGAGAGGGCGAGCGAAGTGGGGATCGGTCTTGCGCTCGGATGTTTTGGGCTTCGCCGCATATCCGGCTCTTGCTTTGATTATCAAGAGCCGGCATCTCATTCGGCGGGTGCTTGTGTGCGTGTGTGTGTGTGTGATCTTCTTTTGATGCTTCATGTGAGTAGCGCACCCCCCCACCCCAGCCCCGCTCCGTGTGCCAAGACGCCAGGGGATCTCCCCCGTCCCTGCCGAACGCCGCACCACCTCCGGCGGTGACAGGCTCAGGCACCTGCGACGTGGCGAGGTCAGAGCGACGTATCGCTACAGATGTCGGCGGTCAGGTCCTGGCCTGCGTGGCGTCGCGGCGGCATGCGAAGCGGCTGTTGGTGGGTAGAGCTTGAGGCGGGGGCCGTGCTCCCCGACGACCGAGTCGGCGCACTGCTGTACCGTGTGCGTCTACGGCTGCTTCGCACCAGACGACGGGCGCCCGTGGCAGGAGGGGCCGGAGGTGCGTGTGTGTGTCAGAGGTGGCGGTGTAGGGTGTGGTGTTTGGCCTCGCCTGGTGCACGGCAGACAGACGAACTCGCCCTGATAAGCAAGCGCGAGAAAAAGTCGATCAGCGCCGAAGAGGCGGTAAACGTAAACGAAAAGGCGGGATGCGGTGCAGGCGAGCATGCGATCCACGTACGCTGCGGAGCGGGGCACGACTCACGTGTGTGCGCGTGCGTGCAAGCGTCTTCTGCCTCCCTCTCTCATACATGTTTTCTCCTTTTCTTGCATGGACGAAACGGAAGGCATCAGCTGCGCTCAGAAACACGAACGCTTCCTGCACTGGCGACACACACGCATAAACGTGGTAGCCGCAGCCGTAGCCGCGTGTCACTCTCTTTGCTTTTTAGCTTGGCGTGGCGCGCACGTGTGCGCTCGTGACCTTAACCCT
Seq_3_LinJ.16_minus,LinJ.16,,1000,1000,688194,,,,,141932,140933,,,minus,CCTGGAGGCCGCCCTCTCCTACACCCTTCCTCCCGACCATCGCCGTCGCACCCACAAACACGCACGCCACAGGGTCAGAAAAGCAGAAGGGGAGAGAGACAGCTGCTTCCTCGCATGCGCTGCGTGTCGCACTGCCACCCCTCACAGTGTTGCCTCACTGAGGTACGCAACTAACACACACACGTACTCTTGCTGCCGGTTTGGGGCCTCCCCTGGTGACTGGAGAGACACCGCTTGGCGTGGTGTCCAGTGCACGGTGCCTCGCTCCGTATGGGGAGACCCAGCAGCAGCCCTCACCCCCATCCCTGCCGAACGCCGCACCACCTCCGGCGGTGACAGGCTCAGGCACCTGCGACGTGGCGAGGTCAGAGCGACGTATCGCTACAGATGTCGGCGGTCAGGTCCTGGCCTGCGTGGCGTCGCGGCGGCATGCGAAGCGGCTGTTGGTGGGTAGAGCTTGAGGCGGGGGCCGTGCTCCCCGACGACCGAGTCGGCGCACTGCTGTACCGTGTGCGTCTACGGCTGCTTCGCACCAGACGACGGGCGCCCGTGGCAGGAGGGGCCGGAGGTGCATGTGTGTCTGTGTGTGTCAGAGGTGGCGGTGTAGGGTGTGGTGTTTGGCCTCGCCTGGTGCACGGTAGAGTGGCAGTCTAACGCTGGCAAAAGGAAAAAAGTGCAGTGTGGACGTTAGATGGTTGTGATGGCGGGTCGCATGACGGCGCATATGCGGGCGGCAGCAGCGGCAGCAGCGGGAGGAATGCACGTTTTCGTTGCTGCACCACGTTGGGGGCATCTCTTTACTTCTGTCCACTGCTCTCTCCGCCTCTCTGCCTATGATGACGCTTTACGGCCACCGCGCACACCCTGTGCGCCTCCCTTCTCCGTACCCGGTCCCCTTCGCGTGCGTGGCCCACACACAGTGCACTCCAGCAGCGTTGAGCGCTGTCCTTTCAGTTTGTCTTTTAAGGTGCACGCCGTGGTCCGTCGGCAGGGTCGTTGG
Seq_16_LinJ.13_plus,LinJ.16,,1000,993,688194,,,,,120584,119585,,,minus,GCTTTTCAGTATTGTTTCGCCTTGCATGGTGTACTGACTTTGCCACCGGCCGCGGGCGCCAGGATGACATCCCCTGCAACCGCGCTACGCGATGCGGCGCTTACGAGGCGACAGGAAACCATCCTCTCCCAGCTGCACACGCGCTCTCATGGTCAGACGCCATGGTGTGTCACACTGCAGGCAAGGCGCGCAGAGGCCAGCAGAGCACGGGTGATGGACGAAAGAGGGGTGACGAGACCCAATACGAATCAGCCTCACCGTGCGTGTGCGCGAAGAGCATGCGGTGTCTCCTGCGTCCGACCGGGCCTGTACGATATGAAGCACAGATGCCGAGGGCATGGCGAGAGCACCCCCCCCTCCCCCAAGCTGCACCACGGAGTCTTCCAGACCCCCGTGTGGAGAGCCTCCACACCACTTTGTGGAATGCCGCGGCTGGAGGTGACTGAGAGCAGAGGCATGGCATCCAGGCAGTGTGGACGAGGTCTCAGAGGACCCTGGCCGGAGGCTGGCCAACGTACTCCTCGAACCCATGCGGCATGCGCCTGGAACACCCCCTGTTACTCGCACCACGGATGCCCACCGCCTCCAGCCCTCAAGCAGGGCCCTGGGCGCTGTGCGCTTGGGTCAAGGCATGTCGTCCACGCGATTCTCTCCGACTGGCGCCGATCTGGCAGCACGCATGCGAGAGAGGGATGGGAAAGGACAGAGAGAGCCCGCAAGACGCGTGACCCGATTCAACGGCAGGGCGGCTCATCCATGACGACGCAGGATGTAGCCAGGGGTGCCACAGCGGTAGATGGGTTGTGGGTGTATGTGTATGCGTATGCTAGCTTGTTCGCGACGAAAGGGCACGCTGAGGGAAAACTGTTTTCGCTGTGTCGGTAGAGCGGGACGACAGCGAACGCCGCAGCCTCACGTGCTTCTCCTCCTCGTCAGGGTGGCGCTCCCAGACGACTGAGCTCAGGGCGGCGGCACGAGAATCACGATGCCGGCTCTGGTG
Seq_25_LinJ.16_minus,LinJ.16,,1000,1000,688194,,,,,99176,98177,,,minus,AGTCGGATCGACGGAGTCGAATATGCGGACCGGCTCGATGGCCGCGGTGTGCCCCACTTTCCCCTTCTTTTCGCTCCTCTTACAAGCCGACACTTGCAACGAGACGGAAGCCGTCCCCCACCTGCTCATACGCGCGTGCGCAGCCGCTCAGCGGCTCGCACAACGTGAACCTTAGTGTTCTCTCTCATTTTCTTGATGTGCATTTTTTTATTTGTGCTTTCACGCGTTTTATCCCTCGCATCGTTGCGTAACACTGTAAGCCGCGACAGCGCGCGCTTTACAGACAGAGAGCCAGGGCCAGCATGAGAGAGAGAGAGGGTGCCTGACAGACTAGAGCTTAACTATTCCTTGCGAATTTTTGTTTTGTGTGTGTGTGTAGAACCCCATACTCGTGTTGTATAGTCCTGCTGGAGTAGTGGTTCCCTCTCATTCTCGCCCATCCTCGTGGCTTTAACCCGTCGTTTGTGTCGCATCGACCATCACTGTCGGCCCTCCACCCCCGCCCTCTCTGGCCGTCTTTTCGGCTCCGAAATTTGTGTATTGCCCAAGTCGCTGCTTCGCGTGCGCGTTCGGGTGGGTGCAGGCGCGCACTTGGCGTTCTTCTTTTCTTGTTTTGAAGAAGTCATTCTCTACAGAACCCTCACGGCTGCTGCCACAGTGTCAGCCTGTCGCCCCCCGCTCGATACAGCTGCCGCCTTCCAGAGCCGGGGCGCCGTAGCAAGCACCGCCCCCGCTTCGGGCTCCTTCTCACGTGCCTTTCTGCCGGCATGGCGACTAAGGAGAATGCTGGTCACAACATGCCAGCGCAGCCGCTGCGCTACGGCTCTCTGATCAGCCTCTATAAGCAGTCACTGGACGGCTATGTCGTGGCCACCTCATCCACGGAGGCGCCGGTTGGGCTGCAGCGTGACACCCCCGAGACGCCGCTGCGCCACGAGCACACAGTTTTGCTTTTGCAGCACGGCGACCCTGTCGAGGCAAGTGTCAACCGGCAGCCGGA
Seq_1_LinJ.20_minus,LinJ.16,,1001,949,688194,,,,,1001,1,,,minus,TGTAATCTTTTTCTATCTTCAGCAGCGGCGTGGTCTTGTGCAATGCGCAGAGTGACTTTGTAATACATCTGTTCTCAAGAATAAGAAGTCGTCATCGCCACTGAAGCTACGGTGCACTAAGGCAGAGATCCTGCTGATCTGATGACAGCCCGGCACTGTCGCAGCTCCGCCACCCTACCTTTGCAGTCCAGCCACAACACCCGCTCAATGCTTATCAGAAATGTGCACCAAGTGTATATCTCGCTCTGAAGCAGCATGATGGCACTGCCGCCCTTTTGCGCGGGCTTCCCGACTACCCTGCGATTCAACGCAAGAGTCCGTGATGTTACCACGCTTCACGCCCAGCTGCTGCAGTTGGCGCATATTCCTCAAGGAAACTCTTCCTCCTCTGAGCAACTAGTTGCTCCCTATTCCTCTTCTTTCCCATTAACAGGACTACCAACGCACTTTTCCGCAGCGTGTAGCCGTGTTTCCGCTATTCTGGCTCCCTTCGCTGTGTACGTTCATTGGATGTCTCGTCGAAAGGACACACCATTATGCGCTTTTCTGCAACAGAGAGAGCTCTCGAGAGGCAGAAAGAGCGATCTCAACCAATACAGTAGACTTCCCCACCTCCAGGATTGAGGAAGACCACCGCAGTTTCACTAAAGACCACAAGTGGGAAGCAACCTGGAATAGTATAGTGGTGCTCTCATCTCAACAGGCTGTGACAACTTTACACAGATTTTACGTCTTACGCTCGAAACAACCCGCCTGACCCTATGGACGGTGTGCCCAGCGTTTCCCTTACCAGCGCACGTGGAACAACCAGTACGCTGAGGTCAAAAAAAGAGAAGCGGCTTACTGAGTGATAGCAGAGAGCGCCAGACAGACCCCTCTCCAACAGGACGGGGGCGTGACGGTGTACTGGTGTACTGGTGTACTGGTGTACTGGTGTACTGGTGTACTGGTGTACTGGTGTACTGGTGTACTGGTGTACTGGTGTACTGGTGTACTGGTGT
Seq_24_LinJ.16_minus,LinJ.16,,1000,636,688194,,,,,408863,407864,,,minus,TGCCCATGTTGATGAGAAAACGCTCGGTGGCTAATATGGCCCAGCGCTACAGCGATGGTTCACCCGTGCGGCGATGATGCAGAAGCGACAGCGGTGATGGCAGTGGAGAGGTGGGGGGGGGGGGGGTCAGGTCGGGACAGAAGAAAAAAAAAAGGGTCAGACAGGCCTCGAGATGCGTGCGTCCTCTCCTTCGCCAGCGCGACAGGCGTGCAGATAGAAGAGGCGGGAGAGCGAGGTACACCCGAGGCCATTGGCCGAGTCGGCACACGCGTCCCAGTCGGCCCGACCTCTGCCATGTGTGCGGTCGTGCCGCTTACACAGAGAGGGCCATACCAGCGGGAGCAGAGCGCGTCTCTCCATACAAGCGCATCGGTACGTGTATATGCCTGTGCCTGTGTGCACGGACGGGAGTGCGGAGCCGCTCGTCCTTCCAGCTTCCTGACTCACCGGGTGGAGGCGTCAGAAGGGGGGGCATGACTTACTCGAAAGGCATGGCGAGTGGAAACAACGAGAGAGAAGAGGACCATGACGTCACTGGGGCGCATTCCCAAAGCGAACGCAAGTCAGAAGTGGCACTGACAGGCAGAGCAAGCACCGCGATTGCGCTGGACGAGAAAGAGAATCGATCGCCCCTCTCCCCTGACCTCGGCGCACCGCTGTGTCTCGAAGAATGCGTACACAGAACAAAAAAAGATGCGTGTGCCTCCACCCGCAGGGGCCGGTGCACACTCCTCCGCTGGCGTAGGAAGGGGCGAGAGAGTGAGAGGTAGCCGCCAACATTCGCTATCCCATGCGCGCCTTCACGAGAGTATACATGATTCCTCTTGTAGCCAAGTAAACACAAAGTGCCGCGAGGCCCGCCCCAAGCGCGAGCCAGGCGGGGGTGTGGTGGAGCGGGTCAACAGCAGGGATAAGGGCAGCCGGGAAAAACACAGCGGGCCCTGCAGCCTCGAGGCCGGGTGAGAGAGAGAGGGCAGTAACAGCACAGTAAAGCCATCGT
Seq_7_LinJ.33_minus,LinJ.16,,1001,957,688194,,,,,605631,604631,,,minus,CCGACACCCGATGGTCTCATTCGAAAGGTTTGTGGTACATCTCGTCTGAACCTCATGTCTGCCCATCCGCCGGGGATTCGACAGGGGCGCAATCCATGCTGCAAGTGGGATTTCGATGCCTTCTGCGATGTCACCCCGCTGCGAAGGGAGGCGCACAACAGCTTCGTCTTGCGAGTTTGCAACCAGCTGTGCAGACGTTGCACCTCGTCCACCGATGCCCGCTCGAGCGTGTCCGCAGCACAGCCCATCACAAGCAAAGATTGTGGTCACTGACGCTCCCGCCAGGGCACACGCCAGGATCCACAGCGTCTTGCTGGGAGCCAGGATTGGCCAAGGGGGACGGCTTTTTCCGTGCCATCCGCGCAGTGATGCAGCAGATTCAAGTTGCAACCCTACGGATATCCCCGACCTTGCGAGGCCCTCTTAGCCACATCCGATGAAGAGCTGCTGCAGATGACGCGCGGCTCCACAACTTTCGTGGGCGAGGAGTATGAGTGGCACGCCAGCCGCAGACATGTGCGAAGCGCAGTGGAATCCGTTGCGAAGTCGAAGCTCGCGCTCCACAAGCAGCAGCGCGCGAGCACGCAAGCTTTCAGTTTTGATTGCCCTGATGATGTGCGTGGTGCGGACGATGAGGATGAGCACAGCTGATACAAATTTCTTTGTTTTGCGTAGCCGTACACCGACGGTATATCAGCCCAGGTGGGCAGGAGGAGGGAAGAGAGCTTGATAGCCCACTCCCCCTCTTTCACTGCCGAATCGGAGAAATCCGCCCTCGCCACACTGGGTCGGCGATCGCTGGAGAGTCGATGGTGTTTCATTGCCCCCCCCCTCCGTGTGTAGCCGCACCGATGGAAAATACCGCGTATGACCTCATTGCCTTCACGAGTGCCTCGAGGAAGGGATGAGAAGGGCGCGGTCCTATCGTGGCGAAACGGGGTTGCAGAGGCCATGCCGCACCGCTGGCTCGATGACCCAGCCCCAGTGAAAGGGTTCGGCTA
Seq_30_LinJ.16_minus,LinJ.16,,1001,491,688194,,,,,489092,488092,,,minus,GCACAACAACACTCATCCAAACAGAGACGAATTCATACCTAGGGTGAGCAAGGCACACGCACGTGCAGCCCATCTTGGCTGTAGCGCCCACCGAGTCACCCTTCGCATCCATCCTCTCCTGCTCCCCGCGCCCGGTAGTGGGGATCACCACCACCACTGCACGGAGCAACAAGAGGAGGAGGGCTAACACCGCCGGCTTCGTTGGGATGGTGCCCAAGGCGCCGATTCCCTGCCTGTCCAAAGGTTTTTGGGGGGACCGCCCAGCCCGCCTGTTATCGGCAATATGCCCTTCTATTCTCTCTTCACAATGTGCCCCCGTCTCTGATGACGGGAGAGGAGGGTGCCGCAGTGCGCGGTATCTCTCGCATACACACGCACACGGGCCAGCACCCCCCCCGCCCCTCTATTCCCGGGCAAACGCCGCACCACTGCTGACGAGTGGCAGGGCCCAGGCACCCACGGCGTGGCGAGGTCAGAGCGATGTATTCCTGCTGATGTCGGCGGCCAGACCCTGGAGGGCGCTGCGTCGGAGCGACCTGCGACGACGCACACGTTGGCGCCGTCCACATCATGGGCGGGGTGTCGGCGTGACTCAGGTGTATGCCACCCCCAGCCCTGACTGCCCTGCTGGTGGGGTGGGGGGAAGCCCGAGGAGCATGGAGTGGGCAGAGCTTGCGGCAGGGGCGCTGCTGCGGTGACGGATTCGGCGCACTGCTGTACCGCGCGTGTCTGGCGGCTGCGTCGCTTCTTTTTTCCCGCGCGCTGCTCGCCCCAACCACCCTTGCGTCTTCTTTGGTCATCACTCACACGCTTCACCCATCACCACCCACTACTCCCCTTCCGTCTTTGCATGGGCACCCTTCGTCCCTCTCTCTCCGGCTGGCGCTGCATGCGTGTCCAGCCTTGTTGGGTTTTTGCATCTTTCCATCGCACGGGCACACACAGACGAATTCCACGCTTGTGCGTCATCACTGACGGATCTCCGCTCCCTGTGTGTGTGC
Seq_30_LinJ.16_minus,LinJ.16,,1000,491,688194,,,,,446878,445879,,,minus,CTCTCCCCTCCGCATCCGCGTCGATGTTTCAGTTTCATGTCGCCTCACGCACACCCCACTCCTTCCCCGCTGCATCATCCGTCGCTTGTTCTCCCACTCTGTCGGTATGTGTGTGTGTGTGTGTGTACGTGTGTGAGATGCAACGACATCGACTCTGCTTCGCTCGTAACCTTCGCGCACCTGTCAAAACCGCCCAGCCCGCCTGTTATCGGCAATATGCCCTTCTATTCTCTCTTCACAATGTGCCCCCGTCTCTGATGACGGGAGAGGAGGGTGCCGCAGTGCGCGGTATCTCTCGCATACACACGCACACGGGCCAGCACCCCCCCCGCCCCTCTATTCCCGGGCAAACGCCGCACCACTGCTGACGAGTGGCAGGGCCCAGGCACCCACGGCGTGGCGAGGTCAGAGCGATGTATTCCTGCTGATGTCGGCGGCCAGACCCTGGAGGGCGCTGCGTCGGAGCGACCTGCGACGACGCACACGTTGGCGCCGTCCACATCATGGGCGGGGTGTCGGCGTGACTCAGGTGTATGCCACCCCCAGCCCTGACTGCCCTGCTGGTGGGGTGGGGGGAAGCCCGAGGAGCAGGGAGTGGGCAGAGCTTGCGGCAGGGGCGCTGCTGCGGTGACGGATTCGGCGCACTGCTGTACCGCGCGTGTCTGGCGGCTGCCTCGCACTGGATGGCGGGGGCGTGTGACGGATGCTGCACGGCCGCGGACTGGACGCGTTGGAAAGTACCTCACATATGGAATGGGCTCTTGGAAACGATGGGAGCGCAGCGGAGAGGTGCTGCGAGTCCAGCGGCCCCGGTGCATGGGAAGAAGCACCTGGAAGAAGGTCGTTGCCGGGTCCGTCACCCCCTCTACACTCGTCGTGCAGGACTTCCCACGGGGTTGCATATCCAAACCCACCTCCGCGTTGTAGCGGTGCTCATCTGGCCCCACGATGAGGTGCCCTCCGCTGAGACATCCTTTCCTCTCTCCCACCACGGTAAACG
Seq_25_LinJ.16_minus,LinJ.16,,1000,636,688194,,,,,367730,366731,,,minus,CCGTCTAGGCAGGCTCCCTTGCGCCGCGTGCTGCCTGTGGTGTGACGGGTTTGTCGTCGTTCTGCTCGCCGGCGAGATGCCAGAGGCGACGACGCACACACAGAGAGAGAGGGGGACAAGAGAAGAGCGAGAAGAGGGACGGAGGGAGCGCAGAGAGTGTACACGTGTGCATCCTAATATCGCCTATACTTCGCCAGCGCGACAGGCGTGCAGATAGAAGAGGCGGGAGAGCGAGGTACACCCGAGGCCATTGACCGAGTCGGCACACGCGTCCCAGTCGGCCCGACCTCTGCCATGTGTGCGGTCGTGCCGCTTACACAGAGAGGGCCATGCCAGCGGGAGCAGAGCGCGTCTCTCCATACAAGCGCATCGGTACGTGTATATGCCTGTGCCTGTGTGCACGGACGGGAGTGCGGAGCCGCTCGTCCTTCCAGCTTCCTGACTCACTGGGTGGAGGCGTCAGAAGGGGGGGCATGACTTACTCGAAAGGCATGGCGAGTGGAAACAACGAGAGAGAAGAGGACCATGACGTCACTGGGGCGCATTCCCAAAGCGAACGCAAGTCAGAAGTGGCACTGACAGGCAGAGCAAGCACCGCGATTGCGCTGGACGAGAAAGAGAATCGATCGCCCCTCTCCCCTGACCTCGGCGCACCGCTGTGTCTCGAAGAATGCGTACACAGAACAAAAAAAGATGCGTGTGCCTCCACCCGCAGGGGCCGGTGCACACTCCTCCGCTGGCGTAGGAAGGGGCGAGAGAGTGAGAGGTAGCCGCCAACATTCGCTATCCCATGCGCGCCTTCACGAGAGTATACATGCATGTAGGCAGGAGGATGGATGCGGGTTTGTTTCTCTTAAAGCTGTTCAGCGGCACGCATCGCAGCTGTTGTCTAGCCGCCACTCCATGAGCACATGCATCGCCGCCACTCGCGACAGCTCTCCTTCGTCTTCATCCTTCCGTCAACTACACGCGAGTGCCGCTCTCGCGCCCTCAGTGAGGG
Seq_23_LinJ.24_minus,LinJ.16,,1000,1000,688194,,,,,348970,347971,,,minus,TTTGTCCGTGATTCGGCAGAGAACGTGAAAGAAGGGTAAGAAGGGATGATAGCGAGGTGAGAGGGAGTGGCGAAGAAGAGAAAGGTCGGGCAAGAGCGTCGTCCCCTCCGTGCCGCGGTGACTCAGGGTTGGACACTGCCGCACATGTGCGTCTTTCCTTTTCGGTGTGAGTGACAGTCCTCCACAAATTTGCCTTCCTGTGCGTTGCGGGTGTAGGCAGCCGTGTGCGGCGCATCCTCCACTCTCATCATTTTATGGAAACTGTATCAGCCCCGCTGCCGCAAAAGAAGGGCCTAATTGTAGACAGGCTCGAGTCCCTACAAAGTGGCGAAATCGGACCGCCGATGCGCAACACACTGTGGTGGTGGTTGCCATCATAGCAGCGTTGGGGTAGAGAAAGAAAAGCGCTTTTAGGCGTGTGTGGGGGGGGGGAAGCTTGAGGCAGGGGCTGCGCTCAAAATGGCTGAGTCGGTGCATTGCTGCCCCGGCGTGTGTCGACGGCTTCTTTGCATCATGCGATGGGGGCCTGTGACGGGGGGGGGGGGGGGGGGGTAGAGTTGAGCTCATGACGTATGGCAGAAAGGCTGCGTTGAAAAAATATAGAGAGGTTCAATAGGACCGGTCTGCCACCTTCTTGGAAGTAGCGCAGCTCTCCTGATAGACGAGGCTCGTGATAGGCAGATTCGGCATGCCATCCGCGTAGAGCTCCTTGAGACCTTCACATCTTAATTACATAGCAAGCGTGCTGTGGAGAGGTAAAGGGCGCAACTGTGGGGGATAGAAAAAGTAAAGAGAGGGGGGAGAAGCCTTCGTCTCAGTGATCCACAACCGCTGACACTATGCAGTCCGTCTAGCGCTGCTGAGGGTTTCAGCGGTGCCCCCCACCCTTGGCGGTGCAAACGTTTGTGTCTGTATGTGTGTGTGTTTGAAACGGTGGCGAGACCGACAAGCAAGCGAGAGAAAGAAGAAGCGATGCGACTTATGAAAGCGCTCATGCCAC
Seq_2_LinJ.16_plus,LinJ.16,,1000,461,688194,,,,,167338,166339,,,minus,CTTAACCTTCATCTTCTTTCTCCCCTCCTCTGACTTTTCGGTCTTAACTTGTTCTTCCACAGCGACCTTGACGACGGGAGGCGGTCGCCTCCACGCGCGGCATCTCAGGGCCCAGCATCCCCCCACCCCAGCCCCGCTCCGTGTGCCAAGACGCCAGGGGATCTCCCCCGTCCCTGCCGAACGCCGCACCACCTCCGGCGGTGACAGGCTCAGGCACCTGCGACGTGGCGAGGTCAGAGCGACGTATCGCTACAGATGTCGGCGGTCAGGTCCTGGCCTGCGTGGCGTCGCGGCGGCATGCGAAGCGGCTGTTGGTGGGTAGAGCTTGGGGCGGGGGCCGTGCTCCCCGACGACCGAGTCGGCGCACTGCTGTACCGTGTGCGTCTACGGCTGCTTCGCACCAGACGACGGGCGCCCGTGGCAGGAGGGGCCGGAGGTGTGTGTGTGTGTGTCAGAGGTGGCGGTGTAGGGTGTGGTGTTTGGCCTCGCCTGGTGCACGGCAGACAGTGAAGCACAGAACACATAAGCCGACGAAAAATGCCTTTGGACGTGCGCTACCTTCCCTTGGCTGGCCGCGACGTGGTCGGCGCGCCTCTGCTTTGCTTGTATTTCGGTGTTTCCCGCACCCCTTCGGGCACCTTTCGAGGACGCTGCACCGCGCCGCGCTCACACTTCGCCCATTCTTGCGTTGCTGGTGCTGCTCGGCTTACTTCGTTACCGCCTTTGCCGTCTTCCGCTCTCCCTTTCGGCCTCTCCACTCCCCCCCTCCTGCGCCTCGCTTGCATCCTTATCGCAACGTTCTCCGTCCTCGCCGGCACCCCTCCCCCGCCTTGTGCCTTGCTGCCCGCTGACTCGTCGACCGCACCGTGGCGGTGGTGAGTGCGTGTGCCCGCGTTCCGCGTCTGTCCTCTCCCCCGTGTCTCCTGGTCGCGGCCACGCCATTTGCCCTGCACCGCGTTGGCCTTTCAGTGCCTCCGCGGGCTTCCGTCTTCTTTTCTGA
Seq_22_LinJ.16_minus,LinJ.16,,1000,388,688194,,,,,147959,146960,,,minus,AAAGGTGCAGCGGCGTCATTTTTGTGCTGTGTGCATCCGCAGCTCGCTCTCGCTGGCCGCGTTGTTGTGTGGGCGTCTGCGTTTGTGTGCAGGTCGATGGTCTCTGAGCCGCGGTAGTGCCACCGCCCCCGCGCCAGTCCCTCCGCTCAGCACGTTGGCGTTCGAAGGCATCCGGAGTGAGTGCCAAGAGAATGGATCTCTGCTGCGCAAGGAAAGAAGAGGGTGCGGGAAAGCGTTTTATTGGGTGCTCAAGAGAGGAGCGGGATGCGGGCGCATGTGCACCCACATCCGTATACACATGCACTGCCGGTTTGGGGCCTCCCCTGGTGACTGGAGAGACACCGCTTGGCGTGGTGTCCAGTGCACGGTGCCTCGCTCCGTATGGGGAGACCCAGCAGCAGCCCTCACCCCCATCCCTGCCGAACGCCGCACCACCTCCGGCGGTGACAGGCTCAGGCACCTGCGACGTGGCGAGGTCAGAGCGACGTATCGCTACAGATGTCGGCGGTCAGGTCCTGGCCTGCGTGGCGTCGGGCCGACATGCGAAGCGGCTGTTGGTGGGTAGAGCTTGGGGCGGGGGGCCGTGCTCCCCGACGACCGAGTCGGCGCACTGCTGTACCGTGTGCGTCTACGGCTGCTTCGCACCAGACGACGGGCGCCCGTGGCAGGAGGGGCCGGAGGTGCGTGTGTGTGCGTCTGCGGACGTATTCGTCTCTCTACTTTGCCTGCCTCTCCGTTTTGTCTCGTGCGATGGTGTTGGTGTCGACACCGCGGCACGTACGCGTGACAAATCCCAACACAAAAAGTTCATCTCGCTAACTTATTCGCGAAGCGGAAGCGAGGCCAGGGCTGACATGTCTATTCCAGCTGGCAGCACACGATGCCCGGCAGATCGCTTGTGGGCTGCTGGGAAAAGGCAGGCTCTCCGGTCTTGCGTAGTCGCTTGAGCGCCTCTGCCGTTGCGGTGCTGCTGTCGCTGTGTGTACGGAGCAGGAGCTGA
Seq_28_LinJ.16_minus,LinJ.16,,1001,552,688194,,,,,673845,672845,,,minus,AGCAGAGAGAAAAGAGCTGTTGTACATAATGGGTGAAAGGAGAGAGCCATGCAGAGGAAGGTCTGAACGGGGGTCACGCCTACCCTAGCGCAGTCTCGCAGTCACTTTCAAAAGCACCGTGTACTCACACTGATCTGAGAAGCCTCCACCACGAAATAAAGTCCTCGCTGGTAATTCACTCTGTGTTCGTTTGCTGTGAAAACACATACGCCCCAATGACTACGGGGCACCTCAGCATGCTATCAGGGCCCGGTGCACCCTCCGTGGTGGGAAGCCCGGCAGCCATGCAGCCCCCGCGAAATGCCGAGCCACCCCTGGCGGTGACAGGGCCGAGTGCCTACACCACAGGGAGGTCAGGGCGACCTATCGCTACTGATGTCGGCCGTGCCAGATCGTGGATGGCGTTGCGTCGGAGAGACCTGCGGCAGTAGACACACTAGTGCCGTCCACGCGGAGGGCGGGGTGTCAGCGTGGCTCGGACGCGGCTCCCCCGGCCCTCACACTGCCTTTGCTGGTGGTGCGGAGCCTGAGAGCCACCCCGAGCTGCATGCACCTGGGGTGGGGACCGGCATGATGTGGGCGGCTGTGAGGCGACGTGCGAAGCGGAGCTGGGTAGAGTTTGGTGCAGGGGCCGCGCTCTCAGATGACTGGGCCGGCAGCATTCTAACGCGTGTCTCCCGCTGCACCGCACCAGGCGATGGGGGCCTGCGGCATTCCGGCTGGGGCGGCGTTTGAGCCCGTGTTGCACGGCAGCAAAACGGGCATCTTGAAAAAAGACAAAAAAAGCAAAATGAGAGACGACATGCGAGTAGGGCTTCTCCGCTTTTCCATGTGAAAACAATACGTGATCCAAACGGAAGGGCCGAGCACGAATATATACGGTGGTGCCTTCTCGAAGAATCAGCACCGCTGCGCCCGCTGTGAACAGGCAGAGAGACAAAAAAAAAAACAGAAAAAGGGAGTTGACGACTGCCACCTCCCAACACCTCTATCATACCTCG
Seq_21_LinJ.21_minus,LinJ.16,,1000,753,688194,,,,,620961,619962,,,minus,CAAAGACTGAGGACGTGGCAGCTGCCACAGCGGCCCAGCCGGGTGCCGTAGCGGCGCCCTTATTTGGTGCCGCGAAAGGAATCTCGGTGGCCGAAGACGCTCAGTAGTATCTCCCTTGCTTTTCTGTTGTCTGCGTGAGTTTACACAGCAAACTGTAAAGGCGTATCATCTCCTCGTGGCCGTATATTCTTTGGTGCTATTTCTAGTACCACTGCAAATTCCTGGTGACTTCGGACACCTCAGCATGCTATCAGGGCCCGGTGCACCCTCCGTGGTGGGAAGCCCGGCAGCCATGCAGCCCCCGCGAAATGCCGAGCCACCCCTGGCGGTGACAGGGCCGAGTGCCTACACCACAGGGAGGCCAGGGCGACCTATCGCTACTGATGTCGGCCGTGCCAGATCGTGGATGGCGTTGCGTCGGAGAGACCTGCGGCAGTAGACACACTAGTGCCGTCCACGCGGAGGGCGGGGTGTCAGCGTGGCTCGGACGCGGCTCCCCCGGCCCTCACACTGCCTTTGCTGGTGGTGCGGAGCCTGAGAGCCAACCCGAGCTGCATGCACCTGGGGTGGGGACCGGCATGATGTGGGCGGCTGTGAGGCGACGTGCGAAGCGGAGCTGGGTAGAGTTTGGTGCAGGGGCCGCGCTCTCAGATGACTGGGCCGGCAGCATTCTAACGCGTGTCTCCCGCTGCACCGCACCAGGCGATGGGGGCCTGCGGCATTCCGGCTTCGGCGGCGTTTGAGCCCGTGTTGCACGGCAGCGAAACGGGCATCTTAAGAATGCAGATGACAAGTTGCGTCGTTGCGAGTGTAGGCGAGTGAGGCACAGGTGTCCCCTCCTCTGCCGGTTTGATTTCGAGCATCTCTGCTTTTCCTTTGCCTGCATAGAAGACTTGCCATAGAGACATCACATAGCTAAGAGAGCAACAGCGAAACGGAACATGGCCGCCGCGTAAGGAGGCGCCCACCCGTTTTCGTATGTGCCGTCCTCCCTCTCCAC
Seq_79_LinJ.35_minus,LinJ.16,,1000,529,688194,,,,,612981,611982,,,minus,CTCCCCTGATGAGGGAGGGCCGCAGCGTGACACTAGTGTCCAGTACCCACTCTGTAGGGAAGCCAAGAGCCTGCCGCCTGCGATTGGGTACGGTTTTGGACTCATGGTCTTGGCGGACAGAGCTGGGCTGGCGCTGTGCTGAAGAGACTTTCTGGCATGATCACGTTCGTGCCAGCTCACCAAATATCGTGCCGATGACTCAACAAGTATGCGCATCCACTTACCACCTCTCTGCGTTGGCTGTGTGGCGGTGGCGCTGAGCGCAATTCTGGACCTGGCTTGCCACTGCATGCAGTGCGAACGACGCCAAGCGGTGTTGGCTGGCCTTATGTCCTTGGTATACAGCCGTAGTGCAGCGGAGGTAGACGAAATGTGGTTGTGCATCCGCACATCTGTGGACGCGCTGGTGGTAGCATGGACACCTTGAAAAACGACAAAAAAAAACCTGCACTCTCTCTGAAGAGGCCGTGCAGCCCGGCAGCCATGCAGCCCCCGCGAAATGCCGAGCCACCCCTGGCGGTGACAGGGCCGAGTGCCTACACCACAGGGAGGCCAGGGCGACCTATCGCTACTGATGTCGGCCGTGCCAGATCGTGGATGGCGTTGCGTCGGAGAGACCTGCGGCAGTAGACACACTAGTGCCGTCCACGCGGAGGGCGGGGTGTCAGCGTGGCTCGGACGCGGCTCCCCCGGCCCTCACACTGCCTTTGCTGGTGGTGCGGAGCCTGAGAGCCAACCCGAGCTGCATGCACCTGGGGTGGGGACCGGCATGATGTGGGCGGCTGTGAGGCGACGTGCGAAGCGGAGCTGGGTAGAGTTTGGTGCAGGGGCCGCGCTCTCAGATGACTGGGCCGGCAGCATTCTAACGCGTGTCTCCCGCTGCACCGCACCAGGCGATGGGGGCCTGCGGCATTCCGGCTTCGGCGGCGTTTGAGCCCGTGTTGCACGGCAGCGAAACGGGCATCTTGAAAGAAGGCGAACGCAATACTCGACTGTTGGC
Seq_28_LinJ.23_minus,LinJ.16,,1000,818,688194,,,,,436958,435959,,,minus,AGAGAGAGGCGCGCAGGAAGAACGGAGACGCTGGCAAGGAAAGCCGTGCAGCGGGCTACTTGTACACCATTCAAGCACCGCCGACTACCAATCGTTCTCTCAAGACTCCTCCCAAAATGGTGCCCCTCCCCCATCACCATCACCCTGGCGCCTCCCCAGTCACCGGCACGGTTGATTGGATGGGCAGGCAGGGGTGGCGAGTAAAGGCAAAGACGGGAAAGGATGGAAAAGGCCGAAGCAGCGCAGCTCCGAGCGACGTCTCACGCCATTAGGAGGATGGATGGAGGACGGTCCATCCCGGCCAATGGCCCTCTCTGGCTAGCCATGTCTTTTCTTGTCTGGCACGCGCCTGAACCACACCTTGCTGCCTACACCACAAAAGCTCACCGCTTCCGCCCCTTGAGCACGGCTCTGAGCGCGGCGCGCTTGGATCAAGGCATGCAGCCCACCGGAGTGTCCGTCTGGCGCCGACCGCGCCGCACGTATGGGAAGAAGGAACGAGGAAGGACAAGAGGAGCCCGTACCACGCATGGCCCGATTCGACGGCAGACGGTTCGTCCTAGACGGCCAGGGTGTATCCGTGGTGCCGCAGCGGTAGGCGATCTGCGGCTGTGTGTGCATCTGCTTGCGGGCGTGCCCGTGGGAAAGTGGACATGAAGGTCGAATAGCATCGTCGATGTACGTAAAGGACCCTCCATGTGGGGCTGGTCGCGTGTCGTTGAGGGACGAGGGGTCGAGGAGGAGGGCAGCCGGGCCTACCCACCATAGAGGCAGACATCCTCACCCTCCCACAAGAATGGCAGACAGCGCTGCCTTCATGTGGGCAGCGCACTCAGCATGCAGCGTGTAGCACTCGTCTCGCTTCGAGAGGAGAGAGAAACACACACACACAAGGGAGTGAAGCCAGTTAACCAAACGGAGAAGAAAGGCGTCAAGGCGAAGGAGAGCGAGAGACGCACCGAGCAGGTGAGAGAACACGCCGAAGTCCTACGGCACGCGC
Seq_12_LinJ.31_plus,LinJ.16,,1000,572,688194,,,,,415730,414731,,,minus,CGTCGCCCCCGCCTCTTCGTTCTCCTCCTCCCCCCTTCCGCAAACCATACAGACATATACCGCTGCGTTCGGTTGTTTCCCTTTCGAAAGGAGAAGTTGGAGGGCACACGAGCGCACGGGCTCACGCGCACTGATACACACCGAAGGGCACACGACATCCACAGCACGTGATGCACAGCTGCAGCACACAAGAAGGAAGTACCGGAGACATTCTTCCTTATGTGAGGTATTTTCCAACGCGTCCAGTCCGCAGCGACTGCCACACCACTTTTTTCAGCGTCTACGCTGGTCCGGCTGCCTTCGCAGTGGCTCCAGTCACAAGCCCTCGTCACCCCGTGCGAGGCAGCCGCCAGACACGCGCGGTACAGCAGTGCGCCGAATCCGTCACCGCAGCAGCGCCCCTGCCGCAAGCTCTGCCCACTCCATCCTCCTCAGGCTCCCCCCACCCCACCAGCAGGGCAGCCAGGGCTGGGGGTGGCATACACCTGAGTCACGCCGACACCCCGCCCATGATGTGGACGGCGCCAACGTGTGCGTCGTCGCAGGTCGCTCCGACGCAGCGCCCTCCAGGGTCTGGCCGCCGACATCAGCAGGAATACATCGCTCTGACCTCGCCACGCCGTGGGTGCCTGGGCCCTGCCACTCGTCAGCAGTGGTGCGGCGTTTGCCCGGGAATAGAAGGGCGGGGGAGTGAAGGATGTGCGAGGGGTGTACGGTAGACAGAGATGAGGAAAGGCACCAGTATGAAGGCATCGGATACGAAAACCATATGAGAAAAAAAAAGAAAAACAGTTTATGCCATGGAAAGAAGACGAAAACAGAAAGAGATATCAGCAATAGAGGGCGAGTGGCTGTGGTCGAGCGCCAAGGATGTTGAGTGCAACCCGTGGGGAGAGGGGAAGGGAGGAAGGGGACGCTTACGCGCCCACATGCGCCCCACCGCATTGGACAGCCCGCACGGAGAATGCACGCGCACACCCAAGAACGGCAACAATGAAGA
Seq_47_LinJ.16_minus,LinJ.16,,1000,462,688194,,,,,200634,199635,,,minus,CCGTCAGCACCGCCGGCACAAGACATATAACTAAGGCGCATGCCGACTGAAGAGGCACACAAGCAGAGGCAGCGTGCGCTTCGCTCAAAGAGGGTGGCGAAGGGGCCCCGCCCATCAACAGATGAAGACATCACACGCCAAGCGGCAACGGCGAAAGGCGCGGTGCGACGACAGCAGAGGGGCGGCAACATACACACGCACGAAGAGAAACGTGCTGTGCCGCTGGTATTCGACAAGGTGCACGCGTGAGCGTTGCGTGGAAGTTTTATCTTTCAAGGTGAGCTCGTCTGTCTGCCGTGCACCAGGCGAGGCCAAACACCACACCCTACACCGCCACCTCTGACACACACACACACACCTCCGGCCCCTCCTGCCACGGGCGCCCGTCGTCTGGTGCGAAGCAGCCGTAGACGCACACGGTACAGCAGTGCGCCGACTCGGTCGTCGGGGAGCACGGCCCCCGCCTCAAGCTCTACCCACCAACAGCCGCTTCGCATGCCGCCGCGACGCCACGCAGGCCAGGACCTGACCGCCGACATCTGTAGCGATACGTCGCTCTGACCTCGCCACGTCGCAGGTGCCTGAGCTTGTCGCCGCCGGAGGTGGTGCGGCGTTCGGCAGGGACGGGGGAGATCCCCTGGCGTCTTGGCACACGGAGCGGGGCTGGGGTGGGGGGGTGCGCTACTCACATGAAGCATCAAAAGAAGATCACACACACACATACACGCACGCTTTCATCGTGCACGACTGCTGTCTTGATGATGACCGCCGCCAGACACACGTATAGGCACGCCGTGGCGCCAAGCCTCCCTTTTACGTGCGCGCCATGCCCCCCCCCCTCCCAACACCACCCGCTCTGCCGCTGCCCTCCTGCGCCTCTTCATGGTGTACCTCAACACTCTGCGGCGCCTCTGTGATCGACATCCGGCTTGCCCCTTTCCTGCCTCCCCCTCCTCGCTCCGTCCATCACGCGCTCTCACACGCATGCACGCCCACTCTT
Seq_92_LinJ.35_minus,LinJ.16,,1001,971,688194,,,,,687547,686547,,,minus,CATCCCTTCATCTGCTGACTCCTAGCGCCTTTTACAGGAATGGCTGTTTAAAGCAGAGGGAAACCATGGGCAAGCACGTGCTGCCGCACAATGAGCTCATAGTTTGTCGTTCATAAAGTTCGCATGAGGGAAGCCATAGATACTCGGCGAGGAAAGCCATGCAGCCCAGGTGCGACGTGCATTATCGCGGCATTGCATGCAAGAGTATATCGTGAAGAGAGGTGTGCTTCGAGCGTTGTGGGATTTGCGAGTCTTGCGTGGCATATCGCACTTACCATGGGGTCGGACGCCCTTATAGCAAAAAATAGGTGAGGTGCAGGGGCTCTGGCAGGAGTTGAGGTACCACAATCCCATCGAAGCACCACGCGGCACTCCATCTGCCTCTTGCCTTTGCCTGTGACCTTCTGCTGCTGGAATTCAAACTAAGCAGAGGTGCTCTGTTCGGAACTGAGCGAGGGTGATGTCCTGTCGCCTGGTAAGCTTATCATCCCAACTGTTTGGTGTGGGCCGGCTGCTACAAAGTAGCTTTTGCCGTAGCATGTCGTGTGGTGTATCGCGGCTGTGGGGGGGGAGGGGGGGGGGTGCGGGCCTGGCACCTGAAACTGAAGGTCGGGTCGATGGTCCATACAGTTGGCGTCGGCACTCCTGACATGGCCTATTGCGAAAGCTCCATGGCAGTGTATTCGTGCTCCGGTTAGGAGTGACCACAAACAAACTGAAGTGAAAGGGGCATGCGACGGGCCTTCAGCGCGAGTACTTGTGCGCAAAGAAGTGTCTGTATGTCATCCTCTACTCTTGTGGGGCCTTTGTCGAGCGGCATGAGGGAAAACGAGCCTGTAGCAACAACAAGGCTTTTTTTTTACTTCGTCCTGGTTGGCGTATTCATCTTCGCAGCAGGCCGAGTGTCGGCTTCATTGCTTCACAGACAGCGCGGTAGCTGCACGCAAGGGGATGAGGAGCAGTCTTCTGTCGCTACATCTATGGGTGTATTACTATCATAG
Seq_78_LinJ.29_minus,LinJ.16,,1001,535,688194,,,,,608925,607925,,,minus,CCTCGCCCTGCTGTGCGAGCCACCGTTACGTGCGAGTTGGGGAGAGGCCGGGGGAGGCGGTGGGAGATGCAGCACACAAGCCTGCGACACAGACGCGCACCGAAGCCCGTGCATGGGCTCAAACACGCACAGGGCACCACGCTGCCTTGTAAAGGCGCGCCTCAAGGTACAAGCTTGTCGCAAGGGGCCGGGGAGGGGGCGGCGGCGGCCAGCACCCTGCCGATCTGTGGCTCTCCCTCTTGTGCTTCAAAATTTCCGCGGGGCCGTGAAGAGAGATCGGAGATCGCTCGCATGCTGCTGAGCGTTGCACGGACTGGGCAAGTAGCATCCGACGATAAACGCATCATACTTTTCTCAGGGCCACGATGTGCGCGTTCTCATGATCCGAAAACTCACCCCCTCCTTGCCTGCATGGCCTCTGGCGTCTATCCTGTCCTCTGCTCGCACAGCGTGGCAGCTGCAATGCACTCTCTCCTCCCCTCTCTTCCTGCAGACGATGCGCCAGCTCAACGGAACGAGTGTTTTGGCTCATCGCTTCACCAGTCACCACCCCGACAGAGACCGCCACCGTCAAGCATGTTGGGTGCACCGAGTCCGGCAGCAGGCGAATTCAGACGCCGTCTTGCACGGCTTTAGGGGTGAAGGGCACAAGAGAGGGAAGGATTCTGGCAGCCCTCTCAGCACCGGGGCAACCCGAAGGAAGCGTGGAAGAGGTGGTGCACCTCATGACTGAGAAACTTGTGCGCGAGCACCAGCTGCATGTCTCCCCGTAGATCCAGGAGGACATCATGGCTGAGGCACGTTTGGAGGAAGTGAAGAGCAGCGCAGCAAAGCCTGCAGCTCGAAAGGAGCGAAAGAGTTCGTGCATGAGTCTCGCTCGGCAAGGCGATCCGACGCCGACAGCGGAGATGCCAGGTCAGTGCCTGCCCTTCTCAAACGACCTGAGCGGTTCGAGCTGCGCACTTCTGCGCATGATGTTCCGCTTCAACAGCCATGACGCC
Seq_58_LinJ.30_minus,LinJ.16,,1001,1000,688194,,,,,556469,557469,,,plus,TCAGGGCGGCGTTGCCGACTGAGAGATTCGCTGCCTTCATCTGCCATTTCCGCCGATGCCATGGTGAGGTGTGTCTGGATGGCCTGCCCGCATGCGCCGCGACACGTGGAACGCTGCTCTGAACCTGGGGCGGCATGAGACACGGCGCCTTCTGGACACGCCCGCCTGTTCACAGGTGCGGGGTGTGTCAAGCAGAAGAGATCCGTGTCGATCGCCGTGAGGAAGAAGAGCAAGTCCGTTAAGGCATTCATACCTGTTTTTTTTTTCTGTGCCTCGGGTAATGGACTTGCCCTCGCAGCAGGTGAAGCCCAAGCACTCCCCCTGCTCCACAGTCAGCGAGTCCACTACAGTGACGAGGAAGGGGTCTAGGGGACTGATCCTTGTGTGACTCCGCTTGCACACATCGCCATCTTCAACCTGTTCTCGAGGAAGCGAGCAAAGACGCGACGACAGGCTGCCAAGTCCACGACCCGGCGAGAAAGGCACAGGGCTACATTGAACGCCTTCAGCGCCGTGATGATAACGCCGTGATCGACCTACTCGACCGTGCGAGCCCTAGAGTCCGCAAGCACTGCGCCTGCCTTGGTGCCCCCCAGCTGGTACTTGTCTTGCAGATAGTTGCGCAGTGGTCGCGAGGCAATTCGCTCAAGTGGCTTGCTCAGATGGCTGGTAAGGGTTACAGAGACGGTAGGATGCAGGACCATCATCGGGGTTGCGCGGCCTCAGGAAGGACCCGCACCGAGCCCCGCTTTTCATGCAGTAGGGACGCGGCCGGTGACAACGCTCTAATTGTGGATGCTCGGCAGCGCTCTCTTGCCGTGCATGGGGAGGTGCGTGAGGCTTTCACGGCCAGGCTTGTCGATGCCCGGGGTAGGGCCGCCGTGGACGTCACGGAGAGCCACCTCGAGCTCACCCATCGCGAACGGTTTGAGGGGCGTCGTGCTGCGTCTCTGTGGGAGCGAGAAAAGGAATACAGTGAGAAGAGTGAGCCGCTATCGCTG
Seq_103_LinJ.33_minus,LinJ.16,,1001,861,688194,,,,,382077,383077,,,plus,CGACGCCCACCGCACGGATCGCGGACCGGGACACCGGTCTCAACTTCCGGGCGGACATCCCCTGCGTCCGCGATGTGCTTAGCGTGACGCTGCGACACACAGGCGGCGTGGCTGCGACGGCCCGACACCAAAGAACAAGGCTGCTGGGCTCGCGATGTGACGGGAGGCCATGCTCGCTCAGCTCCGCGCGGGCGTCTGTCTGTGCTTGGGACTCGTGCAGCGGTAGGTGGCTGGCGGTGACAGCATGGCGTGCAGACAGTGTGCTGCCCGCCACGGCGCTAGAGCTGTGGTGCCTCCGCCCCACGTCCCACATATTTGTCTCGCTCTGAGGACATCCGACCTGGCGTTGTGCCCGATATGCCACGCGAGATTCGTGGATCGCTCGAGGCTGGAGGCACACATCGTTTCGGGCAATGATCTAATTACGGCATTTCGCTCCTGCGGCACGGGCGCCTCCCGTTGGGTGTCTGTGGTTGCCTCCCTGTGCCCCTCTTCAGATCGACAGACTGCGAGATCGCTGTGCGCAGGCACATGCTGATGCACGGGACTCTTTCGCTTGACAGACCCTCTCCTGGGAAAGGCATGTGGGTGGAGGCCGTGGTAGTGGAATGCCCTCCTTCCGCCACAGGCTCATAGCGGCGTCCCACCTGCCGCGGCGCATGTGGGCAAGCCATCCAGAAACTTCCCCCACGCAATAAAGCCGTTCCGAAGCCGACCCCAGGATCCGATGGTGTGAGCACTTCGCGCACGCGCTGGCAGGCACAGAGGTGACACAGTGTATCGCATCGACACAAGGCATCCAGAGGGCGGCAGACCAAGGGCGATGGCCAGAAAAGGCGCGAAGGGCTCCCGTACCGATCGGCCCCACAGCGCATGTGTGCGAAGAGCACGTGGAGACGGTGCACCAGCACCGTCGCAGCGATAATCCGCCAAGTCACATGCCGGAGCGTATAGATGCGAAGGTGGCGCGGATGGACTATCCGTATGGGATAGCGAAAGCA
Seq_166_LinJ.34_plus,LinJ.16,,1000,989,688194,,,,,382994,381995,,,minus,TGCGACGGTGCTGGTGCACCGTCTCCACGTGCTCTTCGCACACATGCGCTGTGGGGCCGATCGGTACGGGAGCCCTTCGCGCCTTTTCTGGCCATCGCCCTTGGTCTGCCGCCCTCTGGATGCCTTGTGTCGATGCGATACACTGTGTCACCTCTGTGCCTGCCAGCGCGTGCGCGAAGTGCTCACACCATCGGATCCTGGGGTCGGCTTCGGAACGGCTTTATTGCGTGGGGGAAGTTTCTGGATGGCTTGCCCACATGCGCCGCGGCAGGTGGGACGCCGCTATGAGCCTGTGGCGGAAGGAGGGCATTCCACTACCACGGCCTCCACCCACATGCCTTTCCCAGGAGAGGGTCTGTCAAGCGAAAGAGTCCCGTGCATCAGCATGTGCCTGCGCACAGCGATCTCGCAGTCTGTCGATCTGAAGAGGGGCACAGGGAGGCAACCACAGACACCCAACGGGAGGCGCCCGTGCCGCAGGAGCGAAATGCCGTAATTAGATCATTGCCCGAAACGATGTGTGCCTCCAGCCTCGAGCGATCCACGAATCTCGCGTGGCATATCGGGCACAACGCCAGGTCGGATGTCCTCAGAGCGAGACAAATATGTGGGACGTGGGGCGGAGGCACCACAGCTCTAGCGCCGTGGCGGGCAGCACACTGTCTGCACGCCATGCTGTCACCGCCAGCCACCTACCGCTGCACGAGTCCCAAGCACAGACAGACGCCCGCGCGGAGCTGAGCGAGCATGGCCTCCCGTCACATCGCGAGCCCAGCAGCCTTGTTCTTTGGTGTCGGGCCGTCGCAGCCACGCCGCCTGTGTGTCGCAGCGTCACGCTAAGCACATCGCGGACGCAGGGGATGTCCGCCCGGAAGTTGAGACCGGTGTCCCGGTCCGCGATCCGTGCGGTGGGCGTCGCCTCCTCTCACACTGCGGACCTCGCACGCTTGTCAGCTTCGCCGCCGTGTTCCTCCTCACAGTGGACACAAGATTACGGAAA
Seq_140_LinJ.31_plus,LinJ.16,,1001,216,688194,,,,,316956,315956,,,minus,GAGACGGGGGCGCGGTAGGAAGAGAGCACGCACTCGCAGAGCGGCAGGAACTCGGGGTGACGCTACGGGCACGCGATGGGGGCACGGCCCAGCCGACCGTGTAGGTGCGCTGCTCATGGGAGGCGCCTGTTCTTTTATTTTCTTCTCTGCTGGAGCTGCGGCTTCCCTTCATTTGGATGGCGCCTTTGTCATCGCTGCTGTCCTCACGGGCTATCTTCAAACAGTCATACAGCCAACGCGGAGCGACTTCACTCCGTGACTCTCCGTCCATGCGCGAACCACGGCCCGTTGCATAAAATCCGGCGAGAGCCCCACAGACAGGCCGAGCCGTGATCTTGCACACCAAGCGCCAAGGGCCACAACTGGTGGCACGGGGAGGGTGCGATATGTAACTGGAAGGACGAGCGGCTCCGCACTCCCGTCCGTGCACGCAGGCACAGGCATATACACGTACCGATGCGCTTGTATGGAGAGACGCGCTCTGCTCCCGCTGGTATGGCCCTCTCTGTGTAAGCGGTACGACCGCACACATGGCAGAGGTCGGGCCGACTGGGACGCGTGTGCCGACTCGGTCAATGGCCTCGGGTGTACCTCGCTCTCCCGCCTCTTCTATCTGCACGCCTCTTCACTGTCTTTTTCACACGCTGCCGAAGGAAAGAAGGTATTGATATACACAAACGCAGAAACACACATTTTGTGTACCTGCATACTAAACTCAGAGCTGCGCGCTTTCATTCCGTGCCCTCTGTGACTCTTCCTCTGTGGCGCTTGCGCGCGCACACGACTCTCTTCTTTCCTGTCTGCCGGCTCTTTCCTCTCAAGCATTTTTCGCTATGCGATAGCTGCTGTTATCTTTTCTTCACTCTTTCTGGGCGCGCACATCACCACAGGTGCTCCTCGCATCGTGACGAACGGTCTCTACCCCCTTTTTTATCTGTGGATCGTTGGTTGCCTTGCATAATCGGAGGGCGGAGGTGAGGCCACACGAGACGTGCGGCTGT
Seq_62_LinJ.19_plus,LinJ.16,,1000,344,688194,,,,,172036,171037,,,minus,GAAGTCCACGTGTAGGCTGTTGGATCGCTTTGGCCTGCTCTATGCCGCCACGGGTGGTTGCCTGATGACGCTCCTTCTGGAAGGGATTGGGCACTGTTACCGCGGCTACATCGCCGCCGCCCCCGACAGTAACGACAACGCGAACTCCTGCAAAATCAGCACTGCGCCTCTGCACGCCACCAAACCCCGCTTCTCTCACTGTTGTGTAGCATGCCGCCCTCGCTGTTCCTCTCGCTCTCTACTGCCTACTTCGCGCGACTGACCCTTTTCTTTGTGCGAGTGCGTAGTTCCCTGATGATGCGGGGCACCTCAGCACGGTGTCAGGGTCCCACACGCGCTCGGTGTGGGGGAGGCCACGCAGCCGGCAGCCTGCCGTCGGGTACGGCTGGCGGACTCTTGGCGTTTCGGCGGGCTGGGACGGCGGTGTGCGGAAGAGGCGTGCCGCCATGACGGCGTTTGTACCCGCTCACTACGAATCTTGCCGGCGAAGGAACGAGTAGAGGCATCCGCCTGCTGTTTTTGTATCTTGGCCGCGTTGCAGTGGTGCTGAACGCGATTGTGGGCGTGGCCTGCGCTGCATGTAGTGACATGACGGTGGGCTGAGCGGCGCCAGACGGTGCTGGCTGGCCCGGCTCCCTTGGCACAGCCGATGTGCAGCAGGCCTAGGTCGACTGTGGCTGCATGCGTGTAGTGTGGTTGACCTGCCCGTGGGCGAACGGACACACGCCGAGGAGGAAAAAGAAAGAAAGCGTCTCGTGCCCGTCATGCCGTTGCGTCGCTCCCACGGGGTTTGCTCTCGTTGGCGTGGCCGCTCTATGTGCGCATGGCGCAACGCCTTCAGCCACCGCTTCGATCTGCGTCTCCCCACTCTCTTTCTTTCGTTTTTCGTGCTTTCCTCGCCCCCTCCCCACACGCACATATGTATATATATATGTGTGTGTGCATATAAGGGTGCCTAAGCTCCATCAAACGCCATCCTTCGACAGCCTCCCATTTTTTC
Seq_23_LinJ.16_minus,LinJ.16,,1001,1000,688194,,,,,153261,152261,,,minus,CGTTCAGTGGGCTGGCAGGTACTTCCTACCTTTCAGCTCCACGATCTTACCTTCTCCCTCGAAAAAGCAGCCGAACAGCGGCGATTGGACACCTCTTGGGACCAACGCCCGCCTGCGCAACAGCGACCGCGCAGCTCGTTTCTATCGTCGTCTTACCCCTCGTCATCCGCCGCGTGTGGCCGTGAGCGCTGCGACGCATTCGTGAGTCCGCGTCCACTTTGCCTCGGCGCGCTCCCTCCCCTCGCTTTCCCCTTCTTGTGCGACCCGCGCGTGAGGCGACGAACACTCTTCTCCTTTCACGAACGCGCGCGCCACTGCGTGTGTCCGCAGCGCCACAAGAAGACGAGAGACGCAGAAAAACGGAAGGACGGGCGGCTGCGCGCTCCTTTTTTTCCTTGCTGGCATGCCTTTTCCTCTTCCCCTGCCAACGCCTTTGGACGTGCGCTACCTTCCCTTGGCTGGCCGCGACGTGGTCGGCGCACTGCTGTACCGTGTGCGTCTACGGCTGCTTCGCACCAGACGACGGGCGCCCGTGGCAGGAGGGGCCGGAGGTGCATGTGTGTGCGTCAGAGGTGGCGGTGTAGGGTGTGGTGTTTGGCCTCGCCTGGTGCACGGCAGACAGTGAAGCACAGAACACATAAGCCGACGAAAAATGCCTTTGGACGTGCGCTACCTTCCCTTGGCTGGCCGCGACGTGGTCGGCGCGCCTCTGCTTTGCTTGTATTTCGGTGTTTCCCGCACCCCTTCGGGCACCTTTCGAGGACGCTGCACCGCGCCGCGCTCACACTTCGCCCATTCTTGCGTTGCTGGTGCTGCTCGGCTTACTTCGTTACCGCCTTTGCCGTCTTCCGCTCTCCCTTTCGGCCTCTCCACTCCCCCCCTCCTGCGCCTCGCTTGCATCCTTATCGCAACGTTCTCCGTCCTCGCCGGCACCCCTCCCCCGCCTTGTGCCTTGCTGCCCGCTGACTCGTCGACCGCACCGTGGCGGTGGTGAGTGCGTG
